date,match_id,p1_name,p2_name,bet_on,bet_amount,is_win,actual_winner,p1_prob,p2_prob,p1_market,p2_market,pnl,balance,surface
2025-01-06,42783,Nuno Borges,Luciano Darderi,P2,13.371144400702583,False,P1,0.5071687698364258,0.4928312301635742,1.4444444444444442,3.25,-13.371144400702583,986.6288555992974,Hard
2025-01-06,42756,Denis Shapovalov,Zhizhen Zhang,P2,2.132137776665683,False,P1,0.5607060939073563,0.43929390609264374,1.7063829787234042,2.41566265060241,-2.132137776665683,984.4967178226317,Hard
2025-01-06,42757,Alejandro Davidovich Fokina,Roberto Bautista Agut,P2,9.217919554257122,False,P1,0.4355444461107254,0.5644555538892746,1.8660287081339713,2.154696132596685,-9.217919554257122,975.2787982683745,Hard
2025-01-06,42784,Roberto Carballes Baena,Daniel Altmaier,P2,11.475665942604603,False,P1,0.5575711578130722,0.4424288421869278,1.3714285714285712,3.6923076923076916,-11.475665942604603,963.80313232577,Hard
2025-01-06,42758,Christopher O'Connell,Arthur Rinderknech,P2,9.427360216799057,False,P1,0.4806368947029114,0.5193631052970886,1.6735537190082643,2.4846625766871164,-9.427360216799057,954.375772108971,Hard
2025-01-06,42759,Thanasi Kokkinakis,Yoshihito Nishioka,P2,8.712409384552643,False,P1,0.4723794460296631,0.5276205539703369,1.7304347826086959,2.3690476190476186,-8.712409384552643,945.6633627244183,Hard
2025-01-06,42786,Alex Michelsen,Sumit Nagal,P1,15.078224507988603,True,P1,0.8536267057061195,0.14637329429388046,1.2737306843267107,4.653225806451613,4.1273727130035,949.7907354374219,Hard
2025-01-06,42760,Li Tu,James Duckworth,P1,2.916831672640652,True,P1,0.4667162001132965,0.5332837998867035,2.3157894736842106,1.7599999999999998,3.837936411369279,953.6286718487911,Hard
2025-01-06,42787,Mariano Navone,Adrian Mannarino,P1,1.5155665972624115,True,P1,0.40818169713020325,0.5918183028697968,2.5723270440251573,1.6360000000000001,2.3829663478968737,956.011638196688,Hard
2025-01-06,42761,Manuel Guinard,Roman Safiullin,P2,0.06375125568669963,False,P1,0.1939624771475792,0.8060375228524208,5.1487603305785115,1.2410358565737052,-0.06375125568669963,955.9478869410012,Hard
2025-01-06,42762,Marcos Giron,Aleksandar Vukic,P2,0.6335290219476514,False,P1,0.48195797204971313,0.5180420279502869,2.0473684210526315,1.9547738693467334,-0.6335290219476514,955.3143579190536,Hard
2025-01-06,42789,Lorenzo Sonego,Gabriel Diallo,P1,11.08115118269424,True,P1,0.6090846955776215,0.39091530442237854,2.0366492146596857,1.9646464646464645,11.487266671065232,966.8016245901188,Hard
2025-01-06,42763,Miomir Kecmanovic,Alexander Bublik,P2,5.20451765885618,False,P1,0.5197853446006775,0.4802146553993225,1.7167381974248928,2.3952095808383236,-5.20451765885618,961.5971069312626,Hard
2025-01-06,42790,Facundo Diaz Acosta,Cameron Norrie,P1,0.7524148648648944,True,P1,0.23912349343299866,0.7608765065670013,4.404761904761904,1.2937062937062938,2.5617934684685686,964.1589003997311,Hard
2025-01-06,42764,Arthur Cazaux,Adam Walton,P2,4.3697344213386975,False,P1,0.5255075544118881,0.4744924455881119,1.7304347826086959,2.3690476190476186,-4.3697344213386975,959.7891659783925,Hard
2025-01-06,42791,Gael Monfils,Pedro Martinez,P2,2.0595658303449316,False,P1,0.7246225774288177,0.27537742257118225,1.3208020050125313,4.1171875,-2.0595658303449316,957.7296001480476,Hard
2025-01-06,42765,Brandon Nakashima,Yannick Hanfmann,P2,13.192825534596041,False,P1,0.5320759266614914,0.4679240733385086,1.3616438356164382,3.7651515151515156,-13.192825534596041,944.5367746134515,Hard
2025-01-06,42792,Jan-Lennard Struff,Yunchaokete Bu,P2,8.957201597036509,False,P1,0.46041853725910187,0.5395814627408981,1.7599999999999998,2.3157894736842106,-8.957201597036509,935.579573016415,Hard
2025-01-06,42766,Rinky Hijikata,David Goffin,P2,4.232919240223674,False,P1,0.3927439749240875,0.6072560250759125,2.3157894736842106,1.7599999999999998,-4.232919240223674,931.3466537761914,Hard
2025-01-06,42794,Jakub Mensik,Pablo Carreno Busta,P2,10.381888110575037,False,P1,0.5920429825782776,0.4079570174217224,1.3125,4.2,-10.381888110575037,920.9647656656164,Hard
2025-01-06,42768,Felix Auger-Aliassime,Arthur Cazaux,P2,0.4722585560653687,False,P1,0.634930282831192,0.365069717168808,1.5588235294117647,2.789473684210527,-0.4722585560653687,920.492507109551,Hard
2025-01-06,42796,Zizou Bergs,Luca Nardi,P1,18.40985014219102,True,P1,0.7873419970273972,0.21265800297260284,1.6874999999999998,2.454545454545454,12.65677197275632,933.1492790823073,Hard
2025-01-06,42769,Marcos Giron,Denis Shapovalov,P1,5.159094836168161,True,P1,0.42436671257019043,0.5756332874298096,2.834437086092715,1.5451263537906137,9.464034898136294,942.6133139804436,Hard
2025-01-06,42770,Miomir Kecmanovic,Christopher O'Connell,P1,0.9131298067671094,True,P1,0.5259891748428345,0.4740108251571655,1.9356435643564356,2.0687830687830693,0.8543640271236815,943.4676780075673,Hard
2025-01-06,42797,Alex Michelsen,Lorenzo Sonego,P2,6.99617078524456,False,P1,0.5230052918195724,0.47699470818042755,1.6284584980237156,2.591194968553459,-6.99617078524456,936.4715072223228,Hard
2025-01-06,42771,Rinky Hijikata,Brandon Nakashima,P2,9.57355379016772,False,P1,0.24438153207302094,0.7556184679269791,3.2553191489361706,1.4433962264150944,-9.57355379016772,926.8979534321551,Hard
2025-01-06,42798,Facundo Diaz Acosta,Sebastian Baez,P1,9.772166477694878,True,P1,0.6295861452817917,0.3704138547182083,1.8846153846153846,2.1304347826086953,8.644608807191622,935.5425622393467,Hard
2025-01-06,42799,Roberto Carballes Baena,Francisco Cerundolo,P1,7.433235008080944,True,P1,0.465846449136734,0.534153550863266,2.74025974025974,1.5746268656716418,12.935759624452551,948.4783218637992,Hard
2025-01-06,42772,Benjamin Bonzi,Li Tu,P2,1.0732253908603917,False,P1,0.6364266723394394,0.3635733276605606,1.5357142857142856,2.8666666666666667,-1.0732253908603917,947.4050964729388,Hard
2025-01-06,42773,Sebastian Korda,Alejandro Davidovich Fokina,P1,8.002397118028185,True,P1,0.5268988609313965,0.4731011390686035,2.3216374269005846,1.756637168141593,10.576267536107425,957.9813640090463,Hard
2025-01-06,42800,Gael Monfils,Jan-Lennard Struff,P1,15.130709231973722,True,P1,0.6182098537683487,0.3817901462316513,2.262857142857143,1.7918552036199096,19.10792423009253,977.0892882391388,Hard
2025-01-06,42801,Nuno Borges,Mariano Navone,P2,10.725177535382276,False,P1,0.517327755689621,0.48267224431037903,1.5086505190311417,2.965986394557823,-10.725177535382276,966.3641107037565,Hard
2025-01-06,42774,Tommy Paul,Manuel Guinard,P2,5.236497929640461,False,P1,0.8103627413511276,0.18963725864887238,1.1002785515320335,10.972222222222221,-5.236497929640461,961.1276127741161,Hard
2025-01-06,42775,Thanasi Kokkinakis,Tomas Martin Etcheverry,P2,7.081810164521109,False,P1,0.5170014053583145,0.4829985946416855,1.6491935483870968,2.540372670807453,-7.081810164521109,954.045802609595,Hard
2025-01-06,42802,Jakub Mensik,Ben Shelton,P1,3.6469973991730966,True,P1,0.4835582673549652,0.5164417326450348,2.268571428571429,1.7882882882882885,4.626476700665302,958.6722793102603,Hard
2025-01-06,42776,Tommy Paul,Rinky Hijikata,P1,5.898470187311426,True,P1,0.7901888564229012,0.20981114357709885,1.3144963144963144,4.1796875,1.8550471350758289,960.527326445336,Hard
2025-01-06,42804,Gael Monfils,Facundo Diaz Acosta,P1,4.684472802326798,True,P1,0.7508544921875,0.2491455078125,1.38135593220339,3.6222222222222222,1.7864514924127626,962.3137779377488,Hard
2025-01-06,42777,Felix Auger-Aliassime,Marcos Giron,P2,8.51924402255387,False,P1,0.4839636981487274,0.5160363018512726,1.7004219409282701,2.4277108433734944,-8.51924402255387,953.794533915195,Hard
2025-01-06,42805,Zizou Bergs,Roberto Carballes Baena,P2,9.883951966676358,False,P1,0.4662046581506729,0.5337953418493271,1.7004219409282701,2.4277108433734944,-9.883951966676358,943.9105819485186,Hard
2025-01-06,42778,Miomir Kecmanovic,Benjamin Bonzi,P2,0.13904341836106712,False,P1,0.5977423787117004,0.40225762128829956,1.668032786885246,2.4969325153374236,-0.13904341836106712,943.7715385301575,Hard
2025-01-06,42806,Nuno Borges,Jakub Mensik,P1,0.6554374074506745,True,P1,0.3433402180671692,0.6566597819328308,2.993197278911565,1.5017064846416384,1.306416057027535,945.077954587185,Hard
2025-01-06,42780,Felix Auger-Aliassime,Tommy Paul,P2,4.97706107629386,False,P1,0.38439513742923737,0.6156048625707626,2.327485380116959,1.7533039647577093,-4.97706107629386,940.1008935108912,Hard
2025-01-06,42781,Sebastian Korda,Miomir Kecmanovic,P1,4.4271714011230285,True,P1,0.5851229131221771,0.4148770868778229,1.8450704225352113,2.183333333333333,3.741271606582841,943.842165117474,Hard
2025-01-06,42808,Zizou Bergs,Nuno Borges,P1,6.076246988501761,True,P1,0.5721766501665115,0.42782334983348846,1.964824120603015,2.036458333333334,5.86250965724793,949.704674774722,Hard
2025-01-06,42809,Gael Monfils,Zizou Bergs,P1,10.391627309492987,True,P1,0.6890711039304733,0.3109288960695267,1.6612244897959183,2.5123456790123457,6.871198465868832,956.5758732405908,Hard
2025-01-06,42782,Felix Auger-Aliassime,Sebastian Korda,P2,1.7364721491496267,False,P1,0.4293927699327469,0.5706072300672531,2.244318181818182,1.8036529680365299,-1.7364721491496267,954.8394010914411,Hard
2025-01-13,42812,Alex de Minaur,Botic Van De Zandschulp,P2,8.147374083418013,False,P1,0.752593882381916,0.24740611761808395,1.1019830028328612,10.805555555555554,-8.147374083418013,946.6920270080232,Hard
2025-01-13,42813,Joao Fonseca,Andrey Rublev,P2,1.914791409863636,False,P1,0.37771928310394287,0.6222807168960571,2.540372670807453,1.6491935483870968,-1.914791409863636,944.7772355981596,Hard
2025-01-13,42814,Holger Rune,Zhizhen Zhang,P2,7.30623397322819,False,P1,0.6209241598844528,0.3790758401155472,1.3614130434782608,3.7669172932330826,-7.30623397322819,937.4710016249313,Hard
2025-01-13,42815,Lorenzo Musetti,Matteo Arnaldi,P2,10.285963515124834,False,P1,0.47595080733299255,0.5240491926670074,1.6399999999999997,2.5624999999999996,-10.285963515124834,927.1850381098064,Hard
2025-01-13,42816,Hubert Hurkacz,Tallon Griekspoor,P2,12.84311237316894,False,P1,0.5029325187206268,0.49706748127937317,1.4375,3.285714285714286,-12.84311237316894,914.3419257366374,Hard
2025-01-13,42817,Karen Khachanov,Adrian Mannarino,P2,7.375305468547452,False,P1,0.7184122651815414,0.28158773481845856,1.1674008810572687,6.973684210526316,-7.375305468547452,906.96662026809,Hard
2025-01-13,42818,Ben Shelton,Brandon Nakashima,P2,1.8169843887844024,False,P1,0.619674876332283,0.380325123667717,1.5490909090909089,2.821192052980132,-1.8169843887844024,905.1496358793056,Hard
2025-01-13,42819,Corentin Moutet,Alexei Popyrin,P1,2.558374713086416,True,P1,0.25448255985975266,0.7455174401402473,4.766129032258064,1.2655246252676657,9.635169282349645,914.7848051616553,Hard
2025-01-13,42820,Gael Monfils,Giovanni Mpetshi Perricard,P1,18.295696103233105,True,P1,0.6839248090982437,0.3160751909017563,2.1767955801104972,1.8497652582159625,21.530294309329566,936.3150994709848,Hard
2025-01-13,42821,Francisco Cerundolo,Alexander Bublik,P2,8.026953561594127,False,P1,0.49671782553195953,0.5032821744680405,1.668032786885246,2.4969325153374236,-8.026953561594127,928.2881459093907,Hard
2025-01-13,42822,Tomas Martin Etcheverry,Flavio Cobolli,P2,8.170755736217199,False,P1,0.49679988622665405,0.503200113773346,1.6585365853658534,2.518518518518518,-8.170755736217199,920.1173901731735,Hard
2025-01-13,42823,Daniel Altmaier,Francisco Comesana,P2,1.203296488858295,False,P1,0.4955952763557434,0.5044047236442566,1.965,2.0362694300518136,-1.203296488858295,918.9140936843152,Hard
2025-01-13,42824,Matteo Berrettini,Cameron Norrie,P2,2.8864098260723066,False,P1,0.643404632806778,0.35659536719322205,1.4565916398713825,3.1901408450704225,-2.8864098260723066,916.0276838582429,Hard
2025-01-13,42826,Pablo Carreno Busta,Kamil Majchrzak,P1,3.605077021260484,True,P1,0.587169274687767,0.41283072531223297,1.8119266055045873,2.2316384180790965,2.9270579484546135,918.9547418066975,Hard
2025-01-13,42827,Gabriel Diallo,Luca Nardi,P1,13.06180521051396,True,P1,0.7603381872177124,0.2396618127822876,1.5034246575342465,2.9863945578231292,6.575634814882027,925.5303766215795,Hard
2025-01-13,42828,Facundo Diaz Acosta,Zizou Bergs,P1,3.8585874411241723,True,P1,0.39596082270145416,0.6040391772985458,2.9324324324324325,1.5174825174825177,7.45645951460482,932.9868361361844,Hard
2025-01-13,42829,Cristian Garin,Borna Coric,P1,8.361740123127744,True,P1,0.5769963711500168,0.4230036288499832,2.0634920634920637,1.9402985074626864,8.892644257929508,941.8794803941139,Hard
2025-01-13,42830,Marcos Giron,Yannick Hanfmann,P2,6.989683923759142,False,P1,0.6500971764326096,0.34990282356739044,1.3099273607748185,4.226562500000001,-6.989683923759142,934.8897964703548,Hard
2025-01-13,42831,Miomir Kecmanovic,Dusan Lajovic,P2,11.358703459949034,False,P1,0.5918638557195663,0.40813614428043365,1.2790178571428572,4.584000000000001,-11.358703459949034,923.5310930104057,Hard
2025-01-13,42832,Mitchell Krueger,Rinky Hijikata,P1,6.914361724406392,True,P1,0.42741331458091736,0.5725866854190826,3.0620689655172413,1.4849498327759196,14.257890728258698,937.7889837386643,Hard
2025-01-13,42833,Denis Shapovalov,Roberto Bautista Agut,P2,10.38000724100887,False,P1,0.5554648041725159,0.44453519582748413,1.4017595307917887,3.489051094890511,-10.38000724100887,927.4089764976554,Hard
2025-01-13,42834,Lorenzo Sonego,Stan Wawrinka,P2,5.415865615350439,False,P1,0.5834010541439056,0.41659894585609436,1.5138888888888888,2.9459459459459456,-5.415865615350439,921.993110882305,Hard
2025-01-13,42835,Learner Tien,Camilo Ugo Carabelli,P2,5.615059146976301,False,P1,0.7217520326375961,0.27824796736240387,1.2167577413479054,5.613445378151261,-5.615059146976301,916.3780517353288,Hard
2025-01-13,42836,Jannik Sinner,Nicolas Jarry,P2,0.34842532375948687,False,P1,0.9597109518945217,0.04028904810547829,1.0340567612687812,30.362745098039216,-0.34842532375948687,916.0296264115693,Hard
2025-01-13,42837,Carlos Alcaraz,Alexander Shevchenko,P2,4.833036913880099,False,P1,0.8692332059144974,0.13076679408550262,1.0290432801822322,35.4313725490196,-4.833036913880099,911.1965894976893,Hard
2025-01-13,42840,Alex Michelsen,Stefanos Tsitsipas,P2,3.2401194962065567,False,P1,0.3720092922449112,0.6279907077550888,2.4969325153374236,1.668032786885246,-3.2401194962065567,907.9564700014827,Hard
2025-01-13,42841,Tommy Paul,Christopher O'Connell,P2,8.124193228679317,False,P1,0.6789868921041489,0.32101310789585114,1.2092198581560285,5.779661016949153,-8.124193228679317,899.8322767728033,Hard
2025-01-13,42842,Jack Draper,Mariano Navone,P2,4.799823504199569,False,P1,0.8142368197441101,0.1857631802558899,1.0971223021582734,11.296296296296296,-4.799823504199569,895.0324532686037,Hard
2025-01-13,42843,Frances Tiafoe,Arthur Rinderknech,P2,8.088906545344036,False,P1,0.62834133207798,0.37165866792201996,1.3038277511961724,4.291338582677165,-8.088906545344036,886.9435467232597,Hard
2025-01-13,42844,Sebastian Korda,Lukas Klein,P1,10.566488651669333,True,P1,0.7855162993073463,0.21448370069265366,1.3919308357348703,3.551470588235294,4.141332728031784,891.0848794512915,Hard
2025-01-13,42845,Roberto Carballes Baena,Alejandro Tabilo,P1,9.245831792162123,True,P1,0.4846099615097046,0.5153900384902954,2.86,1.5376344086021503,17.19724713342155,908.2821265847131,Hard
2025-01-13,42846,Jordan Thompson,Dominik Koepfer,P2,5.201744438684675,False,P1,0.6207739114761353,0.37922608852386475,1.4263803680981593,3.345323741007194,-5.201744438684675,903.0803821460283,Hard
2025-01-13,42847,Arthur Cazaux,Sebastian Baez,P2,0.249525969326159,False,P1,0.6841106116771698,0.3158893883228302,1.4536741214057507,3.2042253521126765,-0.249525969326159,902.8308561767021,Hard
2025-01-13,42848,Felix Auger-Aliassime,Jan-Lennard Struff,P1,3.663706733597349,True,P1,0.6845458596944809,0.3154541403055191,1.5228070175438597,2.9127516778523495,1.9154115905473863,904.7462677672495,Hard
2025-01-13,42849,Benjamin Bonzi,David Goffin,P2,2.0233824609722433,False,P1,0.566087007522583,0.433912992477417,1.6874999999999998,2.454545454545454,-2.0233824609722433,902.7228853062772,Hard
2025-01-13,42850,Nuno Borges,Alexandre Muller,P2,13.837506179010141,False,P1,0.39872074127197266,0.6012792587280273,1.7391304347826089,2.3529411764705883,-13.837506179010141,888.8853791272671,Hard
2025-01-13,42852,James Duckworth,Dominic Stricker,P2,7.650875265559198,False,P1,0.44039325416088104,0.559606745839119,1.879807692307692,2.1366120218579234,-7.650875265559198,881.2345038617079,Hard
2025-01-13,42855,Thanasi Kokkinakis,Roman Safiullin,P2,1.8855737904489447,False,P1,0.5672332346439362,0.43276676535606384,1.6874999999999998,2.454545454545454,-1.8855737904489447,879.348930071259,Hard
2025-01-13,42856,Fabian Marozsan,Thiago Seyboth Wild,P2,5.900068734731496,False,P1,0.5924957096576691,0.40750429034233093,1.461290322580645,3.167832167832168,-5.900068734731496,873.4488613365276,Hard
2025-01-13,42858,Jakub Mensik,Nikoloz Basilashvili,P1,9.473645814702829,True,P1,0.8785605654120445,0.12143943458795547,1.1835443037974684,6.448275862068967,1.7388337254834314,875.187695062011,Hard
2025-01-13,42859,Yoshihito Nishioka,Aziz Dougaz,P2,6.371461445344802,False,P1,0.707216888666153,0.29278311133384705,1.2081128747795415,5.805084745762714,-6.371461445344802,868.8162336166662,Hard
2025-01-13,42861,Aleksandar Vukic,Damir Dzumhur,P2,1.8020161520276792,False,P1,0.6963925957679749,0.30360740423202515,1.3764044943820226,3.656716417910447,-1.8020161520276792,867.0142174646385,Hard
2025-01-13,42862,Alexander Zverev,Lucas Pouille,P2,0.10651592037137485,False,P1,0.9503246713429689,0.04967532865703106,1.0496864447660397,21.126213592233015,-0.10651592037137485,866.9077015442671,Hard
2025-01-13,42863,Casper Ruud,Jaume Munar,P2,3.1376323433634403,False,P1,0.767586387693882,0.232413612306118,1.2084805653710247,5.796610169491526,-3.1376323433634403,863.7700692009037,Hard
2025-01-13,42865,Arthur Fils,Otto Virtanen,P2,8.297728953630651,False,P1,0.699708878993988,0.30029112100601196,1.1545827633378933,7.469026548672566,-8.297728953630651,855.472340247273,Hard
2025-01-13,42866,Jiri Lehecka,Li Tu,P2,1.6342373862174011,False,P1,0.8471219465136528,0.1528780534863472,1.1353658536585367,8.387387387387387,-1.6342373862174011,853.8381028610556,Hard
2025-01-13,42867,Tomas Machac,Sumit Nagal,P2,0.8597738459179206,False,P1,0.9042125567793846,0.09578744322061539,1.0836621941594318,12.952830188679243,-0.8597738459179206,852.9783290151377,Hard
2025-01-13,42869,Hady Habib,Yunchaokete Bu,P1,1.6823077109255133,True,P1,0.3159076124429703,0.6840923875570297,3.4744525547445253,1.4041297935103245,4.162790613166051,857.1411196283037,Hard
2025-01-13,42870,Quentin Halys,Adam Walton,P1,4.323985188518055,True,P1,0.5377993136644363,0.46220068633556366,2.057894736842105,1.9452736318407962,4.574321173116468,861.7154408014202,Hard
2025-01-13,42872,Kei Nishikori,Thiago Monteiro,P1,4.362348994806432,True,P1,0.8184640035033226,0.1815359964966774,1.2531120331950205,4.950819672131147,1.10416302358171,862.8196038250019,Hard
2025-01-13,42875,Taylor Fritz,Cristian Garin,P2,5.331030447334877,False,P1,0.8290532231330872,0.17094677686691284,1.0571428571428572,18.5,-5.331030447334877,857.488573377667,Hard
2025-01-13,42876,Learner Tien,Daniil Medvedev,P1,1.4891217619247568,True,P1,0.17384788393974304,0.826152116060257,6.938596491228071,1.168389955686854,8.843293270377723,866.3318666480446,Hard
2025-01-13,42878,Holger Rune,Matteo Berrettini,P1,5.275358407983707,True,P1,0.5022717118263245,0.49772828817367554,2.308139534883721,1.7644444444444443,6.900904894164734,873.2327715422093,Hard
2025-01-13,42879,Lorenzo Musetti,Denis Shapovalov,P1,7.519358387115011,True,P1,0.5607692003250122,0.4392307996749878,2.1304347826086953,1.8846153846153846,8.500144263695228,881.7329158059046,Hard
2025-01-13,42880,Fabian Marozsan,Frances Tiafoe,P1,5.307095569743825,True,P1,0.4560796171426773,0.5439203828573227,2.6202531645569613,1.6171874999999998,8.598838391483662,890.3317541973882,Hard
2025-01-13,42881,Miomir Kecmanovic,Hubert Hurkacz,P1,5.268646885973983,True,P1,0.36275166273117065,0.6372483372688293,3.6074074074074076,1.3835227272727273,13.737508917502533,904.0692631148908,Hard
2025-01-13,42882,Karen Khachanov,Gabriel Diallo,P1,0.7981755314463718,True,P1,0.7506068199872971,0.24939318001270294,1.3402597402597405,3.9389312977099245,0.27158699901162275,904.3408501139024,Hard
2025-01-13,42883,Ben Shelton,Pablo Carreno Busta,P2,7.099423014242542,False,P1,0.6243774145841599,0.37562258541584015,1.350132625994695,3.856060606060606,-7.099423014242542,897.2414270996599,Hard
2025-01-13,42885,Marcos Giron,Tomas Martin Etcheverry,P1,9.52907981580573,True,P1,0.597139835357666,0.402860164642334,2.0471204188481673,1.9549999999999998,9.978094047964113,907.2195211476239,Hard
2025-01-13,42887,Gael Monfils,Daniel Altmaier,P1,6.684952019841172,True,P1,0.814516082406044,0.185483917593956,1.2780269058295963,4.596774193548388,1.8585965256957513,909.0781176733196,Hard
2025-01-13,42888,Corentin Moutet,Mitchell Krueger,P2,5.0534633515572995,False,P1,0.5563132017850876,0.4436867982149124,1.5977011494252877,2.673076923076923,-5.0534633515572995,904.0246543217623,Hard
2025-01-13,42889,Lorenzo Sonego,Joao Fonseca,P1,18.080493086435247,True,P1,0.5258575230836868,0.47414247691631317,4.950819672131147,1.2531120331950205,71.43276776771958,975.457422089482,Hard
2025-01-13,42890,Alexander Zverev,Pedro Martinez,P2,1.5079893039551855,False,P1,0.9351135902106762,0.0648864097893238,1.0363247863247862,28.529411764705877,-1.5079893039551855,973.9494327855267,Hard
2025-01-13,42891,Carlos Alcaraz,Yoshihito Nishioka,P2,5.8919636293969155,False,P1,0.8496797904372215,0.15032020956277847,1.0345177664974619,29.970588235294112,-5.8919636293969155,968.0574691561297,Hard
2025-01-13,42892,Jakub Mensik,Casper Ruud,P1,3.4946649689023515,True,P1,0.49029695987701416,0.5097030401229858,2.2191011235955056,1.8202764976958523,4.260349990178709,972.3178191463085,Hard
2025-01-13,42894,Tommy Paul,Kei Nishikori,P2,6.614125430750129,False,P1,0.5805284082889557,0.4194715917110443,1.488215488215488,3.048275862068966,-6.614125430750129,965.7036937155583,Hard
2025-01-13,42895,Ugo Humbert,Hady Habib,P2,6.649057543949158,False,P1,0.74739108979702,0.25260891020298004,1.1537414965986394,7.504424778761061,-6.649057543949158,959.0546361716091,Hard
2025-01-13,42896,Jack Draper,Thanasi Kokkinakis,P1,4.015700190718811,True,P1,0.6931895315647125,0.3068104684352875,1.5034246575342465,2.9863945578231292,2.021602493272826,961.0762386648819,Hard
2025-01-13,42897,Arthur Fils,Quentin Halys,P2,16.19728743300009,False,P1,0.5190684199333191,0.4809315800666809,1.2771618625277161,4.608,-16.19728743300009,944.8789512318818,Hard
2025-01-13,42898,Aleksandar Vukic,Sebastian Korda,P1,8.086725178972658,True,P1,0.366547629237175,0.633452370762825,4.2421875,1.308433734939759,26.218679291200417,971.0976305230822,Hard
2025-01-13,42900,Tomas Machac,Reilly Opelka,P2,3.870543589386124,False,P1,0.6641233265399933,0.3358766734600067,1.385714285714286,3.592592592592593,-3.870543589386124,967.2270869336961,Hard
2025-01-13,42901,Nuno Borges,Jordan Thompson,P2,11.868633587093836,False,P1,0.3772921711206436,0.6227078288793564,2.0,2.0,-11.868633587093836,955.3584533466022,Hard
2025-01-13,42902,Alejandro Davidovich Fokina,Felix Auger-Aliassime,P1,7.22214018052041,True,P1,0.36710257828235626,0.6328974217176437,3.9312977099236637,1.3411458333333335,21.17024297190715,976.5286963185093,Hard
2025-01-13,42903,Benjamin Bonzi,Francesco Passaro,P2,12.730688873584066,False,P1,0.5633815079927444,0.43661849200725555,1.3121951219512196,4.203125,-12.730688873584066,963.7980074449252,Hard
2025-01-13,42904,Roberto Carballes Baena,James Duckworth,P2,5.010117988135941,False,P1,0.5380595475435257,0.4619404524564743,1.6653061224489796,2.503067484662577,-5.010117988135941,958.7878894567893,Hard
2025-01-13,42906,Jannik Sinner,Marcos Giron,P1,0.8015727466900299,True,P1,0.9702478479593992,0.029752152040600777,1.0312022025084124,33.04901960784313,0.025010835167446694,958.8129002919568,Hard
2025-01-13,42907,Gael Monfils,Taylor Fritz,P1,6.686334662333975,True,P1,0.25346848368644714,0.7465315163135529,7.548672566371684,1.1527027027027026,43.78661637280658,1002.5995166647633,Hard
2025-01-13,42908,Alex de Minaur,Francisco Cerundolo,P2,7.38305073052369,False,P1,0.7537133395671844,0.24628666043281555,1.131360946745562,8.61261261261261,-7.38305073052369,995.2164659342396,Hard
2025-01-13,42909,Holger Rune,Miomir Kecmanovic,P2,4.0768969304443825,False,P1,0.5963165909051895,0.4036834090948105,1.5395683453237412,2.853333333333333,-4.0768969304443825,991.1395690037953,Hard
2025-01-13,42910,Ben Shelton,Lorenzo Musetti,P1,5.689738656497943,True,P1,0.6446166634559631,0.35538333654403687,1.670781893004115,2.4907975460122698,3.81657366670438,994.9561426704996,Hard
2025-01-13,42911,Alex Michelsen,Karen Khachanov,P1,2.698159497489322,True,P1,0.423315092921257,0.576684907078743,2.5624999999999996,1.6399999999999997,4.215874214827065,999.1720168853267,Hard
2025-01-13,42912,Lorenzo Sonego,Fabian Marozsan,P2,6.879997037412889,False,P1,0.45533981919288635,0.5446601808071136,1.8937198067632852,2.1189189189189186,-6.879997037412889,992.2920198479138,Hard
2025-01-13,42913,Learner Tien,Corentin Moutet,P2,8.586792503048283,False,P1,0.4187523424625397,0.5812476575374603,1.974747474747475,2.0259067357512954,-8.586792503048283,983.7052273448655,Hard
2025-01-13,42915,Carlos Alcaraz,Nuno Borges,P2,5.984147046608186,False,P1,0.8413028419017792,0.15869715809822083,1.044017094017094,23.718446601941746,-5.984147046608186,977.7210802982573,Hard
2025-01-13,42916,Novak Djokovic,Tomas Machac,P2,0.3285263738238578,False,P1,0.7936419770121574,0.20635802298784256,1.251546391752577,4.975409836065573,-0.3285263738238578,977.3925539244335,Hard
2025-01-13,42917,Tommy Paul,Roberto Carballes Baena,P2,2.113245362964803,False,P1,0.8065763413906097,0.19342365860939026,1.1861958266452648,6.370689655172415,-2.113245362964803,975.2793085614687,Hard
2025-01-13,42919,Jack Draper,Aleksandar Vukic,P2,3.435361198234352,False,P1,0.7576773539185524,0.2423226460814476,1.2268431001890359,5.408333333333332,-3.435361198234352,971.8439473632344,Hard
2025-01-13,42920,Jiri Lehecka,Benjamin Bonzi,P2,0.01560051301923014,False,P1,0.7563608661293983,0.24363913387060165,1.3216957605985038,4.108527131782946,-0.01560051301923014,971.8283468502152,Hard
2025-01-13,42921,Alejandro Davidovich Fokina,Jakub Mensik,P2,2.522563709430591,False,P1,0.34988896548748016,0.6501110345125198,2.7096774193548385,1.5849056603773586,-2.522563709430591,969.3057831407846,Hard
2025-01-13,42922,Jannik Sinner,Holger Rune,P2,0.3750895945112629,False,P1,0.9059420451521873,0.09405795484781265,1.095280498664292,11.495327102803738,-0.3750895945112629,968.9306935462733,Hard
2025-01-13,42923,Alex de Minaur,Alex Michelsen,P2,4.581314874727025,False,P1,0.6908138692378998,0.3091861307621002,1.3106796116504853,4.218749999999999,-4.581314874727025,964.3493786715463,Hard
2025-01-13,42925,Lorenzo Sonego,Learner Tien,P1,6.05425531762552,True,P1,0.615777000784874,0.38422299921512604,1.7837837837837835,2.275862068965517,4.745227140841623,969.094605812388,Hard
2025-01-13,42926,Alexander Zverev,Ugo Humbert,P2,8.633601764082954,False,P1,0.6856271028518677,0.3143728971481323,1.198641765704584,6.034188034188034,-8.633601764082954,960.461004048305,Hard
2025-01-13,42928,Novak Djokovic,Jiri Lehecka,P2,0.43015176438725433,False,P1,0.7847851663827896,0.2152148336172104,1.262820512820513,4.8048780487804885,-0.43015176438725433,960.0308522839177,Hard
2025-01-13,42929,Tommy Paul,Alejandro Davidovich Fokina,P2,2.0658813427945963,False,P1,0.748926930129528,0.25107306987047195,1.2777777777777775,4.6000000000000005,-2.0658813427945963,957.9649709411232,Hard
2025-01-13,42930,Jannik Sinner,Alex de Minaur,P1,5.645060369990974,True,P1,0.8392416164278984,0.1607583835721016,1.2228464419475658,5.487394957983193,1.2579816180316976,959.2229525591549,Hard
2025-01-13,42931,Ben Shelton,Lorenzo Sonego,P1,2.8378519695185997,True,P1,0.714899942278862,0.285100057721138,1.4347826086956523,3.3000000000000007,1.2338486823993917,960.4568012415543,Hard
2025-01-13,42932,Alexander Zverev,Tommy Paul,P2,5.350482413219578,False,P1,0.6347033083438873,0.36529669165611267,1.4,3.4999999999999996,-5.350482413219578,955.1063188283348,Hard
2025-01-13,42933,Novak Djokovic,Carlos Alcaraz,P1,11.656260120520987,True,P1,0.5261955559253693,0.47380444407463074,2.6794871794871793,1.5954198473282442,19.57653943318268,974.6828582615175,Hard
2025-01-13,42934,Jannik Sinner,Ben Shelton,P1,6.396502748259181,True,P1,0.9150731638073921,0.08492683619260788,1.1083499005964215,10.229357798165138,0.693060436938619,975.3759186984561,Hard
2025-01-13,42936,Jannik Sinner,Alexander Zverev,P1,17.220317081729448,True,P1,0.8245254084467888,0.1754745915532112,1.372222222222222,3.686567164179104,6.409784691532624,981.7857033899887,Hard
2025-01-27,42937,Aleksandar Kovacevic,David Goffin,P2,19.635714067799775,False,P1,0.34704381227493286,0.6529561877250671,1.6962025316455698,2.436363636363637,-19.635714067799775,962.149989322189,Hard
2025-01-27,42940,Tallon Griekspoor,Botic Van De Zandschulp,P1,2.6592668397912766,True,P1,0.6089179068803787,0.3910820931196213,1.7063829787234042,2.41566265060241,1.8784608315121356,964.0284501537011,Hard
2025-01-27,42941,Arthur Rinderknech,Harold Mayot,P1,6.764035477279918,True,P1,0.7154055684804916,0.28459443151950836,1.4948805460750851,3.020689655172414,3.3473895706675347,967.3758397243687,Hard
2025-01-27,42942,Mattia Bellucci,Lucas Pouille,P2,2.8673855932919206,False,P1,0.4473852962255478,0.5526147037744522,2.1027027027027025,1.9068627450980393,-2.8673855932919206,964.5084541310767,Hard
2025-01-27,42944,Richard Gasquet,Adrian Mannarino,P1,0.37691296267149293,True,P1,0.4696508198976517,0.5303491801023483,2.1483516483516483,1.8708133971291872,0.4328286219689122,964.9412827530457,Hard
2025-01-27,42945,Constant Lestienne,Borna Coric,P2,19.298825655060913,False,P1,0.2521606832742691,0.7478393167257309,2.0,2.0,-19.298825655060913,945.6424570979848,Hard
2025-01-27,42946,Yunchaokete Bu,Daniel Altmaier,P2,0.3289219076284155,False,P1,0.558115541934967,0.44188445806503296,1.7792792792792793,2.2832369942196533,-0.3289219076284155,945.3135351903563,Hard
2025-01-27,42947,Arthur Cazaux,Stan Wawrinka,P2,8.565471312656268,False,P1,0.508756697177887,0.49124330282211304,1.6093750000000002,2.641025641025641,-8.565471312656268,936.7480638777,Hard
2025-01-27,42948,Dominik Koepfer,Gregoire Barrere,P1,10.498015468282215,True,P1,0.5931209176778793,0.40687908232212067,2.1027027027027025,1.9068627450980393,11.576190029889576,948.3242539075897,Hard
2025-01-27,42949,Jesper de Jong,Flavio Cobolli,P2,12.799190412001886,False,P1,0.2755301743745804,0.7244698256254196,2.6496815286624202,1.606177606177606,-12.799190412001886,935.5250634955878,Hard
2025-01-27,42950,Tallon Griekspoor,Richard Gasquet,P2,5.359542560694916,False,P1,0.6008218824863434,0.3991781175136566,1.4736842105263157,3.1111111111111107,-5.359542560694916,930.1655209348929,Hard
2025-01-27,42951,Nikoloz Basilashvili,Arthur Rinderknech,P2,10.287085068036511,False,P1,0.32987263798713684,0.6701273620128632,2.36094674556213,1.7347826086956524,-10.287085068036511,919.8784358668564,Hard
2025-01-27,42952,Aleksandar Kovacevic,Mattia Bellucci,P2,10.57332062305293,False,P1,0.4269750565290451,0.5730249434709549,1.8036529680365299,2.244318181818182,-10.57332062305293,909.3051152438035,Hard
2025-01-27,42953,Andrey Rublev,Christopher Eubanks,P2,4.2823929508754,False,P1,0.7001662999391556,0.2998337000608444,1.2937062937062938,4.404761904761904,-4.2823929508754,905.022722292928,Hard
2025-01-27,42954,Felix Auger-Aliassime,Arthur Cazaux,P2,1.542283309541013,False,P1,0.6596508026123047,0.3403491973876953,1.4642857142857142,3.153846153846154,-1.542283309541013,903.480438983387,Hard
2025-01-27,42955,Alexander Bublik,Dominik Koepfer,P2,9.177750445012109,False,P1,0.4397725909948349,0.5602274090051651,1.8119266055045873,2.2316384180790965,-9.177750445012109,894.3026885383749,Hard
2025-01-27,42956,Yunchaokete Bu,Constant Lestienne,P1,17.8860537707675,True,P1,0.7874989062547684,0.21250109374523163,1.6465863453815262,2.546583850931677,11.564878140938022,905.867566679313,Hard
2025-01-27,42958,Felix Auger-Aliassime,Yunchaokete Bu,P2,3.31203161983833,False,P1,0.7168285846710205,0.2831714153289795,1.2930232558139536,4.412698412698413,-3.31203161983833,902.5555350594747,Hard
2025-01-27,42959,Aleksandar Kovacevic,Alexander Bublik,P1,4.625424514776287,True,P1,0.4881071150302887,0.5118928849697113,2.327485380116959,1.7533039647577093,6.1401834202001,908.6957184796747,Hard
2025-01-27,42960,Jesper de Jong,Tallon Griekspoor,P1,1.8832937247028019,True,P1,0.3537868410348892,0.6462131589651108,3.0689655172413794,1.4833333333333332,3.8964697752471764,912.5921882549219,Hard
2025-01-27,42961,Aleksandar Kovacevic,Andrey Rublev,P1,1.3952912089367044,True,P1,0.27108393609523773,0.7289160639047623,4.0307692307692315,1.3299492385786804,4.228805664008167,916.8209939189301,Hard
2025-01-27,42962,Felix Auger-Aliassime,Jesper de Jong,P2,3.5278548402202214,False,P1,0.7468774914741516,0.2531225085258484,1.2358674463937622,5.239669421487603,-3.5278548402202214,913.2931390787098,Hard
2025-01-27,42963,Felix Auger-Aliassime,Aleksandar Kovacevic,P2,2.3434324529169426,False,P1,0.7164617031812668,0.2835382968187332,1.3241206030150756,4.0852713178294575,-2.3434324529169426,910.9497066257929,Hard
2025-02-03,43123,Arthur Fils,Constant Lestienne,P1,16.773954622632115,True,P1,0.8721881061792374,0.12781189382076263,1.2536382536382535,4.942622950819672,4.25451655709172,915.2042231828847,Hard
2025-02-03,43092,Taylor Fritz,Arthur Rinderknech,P2,0.8253179369931357,False,P1,0.8554050251841545,0.1445949748158455,1.1479524438573316,7.758928571428571,-0.8253179369931357,914.3789052458916,Hard
2025-02-03,43093,Tomas Machac,Kei Nishikori,P1,3.546619072180105,True,P1,0.6661697775125504,0.33383022248744965,1.5671641791044775,2.7631578947368425,2.011515294669313,916.3904205405609,Hard
2025-02-03,43125,Tallon Griekspoor,Matteo Berrettini,P1,3.7059606184581666,True,P1,0.4319804161787033,0.5680195838212967,2.6178343949044587,1.6181102362204727,5.9956305547030215,922.3860510952638,Hard
2025-02-03,43094,Michael Mmoh,Roberto Carballes Baena,P2,12.650707136248462,False,P1,0.3029780983924866,0.6970219016075134,2.3952095808383236,1.7167381974248928,-12.650707136248462,909.7353439590154,Hard
2025-02-03,43095,Jaume Munar,Yunchaokete Bu,P2,12.298384480274013,False,P1,0.2994738519191742,0.7005261480808258,2.436363636363637,1.6962025316455698,-12.298384480274013,897.4369594787414,Hard
2025-02-03,43126,Fabian Marozsan,Jan-Lennard Struff,P1,8.011477733777589,True,P1,0.5194466561079025,0.4805533438920975,2.4096385542168677,1.7094017094017095,11.293287889782869,908.7302473685243,Hard
2025-02-03,43096,Yoshihito Nishioka,Brandon Nakashima,P1,9.6488968019717,True,P1,0.5084367096424103,0.4915632903575897,2.66025641025641,1.6023166023166024,16.01964276737609,924.7498901359004,Hard
2025-02-03,43097,Reilly Opelka,Alexander Shevchenko,P2,1.784126159801445,False,P1,0.6662429422140121,0.33375705778598785,1.4430379746835442,3.2571428571428576,-1.784126159801445,922.965763976099,Hard
2025-02-03,43128,Carlos Alcaraz,Botic Van De Zandschulp,P2,0.9888480535333396,False,P1,0.8902863375842571,0.10971366241574287,1.0991658943466172,11.084112149532709,-0.9888480535333396,921.9769159225656,Hard
2025-02-03,43129,Alex de Minaur,David Goffin,P2,2.7848892032874057,False,P1,0.84351447224617,0.15648552775382996,1.1138975966562175,9.779816513761467,-2.7848892032874057,919.1920267192781,Hard
2025-02-03,43098,Denis Shapovalov,Miomir Kecmanovic,P2,8.451572135252297,False,P1,0.47334302961826324,0.5266569703817368,1.7241379310344829,2.380952380952381,-8.451572135252297,910.7404545840259,Hard
2025-02-03,43130,Andrey Rublev,Zhizhen Zhang,P2,10.537428689615474,False,P1,0.5976452827453613,0.40235471725463867,1.28604118993135,4.496,-10.537428689615474,900.2030258944104,Hard
2025-02-03,43100,Tommy Paul,Jenson Brooksby,P2,7.085098670096223,False,P1,0.7565943151712418,0.24340568482875824,1.113660062565172,9.79816513761468,-7.085098670096223,893.1179272243141,Hard
2025-02-03,43131,Holger Rune,Lorenzo Sonego,P2,9.4541592381474,False,P1,0.5670434087514877,0.43295659124851227,1.3901734104046242,3.562962962962963,-9.4541592381474,883.6637679861667,Hard
2025-02-03,43101,Ben Shelton,Aleksandar Vukic,P2,9.73740433923814,False,P1,0.6173584461212158,0.3826415538787842,1.262820512820513,4.8048780487804885,-9.73740433923814,873.9263636469286,Hard
2025-02-03,43132,Jiri Lehecka,Alexei Popyrin,P1,1.589285302414763,True,P1,0.6993989646434784,0.3006010353565216,1.4533762057877813,3.2056737588652484,0.7205441403230918,874.6469077872517,Hard
2025-02-03,43102,Cameron Norrie,Alex Michelsen,P1,6.419434234293043,True,P1,0.4621941149234772,0.5378058850765228,2.7051282051282053,1.586466165413534,10.94595837385865,885.5928661611104,Hard
2025-02-03,43133,Pedro Martinez,Roberto Bautista Agut,P2,5.037885533612493,False,P1,0.36064767837524414,0.6393523216247559,2.457317073170732,1.686192468619247,-5.037885533612493,880.5549806274979,Hard
2025-02-03,43103,Frances Tiafoe,Taro Daniel,P2,1.775111779632016,False,P1,0.7831716910004616,0.21682830899953842,1.2253787878787878,5.436974789915966,-1.775111779632016,878.7798688478659,Hard
2025-02-03,43134,Jakub Mensik,Alexander Bublik,P2,3.761214632452366,False,P1,0.6245672851800919,0.37543271481990814,1.4640522875816993,3.154929577464789,-3.761214632452366,875.0186542154136,Hard
2025-02-03,43104,Matteo Arnaldi,Christopher Eubanks,P1,4.282891953726946,True,P1,0.587014764547348,0.412985235452652,1.8443396226415094,2.1843575418994416,3.6162153760241664,878.6348695914377,Hard
2025-02-03,43135,Daniil Medvedev,Stan Wawrinka,P2,10.234128414928481,False,P1,0.6408222317695618,0.35917776823043823,1.1969696969696968,6.0769230769230775,-10.234128414928481,868.4007411765092,Hard
2025-02-03,43136,Stefanos Tsitsipas,Harold Mayot,P1,15.057380732734233,True,P1,0.8272054269909859,0.17279457300901413,1.3596730245231607,3.78030303030303,5.4157336695392875,873.8164748460484,Hard
2025-02-03,43106,Rinky Hijikata,Adrian Mannarino,P2,9.32152654896229,False,P1,0.43435777723789215,0.5656422227621078,1.811059907834101,2.2329545454545454,-9.32152654896229,864.4949482970861,Hard
2025-02-03,43137,Hubert Hurkacz,Flavio Cobolli,P2,9.904877713974178,False,P1,0.5665295571088791,0.4334704428911209,1.3606557377049182,3.7727272727272734,-9.904877713974178,854.5900705831119,Hard
2025-02-03,43139,Carlos Alcaraz,Andrea Vavassori,P1,17.09180141166224,True,P1,0.9260321408510208,0.07396785914897919,1.1518987341772151,7.583333333333331,2.5962229992398322,857.1862935823517,Hard
2025-02-03,43108,Denis Shapovalov,Taylor Fritz,P2,1.3440102401584422,False,P1,0.24262692779302597,0.757373072206974,3.9923076923076914,1.3341902313624678,-1.3440102401584422,855.8422833421932,Hard
2025-02-03,43140,Alex de Minaur,Jakub Mensik,P1,3.9353127413970403,True,P1,0.7295210435986519,0.2704789564013481,1.4242424242424243,3.357142857142857,1.669526617562381,857.5118099597556,Hard
2025-02-03,43109,Casper Ruud,Michael Mmoh,P2,11.236113072235101,False,P1,0.598420649766922,0.401579350233078,1.233140655105973,5.289256198347108,-11.236113072235101,846.2756968875206,Hard
2025-02-03,43141,Andrey Rublev,Fabian Marozsan,P2,8.485572076768483,False,P1,0.6106582581996918,0.3893417418003082,1.3091787439613527,4.234375,-8.485572076768483,837.7901248107521,Hard
2025-02-03,43142,Pedro Martinez,Holger Rune,P1,1.405848477080767,True,P1,0.2675608992576599,0.7324391007423401,4.130081300813009,1.3194805194805195,4.400420029886955,842.1905448406391,Hard
2025-02-03,43111,Jaume Munar,Ben Shelton,P1,0.6548970547351081,True,P1,0.13999709486961365,0.8600029051303864,7.910714285714286,1.144702842377261,4.525806431830122,846.7163512724692,Hard
2025-02-03,43143,Stefanos Tsitsipas,Tallon Griekspoor,P2,0.741236919427579,False,P1,0.5386247783899307,0.4613752216100693,1.8240740740740737,2.2134831460674156,-0.741236919427579,845.9751143530416,Hard
2025-02-03,43112,Yoshihito Nishioka,Frances Tiafoe,P1,2.3301991373411792,True,P1,0.4085809290409088,0.5914190709590912,2.673076923076923,1.5977011494252877,3.89860240285928,849.8737167559009,Hard
2025-02-03,43113,Tomas Machac,Rinky Hijikata,P2,2.7477917112714185,False,P1,0.7922996431589127,0.20770035684108734,1.1805337519623234,6.539130434782609,-2.7477917112714185,847.1259250446294,Hard
2025-02-03,43144,Daniel Altmaier,Arthur Fils,P1,4.454370544507006,True,P1,0.30105653405189514,0.6989434659481049,4.568,1.2802690582959642,15.893194102800994,863.0191191474304,Hard
2025-02-03,43114,Matteo Arnaldi,Alejandro Davidovich Fokina,P1,10.728436927504676,True,P1,0.5706432610750198,0.42935673892498016,2.333333333333333,1.75,14.304582570006232,877.3237017174366,Hard
2025-02-03,43145,Mattia Bellucci,Daniil Medvedev,P2,2.386733373331906,False,P1,0.24924017488956451,0.7507598251104355,3.7938931297709924,1.3579234972677594,-2.386733373331906,874.9369683441047,Hard
2025-02-03,43115,Reilly Opelka,Cameron Norrie,P2,10.967489336319819,False,P1,0.41900205612182617,0.5809979438781738,1.7882882882882885,2.268571428571429,-10.967489336319819,863.9694790077849,Hard
2025-02-03,43147,Carlos Alcaraz,Pedro Martinez,P1,11.607879513145145,True,P1,0.9063116535544395,0.09368834644556046,1.146938775510204,7.805555555555554,1.7056476019315312,865.6751266097165,Hard
2025-02-03,43117,Tommy Paul,Reilly Opelka,P1,16.56283705563723,True,P1,0.7638252377510071,0.23617476224899292,1.6196078431372551,2.613924050632911,10.262463744277191,875.9375903539936,Hard
2025-02-03,43148,Alex de Minaur,Daniel Altmaier,P2,1.1718182529390548,False,P1,0.8822395950555801,0.11776040494441986,1.1031518624641832,10.694444444444443,-1.1718182529390548,874.7657721010546,Hard
2025-02-03,43118,Denis Shapovalov,Tomas Machac,P2,10.285348976373504,False,P1,0.3446635901927948,0.6553364098072052,2.2191011235955056,1.8202764976958523,-10.285348976373504,864.4804231246811,Hard
2025-02-03,43149,Hubert Hurkacz,Andrey Rublev,P1,6.023933143027649,True,P1,0.5401189178228378,0.45988108217716217,2.1475409836065573,1.8714285714285714,6.912710164130089,871.3931332888112,Hard
2025-02-03,43119,Jaume Munar,Matteo Arnaldi,P2,13.307517046794047,False,P1,0.2680497467517853,0.7319502532482147,2.591194968553459,1.6284584980237156,-13.307517046794047,858.0856162420172,Hard
2025-02-03,43150,Mattia Bellucci,Stefanos Tsitsipas,P2,15.936266601952669,False,P1,0.22393497824668884,0.7760650217533112,2.8068965517241384,1.5534351145038168,-15.936266601952669,842.1493496400645,Hard
2025-02-03,43151,Carlos Alcaraz,Hubert Hurkacz,P1,2.671153772841037,True,P1,0.790023148059845,0.20997685194015503,1.2889908256880735,4.4603174603174605,0.7719389343531441,842.9212885744176,Hard
2025-02-03,43120,Casper Ruud,Jaume Munar,P1,7.345984179606276,True,P1,0.7570429742336273,0.24295702576637268,1.4169184290030208,3.3985507246376816,3.062676183642493,845.9839647580601,Hard
2025-02-03,43152,Alex de Minaur,Mattia Bellucci,P1,8.570708835366155,True,P1,0.8516504317522049,0.1483495682477951,1.2285714285714284,5.375,1.9590191623694055,847.9429839204295,Hard
2025-02-03,43121,Denis Shapovalov,Tommy Paul,P2,11.628163501599012,False,P1,0.2699584364891052,0.7300415635108948,2.688311688311688,1.5923076923076922,-11.628163501599012,836.3148204188304,Hard
2025-02-03,43153,Carlos Alcaraz,Alex de Minaur,P2,4.331620048060708,False,P1,0.6259426772594452,0.3740573227405548,1.4320987654320987,3.3142857142857145,-4.331620048060708,831.9832003707697,Hard
2025-02-03,43122,Denis Shapovalov,Casper Ruud,P2,8.443593145578287,False,P1,0.45658713579177856,0.5434128642082214,1.7456140350877196,2.3411764705882354,-8.443593145578287,823.5396072251915,Hard
2025-02-10,43208,Diego Schwartzman,Nicolas Jarry,P2,0.04943889577988217,False,P1,0.22923263907432556,0.7707673609256744,4.357142857142858,1.297872340425532,-0.04943889577988217,823.4901683294116,Clay
2025-02-10,43181,Learner Tien,Adam Walton,P2,12.546456891129685,False,P1,0.45869550108909607,0.5413044989109039,1.5157894736842106,2.938775510204082,-12.546456891129685,810.943711438282,Hard
2025-02-10,43209,Joao Fonseca,Tomas Martin Etcheverry,P2,7.129016118197902,False,P1,0.442654088139534,0.557345911860466,1.8619047619047617,2.160220994475138,-7.129016118197902,803.8146953200841,Clay
2025-02-10,43155,Pierre-Hugues Herbert,Harold Mayot,P1,0.6428793817386967,True,P1,0.5079978555440903,0.49200214445590973,2.0,2.0,0.6428793817386967,804.4575747018228,Hard
2025-02-10,43182,Alejandro Davidovich Fokina,Taro Daniel,P2,4.304249239424557,False,P1,0.6447313874959946,0.35526861250400543,1.3850574712643677,3.5970149253731343,-4.304249239424557,800.1533254623982,Hard
2025-02-10,43183,Arthur Rinderknech,Dmitry Popko,P2,3.02164322149611,False,P1,0.7779579758644104,0.2220420241355896,1.1883333333333335,6.309734513274337,-3.02164322149611,797.1316822409021,Hard
2025-02-10,43156,Nuno Borges,Stan Wawrinka,P2,7.58492877963338,False,P1,0.49492326378822327,0.5050767362117767,1.6360000000000001,2.5723270440251573,-7.58492877963338,789.5467534612687,Hard
2025-02-10,43210,Federico Coria,Hugo Gaston,P2,14.787826727238137,False,P1,0.361417680978775,0.638582319021225,1.7304347826086959,2.3690476190476186,-14.787826727238137,774.7589267340306,Clay
2025-02-10,43157,Daniel Altmaier,Luca Nardi,P1,14.964872978562155,True,P1,0.6742724627256393,0.32572753727436066,2.1311475409836067,1.8840579710144931,16.927479270832603,791.6864060048632,Hard
2025-02-10,43211,Corentin Moutet,Sumit Nagal,P1,2.1581916787127464,True,P1,0.6919707655906677,0.3080292344093323,1.483221476510067,3.069444444444444,1.0428845695793136,792.7292905744425,Clay
2025-02-10,43184,Yunchaokete Bu,Rinky Hijikata,P2,5.52148455973138,False,P1,0.4890322983264923,0.5109677016735077,1.7599999999999998,2.3157894736842106,-5.52148455973138,787.2078060147112,Hard
2025-02-10,43185,Mackenzie McDonald,Kei Nishikori,P1,8.304830278300022,True,P1,0.49841800332069397,0.501581996679306,2.745098039215686,1.5730337078651684,14.492743034680426,801.7005490493916,Hard
2025-02-10,43212,Francisco Cerundolo,Luciano Darderi,P2,5.805470106497934,False,P1,0.6074788421392441,0.3925211578607559,1.4077380952380953,3.4525547445255476,-5.805470106497934,795.8950789428936,Clay
2025-02-10,43213,Sebastian Baez,Camilo Ugo Carabelli,P2,2.4706971878730672,False,P1,0.6245605796575546,0.3754394203424454,1.5017182130584192,2.9931506849315066,-2.4706971878730672,793.4243817550206,Clay
2025-02-10,43159,Alexander Bublik,Richard Gasquet,P2,11.181681997659313,False,P1,0.39835822582244873,0.6016417741775513,1.8027522935779814,2.2457142857142856,-11.181681997659313,782.2426997573613,Hard
2025-02-10,43186,Yoshihito Nishioka,Aleksandar Vukic,P2,5.662320475641706,False,P1,0.46906667947769165,0.5309333205223083,1.8232558139534885,2.214689265536723,-5.662320475641706,776.5803792817196,Hard
2025-02-10,43187,Reilly Opelka,Christopher Eubanks,P1,0.7838922408930238,True,P1,0.6518786698579788,0.3481213301420212,1.5510948905109487,2.814569536423841,0.4319990086673232,777.0123782903869,Hard
2025-02-10,43160,Jan-Lennard Struff,Manuel Guinard,P2,0.9493877994031507,False,P1,0.7711435928940773,0.2288564071059227,1.2650862068965516,4.772357723577235,-0.9493877994031507,776.0629904909838,Hard
2025-02-10,43161,Luca Van Assche,Benjamin Bonzi,P1,2.020393873587177,True,P1,0.37833282351493835,0.6216671764850616,2.9054054054054053,1.524822695035461,3.8496694077809726,779.9126598987648,Hard
2025-02-10,43215,Pedro Martinez,Damir Dzumhur,P2,3.032784603854271,False,P1,0.6351766139268875,0.3648233860731125,1.4519230769230769,3.2127659574468086,-3.032784603854271,776.8798752949106,Clay
2025-02-10,43189,Miomir Kecmanovic,Borna Gojo,P2,4.030252136978519,False,P1,0.6265956461429596,0.3734043538570404,1.4303405572755417,3.3237410071942444,-4.030252136978519,772.849623157932,Hard
2025-02-10,43162,Zhizhen Zhang,Quentin Halys,P2,5.235019792117987,False,P1,0.4773595929145813,0.5226404070854187,1.811059907834101,2.2329545454545454,-5.235019792117987,767.614603365814,Hard
2025-02-10,43216,Laslo Djere,Alexandre Muller,P2,10.75747465688119,False,P1,0.4367814362049103,0.5632185637950897,1.6477732793522268,2.54375,-10.75747465688119,756.8571287089328,Clay
2025-02-10,43190,Michael Mmoh,Alexander Shevchenko,P2,4.937563066656713,False,P1,0.4403504878282547,0.5596495121717453,1.9746192893401011,2.0260416666666665,-4.937563066656713,751.9195656422761,Hard
2025-02-10,43217,Dusan Lajovic,Roberto Carballes Baena,P2,0.2349392340338204,False,P1,0.38970625400543213,0.6102937459945679,2.55,1.6451612903225807,-0.2349392340338204,751.6846264082423,Clay
2025-02-10,43163,Otto Virtanen,Sebastian Korda,P2,7.8042995332276215,False,P1,0.2341424897313118,0.7658575102686882,3.384057971014493,1.4194528875379937,-7.8042995332276215,743.8803268750146,Hard
2025-02-10,43218,Mariano Navone,Francisco Comesana,P2,2.9609383392674387,False,P1,0.6205358356237411,0.37946416437625885,1.483221476510067,3.069444444444444,-2.9609383392674387,740.9193885357472,Clay
2025-02-10,43164,Lorenzo Sonego,Botic Van De Zandschulp,P2,1.9842828206196372,False,P1,0.49748626351356506,0.5025137364864349,1.9024390243902443,2.108108108108108,-1.9842828206196372,738.9351057151275,Hard
2025-02-10,43191,Cameron Norrie,Zachary Svajda,P1,14.77870211430255,True,P1,0.8011886924505234,0.19881130754947662,1.5505617977528088,2.8163265306122445,8.13658880450365,747.0716945196311,Hard
2025-02-10,43219,Thiago Seyboth Wild,Facundo Diaz Acosta,P1,2.268869354162837,True,P1,0.4779241979122162,0.5220758020877838,2.2514285714285713,1.7990867579908678,2.839327934638064,749.9110224542692,Clay
2025-02-10,43220,Mariano Navone,Holger Rune,P2,8.95303895219864,False,P1,0.31553325057029724,0.6844667494297028,2.4124999999999996,1.7079646017699115,-8.95303895219864,740.9579835020705,Clay
2025-02-10,43166,Daniil Medvedev,Pierre-Hugues Herbert,P2,3.4271538556251726,False,P1,0.7644650340080261,0.23553496599197388,1.1870967741935483,6.344827586206898,-3.4271538556251726,737.5308296464453,Hard
2025-02-10,43193,Taylor Fritz,Yunchaokete Bu,P2,0.6642542659325553,False,P1,0.859648309648037,0.14035169035196304,1.142312579415502,8.026785714285714,-0.6642542659325553,736.8665753805128,Hard
2025-02-10,43221,Lorenzo Musetti,Corentin Moutet,P2,11.50613946262164,False,P1,0.4958834797143936,0.5041165202856064,1.386819484240688,3.585185185185186,-11.50613946262164,725.3604359178912,Clay
2025-02-10,43194,Matteo Arnaldi,Learner Tien,P1,12.02476338722582,True,P1,0.7053444236516953,0.29465557634830475,1.7882882882882885,2.268571428571429,9.478980147587922,734.8394160654791,Hard
2025-02-10,43167,Zhizhen Zhang,Hubert Hurkacz,P1,1.617908418375651,True,P1,0.26437488198280334,0.7356251180171967,4.338582677165355,1.2995283018867927,5.401521018828945,740.240937084308,Hard
2025-02-10,43168,Zizou Bergs,Nuno Borges,P2,2.548274617964444,False,P1,0.5139005780220032,0.4860994219779968,1.8119266055045873,2.2316384180790965,-2.548274617964444,737.6926624663436,Hard
2025-02-10,43222,Joao Fonseca,Federico Coria,P2,2.947242647223382,False,P1,0.7641024217009544,0.23589757829904556,1.204152249134948,5.898305084745763,-2.947242647223382,734.7454198191202,Clay
2025-02-10,43195,Brandon Nakashima,Reilly Opelka,P1,5.025063347037223,True,P1,0.5441689938306808,0.45583100616931915,2.1189189189189186,1.8937198067632852,5.622638447765972,740.3680582668862,Hard
2025-02-10,43223,Pedro Martinez,Diego Schwartzman,P2,8.25156916847274,False,P1,0.5378586649894714,0.46214133501052856,1.444794952681388,3.24822695035461,-8.25156916847274,732.1164890984135,Clay
2025-02-10,43196,Alejandro Davidovich Fokina,Mackenzie McDonald,P2,6.675772455341949,False,P1,0.49855540692806244,0.5014445930719376,1.6399999999999997,2.5624999999999996,-6.675772455341949,725.4407166430715,Hard
2025-02-10,43169,Jan-Lennard Struff,Hugo Grenier,P1,1.50742789708438,True,P1,0.7153348177671432,0.28466518223285675,1.4224924012158056,3.3669064748201447,0.6368768318988719,726.0775934749704,Hard
2025-02-10,43170,Ugo Humbert,Alexander Bublik,P1,0.7714906962448926,True,P1,0.7451777532696724,0.2548222467303276,1.352,3.840909090909091,0.2715647250782023,726.3491582000486,Hard
2025-02-10,43224,Alexander Zverev,Dusan Lajovic,P2,0.47934048177213,False,P1,0.8683852106332779,0.1316147893667221,1.1363636363636365,8.333333333333334,-0.47934048177213,725.8698177182764,Clay
2025-02-10,43171,Hamad Medjedovic,Karen Khachanov,P2,4.4848614863239105,False,P1,0.36809973418712616,0.6319002658128738,2.380952380952381,1.7241379310344829,-4.4848614863239105,721.3849562319525,Hard
2025-02-10,43198,Marcos Giron,Ethan Quinn,P2,2.945748483728217,False,P1,0.6258556991815567,0.3741443008184433,1.4673202614379082,3.13986013986014,-2.945748483728217,718.4392077482242,Hard
2025-02-10,43225,Laslo Djere,Alejandro Tabilo,P2,5.289098737601038,False,P1,0.5329758822917938,0.4670241177082062,1.6,2.6666666666666665,-5.289098737601038,713.1501090106232,Clay
2025-02-10,43226,Francisco Cerundolo,Juan Manuel Cerundolo,P2,3.425096355020045,False,P1,0.7173922657966614,0.2826077342033386,1.2600422832980973,4.845528455284553,-3.425096355020045,709.7250126556031,Clay
2025-02-10,43227,Thiago Seyboth Wild,Sebastian Baez,P1,1.7825678112167214,True,P1,0.3891167640686035,0.6108832359313965,2.8026315789473686,1.554744525547445,3.2133130281143534,712.9383256837175,Clay
2025-02-10,43200,Cameron Norrie,Arthur Rinderknech,P2,4.486227254545633,False,P1,0.5847476869821548,0.41525231301784515,1.4949152542372883,3.02054794520548,-4.486227254545633,708.4520984291719,Hard
2025-02-10,43173,Daniel Altmaier,Otto Virtanen,P1,9.322009673733854,True,P1,0.5906475335359573,0.40935246646404266,2.25,1.7999999999999998,11.652512092167317,720.1046105213392,Hard
2025-02-10,43174,Daniil Medvedev,Jan-Lennard Struff,P2,4.855475493823995,False,P1,0.6754204332828522,0.3245795667171478,1.2808988764044942,4.56,-4.855475493823995,715.2491350275152,Hard
2025-02-10,43228,Francisco Cerundolo,Alexander Zverev,P2,11.918017261641046,False,P1,0.20526429265737534,0.7947357073426247,3.24822695035461,1.444794952681388,-11.918017261641046,703.3311177658742,Clay
2025-02-10,43201,Alejandro Davidovich Fokina,Taylor Fritz,P2,6.8130813560755445,False,P1,0.14277564734220505,0.857224352657795,5.647058823529412,1.2151898734177216,-6.8130813560755445,696.5180364097986,Hard
2025-02-10,43202,Alex Michelsen,Cameron Norrie,P2,8.266776399090062,False,P1,0.44581349194049835,0.5541865080595016,1.7106382978723402,2.407185628742515,-8.266776399090062,688.2512600107085,Hard
2025-02-10,43229,Laslo Djere,Thiago Seyboth Wild,P2,2.5737641778472975,False,P1,0.5119174420833588,0.48808255791664124,1.8073394495412844,2.2386363636363638,-2.5737641778472975,685.6774958328612,Clay
2025-02-10,43175,Ugo Humbert,Lorenzo Sonego,P1,1.6669554281326875,True,P1,0.7104502171278,0.2895497828722,1.4375,3.285714285714286,0.7292929998080507,686.4067888326692,Hard
2025-02-10,43230,Joao Fonseca,Mariano Navone,P2,4.047121021970811,False,P1,0.5235980600118637,0.4764019399881363,1.6846473029045643,2.460606060606061,-4.047121021970811,682.3596678106984,Clay
2025-02-10,43203,Matteo Arnaldi,Brandon Nakashima,P1,5.850795867694866,True,P1,0.5244876146316528,0.47551238536834717,2.347058823529412,1.74235807860262,7.8813661982477905,690.2410340089461,Hard
2025-02-10,43204,Miomir Kecmanovic,Marcos Giron,P1,7.286808235782549,True,P1,0.57646344602108,0.42353655397892,2.1593406593406588,1.862559241706161,8.447893064561082,698.6889270735072,Hard
2025-02-10,43177,Hamad Medjedovic,Daniel Altmaier,P2,3.8615098890309016,False,P1,0.5996387302875519,0.4003612697124481,1.4833333333333332,3.0689655172413794,-3.8615098890309016,694.8274171844763,Hard
2025-02-10,43205,Miomir Kecmanovic,Alex Michelsen,P1,6.090522035838284,True,P1,0.5346839278936386,0.4653160721063614,2.294797687861272,1.7723214285714286,7.885993849871538,702.7134110343478,Hard
2025-02-10,43178,Hamad Medjedovic,Daniil Medvedev,P1,2.930267128698595,True,P1,0.3156515955924988,0.6843484044075012,3.9465648854961826,1.339378238341969,8.634222226547003,711.3476332608948,Hard
2025-02-10,43232,Francisco Cerundolo,Pedro Martinez,P2,2.265098617988867,False,P1,0.693020761013031,0.306979238986969,1.351063829787234,3.8484848484848486,-2.265098617988867,709.0825346429059,Clay
2025-02-10,43233,Joao Fonseca,Laslo Djere,P2,2.854587124066081,False,P1,0.5244299173355103,0.47557008266448975,1.7533039647577093,2.327485380116959,-2.854587124066081,706.2279475188399,Clay
2025-02-10,43179,Ugo Humbert,Zizou Bergs,P2,4.485944821332125,False,P1,0.6095671951770782,0.39043280482292175,1.4320987654320987,3.3142857142857145,-4.485944821332125,701.7420026975077,Hard
2025-02-10,43206,Alejandro Davidovich Fokina,Matteo Arnaldi,P2,6.992818362634617,False,P1,0.336294487118721,0.663705512881279,2.380952380952381,1.7241379310344829,-6.992818362634617,694.7491843348731,Hard
2025-02-10,43180,Ugo Humbert,Hamad Medjedovic,P2,0.7466982726430731,False,P1,0.6779181659221649,0.3220818340778351,1.4433962264150944,3.2553191489361706,-0.7466982726430731,694.00248606223,Hard
2025-02-10,43234,Joao Fonseca,Francisco Cerundolo,P2,9.306787106455046,False,P1,0.30918289721012115,0.6908171027898788,2.3668639053254434,1.7316017316017311,-9.306787106455046,684.6956989557749,Clay
2025-02-10,43207,Miomir Kecmanovic,Alejandro Davidovich Fokina,P1,6.7680891725408685,True,P1,0.6234084516763687,0.3765915483236313,1.8846153846153846,2.1304347826086953,5.9871558064784605,690.6828547622533,Hard
2025-02-17,43235,Alex de Minaur,Roman Safiullin,P2,0.9296268205689638,False,P1,0.8450138792395592,0.15498612076044083,1.1515561569688768,7.598214285714286,-0.9296268205689638,689.7532279416844,Hard
2025-02-17,43266,Alexander Zverev,Yunchaokete Bu,P2,1.4668681192808477,False,P1,0.8997413329780102,0.10025866702198982,1.0641579272054287,16.58653846153846,-1.4668681192808477,688.2863598224035,Clay
2025-02-17,43267,Francisco Cerundolo,Hugo Gaston,P2,1.4018212815258055,False,P1,0.7980103567242622,0.20198964327573776,1.2020725388601037,5.94871794871795,-1.4018212815258055,686.8845385408777,Clay
2025-02-17,43236,Matteo Berrettini,Novak Djokovic,P2,7.489232121272204,False,P1,0.19776596873998642,0.8022340312600136,3.953846153846154,1.3385416666666667,-7.489232121272204,679.3953064196055,Hard
2025-02-17,43237,Daniil Medvedev,Karen Khachanov,P2,1.672697371383784,False,P1,0.5884553492069244,0.41154465079307556,1.615686274509804,2.6242038216560504,-1.672697371383784,677.7226090482217,Hard
2025-02-17,43269,Camilo Ugo Carabelli,Pedro Martinez,P2,9.731730384051373,False,P1,0.2826663553714752,0.7173336446285248,2.5217391304347827,1.6571428571428568,-9.731730384051373,667.9908786641703,Clay
2025-02-17,43238,Andrey Rublev,Alexander Bublik,P2,3.383973863774239,False,P1,0.6946569234132767,0.3053430765867233,1.2937062937062938,4.404761904761904,-3.383973863774239,664.606904800396,Hard
2025-02-17,43239,Hamad Medjedovic,Stefanos Tsitsipas,P1,1.058286219079628,True,P1,0.37745243310928345,0.6225475668907166,2.8013245033112586,1.5551470588235292,1.906316897944761,666.5132216983408,Hard
2025-02-17,43270,Tomas Martin Etcheverry,Corentin Moutet,P2,6.934536768493693,False,P1,0.5425765961408615,0.4574234038591385,1.459546925566343,3.176056338028169,-6.934536768493693,659.5786849298471,Clay
2025-02-17,43240,Felix Auger-Aliassime,Quentin Halys,P2,4.524206866830141,False,P1,0.6598938852548599,0.3401061147451401,1.3075060532687652,4.251968503937007,-4.524206866830141,655.054478063017,Hard
2025-02-17,43241,Zizou Bergs,Roberto Bautista Agut,P1,2.5540997153493246,True,P1,0.5928140729665756,0.4071859270334244,1.7909090909090908,2.264367816091954,2.0200606839581017,657.0745387469751,Hard
2025-02-17,43272,Damir Dzumhur,Dusan Lajovic,P1,1.8381042691574714,True,P1,0.3713521808385849,0.6286478191614151,2.9931506849315066,1.5017182130584192,3.6636187830467404,660.7381575300219,Clay
2025-02-17,43242,Nuno Borges,Otto Virtanen,P1,0.5432616399129756,True,P1,0.6706441193819046,0.3293558806180954,1.5034482758620689,2.986301369863013,0.27350413595618767,661.0116616659781,Hard
2025-02-17,43243,Tallon Griekspoor,Jan-Lennard Struff,P2,1.1880288216692299,False,P1,0.5673735588788986,0.4326264411211014,1.6991525423728815,2.43030303030303,-1.1880288216692299,659.8236328443088,Hard
2025-02-17,43274,Alexandre Muller,Joao Fonseca,P1,8.655433421558682,True,P1,0.40398362278938293,0.5960163772106171,5.208333333333334,1.2376237623762376,36.42494898239279,696.2485818267016,Clay
2025-02-17,43275,Mariano Navone,Roberto Carballes Baena,P2,5.000658526558098,False,P1,0.5159269869327545,0.4840730130672455,1.6598360655737707,2.515527950310559,-5.000658526558098,691.2479233001435,Clay
2025-02-17,43244,Luca Nardi,Zhizhen Zhang,P2,13.82495846600287,False,P1,0.18875256925821304,0.811247430741787,2.4096385542168677,1.7094017094017095,-13.82495846600287,677.4229648341407,Hard
2025-02-17,43245,Botic Van De Zandschulp,Abdullah Shelbayh,P2,4.725971134450917,False,P1,0.6900676190853119,0.3099323809146881,1.246938775510204,5.049586776859504,-4.725971134450917,672.6969936996898,Hard
2025-02-17,43276,Chun-Hsin Tseng,Alejandro Tabilo,P2,0.5640344079871376,False,P1,0.25853873789310455,0.7414612621068954,3.803030303030303,1.3567567567567564,-0.5640344079871376,672.1329592917026,Clay
2025-02-17,43277,Nicolas Jarry,Juan Manuel Cerundolo,P1,6.775611774990215,True,P1,0.7149973958730698,0.28500260412693024,1.5551470588235292,2.8013245033112586,3.76146094861589,675.8944202403185,Clay
2025-02-17,43246,Carlos Alcaraz,Marin Cilic,P2,1.1274477628924802,False,P1,0.9096806198358536,0.09031938016414642,1.062612883804937,16.971153846153843,-1.1274477628924802,674.766972477426,Hard
2025-02-17,43247,Jiri Lehecka,Grigor Dimitrov,P2,3.41011253762055,False,P1,0.5097699761390686,0.4902300238609314,1.763392857142857,2.309941520467836,-3.41011253762055,671.3568599398054,Hard
2025-02-17,43248,Jack Draper,Alexei Popyrin,P1,5.952543014458083,True,P1,0.7313726469874382,0.2686273530125618,1.4848484848484849,3.0625000000000004,2.886081461555434,674.2429414013609,Hard
2025-02-17,43279,Thiago Monteiro,Facundo Diaz Acosta,P2,0.6675120678839223,False,P1,0.4624531716108322,0.5375468283891678,2.119565217391304,1.8932038834951457,-0.6675120678839223,673.575429333477,Clay
2025-02-17,43249,Fabian Marozsan,Aziz Dougaz,P2,4.58667115761427,False,P1,0.7139145582914352,0.28608544170856476,1.2099644128113878,5.76271186440678,-4.58667115761427,668.9887581758627,Hard
2025-02-17,43280,Jaume Munar,Thiago Seyboth Wild,P2,3.1288316669493006,False,P1,0.5071591138839722,0.49284088611602783,1.7873303167420815,2.2701149425287355,-3.1288316669493006,665.8599265089134,Clay
2025-02-17,43281,Alexander Shevchenko,Felipe Meligeni Alves,P1,3.211060316316451,True,P1,0.5100948512554169,0.48990514874458313,2.1843575418994416,1.8443396226415094,3.8030435031233956,669.6629700120368,Clay
2025-02-17,43250,Christopher O'Connell,Hady Habib,P2,9.847750835765412,False,P1,0.5069434940814972,0.4930565059185028,1.3924418604651165,3.548148148148148,-9.847750835765412,659.8152191762714,Hard
2025-02-17,43251,Carlos Alcaraz,Luca Nardi,P1,13.196304383525428,True,P1,0.9736928530037403,0.02630714699625969,1.0496624879459981,21.135922330097088,0.655361307378554,660.47058048365,Hard
2025-02-17,43282,Francisco Cerundolo,Luciano Darderi,P1,0.07834361305424,True,P1,0.7471631318330765,0.2528368681669235,1.3394736842105264,3.945736434108527,0.02659559495788674,660.4971760786079,Clay
2025-02-17,43283,Alexandre Muller,Tomas Martin Etcheverry,P1,3.4606880251056227,True,P1,0.4388877600431442,0.5611122399568558,2.6794871794871793,1.5954198473282442,5.812181170369699,666.3093572489777,Clay
2025-02-17,43252,Alex de Minaur,Botic Van De Zandschulp,P2,0.47648400331144386,False,P1,0.8257440775632858,0.17425592243671417,1.193708609271523,6.162393162393162,-0.47648400331144386,665.8328732456662,Hard
2025-02-17,43253,Daniil Medvedev,Zizou Bergs,P2,0.9545143984963761,False,P1,0.6946716755628586,0.3053283244371414,1.3982558139534884,3.5109489051094886,-0.9545143984963761,664.8783588471698,Hard
2025-02-17,43285,Camilo Ugo Carabelli,Damir Dzumhur,P2,10.588130560996598,False,P1,0.40553559362888336,0.5944644063711166,1.6804979253112031,2.469512195121951,-10.588130560996598,654.2902282861733,Clay
2025-02-17,43254,Andrey Rublev,Nuno Borges,P2,5.981913401048128,False,P1,0.6076638847589493,0.3923361152410507,1.344736842105263,3.9007633587786255,-5.981913401048128,648.3083148851251,Hard
2025-02-17,43255,Jack Draper,Christopher O'Connell,P2,0.06128765717903258,False,P1,0.7865442559123039,0.21345574408769608,1.2689804772234274,4.717741935483872,-0.06128765717903258,648.2470272279461,Hard
2025-02-17,43286,Alexander Zverev,Alexander Shevchenko,P2,0.3489096853682232,False,P1,0.9006470516324043,0.09935294836759567,1.0983606557377048,11.166666666666666,-0.3489096853682232,647.8981175425779,Clay
2025-02-17,43287,Sebastian Baez,Mariano Navone,P1,5.018371509534968,True,P1,0.5378761291503906,0.4621238708496094,2.206703910614525,1.8287037037037037,6.055688525472364,653.9538060680503,Clay
2025-02-17,43288,Francisco Comesana,Nicolas Jarry,P2,2.1496112325025685,False,P1,0.36686716973781586,0.6331328302621841,2.546583850931677,1.6465863453815262,-2.1496112325025685,651.8041948355477,Clay
2025-02-17,43257,Matteo Berrettini,Tallon Griekspoor,P2,2.4713392440024884,False,P1,0.6132931113243103,0.3867068886756897,1.5068965517241382,2.972789115646259,-2.4713392440024884,649.3328555915452,Hard
2025-02-17,43258,Jiri Lehecka,Fabian Marozsan,P2,0.5030720507534633,False,P1,0.7011495381593704,0.2988504618406296,1.4041297935103245,3.4744525547445253,-0.5030720507534633,648.8297835407918,Hard
2025-02-17,43289,Chun-Hsin Tseng,Thiago Monteiro,P2,1.3415343711618313,False,P1,0.3351914584636688,0.6648085415363312,2.86,1.5376344086021503,-1.3415343711618313,647.48824916963,Clay
2025-02-17,43290,Francisco Comesana,Alexander Zverev,P2,9.13093819412912,False,P1,0.10230904072523117,0.8976909592747688,7.017543859649125,1.1661807580174928,-9.13093819412912,638.3573109755008,Clay
2025-02-17,43259,Jiri Lehecka,Carlos Alcaraz,P1,2.497404043428733,True,P1,0.2982877939939499,0.7017122060060501,4.188976377952756,1.3135802469135802,7.9641625006979275,646.3214734761988,Hard
2025-02-17,43260,Andrey Rublev,Alex de Minaur,P2,8.565679473720547,False,P1,0.3009061962366104,0.6990938037633896,2.4424242424242424,1.6932773109243697,-8.565679473720547,637.7557940024782,Hard
2025-02-17,43291,Alexandre Muller,Francisco Cerundolo,P2,4.349612985824139,False,P1,0.30886267125606537,0.6911373287439346,2.796052631578948,1.5567765567765568,-4.349612985824139,633.406181016654,Clay
2025-02-17,43292,Sebastian Baez,Chun-Hsin Tseng,P1,3.5110828714578246,True,P1,0.7007917910814285,0.29920820891857147,1.5071942446043167,2.971631205673759,1.7808010247322066,635.1869820413863,Clay
2025-02-17,43262,Jack Draper,Matteo Berrettini,P1,0.7030232197860155,True,P1,0.5858169794082642,0.41418302059173584,1.7347826086956524,2.36094674556213,0.5165692354079854,635.7035512767943,Hard
2025-02-17,43263,Andrey Rublev,Felix Auger-Aliassime,P2,8.634527945815737,False,P1,0.4206205904483795,0.5793794095516205,1.7316017316017311,2.3668639053254434,-8.634527945815737,627.0690233309786,Hard
2025-02-17,43294,Sebastian Baez,Camilo Ugo Carabelli,P2,3.261089089435432,False,P1,0.6207508742809296,0.37924912571907043,1.4433962264150944,3.2553191489361706,-3.261089089435432,623.8079342415431,Clay
2025-02-17,43264,Jack Draper,Jiri Lehecka,P2,6.676343333780901,False,P1,0.431774377822876,0.568225622177124,1.8202764976958523,2.2191011235955056,-6.676343333780901,617.1315909077622,Hard
2025-02-17,43295,Alexandre Muller,Francisco Comesana,P1,2.9865903476301505,True,P1,0.6391585171222687,0.3608414828777313,1.6653061224489796,2.503067484662577,1.9869968435253653,619.1185877512876,Clay
2025-02-17,43296,Sebastian Baez,Alexandre Muller,P2,3.2868134737016086,False,P1,0.4881647676229477,0.5118352323770523,1.8309859154929575,2.2033898305084745,-3.2868134737016086,615.831774277586,Clay
2025-02-17,43265,Andrey Rublev,Jack Draper,P2,6.573858248871077,False,P1,0.3573206812143326,0.6426793187856674,2.201117318435754,1.832558139534884,-6.573858248871077,609.2579160287149,Hard
2025-02-24,43297,Daniil Medvedev,Jan-Lennard Struff,P2,0.8013911482457051,False,P1,0.7864442467689514,0.21355575323104858,1.2380952380952381,5.200000000000001,-0.8013911482457051,608.4565248804693,Hard
2025-02-24,43329,Alexander Zverev,Matteo Arnaldi,P1,7.943715915587934,True,P1,0.8057103008031845,0.1942896991968155,1.3567567567567564,3.803030303030303,2.8339743266421795,611.2904992071115,Hard
2025-02-24,43298,Marin Cilic,Alex de Minaur,P1,2.344588587027732,True,P1,0.2034796178340912,0.7965203821659088,7.283185840707964,1.1591549295774648,14.73148581229814,626.0219850194096,Hard
2025-02-24,43330,Holger Rune,Roberto Carballes Baena,P2,1.7716216133216682,False,P1,0.6652184128761292,0.33478158712387085,1.418181818181818,3.391304347826087,-1.7716216133216682,624.2503634060879,Hard
2025-02-24,43299,Quentin Halys,Andrey Rublev,P1,0.686701018741481,True,P1,0.2679193764925003,0.7320806235074997,3.976923076923077,1.3359173126614987,2.044256109638101,626.294619515726,Hard
2025-02-24,43331,Frances Tiafoe,Alexandre Muller,P2,5.214751664086249,False,P1,0.6055435687303543,0.3944564312696457,1.3764044943820226,3.656716417910447,-5.214751664086249,621.0798678516397,Hard
2025-02-24,43300,Ugo Humbert,Jiri Lehecka,P2,3.748518824632248,False,P1,0.47120940685272217,0.5287905931472778,1.8660287081339713,2.154696132596685,-3.748518824632248,617.3313490270075,Hard
2025-02-24,43333,Alejandro Davidovich Fokina,Mattia Bellucci,P2,0.26143067029445743,False,P1,0.59833724796772,0.40166275203227997,1.6571428571428568,2.5217391304347827,-0.26143067029445743,617.0699183567131,Hard
2025-02-24,43334,Alex Michelsen,Yunchaokete Bu,P2,4.880750297577166,False,P1,0.5643945634365082,0.4356054365634918,1.4915254237288134,3.03448275862069,-4.880750297577166,612.1891680591359,Hard
2025-02-24,43302,Nuno Borges,Arthur Fils,P1,3.406259046316057,True,P1,0.4845431298017502,0.5154568701982498,2.380952380952381,1.7241379310344829,4.703881540150745,616.8930495992867,Hard
2025-02-24,43303,Felix Auger-Aliassime,Alexander Bublik,P1,2.835590676664282,True,P1,0.776021309196949,0.223978690803051,1.3274111675126905,4.054263565891473,0.9284040540347527,617.8214536533214,Hard
2025-02-24,43335,Brandon Nakashima,Benjamin Bonzi,P2,1.3214326082919952,False,P1,0.6292853802442551,0.37071461975574493,1.5211267605633803,2.918918918918919,-1.3214326082919952,616.5000210450295,Hard
2025-02-24,43304,Matteo Berrettini,Gael Monfils,P1,2.3172778684164235,True,P1,0.6622955054044724,0.33770449459552765,1.5751879699248121,2.738562091503268,1.3328703528861385,617.8328913979157,Hard
2025-02-24,43336,Rodrigo Pacheco Mendez,Aleksandar Vukic,P1,5.645994085797786,True,P1,0.3686363995075226,0.6313636004924774,4.396825396825396,1.294392523364486,19.178456100963903,637.0113474988796,Hard
2025-02-24,43305,Tallon Griekspoor,Roman Safiullin,P1,4.861068373386921,True,P1,0.6120695024728775,0.3879304975271225,1.8443396226415094,2.1843575418994416,4.104392636020089,641.1157401348996,Hard
2025-02-24,43337,Casper Ruud,Arthur Rinderknech,P2,3.3177063702411695,False,P1,0.7132973223924637,0.2867026776075363,1.2568421052631578,4.89344262295082,-3.3177063702411695,637.7980337646585,Hard
2025-02-24,43338,Tommy Paul,Gabriel Diallo,P1,1.3013678231517083,True,P1,0.7302272915840149,0.2697727084159851,1.391304347826087,3.555555555555555,0.5092308873202336,638.3072646519787,Hard
2025-02-24,43339,Ben Shelton,Flavio Cobolli,P2,1.6243188173118361,False,P1,0.7029018402099609,0.29709815979003906,1.3502673796791445,3.854961832061069,-1.6243188173118361,636.6829458346668,Hard
2025-02-24,43307,Luca Nardi,Marton Fucsovics,P2,8.168013257529196,False,P1,0.2652492821216583,0.7347507178783417,2.802721088435374,1.5547169811320756,-8.168013257529196,628.5149325771376,Hard
2025-02-24,43308,Stefanos Tsitsipas,Lorenzo Sonego,P1,0.3276645036583797,True,P1,0.6312887668609619,0.3687112331390381,1.5938697318007664,2.6838709677419352,0.19459003090823318,628.7095226080459,Hard
2025-02-24,43340,Tomas Machac,Jakub Mensik,P1,2.5547660448111915,True,P1,0.5999454855918884,0.4000545144081116,1.7713004484304933,2.296511627906977,1.9704921959978696,630.6800148040437,Hard
2025-02-24,43341,Daniel Altmaier,Miomir Kecmanovic,P2,9.484319204564072,False,P1,0.2567910701036453,0.7432089298963547,2.722972972972973,1.5803921568627455,-9.484319204564072,621.1956955994797,Hard
2025-02-24,43309,Roberto Bautista Agut,Fabian Marozsan,P1,1.3679427887757678,True,P1,0.4297380745410919,0.5702619254589081,2.478527607361963,1.6763485477178421,2.022541178496687,623.2182367779764,Hard
2025-02-24,43310,Zizou Bergs,Aziz Dougaz,P2,4.290605516514277,False,P1,0.7167236059904099,0.28327639400959015,1.203125,5.923076923076924,-4.290605516514277,618.9276312614621,Hard
2025-02-24,43342,Marcos Giron,Adam Walton,P1,2.5924014231984454,True,P1,0.6766249686479568,0.32337503135204315,1.5454545454545454,2.833333333333333,1.4140371399264247,620.3416684013886,Hard
2025-02-24,43311,Karen Khachanov,Daniel Evans,P2,2.27161341324184,False,P1,0.7401865571737289,0.25981344282627106,1.2520661157024793,4.967213114754099,-2.27161341324184,618.0700549881467,Hard
2025-02-24,43343,David Goffin,Rinky Hijikata,P2,3.453230801584123,False,P1,0.5014720261096954,0.49852797389030457,1.7713004484304933,2.296511627906977,-3.453230801584123,614.6168241865626,Hard
2025-02-24,43344,Learner Tien,Cameron Norrie,P2,7.349103965578959,False,P1,0.35221199691295624,0.6477880030870438,2.160220994475138,1.8619047619047617,-7.349103965578959,607.2677202209836,Hard
2025-02-24,43312,Giovanni Mpetshi Perricard,Zhizhen Zhang,P2,0.36971793550528237,False,P1,0.5330710262060165,0.46692897379398346,1.8530805687203793,2.1722222222222225,-0.36971793550528237,606.8980022854784,Hard
2025-02-24,43345,Learner Tien,Alexander Zverev,P2,12.137960045709567,False,P1,0.09506941959261894,0.9049305804073811,4.147286821705426,1.3177339901477834,-12.137960045709567,594.7600422397688,Hard
2025-02-24,43313,Alexei Popyrin,Hady Habib,P2,6.759264428953544,False,P1,0.5102430284023285,0.4897569715976715,1.5143884892086328,2.9440559440559437,-6.759264428953544,588.0007778108153,Hard
2025-02-24,43314,Daniil Medvedev,Giovanni Mpetshi Perricard,P1,8.370376989565345,True,P1,0.7721893191337585,0.22781068086624146,1.4673202614379082,3.13986013986014,3.911646763097528,591.9124245739129,Hard
2025-02-24,43315,Stefanos Tsitsipas,Karen Khachanov,P2,2.173947201576491,False,P1,0.4881541281938553,0.5118458718061447,1.898058252427185,2.1135135135135137,-2.173947201576491,589.7384773723363,Hard
2025-02-24,43316,Tallon Griekspoor,Ugo Humbert,P1,2.388330870732504,True,P1,0.31163427233695984,0.6883657276630402,3.984615384615384,1.3350515463917525,7.128249060340087,596.8667264326764,Hard
2025-02-24,43317,Felix Auger-Aliassime,Nuno Borges,P2,4.149623157118775,False,P1,0.5564942806959152,0.4435057193040848,1.5471014492753625,2.827814569536424,-4.149623157118775,592.7171032755576,Hard
2025-02-24,43349,David Goffin,Ben Shelton,P2,4.8578893482921455,False,P1,0.23176774382591248,0.7682322561740875,3.6074074074074076,1.3835227272727273,-4.8578893482921455,587.8592139272655,Hard
2025-02-24,43350,Alejandro Davidovich Fokina,Frances Tiafoe,P2,11.75718427854531,False,P1,0.30219244956970215,0.6978075504302979,1.9073170731707316,2.102150537634408,-11.75718427854531,576.1020296487202,Hard
2025-02-24,43318,Matteo Berrettini,Christopher O'Connell,P1,2.5688066048001494,True,P1,0.7727317735552788,0.22726822644472122,1.3324808184143224,4.007692307692307,0.8540789223120706,576.9561085710322,Hard
2025-02-24,43319,Marin Cilic,Alexei Popyrin,P1,7.454916621055882,True,P1,0.579710379242897,0.42028962075710297,2.308139534883721,1.7644444444444443,9.752071161264963,586.7081797322973,Hard
2025-02-24,43351,Tomas Machac,Daniel Altmaier,P1,3.75344164067855,True,P1,0.7840636074542999,0.21593639254570007,1.3291139240506329,4.038461538461539,1.2353099070587632,587.943489639356,Hard
2025-02-24,43320,Quentin Halys,Roberto Bautista Agut,P1,1.6425900569309937,True,P1,0.5472057312726974,0.45279426872730255,1.9215686274509802,2.0851063829787235,1.5137594642305234,589.4572491035865,Hard
2025-02-24,43352,Denis Shapovalov,Alex Michelsen,P2,1.909601567680626,False,P1,0.5638754963874817,0.4361245036125183,1.6585365853658534,2.518518518518518,-1.909601567680626,587.5476475359059,Hard
2025-02-24,43353,Tomas Machac,Learner Tien,P1,10.440671670521924,True,P1,0.757691890001297,0.242308109998703,1.6023166023166024,2.66025641025641,6.288589886491971,593.8362374223979,Hard
2025-02-24,43321,Luca Nardi,Zizou Bergs,P2,11.484403665753742,False,P1,0.22684494405984879,0.7731550559401512,2.703225806451613,1.5871212121212122,-11.484403665753742,582.3518337566442,Hard
2025-02-24,43322,Tallon Griekspoor,Daniil Medvedev,P1,1.7995262636539822,True,P1,0.29635152220726013,0.7036484777927399,3.999999999999999,1.3333333333333333,5.3985787909619445,587.7504125476061,Hard
2025-02-24,43354,Denis Shapovalov,Marcos Giron,P2,3.311424196060806,False,P1,0.5671305805444717,0.43286941945552826,1.5645756457564575,2.7712418300653594,-3.311424196060806,584.4389883515453,Hard
2025-02-24,43323,Stefanos Tsitsipas,Matteo Berrettini,P1,2.7043281359598885,True,P1,0.44360387325286865,0.5563961267471313,2.5849056603773586,1.6309523809523812,4.2861049702005785,588.7250933217458,Hard
2025-02-24,43355,Alejandro Davidovich Fokina,Rodrigo Pacheco Mendez,P2,9.18975763180843,False,P1,0.5988537818193436,0.40114621818065643,1.1485411140583555,7.732142857142855,-9.18975763180843,579.5353356899374,Hard
2025-02-24,43324,Felix Auger-Aliassime,Marin Cilic,P2,2.5267807346263025,False,P1,0.6133518815040588,0.38664811849594116,1.488215488215488,3.048275862068966,-2.5267807346263025,577.0085549553111,Hard
2025-02-24,43356,Brandon Nakashima,David Goffin,P1,8.685329421593627,True,P1,0.7248619496822357,0.2751380503177643,1.6491935483870968,2.540372670807453,5.638459826115217,582.6470147814263,Hard
2025-02-24,43325,Quentin Halys,Luca Nardi,P1,11.652940295628525,True,P1,0.717882826924324,0.28211717307567596,1.9121951219512194,2.096256684491978,10.629755294061141,593.2767700754874,Hard
2025-02-24,43357,Tomas Machac,Brandon Nakashima,P1,0.7762548507485179,True,P1,0.6388901919126511,0.36110980808734894,1.5893536121673004,2.6967741935483867,0.45748860025102767,593.7342586757385,Hard
2025-02-24,43326,Stefanos Tsitsipas,Tallon Griekspoor,P2,2.775189642044727,False,P1,0.5299293547868729,0.47007064521312714,1.7106382978723402,2.407185628742515,-2.775189642044727,590.9590690336937,Hard
2025-02-24,43358,Alejandro Davidovich Fokina,Denis Shapovalov,P2,5.083129448830837,False,P1,0.32956060767173767,0.6704393923282623,2.5123456790123457,1.6612244897959183,-5.083129448830837,585.8759395848629,Hard
2025-02-24,43359,Tomas Machac,Alejandro Davidovich Fokina,P1,7.43437330538507,True,P1,0.6702339798212051,0.32976602017879486,1.7918552036199096,2.262857142857143,5.886947187522114,591.762886772385,Hard
2025-02-24,43327,Felix Auger-Aliassime,Quentin Halys,P2,1.5625759358541975,False,P1,0.7214159220457077,0.2785840779542923,1.3129584352078238,4.1953125,-1.5625759358541975,590.2003108365308,Hard
2025-02-24,43328,Stefanos Tsitsipas,Felix Auger-Aliassime,P2,2.0476862462229497,False,P1,0.5274240672588348,0.47257593274116516,1.7644444444444443,2.308139534883721,-2.0476862462229497,588.1526245903078,Hard
2025-03-03,43387,Matteo Arnaldi,Aleksandar Kovacevic,P1,4.069813823357013,True,P1,0.7402096390724182,0.2597903609275818,1.4316770186335404,3.3165467625899288,1.7568450976603254,589.9094696879681,Hard
2025-03-03,43388,Nuno Borges,Arthur Rinderknech,P1,0.157331546438723,True,P1,0.7100654691457748,0.28993453085422516,1.4114114114114114,3.430656934306569,0.06472799357989503,589.974197681548,Hard
2025-03-03,43389,Jenson Brooksby,Benjamin Bonzi,P1,6.476342549559997,True,P1,0.6248206198215485,0.37517938017845154,1.9257425742574261,2.0802139037433154,5.995426023602574,595.9696237051506,Hard
2025-03-03,43390,Joao Fonseca,Jacob Fearnley,P2,5.906400408715614,False,P1,0.5901163667440414,0.40988363325595856,1.3586956521739129,3.7878787878787876,-5.906400408715614,590.063223296435,Hard
2025-03-03,43391,Hugo Gaston,Luciano Darderi,P2,5.7908755326907215,False,P1,0.5001357942819595,0.49986420571804047,1.6070038910505835,2.647435897435897,-5.7908755326907215,584.2723477637443,Hard
2025-03-03,43393,David Goffin,Lorenzo Sonego,P2,3.690632609804542,False,P1,0.4044342637062073,0.5955657362937927,2.160220994475138,1.8619047619047617,-3.690632609804542,580.5817151539397,Hard
2025-03-03,43394,Quentin Halys,Pablo Carreno Busta,P1,7.781129971604179,True,P1,0.5525953471660614,0.4474046528339386,2.5723270440251573,1.6360000000000001,12.234481087427955,592.8161962413677,Hard
2025-03-03,43395,Rinky Hijikata,Alexander Shevchenko,P1,2.367999560969853,True,P1,0.47488662600517273,0.5251133739948273,2.329411764705882,1.752212389380531,3.1480464751716863,595.9642427165394,Hard
2025-03-03,43396,Dusan Lajovic,Li Tu,P1,10.710193684183281,True,P1,0.6863158941268921,0.3136841058731079,1.9595959595959598,2.0421052631578944,10.277458585832443,606.2417013023718,Hard
2025-03-03,43397,Mackenzie McDonald,Alejandro Davidovich Fokina,P1,1.3957365924993461,True,P1,0.3781465142965317,0.6218534857034683,2.87248322147651,1.5340501792114694,2.6134933510558223,608.8551946534276,Hard
2025-03-03,43398,Jakub Mensik,Tomas Martin Etcheverry,P2,4.622927172797428,False,P1,0.5249432623386383,0.4750567376613617,1.615686274509804,2.6242038216560504,-4.622927172797428,604.2322674806302,Hard
2025-03-03,43399,Gael Monfils,Jan-Lennard Struff,P1,7.295667775327951,True,P1,0.7102511674165726,0.28974883258342743,1.6181102362204727,2.6178343949044587,4.50952693199405,608.7417944126242,Hard
2025-03-03,43400,Mariano Navone,Learner Tien,P1,8.183891778125124,True,P1,0.4777706563472748,0.5222293436527252,3.4999999999999996,1.4,20.459729445312806,629.2015238579371,Hard
2025-03-03,43402,Adam Walton,Giulio Zeppieri,P1,1.9162798124361575,True,P1,0.591080442070961,0.408919557929039,1.7713004484304933,2.296511627906977,1.4780274786503098,630.6795513365875,Hard
2025-03-03,43403,Zizou Bergs,Ethan Quinn,P1,9.421390596540283,True,P1,0.7195077985525131,0.2804922014474869,1.6666666666666667,2.5,6.280927064360189,636.9604784009476,Hard
2025-03-03,43405,Yunchaokete Bu,Nishesh Basavareddy,P1,10.277284810757136,True,P1,0.5639067888259888,0.43609321117401123,2.8079470198675502,1.5531135531135531,18.580786445938404,655.5412648468861,Hard
2025-03-03,43406,Gabriel Diallo,Zhizhen Zhang,P1,1.4367234427545523,True,P1,0.5219165980815887,0.47808340191841125,2.0,2.0,1.4367234427545523,656.9779882896406,Hard
2025-03-03,43407,Damir Dzumhur,Roberto Bautista Agut,P2,3.2985679717993714,False,P1,0.39171741902828217,0.6082825809717178,2.296511627906977,1.7713004484304933,-3.2985679717993714,653.6794203178413,Hard
2025-03-03,43408,Marcos Giron,Nikoloz Basilashvili,P1,8.72173139919973,True,P1,0.7754027545452118,0.2245972454547882,1.4416403785488958,3.2642857142857147,3.8518687567443592,657.5312890745856,Hard
2025-03-03,43409,Tallon Griekspoor,Miomir Kecmanovic,P1,7.991661858274853,True,P1,0.5982505828142166,0.4017494171857834,2.1311475409836067,1.8840579710144931,9.03974865936008,666.5710377339457,Hard
2025-03-03,43410,Fabian Marozsan,Pedro Martinez,P1,4.945588328397919,True,P1,0.6882859021425247,0.3117140978574753,1.5773584905660376,2.7320261437908493,2.855377412244836,669.4264151461905,Hard
2025-03-03,43411,Corentin Moutet,Jordan Thompson,P2,4.834249564780724,False,P1,0.44208136200904846,0.5579186379909515,1.935323383084577,2.0691489361702122,-4.834249564780724,664.5921655814097,Hard
2025-03-03,43412,Kei Nishikori,Jaume Munar,P1,3.9069882374763996,True,P1,0.5970561653375626,0.40294383466243744,1.84037558685446,2.189944134078212,3.2833375329027015,667.8755031143124,Hard
2025-03-03,43413,Cameron Norrie,Luca Nardi,P1,2.747942426863368,True,P1,0.6463455408811569,0.3536544591188431,1.626984126984127,2.5949367088607596,1.722916283509572,669.598419397822,Hard
2025-03-03,43414,Christopher O'Connell,Roberto Carballes Baena,P1,8.50260479500957,True,P1,0.6518486142158508,0.34815138578414917,1.875,2.142857142857143,7.439779195633373,677.0381985934554,Hard
2025-03-03,43415,Roman Safiullin,Reilly Opelka,P1,0.6511082028735875,True,P1,0.48818638920783997,0.51181361079216,2.0913978494623655,1.9162561576354682,0.710618092383539,677.748816685839,Hard
2025-03-03,43416,Thiago Seyboth Wild,Alexandre Muller,P2,3.0936580690216555,False,P1,0.3666321188211441,0.6333678811788559,2.478527607361963,1.6763485477178421,-3.0936580690216555,674.6551586168173,Hard
2025-03-03,43418,Yosuke Watanuki,Alexander Bublik,P1,4.049775603414853,True,P1,0.4968574643135071,0.5031425356864929,2.335294117647059,1.7488986784140967,5.407641541030421,680.0628001578477,Hard
2025-03-03,43419,Carlos Alcaraz,Quentin Halys,P2,1.0487935026175244,False,P1,0.8851886205375195,0.11481137946248055,1.0948581560283688,11.542056074766354,-1.0487935026175244,679.0140066552302,Hard
2025-03-03,43421,Botic Van De Zandschulp,Novak Djokovic,P1,0.16800090115461963,True,P1,0.12618957459926605,0.873810425400734,8.207207207207206,1.13875,1.21081730561888,680.2248239608491,Hard
2025-03-03,43422,Matteo Arnaldi,Andrey Rublev,P1,5.500987896952272,True,P1,0.4443645477294922,0.5556354522705078,2.965986394557823,1.5086505190311417,10.814867362035418,691.0396913228846,Hard
2025-03-03,43423,Alex de Minaur,David Goffin,P1,3.895344924505581,True,P1,0.848674088716507,0.15132591128349304,1.2056239015817225,5.863247863247865,0.8009760213833979,691.8406673442679,Hard
2025-03-03,43424,Ben Shelton,Mariano Navone,P2,1.0457450564470983,False,P1,0.7296535968780518,0.27034640312194824,1.3290816326530615,4.038759689922481,-1.0457450564470983,690.7949222878208,Hard
2025-03-03,43425,Jack Draper,Joao Fonseca,P1,13.815898445756416,True,P1,0.7927689850330353,0.20723101496696472,1.6451612903225807,2.55,8.913482868229947,699.7084051560507,Hard
2025-03-03,43426,Grigor Dimitrov,Nuno Borges,P1,11.097090101881712,True,P1,0.6103165596723557,0.38968344032764435,2.329411764705882,1.752212389380531,14.752602135442743,714.4610072914935,Hard
2025-03-03,43427,Jenson Brooksby,Felix Auger-Aliassime,P1,2.433291796334439,True,P1,0.3047267645597458,0.6952732354402542,3.938461538461538,1.3403141361256545,7.150134355382734,721.6111416468763,Hard
2025-03-03,43428,Hubert Hurkacz,Hugo Gaston,P1,13.664150366590961,True,P1,0.8586962968111038,0.14130370318889618,1.294392523364486,4.396825396825396,4.022623706052479,725.6337653529288,Hard
2025-03-03,43429,Karen Khachanov,Jakub Mensik,P1,2.8904257183388236,True,P1,0.5831567198038101,0.4168432801961899,1.8279069767441858,2.207865168539326,2.393003617973537,728.0267689709024,Hard
2025-03-03,43430,Gael Monfils,Sebastian Korda,P2,6.274032201600398,False,P1,0.45793434977531433,0.5420656502246857,1.8073394495412844,2.2386363636363638,-6.274032201600398,721.7527367693019,Hard
2025-03-03,43431,Francisco Cerundolo,Mackenzie McDonald,P1,6.187258958966536,True,P1,0.6237710863351822,0.3762289136648178,1.8317757009345794,2.202247191011236,5.146411657458147,726.8991484267601,Hard
2025-03-03,43432,Denis Shapovalov,Adam Walton,P1,3.0622983677628897,True,P1,0.7670319825410843,0.2329680174589157,1.341207349081365,3.930769230769231,1.0448787081605664,727.9440271349207,Hard
2025-03-03,43433,Alejandro Tabilo,Dusan Lajovic,P2,8.323576900069494,False,P1,0.35902535915374756,0.6409746408462524,2.1483516483516483,1.8708133971291872,-8.323576900069494,719.6204502348512,Hard
2025-03-03,43434,Brandon Nakashima,Rinky Hijikata,P1,0.0006654626991301202,True,P1,0.7692350372672081,0.2307649627327919,1.2999999999999998,4.333333333333333,0.00019963880973903594,719.6206498736609,Hard
2025-03-03,43435,Tallon Griekspoor,Alexander Zverev,P1,2.482999631096591,True,P1,0.3095605969429016,0.6904394030570984,3.870229007633588,1.3484042553191489,7.1267775671169336,726.7474274407779,Hard
2025-03-03,43436,Marcos Giron,Casper Ruud,P2,3.038924152986973,False,P1,0.3633877784013748,0.6366122215986252,2.5217391304347827,1.6571428571428568,-3.038924152986973,723.7085032877909,Hard
2025-03-03,43437,Daniil Medvedev,Yunchaokete Bu,P2,3.906987032093654,False,P1,0.6972900480031967,0.3027099519968033,1.2792792792792793,4.580645161290324,-3.906987032093654,719.8015162556973,Hard
2025-03-03,43438,Stefanos Tsitsipas,Thiago Seyboth Wild,P1,7.725122565395324,True,P1,0.818764440715313,0.18123555928468704,1.2999999999999998,4.333333333333333,2.317536769618596,722.1190530253159,Hard
2025-03-03,43440,Holger Rune,Corentin Moutet,P2,6.6944105033043435,False,P1,0.5617238134145737,0.43827618658542633,1.45016077170418,3.2214285714285715,-6.6944105033043435,715.4246425220116,Hard
2025-03-03,43441,Lorenzo Musetti,Roman Safiullin,P1,1.9086933382674711,True,P1,0.546097457408905,0.45390254259109497,1.9211822660098525,2.085561497326203,1.758254454463139,717.1828969764747,Hard
2025-03-03,43442,Frances Tiafoe,Damir Dzumhur,P2,1.451789522170263,False,P1,0.7342677265405655,0.2657322734594345,1.3067632850241546,4.259842519685039,-1.451789522170263,715.7311074543044,Hard
2025-03-03,43443,Ugo Humbert,Kei Nishikori,P1,3.14643363109986,True,P1,0.7267698049545288,0.2732301950454712,1.4276923076923078,3.3381294964028783,1.3457054606857866,717.0768129149901,Hard
2025-03-03,43445,Arthur Fils,Gabriel Diallo,P2,4.516708053394288,False,P1,0.5072855353355408,0.49271446466445923,1.722943722943723,2.3832335329341316,-4.516708053394288,712.5601048615958,Hard
2025-03-03,43446,Cameron Norrie,Jiri Lehecka,P2,8.800943479179773,False,P1,0.30455389618873596,0.695446103811264,2.4723926380368098,1.6791666666666667,-8.800943479179773,703.7591613824161,Hard
2025-03-03,43447,Alexei Popyrin,Zizou Bergs,P2,2.8976440871099345,False,P1,0.46472370624542236,0.5352762937545776,1.9746192893401011,2.0260416666666665,-2.8976440871099345,700.8615172953062,Hard
2025-03-03,43448,Matteo Berrettini,Christopher O'Connell,P2,0.13241314604408458,False,P1,0.7888859957456589,0.21111400425434113,1.262820512820513,4.8048780487804885,-0.13241314604408458,700.7291041492621,Hard
2025-03-03,43451,Carlos Alcaraz,Denis Shapovalov,P2,4.235494133990289,False,P1,0.7274521589279175,0.2725478410720825,1.2084805653710247,5.796610169491526,-4.235494133990289,696.4936100152718,Hard
2025-03-03,43452,Taylor Fritz,Alejandro Tabilo,P1,6.458781567456999,True,P1,0.8783487640321255,0.12165123596787453,1.1755725190839694,6.695652173913044,1.133984550011534,697.6275945652833,Hard
2025-03-03,43453,Alex de Minaur,Hubert Hurkacz,P1,6.496439445082272,True,P1,0.7056626379489899,0.29433736205101013,1.5666666666666667,2.7647058823529416,3.681315685546621,701.3089102508299,Hard
2025-03-03,43454,Ben Shelton,Karen Khachanov,P2,3.4165265228273043,False,P1,0.5128222405910492,0.4871777594089508,1.7599999999999998,2.3157894736842106,-3.4165265228273043,697.8923837280025,Hard
2025-03-03,43455,Jack Draper,Jenson Brooksby,P2,0.660600404430595,False,P1,0.7758451476693153,0.22415485233068466,1.2645161290322582,4.7804878048780495,-0.660600404430595,697.2317833235719,Hard
2025-03-03,43456,Grigor Dimitrov,Gael Monfils,P1,4.564126019719757,True,P1,0.5543186366558075,0.4456813633441925,2.052631578947368,1.9499999999999997,4.804343178652375,702.0361265022243,Hard
2025-03-03,43457,Francisco Cerundolo,Botic Van De Zandschulp,P2,4.199869913262547,False,P1,0.5118837207555771,0.4881162792444229,1.7198275862068966,2.389221556886228,-4.199869913262547,697.8362565889618,Hard
2025-03-03,43458,Brandon Nakashima,Matteo Arnaldi,P1,3.4310526867769537,True,P1,0.5410958379507065,0.4589041620492935,2.036458333333334,1.964824120603015,3.556143149315699,701.3923997382775,Hard
2025-03-03,43460,Stefanos Tsitsipas,Matteo Berrettini,P2,0.5974068523657474,False,P1,0.472627729177475,0.527372270822525,2.079787234042553,1.9261083743842367,-0.5974068523657474,700.7949928859117,Hard
2025-03-03,43461,Tommy Paul,Cameron Norrie,P1,0.05073793934175741,True,P1,0.7440111339092255,0.25598886609077454,1.344736842105263,3.9007633587786255,0.017491236983605836,700.8124841228953,Hard
2025-03-03,43462,Holger Rune,Ugo Humbert,P2,14.011767462411402,False,P1,0.28855255246162415,0.7114474475383759,2.079787234042553,1.9261083743842367,-14.011767462411402,686.8007166604839,Hard
2025-03-03,43463,Arthur Fils,Lorenzo Musetti,P2,3.3823318203528547,False,P1,0.48860178887844086,0.5113982111215591,1.8450704225352113,2.183333333333333,-3.3823318203528547,683.418384840131,Hard
2025-03-03,43464,Yosuke Watanuki,Frances Tiafoe,P1,1.3081226715362535,True,P1,0.3425421714782715,0.6574578285217285,3.1608391608391604,1.4627831715210353,2.8266426958370787,686.2450275359681,Hard
2025-03-03,43465,Marcos Giron,Alexei Popyrin,P1,3.568674445884718,True,P1,0.5997589528560638,0.40024104714393616,1.8073394495412844,2.2386363636363638,2.8811316627326167,689.1261591987007,Hard
2025-03-03,43466,Tallon Griekspoor,Giovanni Mpetshi Perricard,P1,0.9850957085044495,True,P1,0.5791371017694473,0.4208628982305527,1.7644444444444443,2.308139534883721,0.7530509416122901,689.879210140313,Hard
2025-03-03,43467,Carlos Alcaraz,Grigor Dimitrov,P2,4.999644325950139,False,P1,0.7491210848093033,0.2508789151906967,1.1414141414141414,8.071428571428571,-4.999644325950139,684.8795658143629,Hard
2025-03-03,43468,Jack Draper,Taylor Fritz,P2,3.9286453358647897,False,P1,0.4697376787662506,0.5302623212337494,1.8846153846153846,2.1304347826086953,-3.9286453358647897,680.9509204784981,Hard
2025-03-03,43469,Francisco Cerundolo,Alex de Minaur,P2,2.431573089020351,False,P1,0.22558796405792236,0.7744120359420776,4.116279069767441,1.3208955223880599,-2.431573089020351,678.5193473894777,Hard
2025-03-03,43470,Ben Shelton,Brandon Nakashima,P2,6.800331867656968,False,P1,0.49441006779670715,0.5055899322032928,1.6171874999999998,2.6202531645569613,-6.800331867656968,671.7190155218208,Hard
2025-03-03,43471,Daniil Medvedev,Tommy Paul,P1,2.957439623599351,True,P1,0.5685174763202667,0.4314825236797333,1.898058252427185,2.1135135135135137,2.655953060028545,674.3749685818493,Hard
2025-03-03,43472,Holger Rune,Stefanos Tsitsipas,P2,6.112334759069588,False,P1,0.3307168781757355,0.6692831218242645,2.475609756097561,1.6776859504132233,-6.112334759069588,668.2626338227798,Hard
2025-03-03,43473,Arthur Fils,Marcos Giron,P2,8.17996989252969,False,P1,0.45533332228660583,0.5446666777133942,1.6585365853658534,2.518518518518518,-8.17996989252969,660.0826639302501,Hard
2025-03-03,43474,Tallon Griekspoor,Yosuke Watanuki,P1,5.0321833052771,True,P1,0.7232169806957245,0.2767830193042755,1.4849498327759196,3.0620689655172413,2.4403564523919044,662.523020382642,Hard
2025-03-03,43475,Carlos Alcaraz,Francisco Cerundolo,P2,1.1917389508689575,False,P1,0.8754913881421089,0.12450861185789108,1.101123595505618,10.888888888888888,-1.1917389508689575,661.331281431773,Hard
2025-03-03,43476,Daniil Medvedev,Arthur Fils,P1,13.22662562863546,True,P1,0.8316140323877335,0.16838596761226654,1.4119402985074627,3.427536231884058,5.4485801097065485,666.7798615414796,Hard
2025-03-03,43477,Jack Draper,Ben Shelton,P1,5.0361130764827795,True,P1,0.6929357796907425,0.3070642203092575,1.5666666666666667,2.7647058823529416,2.853797410006908,669.6336589514865,Hard
2025-03-03,43478,Holger Rune,Tallon Griekspoor,P2,3.5778002975281,False,P1,0.535446047782898,0.46455395221710205,1.668032786885246,2.4969325153374236,-3.5778002975281,666.0558586539584,Hard
2025-03-03,43479,Jack Draper,Carlos Alcaraz,P2,0.3631651378366119,False,P1,0.26257413625717163,0.7374258637428284,3.7669172932330826,1.3614130434782608,-0.3631651378366119,665.6926935161217,Hard
2025-03-03,43480,Holger Rune,Daniil Medvedev,P2,12.125224442472755,False,P1,0.23668478429317474,0.7633152157068253,2.6858974358974357,1.5931558935361219,-12.125224442472755,653.567469073649,Hard
2025-03-03,43481,Jack Draper,Holger Rune,P1,8.479604100511734,True,P1,0.7229734510183334,0.27702654898166656,1.5977011494252877,2.673076923076923,5.0682691175472465,658.6357381911963,Hard
2025-03-17,43482,Matteo Arnaldi,Yibing Wu,P1,0.14963514899275807,True,P1,0.7766031846404076,0.22339681535959244,1.2893518518518519,4.456,0.04329720746318231,658.6790353986595,Hard
2025-03-17,43483,Zizou Bergs,Nuno Borges,P1,1.8457466862482754,True,P1,0.49060168862342834,0.5093983113765717,2.1722222222222225,1.8530805687203793,2.163625282213257,660.8426606808728,Hard
2025-03-17,43484,Yunchaokete Bu,Cameron Norrie,P1,2.2430862085479473,True,P1,0.46467991173267365,0.5353200882673264,2.3491124260355027,1.7412280701754383,3.0261754766208986,663.8688361574937,Hard
2025-03-17,43485,Luciano Darderi,Pedro Martinez,P1,5.493753450540063,True,P1,0.47919605672359467,0.5208039432764053,2.66025641025641,1.6023166023166024,9.121039382627412,672.989875540121,Hard
2025-03-17,43486,Alejandro Davidovich Fokina,Jan-Lennard Struff,P1,2.614887712922105,True,P1,0.6246758550405502,0.37532414495944977,1.686192468619247,2.457317073170732,1.7943162548921563,674.7841917950132,Hard
2025-03-17,43487,Gabriel Diallo,Tomas Martin Etcheverry,P2,2.2491860446791168,False,P1,0.4461684376001358,0.5538315623998642,2.0918918918918914,1.9158415841584158,-2.2491860446791168,672.535005750334,Hard
2025-03-17,43488,Jacob Fearnley,Benjamin Bonzi,P2,12.389616230532443,False,P1,0.4151887744665146,0.5848112255334854,1.5211267605633803,2.918918918918919,-12.389616230532443,660.1453895198016,Hard
2025-03-17,43489,Joao Fonseca,Learner Tien,P2,8.496644844686909,False,P1,0.531303882598877,0.46869611740112305,1.3976608187134503,3.514705882352941,-8.496644844686909,651.6487446751147,Hard
2025-03-17,43491,Jakub Mensik,Roberto Bautista Agut,P2,3.0820456137666663,False,P1,0.6097644120454788,0.3902355879545212,1.4848484848484849,3.0625000000000004,-3.0820456137666663,648.566699061348,Hard
2025-03-17,43492,Reilly Opelka,Christopher Eubanks,P2,0.8835974604812833,False,P1,0.5903435349464417,0.40965646505355835,1.6477732793522268,2.54375,-0.8835974604812833,647.6831016008667,Hard
2025-03-17,43493,Roman Safiullin,Jenson Brooksby,P2,3.150939608674747,False,P1,0.4710754305124283,0.5289245694875717,1.9162561576354682,2.0913978494623655,-3.150939608674747,644.532161992192,Hard
2025-03-17,43494,Lorenzo Sonego,Mariano Navone,P2,1.921424065492415,False,P1,0.5986252427101135,0.4013747572898865,1.5708955223880594,2.7516339869281046,-1.921424065492415,642.6107379266996,Hard
2025-03-17,43495,Jordan Thompson,Marcos Giron,P2,0.22700068869062692,False,P1,0.36996378004550934,0.6300362199544907,2.6838709677419352,1.5938697318007664,-0.22700068869062692,642.383737238009,Hard
2025-03-17,43496,Thiago Agustin Tirante,Flavio Cobolli,P2,7.3302030025379405,False,P1,0.3194904625415802,0.6805095374584198,2.41566265060241,1.7063829787234042,-7.3302030025379405,635.053534235471,Hard
2025-03-17,43497,Coleman Wong,Daniel Altmaier,P1,6.048579724977706,True,P1,0.42275474965572357,0.5772452503442764,3.485294117647059,1.4023668639053255,15.032499610606356,650.0860338460774,Hard
2025-03-17,43498,Alexander Bublik,Sebastian Baez,P2,3.810379909667127,False,P1,0.5557409077882767,0.4442590922117233,1.5884615384615381,2.699346405228758,-3.810379909667127,646.2756539364102,Hard
2025-03-17,43499,Roberto Carballes Baena,Christopher O'Connell,P2,1.759841626979021,False,P1,0.3551536649465561,0.6448463350534439,2.6623376623376624,1.6015625,-1.759841626979021,644.5158123094312,Hard
2025-03-17,43501,David Goffin,Aleksandar Vukic,P2,5.669993369422851,False,P1,0.4887070655822754,0.5112929344177246,1.686192468619247,2.457317073170732,-5.669993369422851,638.8458189400084,Hard
2025-03-17,43502,Quentin Halys,Thiago Seyboth Wild,P1,5.1279214169241065,True,P1,0.6583823263645172,0.3416176736354828,1.686192468619247,2.457317073170732,3.51874105596466,642.3645599959731,Hard
2025-03-17,43503,Rinky Hijikata,Hamad Medjedovic,P1,3.492914347413256,True,P1,0.38677389919757843,0.6132261008024216,3.2056737588652484,1.4533762057877813,7.704229518053352,650.0687895140264,Hard
2025-03-17,43504,Miomir Kecmanovic,Aleksandar Kovacevic,P1,0.10610485715440968,True,P1,0.6100789904594421,0.38992100954055786,1.6425702811244978,2.5562500000000004,0.06817982789038371,650.1369693419168,Hard
2025-03-17,43505,Nick Kyrgios,Mackenzie McDonald,P1,13.002739386838337,True,P1,0.8158063963055611,0.18419360369443893,3.069444444444444,1.483221476510067,26.908446786651556,677.0454161285684,Hard
2025-03-17,43506,Gael Monfils,Fabian Marozsan,P2,5.697864662039441,False,P1,0.5544562786817551,0.44554372131824493,1.4999999999999998,2.9999999999999996,-5.697864662039441,671.3475514665289,Hard
2025-03-17,43509,Jaume Munar,Arthur Rinderknech,P2,2.173344621758078,False,P1,0.5480916500091553,0.4519083499908447,1.7063829787234042,2.41566265060241,-2.173344621758078,669.1742068447708,Hard
2025-03-17,43512,Chun-Hsin Tseng,Mattia Bellucci,P2,6.165800746579273,False,P1,0.2756568044424057,0.7243431955575943,2.9591836734693877,1.5104166666666667,-6.165800746579273,663.0084060981915,Hard
2025-03-17,43513,Camilo Ugo Carabelli,Brandon Holt,P1,13.26016812196383,True,P1,0.6810298264026642,0.3189701735973358,2.4096385542168677,1.7094017094017095,18.69204422011769,681.7004503183092,Hard
2025-03-17,43514,Alexander Zverev,Jacob Fearnley,P1,2.7994369632337177,True,P1,0.8407227322459221,0.1592772677540779,1.2099644128113878,5.76271186440678,0.5877821381878621,682.2882324564971,Hard
2025-03-17,43515,Taylor Fritz,Lorenzo Sonego,P1,2.8785262966699685,True,P1,0.8508257269859314,0.1491742730140686,1.1946308724832213,6.137931034482758,0.560250084586772,682.8484825410839,Hard
2025-03-17,43516,Jakub Mensik,Jack Draper,P2,4.689243128950387,False,P1,0.21946249157190323,0.7805375084280968,3.930769230769231,1.341207349081365,-4.689243128950387,678.1592394121335,Hard
2025-03-17,43517,Zizou Bergs,Andrey Rublev,P1,7.3605689505430085,True,P1,0.42659009993076324,0.5734099000692368,3.7368421052631584,1.3653846153846154,20.144715022538765,698.3039544346723,Hard
2025-03-17,43518,Alex de Minaur,Yunchaokete Bu,P2,1.4465708559198571,False,P1,0.7874477729201317,0.21255222707986832,1.2173112338858196,5.601694915254238,-1.4465708559198571,696.8573835787524,Hard
2025-03-17,43519,Reilly Opelka,Holger Rune,P1,5.629830416460211,True,P1,0.4416913241147995,0.5583086758852005,2.9931506849315066,1.5017182130584192,11.221100350615899,708.0784839293683,Hard
2025-03-17,43520,Coleman Wong,Ben Shelton,P1,5.674832508330397,True,P1,0.26385268568992615,0.7361473143100739,8.108108108108109,1.140684410646388,40.33732296461877,748.4158068939871,Hard
2025-03-17,43521,Frances Tiafoe,Alejandro Davidovich Fokina,P1,8.576292705068864,True,P1,0.5763460844755173,0.4236539155244827,2.2203389830508478,1.8194444444444444,10.465984318050142,758.8817912120372,Hard
2025-03-17,43523,Joao Fonseca,Ugo Humbert,P2,15.177635824240745,False,P1,0.22425803542137146,0.7757419645786285,2.3431952662721893,1.7444933920704846,-15.177635824240745,743.7041553877965,Hard
2025-03-17,43524,Tomas Machac,Matteo Arnaldi,P2,0.8214898078931269,False,P1,0.6239985376596451,0.3760014623403549,1.5671641791044775,2.7631578947368425,-0.8214898078931269,742.8826655799033,Hard
2025-03-17,43525,Roman Safiullin,Alexei Popyrin,P2,2.8503766517976956,False,P1,0.43559014797210693,0.5644098520278931,2.119565217391304,1.8932038834951457,-2.8503766517976956,740.0322889281057,Hard
2025-03-17,43526,Denis Shapovalov,Thiago Agustin Tirante,P2,1.046487607224061,False,P1,0.7718028277158737,0.22819717228412628,1.2590233545647558,4.860655737704918,-1.046487607224061,738.9858013208816,Hard
2025-03-17,43527,Jordan Thompson,Giovanni Mpetshi Perricard,P1,0.4884805661076779,True,P1,0.5104152113199234,0.4895847886800766,1.9846938775510201,2.0155440414507773,0.4810038227488868,739.4668051436305,Hard
2025-03-17,43528,Matteo Berrettini,Hugo Gaston,P1,6.735632950484341,True,P1,0.8757598027586937,0.1242401972413063,1.179127725856698,6.5826086956521745,1.2065386126257003,740.6733437562561,Hard
2025-03-17,43529,Adam Walton,Luciano Darderi,P2,8.541610443546222,False,P1,0.471111536026001,0.528888463973999,1.6330645161290323,2.579617834394904,-8.541610443546222,732.1317333127099,Hard
2025-03-17,43530,David Goffin,Carlos Alcaraz,P1,0.8843854794562116,True,P1,0.07822815328836441,0.9217718467116356,18.04807692307692,1.0586576424139875,15.077071683421758,747.2088049961317,Hard
2025-03-17,43531,Novak Djokovic,Rinky Hijikata,P1,9.817842102617595,True,P1,0.9096792154014111,0.09032078459858894,1.139622641509434,8.162162162162161,1.3707930482900035,748.5795980444217,Hard
2025-03-17,43532,Casper Ruud,Miomir Kecmanovic,P1,1.9446540344328658,True,P1,0.5813205987215042,0.4186794012784958,1.7909090909090908,2.264367816091954,1.5380445545059935,750.1176425989277,Hard
2025-03-17,43533,Jaume Munar,Daniil Medvedev,P2,13.924475568168033,False,P1,0.11241089180111885,0.8875891081988811,5.593220338983051,1.2177121771217714,-13.924475568168033,736.1931670307596,Hard
2025-03-17,43534,Stefanos Tsitsipas,Chun-Hsin Tseng,P1,13.463275987001118,True,P1,0.9220361933112144,0.07796380668878555,1.1401515151515151,8.135135135135133,1.8868985284812172,738.0800655592408,Hard
2025-03-17,43535,Tommy Paul,Alexander Bublik,P2,2.6577961409946487,False,P1,0.7193520367145538,0.28064796328544617,1.2900232018561486,4.448,-2.6577961409946487,735.4222694182462,Hard
2025-03-17,43537,Lorenzo Musetti,Quentin Halys,P2,2.477642545926691,False,P1,0.5700610429048538,0.4299389570951462,1.6360000000000001,2.5723270440251573,-2.477642545926691,732.9446268723195,Hard
2025-03-17,43539,Karen Khachanov,Nick Kyrgios,P2,11.114749986994452,False,P1,0.4842056483030319,0.5157943516969681,1.438871473354232,3.278571428571428,-11.114749986994452,721.8298768853251,Hard
2025-03-17,43540,Francisco Cerundolo,Alexandre Muller,P2,2.7639552087260144,False,P1,0.571209728717804,0.42879027128219604,1.616600790513834,2.6217948717948714,-2.7639552087260144,719.0659216765991,Hard
2025-03-17,43542,Gael Monfils,Jiri Lehecka,P1,0.07838649153409318,True,P1,0.4428417533636093,0.5571582466363907,2.264367816091954,1.7909090909090908,0.09910935711207183,719.1650310337112,Hard
2025-03-17,43543,Alejandro Tabilo,Corentin Moutet,P1,3.6380730485166954,True,P1,0.49256204068660736,0.5074379593133926,2.296511627906977,1.7713004484304933,4.716804010576879,723.8818350442881,Hard
2025-03-17,43544,Brandon Nakashima,Roberto Carballes Baena,P1,6.95074843264587,True,P1,0.7854112833738327,0.2145887166261673,1.3616438356164382,3.7651515151515156,2.5136953235869988,726.395530367875,Hard
2025-03-17,43545,Camilo Ugo Carabelli,Alex Michelsen,P1,10.073778213595826,True,P1,0.4223661720752716,0.5776338279247284,4.983606557377049,1.251028806584362,40.12996894924239,766.5254993171175,Hard
2025-03-17,43546,Alexander Zverev,Jordan Thompson,P2,1.6330775336259395,False,P1,0.7860676869750023,0.2139323130249977,1.2179487179487178,5.588235294117647,-1.6330775336259395,764.8924217834915,Hard
2025-03-17,43547,Taylor Fritz,Denis Shapovalov,P2,2.3705030296340937,False,P1,0.6344791501760483,0.3655208498239517,1.4784053156146177,3.0902777777777772,-2.3705030296340937,762.5219187538574,Hard
2025-03-17,43548,Alex de Minaur,Joao Fonseca,P1,15.250438375077149,True,P1,0.8155777230858803,0.18442227691411972,1.8119266055045873,2.2316384180790965,12.382236662333284,774.9041554161907,Hard
2025-03-17,43549,Arthur Fils,Frances Tiafoe,P2,8.842966785654886,False,P1,0.4066082686185837,0.5933917313814163,1.898058252427185,2.1135135135135137,-8.842966785654886,766.0611886305359,Hard
2025-03-17,43550,Tomas Machac,Reilly Opelka,P1,4.465071549729183,True,P1,0.6797050833702087,0.32029491662979126,1.5687732342007437,2.758169934640523,2.5396131862771942,768.600801816813,Hard
2025-03-17,43551,Matteo Berrettini,Zizou Bergs,P1,5.697888111049409,True,P1,0.7372113317251205,0.26278866827487946,1.4462025316455696,3.24113475177305,2.542412100183438,771.1432139169965,Hard
2025-03-17,43552,Jakub Mensik,Roman Safiullin,P2,1.6562718915821513,False,P1,0.6061276942491531,0.39387230575084686,1.5789473684210527,2.7272727272727275,-1.6562718915821513,769.4869420254144,Hard
2025-03-17,43553,Adam Walton,Coleman Wong,P2,8.586051688667967,False,P1,0.48877541720867157,0.5112245827913284,1.5893536121673004,2.6967741935483867,-8.586051688667967,760.9008903367463,Hard
2025-03-17,43554,Novak Djokovic,Camilo Ugo Carabelli,P2,0.44974515322076103,False,P1,0.892974965274334,0.10702503472566605,1.106614017769003,10.37962962962963,-0.44974515322076103,760.4511451835256,Hard
2025-03-17,43555,Casper Ruud,Alejandro Tabilo,P1,1.4675062304979354,True,P1,0.7200974747538567,0.27990252524614334,1.4107142857142858,3.4347826086956528,0.6027257732402236,761.0538709567658,Hard
2025-03-17,43556,Sebastian Korda,Stefanos Tsitsipas,P1,4.565577677720093,True,P1,0.49178868532180786,0.5082113146781921,2.3668639053254434,1.7316017316017311,6.240523334635155,767.2943942914009,Hard
2025-03-17,43557,Francisco Cerundolo,Tommy Paul,P1,3.420014489020811,True,P1,0.4178260266780853,0.5821739733219147,2.7712418300653594,1.5645756457564575,6.057672722383266,773.3520670137841,Hard
2025-03-17,43558,Grigor Dimitrov,Karen Khachanov,P1,5.0395355070244445,True,P1,0.600481390953064,0.39951860904693604,1.8497652582159625,2.1767955801104972,4.282422191415138,777.6344892051992,Hard
2025-03-17,43559,Lorenzo Musetti,Felix Auger-Aliassime,P1,8.156046389369836,True,P1,0.5154766887426376,0.48452331125736237,2.5849056603773586,1.6309523809523812,12.92656408881257,790.5610532940118,Hard
2025-03-17,43560,Brandon Nakashima,David Goffin,P1,9.088756106547253,True,P1,0.7386007010936737,0.2613992989063263,1.5138888888888888,2.9459459459459456,4.670610776975671,795.2316640709874,Hard
2025-03-17,43561,Gael Monfils,Jaume Munar,P1,10.861403047784568,True,P1,0.742365375161171,0.25763462483882904,1.5490909090909089,2.821192052980132,5.963897673510797,801.1955617444983,Hard
2025-03-17,43562,Arthur Fils,Alexander Zverev,P1,0.2739480731845935,True,P1,0.2594015449285507,0.7405984550714493,3.932330827067668,1.341025641025641,0.8033063800149731,801.9988681245133,Hard
2025-03-17,43563,Taylor Fritz,Adam Walton,P2,0.021831762716686808,False,P1,0.9017712213099003,0.09822877869009972,1.1083249749247743,10.231481481481481,-0.021831762716686808,801.9770363617965,Hard
2025-03-17,43564,Novak Djokovic,Lorenzo Musetti,P1,12.88200149946471,True,P1,0.8158872872591019,0.18411271274089813,1.372222222222222,3.686567164179104,4.79496722480075,806.7720035865973,Hard
2025-03-17,43565,Francisco Cerundolo,Casper Ruud,P2,4.74298396636834,False,P1,0.48700687289237976,0.5129931271076202,1.8119266055045873,2.2316384180790965,-4.74298396636834,802.029019620229,Hard
2025-03-17,43566,Matteo Berrettini,Alex de Minaur,P2,1.0821537464879212,False,P1,0.39838066697120667,0.6016193330287933,2.4424242424242424,1.6932773109243697,-1.0821537464879212,800.946865873741,Hard
2025-03-17,43567,Grigor Dimitrov,Brandon Nakashima,P2,1.6714085847328577,False,P1,0.5577955693006516,0.44220443069934845,1.7179487179487178,2.392857142857143,-1.6714085847328577,799.2754572890082,Hard
2025-03-17,43569,Sebastian Korda,Gael Monfils,P1,5.394283413254608,True,P1,0.6167629957199097,0.38323700428009033,1.7954545454545456,2.257142857142857,4.290907260543439,803.5663645495516,Hard
2025-03-17,43570,Taylor Fritz,Matteo Berrettini,P2,3.0804861454034738,False,P1,0.609141081571579,0.390858918428421,1.5157894736842106,2.938775510204082,-3.0804861454034738,800.4858784041481,Hard
2025-03-17,43571,Novak Djokovic,Sebastian Korda,P1,1.8416811369984325,True,P1,0.7838089466094971,0.21619105339050293,1.2930232558139536,4.412698412698413,0.5396554029344246,801.0255338070825,Hard
2025-03-17,43572,Jakub Mensik,Arthur Fils,P1,4.7983562940196975,True,P1,0.5497725456953049,0.45022745430469513,2.0471204188481673,1.9549999999999998,5.0244568523766455,806.0499906594591,Hard
2025-03-17,43573,Grigor Dimitrov,Francisco Cerundolo,P1,4.454815680040673,True,P1,0.5723285973072052,0.4276714026927948,1.9261083743842367,2.079787234042553,4.125642107623875,810.175632767083,Hard
2025-03-17,43574,Jakub Mensik,Taylor Fritz,P1,0.19316698254577608,True,P1,0.2906106859445572,0.7093893140554428,3.4817518248175183,1.4029411764705884,0.47939251142747347,810.6550252785105,Hard
2025-03-17,43575,Novak Djokovic,Grigor Dimitrov,P2,3.536405294870862,False,P1,0.7016052901744843,0.29839470982551575,1.3009478672985784,4.322834645669291,-3.536405294870862,807.1186199836396,Hard
2025-03-17,43576,Jakub Mensik,Novak Djokovic,P2,4.916445192685551,False,P1,0.20426366478204727,0.7957363352179527,4.299212598425197,1.3031026252983295,-4.916445192685551,802.2021747909541,Hard
2025-03-31,43577,Ethan Quinn,Jordan Thompson,P2,6.665703050996501,False,P1,0.3314671516418457,0.6685328483581543,2.515527950310559,1.6598360655737707,-6.665703050996501,795.5364717399576,Clay
2025-03-31,43631,Roberto Bautista Agut,Yunchaokete Bu,P2,7.403602517370918,False,P1,0.44524773955345154,0.5547522604465485,1.8279069767441858,2.207865168539326,-7.403602517370918,788.1328692225867,Clay
2025-03-31,43632,Camilo Ugo Carabelli,Radu Albot,P2,2.8989878811482317,False,P1,0.7153477966785431,0.2846522033214569,1.2950819672131146,4.388888888888888,-2.8989878811482317,785.2338813414384,Clay
2025-03-31,43605,Vit Kopriva,Borna Gojo,P2,15.704677626828769,False,P1,0.327823668718338,0.672176331281662,1.7051282051282053,2.4181818181818184,-15.704677626828769,769.5292037146096,Clay
2025-03-31,43578,Kei Nishikori,Mitchell Krueger,P2,7.592055231421723,False,P1,0.6181245893239975,0.3818754106760025,1.2985781990521326,4.349206349206349,-7.592055231421723,761.9371484831879,Clay
2025-03-31,43579,Christopher Eubanks,Rinky Hijikata,P1,4.339704598164918,True,P1,0.5569562017917633,0.4430437982082367,2.0,2.0,4.339704598164918,766.2768530813528,Clay
2025-03-31,43606,Kamil Majchrzak,Jaume Munar,P2,7.6227018303271565,False,P1,0.25626295804977417,0.7437370419502258,3.125874125874126,1.470394736842105,-7.6227018303271565,758.6541512510256,Clay
2025-03-31,43633,Francisco Comesana,Martin Klizan,P1,15.173083025020512,True,P1,0.865687370300293,0.13431262969970703,1.3616438356164382,3.7651515151515156,5.487251943295087,764.1414031943207,Clay
2025-03-31,43634,Gabriel Diallo,Chun-Hsin Tseng,P1,14.614438192294832,True,P1,0.6409559398889542,0.35904406011104584,2.389221556886228,1.7198275862068966,20.302692578517377,784.4440957728381,Clay
2025-03-31,43607,Mattia Bellucci,Pavel Kotov,P1,10.321407714342616,True,P1,0.6051251292228699,0.3948748707771301,2.154696132596685,1.8660287081339713,11.91808957070501,796.362185343543,Clay
2025-03-31,43580,Adrian Mannarino,Yannick Hanfmann,P1,0.573676659484303,True,P1,0.35313136875629425,0.6468686312437057,2.909722222222222,1.5236363636363635,1.095563064987384,797.4577484085304,Clay
2025-03-31,43635,Damir Dzumhur,Valentin Vacherot,P2,5.106497972794708,False,P1,0.5131561458110809,0.48684385418891907,1.6991525423728815,2.43030303030303,-5.106497972794708,792.3512504357357,Clay
2025-03-31,43581,Mackenzie McDonald,Daniel Elahi Galan,P1,12.106320973811332,True,P1,0.5937640964984894,0.4062359035015106,2.4096385542168677,1.7094017094017095,17.065536794408747,809.4167872301445,Clay
2025-03-31,43636,Marton Fucsovics,Luca Nardi,P1,4.159023229502469,True,P1,0.6666137725114822,0.33338622748851776,1.5912698412698414,2.691275167785235,2.459105004745508,811.87589223489,Clay
2025-03-31,43609,Jesper de Jong,Elliot Benchetrit,P2,16.2375178446978,False,P1,0.4973268210887909,0.5026731789112091,1.1088709677419355,10.185185185185183,-16.2375178446978,795.6383743901922,Clay
2025-03-31,43583,Adam Walton,Michael Mmoh,P1,7.90620531513386,True,P1,0.5398297607898712,0.4601702392101288,2.3491124260355027,1.7412280701754383,10.66635983343503,806.3047342236273,Clay
2025-03-31,43610,Hugo Gaston,Juan Manuel Cerundolo,P1,9.559385832879872,True,P1,0.5989968478679657,0.4010031521320343,2.108108108108108,1.9024390243902443,10.592832949947965,816.8975671735752,Clay
2025-03-31,43637,Filip Misolic,Alexander Shevchenko,P2,8.506152388115943,False,P1,0.4152081459760666,0.5847918540239334,1.9068627450980393,2.1027027027027025,-8.506152388115943,808.3914147854592,Clay
2025-03-31,43611,Pierre-Hugues Herbert,Federico Coria,P1,10.813600229238864,True,P1,0.5498012453317642,0.4501987546682358,2.5949367088607596,1.626984126984127,17.24700796055819,825.6384227460175,Clay
2025-03-31,43638,Christopher O'Connell,Dusan Lajovic,P2,7.879461554051032,False,P1,0.3329339772462845,0.6670660227537155,2.43030303030303,1.6991525423728815,-7.879461554051032,817.7589611919665,Clay
2025-03-31,43584,Alex Michelsen,Learner Tien,P1,11.954693418823542,True,P1,0.641640767455101,0.358359232544899,2.0260416666666665,1.9746192893401011,12.266013559938736,830.0249747519052,Clay
2025-03-31,43585,Aleksandar Kovacevic,Tomas Martin Etcheverry,P1,5.27406512235553,True,P1,0.37157154083251953,0.6284284591674805,3.5703703703703704,1.3890489913544668,13.556300721906437,843.5812754738116,Clay
2025-03-31,43639,Stan Wawrinka,Timofey Skatov,P2,8.627909244007757,False,P1,0.47093550860881805,0.529064491391182,1.6890756302521008,2.451219512195122,-8.627909244007757,834.9533662298038,Clay
2025-03-31,43612,Otto Virtanen,Daniel Altmaier,P1,13.006333789062573,True,P1,0.490489661693573,0.509510338306427,3.847328244274809,1.351206434316354,37.03330155206366,871.9866677818675,Clay
2025-03-31,43640,Mariano Navone,Laslo Djere,P1,1.9107264233139185,True,P1,0.4985610097646713,0.5014389902353287,2.1027027027027025,1.9068627450980393,2.106963191113726,874.0936309729813,Clay
2025-03-31,43586,Jenson Brooksby,Taro Daniel,P2,8.4827077862184,False,P1,0.5714934915304184,0.4285065084695816,1.4101796407185627,3.4379562043795615,-8.4827077862184,865.6109231867629,Clay
2025-03-31,43641,Richard Gasquet,Botic Van De Zandschulp,P1,8.289639047069914,True,P1,0.39640744030475616,0.6035925596952438,3.9461538461538463,1.3394255874673628,24.42255196175213,890.033475148515,Clay
2025-03-31,43615,Hugo Dellien,Aleksandar Vukic,P2,16.08818478150461,False,P1,0.384665310382843,0.615334689617157,1.6598360655737707,2.515527950310559,-16.08818478150461,873.9452903670103,Clay
2025-03-31,43588,Cristian Garin,Alexander Ritschard,P1,4.006466054578296,True,P1,0.6607505232095718,0.33924947679042816,1.5961538461538458,2.6774193548387095,2.3884701479216752,876.333760514932,Clay
2025-03-31,43616,Tallon Griekspoor,Pablo Carreno Busta,P2,7.1447394250292975,False,P1,0.46212729811668396,0.537872701883316,1.811059907834101,2.2329545454545454,-7.1447394250292975,869.1890210899027,Clay
2025-03-31,43643,Pedro Martinez,Stan Wawrinka,P2,13.200890280768919,False,P1,0.36597657203674316,0.6340234279632568,1.9024390243902443,2.108108108108108,-13.200890280768919,855.9881308091337,Clay
2025-03-31,43589,Frances Tiafoe,Adam Walton,P2,9.610473509882757,False,P1,0.5789649933576584,0.4210350066423416,1.339378238341969,3.9465648854961826,-9.610473509882757,846.3776572992509,Clay
2025-03-31,43617,Vit Kopriva,Lorenzo Sonego,P2,7.204401813953791,False,P1,0.34435005486011505,0.655649945139885,2.4096385542168677,1.7094017094017095,-7.204401813953791,839.1732554852971,Clay
2025-03-31,43590,Brandon Nakashima,Mackenzie McDonald,P1,4.95272627849628,True,P1,0.7039991319179535,0.2960008680820465,1.5051546391752577,2.9795918367346936,2.5018926561476054,841.6751481414447,Clay
2025-03-31,43644,Christopher O'Connell,Nicolas Jarry,P2,0.9461105637235474,False,P1,0.4975093603134155,0.5024906396865845,1.964824120603015,2.036458333333334,-0.9461105637235474,840.7290375777211,Clay
2025-03-31,43618,Luciano Darderi,Hugo Gaston,P2,1.8754338407882845,False,P1,0.5848823636770248,0.41511763632297516,1.6334661354581674,2.5786163522012573,-1.8754338407882845,838.8536037369328,Clay
2025-03-31,43645,Marton Fucsovics,Mariano Navone,P1,10.592099860427718,True,P1,0.5353124737739563,0.4646875262260437,2.643312101910828,1.6085271317829455,17.406125885288862,856.2597296222216,Clay
2025-03-31,43591,Alex Michelsen,Adrian Mannarino,P2,9.560842877795299,False,P1,0.661544531583786,0.338455468416214,1.1740458015267177,6.74561403508772,-9.560842877795299,846.6988867444263,Clay
2025-03-31,43619,Mattia Bellucci,Pierre-Hugues Herbert,P2,5.279078757402576,False,P1,0.5273424983024597,0.4726575016975403,1.6598360655737707,2.515527950310559,-5.279078757402576,841.4198079870238,Clay
2025-03-31,43647,Sebastian Baez,Gabriel Diallo,P2,7.044368595909596,False,P1,0.602241113781929,0.397758886218071,1.3824362606232292,3.6148148148148143,-7.044368595909596,834.3754393911141,Clay
2025-03-31,43593,Tommy Paul,Cristian Garin,P2,9.09065584041455,False,P1,0.5569974780082703,0.44300252199172974,1.4041297935103245,3.4744525547445253,-9.09065584041455,825.2847835506996,Clay
2025-03-31,43620,Alexandre Muller,Hugo Dellien,P1,10.5485474404455,True,P1,0.7312503233551979,0.2687496766448021,1.5650557620817847,2.7697368421052633,5.960517512816791,831.2453010635163,Clay
2025-03-31,43648,Flavio Cobolli,Richard Gasquet,P2,13.468107156093954,False,P1,0.44335055351257324,0.5566494464874268,1.5246478873239437,2.906040268456376,-13.468107156093954,817.7771939074223,Clay
2025-03-31,43594,Jenson Brooksby,Alejandro Tabilo,P1,3.599238021712442,True,P1,0.504663273692131,0.49533672630786896,2.188888888888889,1.841121495327103,4.279094092480348,822.0562879999027,Clay
2025-03-31,43649,Francisco Comesana,Roberto Bautista Agut,P2,8.098047356237185,False,P1,0.45508982241153717,0.5449101775884628,1.7644444444444443,2.308139534883721,-8.098047356237185,813.9582406436655,Clay
2025-03-31,43622,Roberto Carballes Baena,Otto Virtanen,P2,8.223582570736676,False,P1,0.5511702448129654,0.4488297551870346,1.4477124183006536,3.233576642335766,-8.223582570736676,805.7346580729288,Clay
2025-03-31,43650,Filip Misolic,Camilo Ugo Carabelli,P1,3.4934691317853734,True,P1,0.40892544388771057,0.5910745561122894,2.834437086092715,1.5451263537906137,6.4085493344672075,812.1432074073961,Clay
2025-03-31,43623,Kamil Majchrzak,Jesper de Jong,P2,2.3492091073101404,False,P1,0.5000631213188171,0.49993687868118286,1.8840579710144931,2.1311475409836067,-2.3492091073101404,809.793998300086,Clay
2025-03-31,43651,Sebastian Baez,Francisco Comesana,P2,0.011771294174396195,False,P1,0.6556984633207321,0.3443015366792679,1.5246478873239437,2.906040268456376,-0.011771294174396195,809.7822270059115,Clay
2025-03-31,43624,Tallon Griekspoor,Mattia Bellucci,P2,0.1279803082207252,False,P1,0.6660697907209396,0.33393020927906036,1.4965986394557824,3.0136986301369864,-0.1279803082207252,809.6542466976908,Clay
2025-03-31,43598,Frances Tiafoe,Alex Michelsen,P1,5.6912905851113464,True,P1,0.6876712888479233,0.3123287111520767,1.5708955223880594,2.7516339869281046,3.249132311649386,812.9033790093403,Clay
2025-03-31,43625,Kamil Majchrzak,Alexandre Muller,P1,2.9262375823023272,True,P1,0.4640769511461258,0.5359230488538742,2.3668639053254434,1.7316017316017311,3.9997685296558427,816.9031475389961,Clay
2025-03-31,43652,Damir Dzumhur,Pedro Martinez,P1,13.1130047236444,True,P1,0.6337426751852036,0.36625732481479645,2.1712707182320443,1.8537735849056602,15.358878460843165,832.2620259998392,Clay
2025-03-31,43653,Flavio Cobolli,Filip Misolic,P2,8.326773196410162,False,P1,0.4533439427614212,0.5466560572385788,1.7644444444444443,2.308139534883721,-8.326773196410162,823.9352528034291,Clay
2025-03-31,43626,Roberto Carballes Baena,Nuno Borges,P1,1.9813774374403668,True,P1,0.5130923092365265,0.4869076907634735,2.0471204188481673,1.9549999999999998,2.074740772188865,826.009993575618,Clay
2025-03-31,43599,Brandon Nakashima,Christopher Eubanks,P1,10.496238138487945,True,P1,0.811271034181118,0.188728965818882,1.338753387533875,3.951999999999999,3.555636225775046,829.565629801393,Clay
2025-03-31,43600,Jenson Brooksby,Aleksandar Kovacevic,P2,2.0567381433439076,False,P1,0.5328079015016556,0.4671920984983444,1.7837837837837835,2.275862068965517,-2.0567381433439076,827.5088916580492,Clay
2025-03-31,43627,Luciano Darderi,Vit Kopriva,P2,0.03527202449914,False,P1,0.6169070601463318,0.3830929398536682,1.6196078431372551,2.613924050632911,-0.03527202449914,827.47361963355,Clay
2025-03-31,43654,Marton Fucsovics,Christopher O'Connell,P1,3.7072610338542424,True,P1,0.6661882549524307,0.3338117450475693,1.5789473684210527,2.7272727272727275,2.1463090195998245,829.6199286531498,Clay
2025-03-31,43655,Sebastian Baez,Marton Fucsovics,P2,1.4885860971646692,False,P1,0.5151754319667816,0.4848245680332184,1.8714285714285714,2.1475409836065573,-1.4885860971646692,828.1313425559852,Clay
2025-03-31,43628,Tallon Griekspoor,Kamil Majchrzak,P2,0.24868059197724607,False,P1,0.5740316361188889,0.42596836388111115,1.7316017316017311,2.3668639053254434,-0.24868059197724607,827.8826619640079,Clay
2025-03-31,43601,Jenson Brooksby,Tommy Paul,P1,4.06947049545133,True,P1,0.3124407082796097,0.6875592917203903,4.2109375,1.311435523114355,13.066815418988254,840.9494773829961,Clay
2025-03-31,43629,Luciano Darderi,Roberto Carballes Baena,P1,5.762414096167961,True,P1,0.5509113967418671,0.44908860325813293,2.0851063829787235,1.9215686274509802,6.252832317118426,847.2023097001145,Clay
2025-03-31,43656,Flavio Cobolli,Damir Dzumhur,P2,5.249334869308853,False,P1,0.5099560618400574,0.4900439381599426,1.7179487179487178,2.392857142857143,-5.249334869308853,841.9529748308056,Clay
2025-03-31,43602,Frances Tiafoe,Brandon Nakashima,P2,3.3485973864926475,False,P1,0.4884054511785507,0.5115945488214493,1.8846153846153846,2.1304347826086953,-3.3485973864926475,838.604377444313,Clay
2025-03-31,43657,Flavio Cobolli,Sebastian Baez,P2,3.697866058117714,False,P1,0.3541005998849869,0.6458994001150131,2.575,1.6349206349206347,-3.697866058117714,834.9065113861952,Clay
2025-03-31,43603,Jenson Brooksby,Frances Tiafoe,P1,1.2017830747085207,True,P1,0.372237965464592,0.627762034535408,2.827814569536424,1.5471014492753625,2.1966366133745145,837.1031479995697,Clay
2025-03-31,43630,Luciano Darderi,Tallon Griekspoor,P2,7.574394505320649,False,P1,0.3469087928533554,0.6530912071466446,2.36094674556213,1.7347826086956524,-7.574394505320649,829.528753494249,Clay
2025-04-07,43659,Arthur Fils,Tallon Griekspoor,P2,16.59057506988498,False,P1,0.3522029221057892,0.6477970778942108,1.5551470588235292,2.8013245033112586,-16.59057506988498,812.9381784243641,Clay
2025-04-07,43660,Frances Tiafoe,Miomir Kecmanovic,P1,16.258763568487282,True,P1,0.6561805456876755,0.3438194543123245,2.738562091503268,1.5751879699248121,28.266869994886388,841.2050484192505,Clay
2025-04-07,43661,Grigor Dimitrov,Nicolas Jarry,P2,10.725356863659982,False,P1,0.5243778079748154,0.47562219202518463,1.420731707317073,3.3768115942028993,-10.725356863659982,830.4796915555905,Clay
2025-04-07,43662,Roberto Bautista Agut,Brandon Nakashima,P2,12.117503700563642,False,P1,0.3007098585367203,0.6992901414632797,2.3550295857988166,1.737991266375546,-12.117503700563642,818.362187855027,Clay
2025-04-07,43663,Flavio Cobolli,Dusan Lajovic,P1,7.024201513213085,True,P1,0.5954147130250931,0.4045852869749069,1.9547738693467334,2.0473684210526315,6.706524057841637,825.0687119128686,Clay
2025-04-07,43664,Tomas Martin Etcheverry,Corentin Moutet,P2,0.9714548799324875,False,P1,0.546318456530571,0.453681543469429,1.7873303167420815,2.2701149425287355,-0.9714548799324875,824.0972570329361,Clay
2025-04-07,43665,Tomas Machac,Sebastian Baez,P1,1.520672346572818,True,P1,0.5480862706899643,0.4519137293100357,1.8840579710144931,2.1311475409836067,1.3443625092890137,825.4416195422251,Clay
2025-04-07,43666,Pedro Martinez,Lorenzo Sonego,P1,1.686449235069519,True,P1,0.39507587254047394,0.6049241274595261,2.707792207792208,1.5855513307984792,2.880104862488854,828.321724404714,Clay
2025-04-07,43667,Alexei Popyrin,Ugo Humbert,P2,5.546301764670562,False,P1,0.3730485141277313,0.6269514858722687,2.3216374269005846,1.756637168141593,-5.546301764670562,822.7754226400434,Clay
2025-04-07,43668,Daniil Medvedev,Karen Khachanov,P1,6.67838168157078,True,P1,0.5811689496040344,0.4188310503959656,2.0,2.0,6.67838168157078,829.4538043216141,Clay
2025-04-07,43669,Alejandro Davidovich Fokina,Ben Shelton,P2,9.3908574791292,False,P1,0.4614584892988205,0.5385415107011795,1.6763485477178421,2.478527607361963,-9.3908574791292,820.062946842485,Clay
2025-04-07,43670,Lorenzo Musetti,Yunchaokete Bu,P2,6.361477438595615,False,P1,0.6687233597040176,0.33127664029598236,1.2633832976445396,4.796747967479675,-6.361477438595615,813.7014694038893,Clay
2025-04-07,43671,Daniel Altmaier,Felix Auger-Aliassime,P2,3.9341289204751284,False,P1,0.35808682441711426,0.6419131755828857,2.52258064516129,1.6567796610169492,-3.9341289204751284,809.7673404834142,Clay
2025-04-07,43672,Matteo Berrettini,Mariano Navone,P1,15.711079470877083,True,P1,0.7745408117771149,0.22545918822288513,1.5833333333333335,2.7142857142857144,9.164796358011634,818.9321368414257,Clay
2025-04-07,43673,Francisco Cerundolo,Fabio Fognini,P2,5.277168010626541,False,P1,0.7382575049996376,0.2617424950003624,1.1799687010954618,6.556521739130435,-5.277168010626541,813.6549688307992,Clay
2025-04-07,43674,Marcos Giron,Denis Shapovalov,P1,1.9228246582175264,True,P1,0.3751823604106903,0.6248176395893097,2.9054054054054053,1.524822695035461,3.6637604974144757,817.3187293282137,Clay
2025-04-07,43675,Jiri Lehecka,Sebastian Korda,P2,2.7051294419116805,False,P1,0.5602828711271286,0.4397171288728714,1.6666666666666667,2.5,-2.7051294419116805,814.613599886302,Clay
2025-04-07,43676,Gael Monfils,Fabian Marozsan,P1,10.980936628628246,True,P1,0.595670685172081,0.404329314827919,2.2399999999999998,1.8064516129032258,13.616361419499023,828.2299613058011,Clay
2025-04-07,43677,Alexandre Muller,Camilo Ugo Carabelli,P1,2.5989551690163752,True,P1,0.5181281566619873,0.4818718433380127,2.0582010582010586,1.945,2.7502171100702393,830.9801784158714,Clay
2025-04-07,43678,Alejandro Tabilo,Stan Wawrinka,P2,9.722520783641228,False,P1,0.4399186670780182,0.5600813329219818,1.7412280701754383,2.3491124260355027,-9.722520783641228,821.2576576322301,Clay
2025-04-07,43679,Richard Gasquet,Matteo Arnaldi,P1,8.939939778508512,True,P1,0.4006791412830353,0.5993208587169647,4.275590551181103,1.3052884615384617,29.283582266610562,850.5412398988407,Clay
2025-04-07,43680,Jordan Thompson,Giovanni Mpetshi Perricard,P1,6.461891421818325,True,P1,0.5008969306945801,0.4991030693054199,2.43030303030303,1.6991525423728815,9.242462882115905,859.7837027809566,Clay
2025-04-07,43681,Valentin Vacherot,Jan-Lennard Struff,P1,4.585680381661527,True,P1,0.41414208710193634,0.5858579128980637,2.9054054054054053,1.524822695035461,8.737580186679397,868.521282967636,Clay
2025-04-07,43682,Carlos Alcaraz,Francisco Cerundolo,P2,0.29894396658198413,False,P1,0.6667398661375046,0.3332601338624954,1.4895104895104894,3.0428571428571427,-0.29894396658198413,868.222339001054,Clay
2025-04-07,43683,Alejandro Tabilo,Novak Djokovic,P2,17.36444678002108,False,P1,0.09768467210233212,0.9023153278976679,3.951999999999999,1.338753387533875,-17.36444678002108,850.8578922210329,Clay
2025-04-07,43684,Casper Ruud,Roberto Bautista Agut,P2,3.7019386904227227,False,P1,0.7200332880020142,0.27996671199798584,1.2679738562091503,4.7317073170731705,-3.7019386904227227,847.1559535306102,Clay
2025-04-07,43685,Andrey Rublev,Gael Monfils,P2,12.37536943362364,False,P1,0.45408429205417633,0.5459157079458237,1.5588235294117647,2.789473684210527,-12.37536943362364,834.7805840969866,Clay
2025-04-07,43686,Alex de Minaur,Tomas Machac,P2,0.43830071640195756,False,P1,0.5558143109083176,0.44418568909168243,1.780269058295964,2.2816091954022983,-0.43830071640195756,834.3422833805846,Clay
2025-04-07,43687,Daniil Medvedev,Alexandre Muller,P1,16.686845667611692,True,P1,0.7985279187560081,0.20147208124399185,1.6796536796536794,2.471337579617834,11.341276059805345,845.6835594403899,Clay
2025-04-07,43688,Arthur Fils,Flavio Cobolli,P2,9.452743407586249,False,P1,0.5092633366584778,0.4907366633415222,1.5246478873239437,2.906040268456376,-9.452743407586249,836.2308160328037,Clay
2025-04-07,43689,Lorenzo Musetti,Jiri Lehecka,P2,6.425593070481577,False,P1,0.48482659459114075,0.5151734054088593,1.7456140350877196,2.3411764705882354,-6.425593070481577,829.8052229623221,Clay
2025-04-07,43690,Alexei Popyrin,Frances Tiafoe,P2,7.307697533202721,False,P1,0.46277812123298645,0.5372218787670135,1.780269058295964,2.2816091954022983,-7.307697533202721,822.4975254291194,Clay
2025-04-07,43691,Grigor Dimitrov,Valentin Vacherot,P2,3.8877311820113754,False,P1,0.7261651754379272,0.27383482456207275,1.2469135802469138,5.050000000000002,-3.8877311820113754,818.609794247108,Clay
2025-04-07,43692,Daniel Altmaier,Richard Gasquet,P2,13.12906859863588,False,P1,0.444961816072464,0.555038183927536,1.526501766784452,2.8993288590604025,-13.12906859863588,805.4807256484721,Clay
2025-04-07,43693,Nuno Borges,Pedro Martinez,P2,0.66583829412221,False,P1,0.6237191706895828,0.3762808293104172,1.5767790262172285,2.7337662337662336,-0.66583829412221,804.8148873543499,Clay
2025-04-07,43694,Alejandro Davidovich Fokina,Tomas Martin Etcheverry,P2,0.1978553397952816,False,P1,0.6009426712989807,0.3990573287010193,1.6558704453441293,2.524691358024691,-0.1978553397952816,804.6170320145546,Clay
2025-04-07,43695,Matteo Berrettini,Alexander Zverev,P1,1.0147195031994187,True,P1,0.41561245918273926,0.5843875408172607,2.4969325153374236,1.668032786885246,1.5189666182862467,806.1359986328409,Clay
2025-04-07,43696,Jack Draper,Marcos Giron,P2,3.111096721420294,False,P1,0.7036675289273262,0.2963324710726738,1.311435523114355,4.2109375,-3.111096721420294,803.0249019114207,Clay
2025-04-07,43697,Stefanos Tsitsipas,Jordan Thompson,P2,5.281984577657198,False,P1,0.743443951010704,0.25655604898929596,1.168141592920354,6.947368421052633,-5.281984577657198,797.7429173337634,Clay
2025-04-07,43698,Carlos Alcaraz,Daniel Altmaier,P1,15.95485834667527,True,P1,0.9217022955417633,0.0782977044582367,1.2104283054003724,5.752212389380531,3.3573538047938642,801.1002711385573,Clay
2025-04-07,43699,Alexei Popyrin,Casper Ruud,P1,5.329385866565703,True,P1,0.31137046217918396,0.688629537820816,4.861788617886178,1.2589473684210526,20.5809616798269,821.6812328183843,Clay
2025-04-07,43700,Alejandro Davidovich Fokina,Jack Draper,P2,11.047345804621916,False,P1,0.26981213688850403,0.730187863111496,2.7096774193548385,1.5849056603773586,-11.047345804621916,810.6338870137623,Clay
2025-04-07,43701,Stefanos Tsitsipas,Nuno Borges,P2,7.783298555999335,False,P1,0.6059775501489639,0.39402244985103607,1.3333333333333333,4.0,-7.783298555999335,802.850588457763,Clay
2025-04-07,43702,Arthur Fils,Andrey Rublev,P2,9.989726286687624,False,P1,0.41645681858062744,0.5835431814193726,1.8036529680365299,2.244318181818182,-9.989726286687624,792.8608621710754,Clay
2025-04-07,43703,Alex de Minaur,Daniil Medvedev,P2,9.930653867715918,False,P1,0.4493306130170822,0.5506693869829178,1.668032786885246,2.4969325153374236,-9.930653867715918,782.9302083033594,Clay
2025-04-07,43704,Lorenzo Musetti,Matteo Berrettini,P2,11.454466393661287,False,P1,0.3257976770401001,0.6742023229598999,2.1712707182320443,1.8537735849056602,-11.454466393661287,771.4757419096982,Clay
2025-04-07,43705,Grigor Dimitrov,Alejandro Tabilo,P1,11.12780302929242,True,P1,0.7199154868721962,0.2800845131278038,1.6491935483870968,2.540372670807453,7.22409793433903,778.6998398440372,Clay
2025-04-07,43706,Carlos Alcaraz,Arthur Fils,P1,15.562083566372346,True,P1,0.8126517608761787,0.18734823912382126,1.4536741214057507,3.2042253521126765,7.0601145892168455,785.759954433254,Clay
2025-04-07,43707,Lorenzo Musetti,Stefanos Tsitsipas,P2,8.362364456093614,False,P1,0.35961267352104187,0.6403873264789581,2.188888888888889,1.841121495327103,-8.362364456093614,777.3975899771605,Clay
2025-04-07,43708,Alex de Minaur,Grigor Dimitrov,P2,2.111197525850454,False,P1,0.5775354355573654,0.4224645644426346,1.6374501992031876,2.5687499999999996,-2.111197525850454,775.28639245131,Clay
2025-04-07,43709,Alejandro Davidovich Fokina,Alexei Popyrin,P2,2.1785996644398833,False,P1,0.5836050808429718,0.4163949191570282,1.6171874999999998,2.6202531645569613,-2.1785996644398833,773.1077927868702,Clay
2025-04-07,43710,Carlos Alcaraz,Alejandro Davidovich Fokina,P1,7.603986070185202,True,P1,0.8333821222186089,0.16661787778139114,1.2617021276595746,4.821138211382114,1.9899793332612343,775.0977721201314,Clay
2025-04-07,43711,Lorenzo Musetti,Alex de Minaur,P2,5.769040046561043,False,P1,0.3866855800151825,0.6133144199848175,2.201117318435754,1.832558139534884,-5.769040046561043,769.3287320735703,Clay
2025-04-07,43712,Carlos Alcaraz,Lorenzo Musetti,P1,2.8409128876677725,True,P1,0.8033526316285133,0.19664736837148666,1.2695652173913043,4.709677419354838,0.7658113001539213,770.0945433737243,Clay
2025-04-14,43713,Carlos Alcaraz,Ethan Quinn,P2,0.2679239013546962,False,P1,0.9437723774462938,0.05622762255370617,1.052204764318297,20.15533980582524,-0.2679239013546962,769.8266194723695,Clay
2025-04-14,43744,Mariano Navone,Felix Auger-Aliassime,P2,2.1859313299585925,False,P1,0.42000435292720795,0.579995647072792,2.2457142857142856,1.8027522935779814,-2.1859313299585925,767.6406881424109,Clay
2025-04-14,43745,Ugo Humbert,Nicolas Jarry,P1,1.840700090608774,True,P1,0.5592845976352692,0.44071540236473083,1.8619047619047617,2.160220994475138,1.5865081733342288,769.2271963157451,Clay
2025-04-14,43714,Casper Ruud,Daniel Elahi Galan,P2,0.3091381023544349,False,P1,0.8482727780938148,0.15172722190618515,1.1693907875185734,6.9035087719298245,-0.3091381023544349,768.9180582133907,Clay
2025-04-14,43746,Francisco Cerundolo,Jan-Lennard Struff,P1,4.120988075068819,True,P1,0.7647684291005135,0.23523157089948654,1.3577235772357723,3.7954545454545445,1.4741745959595773,770.3922328093503,Clay
2025-04-14,43715,Stefanos Tsitsipas,Reilly Opelka,P2,3.6677132548205247,False,P1,0.7608122304081917,0.23918776959180832,1.1892332789559545,6.28448275862069,-3.6677132548205247,766.7245195545297,Clay
2025-04-14,43716,Alex de Minaur,Tomas Martin Etcheverry,P1,12.648553381604563,True,P1,0.7967722117900848,0.20322778820991516,1.4353312302839116,3.297101449275363,5.506310304925645,772.2308298594553,Clay
2025-04-14,43747,Yannick Hanfmann,Jakub Mensik,P1,13.108077852675988,True,P1,0.5278086513280869,0.47219134867191315,3.50735294117647,1.3988269794721404,32.866577557077285,805.0974074165326,Clay
2025-04-14,43717,Arthur Fils,Pablo Carreno Busta,P2,9.247813621989652,False,P1,0.5974074900150299,0.4025925099849701,1.2893518518518519,4.456,-9.247813621989652,795.849593794543,Clay
2025-04-14,43718,Jaume Munar,Frances Tiafoe,P2,13.299633133760596,False,P1,0.378281369805336,0.621718630194664,1.7599999999999998,2.3157894736842106,-13.299633133760596,782.5499606607824,Clay
2025-04-14,43749,Zizou Bergs,Alexander Bublik,P2,4.935622715878267,False,P1,0.5591034293174744,0.44089657068252563,1.5629629629629629,2.776315789473684,-4.935622715878267,777.6143379449042,Clay
2025-04-14,43719,Sebastian Baez,Damir Dzumhur,P2,4.061634088286532,False,P1,0.6576874256134033,0.3423125743865967,1.3616438356164382,3.7651515151515156,-4.061634088286532,773.5527038566177,Clay
2025-04-14,43720,Alejandro Davidovich Fokina,Stan Wawrinka,P2,8.437022728273739,False,P1,0.613937109708786,0.386062890291214,1.2735229759299782,4.656000000000001,-8.437022728273739,765.1156811283439,Clay
2025-04-14,43752,Alexander Shevchenko,Flavio Cobolli,P1,3.6478918137660394,True,P1,0.3184894621372223,0.6815105378627777,4.054263565891473,1.3274111675126905,11.141623059099377,776.2573041874433,Clay
2025-04-14,43721,Laslo Djere,Arthur Rinderknech,P2,5.842974455543149,False,P1,0.6333530694246292,0.3666469305753708,1.341207349081365,3.930769230769231,-5.842974455543149,770.4143297319001,Clay
2025-04-14,43753,Botic Van De Zandschulp,Roberto Bautista Agut,P2,8.092509440966053,False,P1,0.4621020257472992,0.5378979742527008,1.7094017094017095,2.4096385542168677,-8.092509440966053,762.321820290934,Clay
2025-04-14,43722,Karen Khachanov,Cameron Norrie,P1,4.477499063788275,True,P1,0.6448089331388474,0.35519106686115265,1.6735537190082643,2.4846625766871164,3.0158361462706145,765.3376564372047,Clay
2025-04-14,43754,Alexander Zverev,Alexandre Muller,P2,0.8092079833009705,False,P1,0.8049006760120392,0.19509932398796082,1.216117216117216,5.627118644067797,-0.8092079833009705,764.5284484539037,Clay
2025-04-14,43723,Andrey Rublev,Jesper de Jong,P1,10.219034593403373,True,P1,0.7760394588112831,0.2239605411887169,1.4402515723270441,3.2714285714285714,4.498946047410292,769.027394501314,Clay
2025-04-14,43755,Ben Shelton,Borna Gojo,P2,4.721873352939509,False,P1,0.5759797394275665,0.42402026057243347,1.5229681978798588,2.9121621621621623,-4.721873352939509,764.3055211483745,Clay
2025-04-14,43724,Holger Rune,Albert Ramos-Vinolas,P2,1.7856192622383373,False,P1,0.801587663590908,0.19841233640909195,1.1892332789559545,6.28448275862069,-1.7856192622383373,762.5199018861362,Clay
2025-04-14,43756,Daniel Altmaier,Chun-Hsin Tseng,P2,2.6792477451759846,False,P1,0.599400132894516,0.400599867105484,1.5510948905109487,2.814569536423841,-2.6792477451759846,759.8406541409602,Clay
2025-04-14,43725,Jacob Fearnley,Roberto Carballes Baena,P1,11.946920414618631,True,P1,0.4484406113624573,0.5515593886375427,5.116666666666667,1.242914979757085,49.18148904018004,809.0221431811402,Clay
2025-04-14,43726,Sebastian Korda,Matteo Arnaldi,P1,9.892582709697676,True,P1,0.5743440389633179,0.42565596103668213,2.2906976744186047,1.7747747747747746,12.768333497400489,821.7904766785407,Clay
2025-04-14,43757,David Goffin,Billy Harris,P2,5.488693756192141,False,P1,0.626544177532196,0.37345582246780396,1.3828571428571428,3.6119402985074625,-5.488693756192141,816.3017829223486,Clay
2025-04-14,43758,Tallon Griekspoor,Learner Tien,P1,3.9659739136515237,True,P1,0.7252254411578178,0.27477455884218216,1.4375,3.285714285714286,1.7351135872225416,818.0368965095711,Clay
2025-04-14,43727,Pedro Martinez,Brandon Nakashima,P2,12.272299702223236,False,P1,0.3108947426080704,0.6891052573919296,2.2514285714285713,1.7990867579908678,-12.272299702223236,805.7645968073479,Clay
2025-04-14,43759,Miomir Kecmanovic,Marcos Giron,P1,6.160972463982081,True,P1,0.7195747643709183,0.2804252356290817,1.4948805460750851,3.020689655172414,3.048945417329015,808.8135422246769,Clay
2025-04-14,43728,Hamad Medjedovic,Giovanni Mpetshi Perricard,P2,12.52146184956463,False,P1,0.4597231149673462,0.5402768850326538,1.5017182130584192,2.9931506849315066,-12.52146184956463,796.2920803751123,Clay
2025-04-14,43760,Fabian Marozsan,Ugo Humbert,P2,3.0083358045547803,False,P1,0.4810868501663208,0.5189131498336792,1.9215686274509802,2.0851063829787235,-3.0083358045547803,793.2837445705575,Clay
2025-04-14,43729,Carlos Alcaraz,Laslo Djere,P2,0.33990476156504246,False,P1,0.8943547457456589,0.10564525425434113,1.1085427135678392,10.212962962962962,-0.33990476156504246,792.9438398089924,Clay
2025-04-14,43730,Alejandro Davidovich Fokina,Andrey Rublev,P1,0.10573886000005137,True,P1,0.4796523451805115,0.5203476548194885,2.090909090909091,1.9166666666666667,0.11535148363641966,793.0591912926288,Clay
2025-04-14,43761,Francisco Cerundolo,Alexander Shevchenko,P2,0.9687073820553082,False,P1,0.8536240682005882,0.14637593179941177,1.142857142857143,8.0,-0.9687073820553082,792.0904839105735,Clay
2025-04-14,43731,Alex de Minaur,Jacob Fearnley,P2,2.773374336258026,False,P1,0.834591418504715,0.16540858149528503,1.1142857142857143,9.749999999999998,-2.773374336258026,789.3171095743155,Clay
2025-04-14,43732,Karen Khachanov,Jaume Munar,P1,9.26727748877698,True,P1,0.6618512123823166,0.3381487876176834,1.7918552036199096,2.262857142857143,7.3383419028776995,796.6554514771932,Clay
2025-04-14,43763,David Goffin,Mariano Navone,P1,8.240136059628282,True,P1,0.46588650345802307,0.5341134965419769,3.0620689655172413,1.4849498327759196,16.99172884019901,813.6471803173922,Clay
2025-04-14,43764,Alexander Zverev,Daniel Altmaier,P1,10.019293053019519,True,P1,0.8807211443781853,0.11927885562181473,1.1880064829821717,6.318965517241379,1.8836920488659055,815.5308723662581,Clay
2025-04-14,43733,Casper Ruud,Hamad Medjedovic,P1,0.6540443293412874,True,P1,0.7077553868293762,0.2922446131706238,1.4224924012158056,3.3669064748201447,0.2763287592049817,815.807201125463,Clay
2025-04-14,43734,Stefanos Tsitsipas,Sebastian Korda,P2,0.36068154623209264,False,P1,0.7385474517941475,0.2614525482058525,1.3420365535248042,3.9236641221374047,-0.36068154623209264,815.446519579231,Clay
2025-04-14,43765,Ben Shelton,Botic Van De Zandschulp,P1,2.779332106346159,True,P1,0.5660930871963501,0.4339069128036499,1.8714285714285714,2.1475409836065573,2.421989406958796,817.8685089861898,Clay
2025-04-14,43766,Luciano Darderi,Miomir Kecmanovic,P2,8.96945190871394,False,P1,0.42112086713314056,0.5788791328668594,1.8537735849056602,2.1712707182320443,-8.96945190871394,808.8990570774758,Clay
2025-04-14,43735,Holger Rune,Sebastian Baez,P2,12.308450634419685,False,P1,0.38999906182289124,0.6100009381771088,1.7837837837837835,2.275862068965517,-12.308450634419685,796.5906064430561,Clay
2025-04-14,43736,Arthur Fils,Pedro Martinez,P2,2.4270007114817767,False,P1,0.7442844659090042,0.2557155340909958,1.2617021276595746,4.821138211382114,-2.4270007114817767,794.1636057315743,Clay
2025-04-14,43767,Tallon Griekspoor,Yannick Hanfmann,P2,6.002573357790421,False,P1,0.6001302152872086,0.39986978471279144,1.4144144144144142,3.4130434782608696,-6.002573357790421,788.1610323737839,Clay
2025-04-14,43768,Alexander Zverev,Tallon Griekspoor,P2,3.5797874743096996,False,P1,0.6887583434581757,0.31124165654182434,1.32,4.125,-3.5797874743096996,784.5812448994742,Clay
2025-04-14,43737,Carlos Alcaraz,Alex de Minaur,P2,5.436640127105451,False,P1,0.674474373459816,0.325525626540184,1.2771618625277161,4.608,-5.436640127105451,779.1446047723688,Clay
2025-04-14,43769,Ben Shelton,Luciano Darderi,P1,8.541389130318132,True,P1,0.5491171181201935,0.4508828818798065,2.3668639053254434,1.7316017316017311,11.674916503570936,790.8195212759397,Clay
2025-04-14,43738,Holger Rune,Casper Ruud,P2,4.92598182331229,False,P1,0.34162764251232147,0.6583723574876785,2.5624999999999996,1.6399999999999997,-4.92598182331229,785.8935394526274,Clay
2025-04-14,43770,Francisco Cerundolo,David Goffin,P2,4.715011168773961,False,P1,0.7292962074279785,0.2707037925720215,1.2066549912434326,5.8389830508474585,-4.715011168773961,781.1785282838534,Clay
2025-04-14,43771,Fabian Marozsan,Zizou Bergs,P1,1.8618303471740765,True,P1,0.5815507471561432,0.4184492528438568,1.7837837837837835,2.275862068965517,1.459272434271573,782.637800718125,Clay
2025-04-14,43740,Karen Khachanov,Alejandro Davidovich Fokina,P1,8.303026736970148,True,P1,0.49849024415016174,0.5015097558498383,2.7516339869281046,1.5708955223880594,14.543863826849671,797.1816645449748,Clay
2025-04-14,43741,Carlos Alcaraz,Arthur Fils,P1,6.926377987905112,True,P1,0.7749703228473663,0.22502967715263367,1.3743016759776538,3.6716417910447765,2.592554889327613,799.7742194343024,Clay
2025-04-14,43772,Alexander Zverev,Fabian Marozsan,P1,2.505647396345587,True,P1,0.8146586418151855,0.18534135818481445,1.2464646464646465,5.057377049180328,0.6175534997053771,800.3917729340078,Clay
2025-04-14,43773,Ben Shelton,Francisco Cerundolo,P1,4.32290952303612,True,P1,0.35630297660827637,0.6436970233917236,3.592592592592593,1.385714285714286,11.207543207871424,811.5993161418792,Clay
2025-04-14,43742,Holger Rune,Karen Khachanov,P2,11.995819786444052,False,P1,0.4301752746105194,0.5698247253894806,1.6374501992031876,2.5687499999999996,-11.995819786444052,799.6034963554351,Clay
2025-04-14,43743,Holger Rune,Carlos Alcaraz,P1,0.1494092575161671,True,P1,0.19112195819616318,0.8088780418038368,5.316666666666666,1.2316602316602316,0.6449499616114546,800.2484463170466,Clay
2025-04-14,43774,Alexander Zverev,Ben Shelton,P2,1.8003409636373073,False,P1,0.765864759683609,0.234135240316391,1.2469635627530362,5.049180327868852,-1.8003409636373073,798.4481053534093,Clay
2025-04-21,43775,Matteo Arnaldi,Borna Coric,P1,14.010940799719393,True,P1,0.7012065947055817,0.29879340529441833,1.8530805687203793,2.1722222222222225,11.952461345732186,810.4005666991416,Clay
2025-04-21,43776,Luciano Darderi,Quentin Halys,P2,0.5989153473565125,False,P1,0.6834015548229218,0.31659844517707825,1.4416403785488958,3.2642857142857147,-0.5989153473565125,809.801651351785,Clay
2025-04-21,43777,Gabriel Diallo,Zizou Bergs,P1,5.116391877887706,True,P1,0.45344844460487366,0.5465515553951263,2.670967741935484,1.5984555984555984,8.549325783051069,818.3509771348361,Clay
2025-04-21,43778,Damir Dzumhur,Mattia Bellucci,P2,2.446937669187055,False,P1,0.47009916603565216,0.5299008339643478,2.0,2.0,-2.446937669187055,815.904039465649,Clay
2025-04-21,43779,Tomas Martin Etcheverry,Hamad Medjedovic,P1,3.414453897649225,True,P1,0.4793735444545746,0.5206264555454254,2.3157894736842106,1.7599999999999998,4.492702496906875,820.3967419625559,Clay
2025-04-21,43780,Jacob Fearnley,Yunchaokete Bu,P2,8.977446909163483,False,P1,0.41460707783699036,0.5853929221630096,1.8840579710144931,2.1311475409836067,-8.977446909163483,811.4192950533924,Clay
2025-04-21,43782,Marcos Giron,Learner Tien,P1,4.817951539969465,True,P1,0.5975941568613052,0.40240584313869476,1.84037558685446,2.189944134078212,4.048888852838188,815.4681839062306,Clay
2025-04-21,43783,Tallon Griekspoor,Vit Kopriva,P1,8.366652943879629,True,P1,0.793414756655693,0.20658524334430695,1.351206434316354,3.847328244274809,2.93842234758239,818.406606253813,Clay
2025-04-21,43784,Nicolas Jarry,Daniel Altmaier,P1,8.2954955239047,True,P1,0.5421180427074432,0.45788195729255676,2.3491124260355027,1.7412280701754383,11.191556091421724,829.5981623452348,Clay
2025-04-21,43786,Kei Nishikori,Aleksandar Vukic,P2,2.2182219845458913,False,P1,0.6512580662965775,0.34874193370342255,1.4533762057877813,3.2056737588652484,-2.2182219845458913,827.3799403606889,Clay
2025-04-21,43787,Cameron Norrie,Martin Landaluce,P1,6.299225339974049,True,P1,0.7839117646217346,0.21608823537826538,1.3421052631578947,3.9230769230769225,2.1549981426227007,829.5349385033117,Clay
2025-04-21,43788,Reilly Opelka,Rinky Hijikata,P1,2.375085772128978,True,P1,0.6928639858961105,0.30713601410388947,1.483221476510067,3.069444444444444,1.1476924536462174,830.6826309569578,Clay
2025-04-21,43789,Lorenzo Sonego,Miomir Kecmanovic,P2,13.239158523194375,False,P1,0.2868405431509018,0.7131594568490982,2.375,1.7272727272727275,-13.239158523194375,817.4434724337634,Clay
2025-04-21,43791,Roberto Bautista Agut,Jaume Munar,P1,8.71366850831807,True,P1,0.49406275153160095,0.505937248468399,2.8013245033112586,1.5551470588235292,15.696144597765004,833.1396170315285,Clay
2025-04-21,43792,Benjamin Bonzi,Marin Cilic,P1,5.519169591920143,True,P1,0.3610561490058899,0.6389438509941101,3.7954545454545445,1.3577235772357723,15.428587722867666,848.5682047543961,Clay
2025-04-21,43793,Nuno Borges,Pablo Carreno Busta,P2,9.92633677004645,False,P1,0.4399452656507492,0.5600547343492508,1.7412280701754383,2.3491124260355027,-9.92633677004645,838.6418679843497,Clay
2025-04-21,43794,Alexander Bublik,Alex Michelsen,P2,1.3657871575464462,False,P1,0.47124743461608887,0.5287525653839111,2.0529100529100535,1.9497487437185932,-1.3657871575464462,837.2760808268032,Clay
2025-04-21,43795,Juan Manuel Cerundolo,Aleksandar Kovacevic,P2,12.911509593647912,False,P1,0.41014474630355835,0.5898552536964417,1.686192468619247,2.457317073170732,-12.911509593647912,824.3645712331553,Clay
2025-04-21,43797,Flavio Cobolli,Fabian Marozsan,P1,4.277490563768346,True,P1,0.4716295301914215,0.5283704698085785,2.436363636363637,1.6962025316455698,6.144031900685445,830.5086031338408,Clay
2025-04-21,43798,Francisco Comesana,Pedro Martinez,P2,3.293154976341473,False,P1,0.47336527705192566,0.5266347229480743,1.945,2.0582010582010586,-3.293154976341473,827.2154481574993,Clay
2025-04-21,43799,Laslo Djere,Fabio Fognini,P2,9.225068355874495,False,P1,0.6085288375616074,0.39147116243839264,1.2767857142857142,4.612903225806452,-9.225068355874495,817.9903798016248,Clay
2025-04-21,43801,Gael Monfils,Borna Gojo,P1,1.5506017923700866,True,P1,0.5983284562826157,0.40167154371738434,1.7167381974248928,2.3952095808383236,1.1113755335871436,819.101755335212,Clay
2025-04-21,43802,Mariano Navone,Giovanni Mpetshi Perricard,P2,4.967909236957076,False,P1,0.5250495374202728,0.4749504625797272,1.6735537190082643,2.4846625766871164,-4.967909236957076,814.1338460982549,Clay
2025-04-21,43803,Christopher O'Connell,Camilo Ugo Carabelli,P1,2.808799174525348,True,P1,0.4743979871273041,0.5256020128726959,2.296511627906977,1.7713004484304933,3.6416407902276315,817.7754868884825,Clay
2025-04-21,43804,Sebastian Ofner,Hugo Gaston,P1,3.470850977742451,True,P1,0.45686452090740204,0.543135479092598,2.460122699386503,1.684873949579832,5.067868298789591,822.8433551872721,Clay
2025-04-21,43805,Ethan Quinn,Dusan Lajovic,P2,3.9144849830762443,False,P1,0.3379577696323395,0.6620422303676605,2.6774193548387095,1.5961538461538458,-3.9144849830762443,818.9288702041958,Clay
2025-04-21,43806,Arthur Rinderknech,Roman Safiullin,P1,3.463810350716957,True,P1,0.4382225275039673,0.5617774724960327,2.5886075949367084,1.6294820717131475,5.502635430569342,824.4315056347652,Clay
2025-04-21,43807,Matteo Arnaldi,Novak Djokovic,P2,14.288654703188037,False,P1,0.16052072495222092,0.8394792750477791,4.0703125,1.3256997455470738,-14.288654703188037,810.1428509315772,Clay
2025-04-21,43808,Jack Draper,Tallon Griekspoor,P2,2.8054105578398567,False,P1,0.5746717154979706,0.4253282845020294,1.6196078431372551,2.613924050632911,-2.8054105578398567,807.3374403737373,Clay
2025-04-21,43809,Alex de Minaur,Lorenzo Sonego,P1,8.481862588809172,True,P1,0.8589925691485405,0.1410074308514595,1.2173112338858196,5.601694915254238,1.8432040248240935,809.1806443985614,Clay
2025-04-21,43810,Lorenzo Musetti,Tomas Martin Etcheverry,P1,3.8852333324688844,True,P1,0.7000459283590317,0.2999540716409683,1.4965986394557824,3.0136986301369864,1.9294015868723036,811.1100459854338,Clay
2025-04-21,43811,Tommy Paul,Joao Fonseca,P1,10.625373211214407,True,P1,0.5380837321281433,0.4619162678718567,2.673076923076923,1.5977011494252877,17.777066718762566,828.8871127041963,Clay
2025-04-21,43812,Grigor Dimitrov,Nicolas Jarry,P2,0.24233887731217846,False,P1,0.6061906516551971,0.39380934834480286,1.6399999999999997,2.5624999999999996,-0.24233887731217846,828.6447738268841,Clay
2025-04-21,43814,Stefanos Tsitsipas,Jan-Lennard Struff,P1,4.5853422609005925,True,P1,0.7876977473497391,0.21230225265026093,1.3135802469135802,4.188976377952756,1.4378727583564819,830.0826465852406,Clay
2025-04-21,43815,Jacob Fearnley,Tomas Machac,P2,2.261224089301973,False,P1,0.286333367228508,0.713666632771492,3.302158273381295,1.4343749999999997,-2.261224089301973,827.8214224959386,Clay
2025-04-21,43816,Alexandre Muller,Ugo Humbert,P1,0.7018742590500378,True,P1,0.49967895448207855,0.5003210455179214,2.036458333333334,1.964824120603015,0.7274634247445708,828.5488859206831,Clay
2025-04-21,43817,Karen Khachanov,Reilly Opelka,P1,0.3536804829994413,True,P1,0.7286738008260727,0.2713261991739273,1.376770538243626,3.6541353383458643,0.1332563859459651,828.6821423066291,Clay
2025-04-21,43818,Cameron Norrie,Jiri Lehecka,P1,7.353239198056254,True,P1,0.43124720454216003,0.56875279545784,3.24113475177305,1.4462025316455696,16.479599904863665,845.1617422114928,Clay
2025-04-21,43819,Denis Shapovalov,Kei Nishikori,P1,3.0052147468012156,True,P1,0.5721932500600815,0.4278067499399185,1.8537735849056602,2.1712707182320443,2.56577296778783,847.7275151792805,Clay
2025-04-21,43820,Matteo Berrettini,Marcos Giron,P1,10.681762561719472,True,P1,0.8635883294045925,0.13641167059540749,1.2230483271375465,5.483333333333333,2.3825492702720017,850.1100644495525,Clay
2025-04-21,43821,Damir Dzumhur,Sebastian Baez,P1,5.924509379491841,True,P1,0.3491680920124054,0.6508319079875946,4.10236220472441,1.322335025380711,18.379973980470755,868.4900384300232,Clay
2025-04-21,43822,Gabriel Diallo,Kamil Majchrzak,P1,3.307320474970751,True,P1,0.520360603928566,0.479639396071434,2.079787234042553,1.9261083743842367,3.5712024277609697,872.0612408577842,Clay
2025-04-21,43823,Alexander Zverev,Roberto Bautista Agut,P1,8.839951277127337,True,P1,0.906901340931654,0.09309865906834602,1.1322115384615383,8.563636363636364,1.1687435582740457,873.2299844160583,Clay
2025-04-21,43824,Taylor Fritz,Christopher O'Connell,P2,0.9392005361196397,False,P1,0.7412795796990395,0.25872042030096054,1.32,4.125,-0.9392005361196397,872.2907838799387,Clay
2025-04-21,43828,Ben Shelton,Mariano Navone,P1,10.164752709874945,True,P1,0.6448262184858322,0.3551737815141678,1.862559241706161,2.1593406593406588,8.767701389560377,881.058485269499,Clay
2025-04-21,43829,Francisco Comesana,Arthur Fils,P1,1.831221349610082,True,P1,0.21949897706508636,0.7805010229349136,5.386554621848739,1.2279693486590038,8.03275247476019,889.0912377442592,Clay
2025-04-21,43830,Casper Ruud,Arthur Rinderknech,P2,1.977077347926901,False,P1,0.8142419010400772,0.1857580989599228,1.17351598173516,6.763157894736843,-1.977077347926901,887.1141603963323,Clay
2025-04-21,43831,Juan Manuel Cerundolo,Felix Auger-Aliassime,P1,1.20612503406903,True,P1,0.2789776772260666,0.7210223227739334,3.8636363636363633,1.3492063492063493,3.453903506652222,890.5680639029845,Clay
2025-04-21,43832,Francisco Cerundolo,Harold Mayot,P2,2.354337752901917,False,P1,0.8199351280927658,0.1800648719072342,1.1551246537396123,7.44642857142857,-2.354337752901917,888.2137261500826,Clay
2025-04-21,43833,Jakub Mensik,Ethan Quinn,P1,8.804466707913415,True,P1,0.7589513063430786,0.2410486936569214,1.4299065420560748,3.3260869565217397,3.785097837046889,891.9988239871295,Clay
2025-04-21,43835,Alexander Bublik,Alexei Popyrin,P1,9.961171947421935,True,P1,0.5317226946353912,0.46827730536460876,2.518518518518518,1.6585365853658534,15.12622406830738,907.1250480554369,Clay
2025-04-21,43836,Benjamin Bonzi,Hubert Hurkacz,P1,4.2468821111256485,True,P1,0.40129944682121277,0.5987005531787872,2.9459459459459456,1.5138888888888888,8.264203027055315,915.3892510824921,Clay
2025-04-21,43837,Alejandro Davidovich Fokina,Nuno Borges,P2,8.042070130114137,False,P1,0.5676044374704361,0.4323955625295639,1.4522292993630572,3.211267605633803,-8.042070130114137,907.347180952378,Clay
2025-04-21,43838,Brandon Nakashima,Sebastian Ofner,P1,10.254586736634309,True,P1,0.6784770041704178,0.3215229958295822,1.7106382978723402,2.407185628742515,7.287302063906082,914.6344830162841,Clay
2025-04-21,43840,Alex de Minaur,Denis Shapovalov,P2,2.780350474233027,False,P1,0.7316073477268219,0.2683926522731781,1.2837528604118993,4.524193548387097,-2.780350474233027,911.854132542051,Clay
2025-04-21,43841,Lorenzo Musetti,Stefanos Tsitsipas,P2,14.757038301236568,False,P1,0.3200021982192993,0.6799978017807007,2.1135135135135137,1.898058252427185,-14.757038301236568,897.0970942408145,Clay
2025-04-21,43842,Tommy Paul,Karen Khachanov,P2,5.519936774418442,False,P1,0.48176077008247375,0.5182392299175262,1.8202764976958523,2.2191011235955056,-5.519936774418442,891.5771574663961,Clay
2025-04-21,43843,Frances Tiafoe,Alexandre Muller,P2,0.7558162416450848,False,P1,0.5617402344942093,0.4382597655057907,1.75,2.333333333333333,-0.7558162416450848,890.821341224751,Clay
2025-04-21,43844,Gabriel Diallo,Cameron Norrie,P1,1.9983129430417335,True,P1,0.4956299811601639,0.5043700188398361,2.1189189189189186,1.8937198067632852,2.235950157889939,893.057291382641,Clay
2025-04-21,43845,Grigor Dimitrov,Jacob Fearnley,P1,4.298131342071421,True,P1,0.755350261926651,0.244649738073349,1.3711911357340723,3.6940298507462686,1.5954282543977027,894.6527196370387,Clay
2025-04-21,43846,Matteo Arnaldi,Damir Dzumhur,P2,1.21443559543017,False,P1,0.6720353960990906,0.3279646039009094,1.4476190476190474,3.234042553191489,-1.21443559543017,893.4382840416085,Clay
2025-04-21,43847,Alexander Zverev,Alejandro Davidovich Fokina,P1,9.110566178702292,True,P1,0.7895120158791542,0.2104879841208458,1.3594594594594593,3.781954887218045,3.2748791939659583,896.7131632355745,Clay
2025-04-21,43849,Alexander Bublik,Andrey Rublev,P1,5.043149992482923,True,P1,0.31197625398635864,0.6880237460136414,4.448818897637795,1.2899543378995435,17.39291099769701,914.1060742332714,Clay
2025-04-21,43850,Daniil Medvedev,Juan Manuel Cerundolo,P1,18.282121484665428,True,P1,0.8529812768101692,0.14701872318983078,1.3636363636363635,3.749999999999999,6.648044176241972,920.7541184095135,Clay
2025-04-21,43851,Jakub Mensik,Ben Shelton,P2,5.4312124950016765,False,P1,0.4976675510406494,0.5023324489593506,1.7723214285714286,2.294797687861272,-5.4312124950016765,915.3229059145118,Clay
2025-04-21,43852,Casper Ruud,Sebastian Korda,P2,6.881385451069122,False,P1,0.599639505147934,0.40036049485206604,1.4169184290030208,3.3985507246376816,-6.881385451069122,908.4415204634427,Clay
2025-04-21,43853,Francisco Cerundolo,Francisco Comesana,P1,3.0238424531302517,True,P1,0.7886259257793427,0.21137407422065735,1.2927400468384076,4.416,0.8851997813613152,909.3267202448039,Clay
2025-04-21,43854,Brandon Nakashima,Flavio Cobolli,P1,10.682606965324803,True,P1,0.5250816345214844,0.4749183654785156,2.6369426751592355,1.6108949416342413,17.486815223493466,926.8135354682975,Clay
2025-04-21,43855,Jack Draper,Tommy Paul,P1,1.525460629691463,True,P1,0.620243564248085,0.379756435751915,1.6465863453815262,2.546583850931677,0.9863420135756047,927.7998774818731,Clay
2025-04-21,43856,Lorenzo Musetti,Alex de Minaur,P2,9.212729692874605,False,P1,0.3434601277112961,0.6565398722887039,2.333333333333333,1.75,-9.212729692874605,918.5871477889984,Clay
2025-04-21,43857,Gabriel Diallo,Grigor Dimitrov,P1,1.8909363954230591,True,P1,0.3226991891860962,0.6773008108139038,3.4057971014492754,1.4156626506024097,4.549209299133737,923.1363570881322,Clay
2025-04-21,43858,Matteo Arnaldi,Frances Tiafoe,P2,6.274415388931646,False,P1,0.4715065062046051,0.5284934937953949,1.832558139534884,2.201117318435754,-6.274415388931646,916.8619416992005,Clay
2025-04-21,43859,Francisco Cerundolo,Alexander Zverev,P2,8.424936401286981,False,P1,0.2985706478357315,0.7014293521642685,2.7337662337662336,1.5767790262172285,-8.424936401286981,908.4370052979135,Clay
2025-04-21,43860,Casper Ruud,Taylor Fritz,P1,3.5003330077568964,True,P1,0.6067685931921005,0.3932314068078995,1.74235807860262,2.347058823529412,2.5985004861077394,911.0355057840212,Clay
2025-04-21,43861,Daniil Medvedev,Brandon Nakashima,P2,1.575338917671294,False,P1,0.6606603115797043,0.3393396884202957,1.461290322580645,3.167832167832168,-1.575338917671294,909.4601668663499,Clay
2025-04-21,43862,Jakub Mensik,Alexander Bublik,P2,10.611274128550406,False,P1,0.5574193298816681,0.4425806701183319,1.3753501400560222,3.6641791044776113,-10.611274128550406,898.8488927377996,Clay
2025-04-21,43863,Jack Draper,Matteo Arnaldi,P2,0.5299235178315007,False,P1,0.7353663444519043,0.2646336555480957,1.3438320209973753,3.9083969465648853,-0.5299235178315007,898.318969219968,Clay
2025-04-21,43864,Casper Ruud,Daniil Medvedev,P1,6.520410141396406,True,P1,0.7018031924962997,0.29819680750370026,1.5357142857142856,2.8666666666666667,3.4930768614623595,901.8120460814304,Clay
2025-04-21,43865,Lorenzo Musetti,Gabriel Diallo,P2,12.181684394669604,False,P1,0.5845862329006195,0.4154137670993805,1.2484725050916494,5.024590163934427,-12.181684394669604,889.6303616867608,Clay
2025-04-21,43866,Francisco Cerundolo,Jakub Mensik,P1,6.57906738634415,True,P1,0.6430128365755081,0.3569871634244919,1.7210300429184548,2.3869047619047614,4.743705239939129,894.3740669266999,Clay
2025-04-21,43867,Jack Draper,Lorenzo Musetti,P2,1.0222209291682351,False,P1,0.602412223815918,0.39758777618408203,1.6220472440944884,2.6075949367088613,-1.0222209291682351,893.3518459975317,Clay
2025-04-21,43868,Casper Ruud,Francisco Cerundolo,P1,8.430327316646801,True,P1,0.5985277146100998,0.4014722853899002,1.979695431472081,2.0207253886010363,8.259153157933158,901.6109991554648,Clay
2025-04-21,43869,Casper Ruud,Jack Draper,P1,14.317813578606064,True,P1,0.546106368303299,0.45389363169670105,2.9863945578231292,1.5034246575342465,28.44082697246919,930.051826127934,Clay
2025-05-05,43870,Roberto Bautista Agut,Matteo Arnaldi,P1,7.390563567896017,True,P1,0.3387433886528015,0.6612566113471985,4.67741935483871,1.2719298245614037,27.178201507746643,957.2300276356806,Clay
2025-05-05,43871,Alexander Bublik,Roman Safiullin,P1,2.8231183891338434,True,P1,0.5210258662700653,0.4789741337299347,2.0366492146596857,1.9646464646464645,2.9265834609869157,960.1566110966675,Clay
2025-05-05,43872,Jesper de Jong,Alexander Shevchenko,P2,3.5294512779916176,False,P1,0.5558890551328659,0.4441109448671341,1.6666666666666667,2.5,-3.5294512779916176,956.6271598186759,Clay
2025-05-05,43873,Jacob Fearnley,Fabio Fognini,P2,7.207730843479053,False,P1,0.5782129466533661,0.4217870533466339,1.4688524590163936,3.132867132867133,-7.207730843479053,949.4194289751969,Clay
2025-05-05,43875,Marcos Giron,Gabriel Diallo,P2,12.324985598679447,False,P1,0.2814473807811737,0.7185526192188263,2.630573248407643,1.61328125,-12.324985598679447,937.0944433765175,Clay
2025-05-05,43876,Nicolas Jarry,Hugo Gaston,P2,1.0465225428214466,False,P1,0.614264041185379,0.38573595881462097,1.5916030534351142,2.690322580645161,-1.0465225428214466,936.047920833696,Clay
2025-05-05,43877,Fabian Marozsan,Joao Fonseca,P1,13.834084259881562,True,P1,0.5143570303916931,0.4856429696083069,3.2198581560283692,1.450479233226837,30.70970477548177,966.7576256091778,Clay
2025-05-05,43878,Pedro Martinez,Mattia Bellucci,P2,13.557976363638886,False,P1,0.40802963078022003,0.59197036921978,1.763392857142857,2.309941520467836,-13.557976363638886,953.1996492455389,Clay
2025-05-05,43879,Jaume Munar,Tomas Barrios Vera,P1,16.78014698138288,True,P1,0.7459138929843903,0.25408610701560974,1.6451612903225807,2.55,10.825901278311537,964.0255505238505,Clay
2025-05-05,43880,Luca Nardi,Flavio Cobolli,P2,6.080893718517391,False,P1,0.2593342661857605,0.7406657338142395,3.369565217391305,1.4220183486238531,-6.080893718517391,957.9446568053331,Clay
2025-05-05,43883,Thiago Seyboth Wild,Nuno Borges,P2,8.375982654626569,False,P1,0.37985338270664215,0.6201466172933578,2.1722222222222225,1.8530805687203793,-8.375982654626569,949.5686741507066,Clay
2025-05-05,43884,Learner Tien,Reilly Opelka,P2,2.666279453408076,False,P1,0.47798697650432587,0.5220130234956741,1.9746192893401011,2.0260416666666665,-2.666279453408076,946.9023946972985,Clay
2025-05-05,43885,Aleksandar Vukic,Nicolas Moreno De Alboran,P1,14.027720536373122,True,P1,0.5993973612785339,0.40060263872146606,2.3216374269005846,1.756637168141593,18.539560474972664,965.4419551722712,Clay
2025-05-05,43887,Francisco Comesana,Daniel Altmaier,P1,7.01381393918675,True,P1,0.6140756458044052,0.3859243541955948,1.8232558139534885,2.214689265536723,5.77416310342351,971.2161182756946,Clay
2025-05-05,43888,Luciano Darderi,Yunchaokete Bu,P2,2.5894680393062597,False,P1,0.6651213318109512,0.33487866818904877,1.4233128834355828,3.3623188405797104,-2.5894680393062597,968.6266502363884,Clay
2025-05-05,43889,Laslo Djere,Tomas Martin Etcheverry,P1,0.9974985931652514,True,P1,0.5191101878881454,0.48088981211185455,1.9646464646464645,2.0366492146596857,0.9622334913866818,969.588883727775,Clay
2025-05-05,43891,Tallon Griekspoor,Miomir Kecmanovic,P2,3.354202169229098,False,P1,0.5543296486139297,0.44567035138607025,1.6791666666666667,2.4723926380368098,-3.354202169229098,966.234681558546,Clay
2025-05-05,43892,Vit Kopriva,Quentin Halys,P2,19.32469363117092,False,P1,0.2920072376728058,0.7079927623271942,1.5855513307984792,2.707792207792208,-19.32469363117092,946.909987927375,Clay
2025-05-05,43893,Dusan Lajovic,Yoshihito Nishioka,P2,18.9381997585475,False,P1,0.3473350256681442,0.6526649743318558,1.2792792792792793,4.580645161290324,-18.9381997585475,927.9717881688275,Clay
2025-05-05,43894,Corentin Moutet,Rinky Hijikata,P2,8.182817544117052,False,P1,0.6212875992059708,0.37871240079402924,1.3256997455470738,4.0703125,-8.182817544117052,919.7889706247105,Clay
2025-05-05,43895,Alexandre Muller,Jiri Lehecka,P1,2.542011396406728,True,P1,0.41933901607990265,0.5806609839200974,2.5949367088607596,1.626984126984127,4.05434729047149,923.843317915182,Clay
2025-05-05,43896,Cameron Norrie,Christopher O'Connell,P1,10.83845884102336,True,P1,0.6777425110340118,0.32225748896598816,1.7272727272727275,2.375,7.882515520744265,931.7258334359262,Clay
2025-05-05,43897,Francesco Passaro,Chun-Hsin Tseng,P1,4.349619303271118,True,P1,0.4358239769935608,0.5641760230064392,2.647435897435897,1.6070038910505835,7.165718980388955,938.8915524163152,Clay
2025-05-05,43898,Carlos Taberner,Aleksandar Kovacevic,P2,18.777831048326306,False,P1,0.3515566885471344,0.6484433114528656,1.6571428571428568,2.5217391304347827,-18.777831048326306,920.1137213679889,Clay
2025-05-05,43899,Jordan Thompson,Giovanni Mpetshi Perricard,P2,1.4463081202805084,False,P1,0.5383633673191071,0.46163663268089294,1.7990867579908678,2.2514285714285713,-1.4463081202805084,918.6674132477084,Clay
2025-05-05,43900,Camilo Ugo Carabelli,Pablo Carreno Busta,P2,6.464383904036945,False,P1,0.4329463988542557,0.5670536011457443,1.9846938775510201,2.0155440414507773,-6.464383904036945,912.2030293436715,Clay
2025-05-05,43901,Otto Virtanen,Hamad Medjedovic,P1,10.450256337731998,True,P1,0.4097515344619751,0.5902484655380249,4.26771653543307,1.306024096385542,34.14847543432109,946.3515047779925,Clay
2025-05-05,43902,Jannik Sinner,Mariano Navone,P2,0.5205691984534196,False,P1,0.8893673196434975,0.11063268035650253,1.1120246659815005,9.926605504587156,-0.5205691984534196,945.8309355795391,Clay
2025-05-05,43903,Marcos Giron,Taylor Fritz,P1,0.5480312804118908,True,P1,0.1728482022881508,0.8271517977118492,6.129310344827586,1.1949579831932773,2.811022515905819,948.6419580954449,Clay
2025-05-05,43904,Casper Ruud,Alexander Bublik,P2,6.262318228742213,False,P1,0.7125544548034668,0.2874455451965332,1.2181146025878005,5.584745762711864,-6.262318228742213,942.3796398667027,Clay
2025-05-05,43905,Alex de Minaur,Luca Nardi,P1,1.2768236817122651,True,P1,0.8855409249663353,0.1144590750336647,1.1333333333333333,8.5,0.1702431575616353,942.5498830242644,Clay
2025-05-05,43906,Tommy Paul,Roberto Bautista Agut,P2,8.199003367368705,False,P1,0.6497305482625961,0.35026945173740387,1.2713347921225382,4.685483870967742,-8.199003367368705,934.3508796568957,Clay
2025-05-05,43907,Jaume Munar,Ben Shelton,P2,7.281531473207571,False,P1,0.37210074067115784,0.6278992593288422,2.268571428571429,1.7882882882882885,-7.281531473207571,927.0693481836881,Clay
2025-05-05,43908,Sebastian Ofner,Frances Tiafoe,P2,1.7800456928303279,False,P1,0.41903407871723175,0.5809659212827682,2.294797687861272,1.7723214285714286,-1.7800456928303279,925.2893024908578,Clay
2025-05-05,43909,Fabian Marozsan,Andrey Rublev,P2,5.164369560555306,False,P1,0.40914882719516754,0.5908511728048325,2.1712707182320443,1.8537735849056602,-5.164369560555306,920.1249329303025,Clay
2025-05-05,43910,Francisco Cerundolo,Nicolas Jarry,P2,7.515519070929574,False,P1,0.6706734597682953,0.3293265402317047,1.2474645030425964,5.0409836065573765,-7.515519070929574,912.6094138593729,Clay
2025-05-05,43911,Tomas Machac,Learner Tien,P2,1.6041322413433183,False,P1,0.715609222650528,0.28439077734947205,1.3482849604221636,3.8712121212121207,-1.6041322413433183,911.0052816180296,Clay
2025-05-05,43913,Sebastian Korda,Aleksandar Vukic,P2,4.8221896614817545,False,P1,0.6362474709749222,0.3637525290250778,1.4053254437869822,3.4671532846715327,-4.8221896614817545,906.1830919565479,Clay
2025-05-05,43914,Jesper de Jong,Alejandro Davidovich Fokina,P1,5.687956777330842,True,P1,0.3383776843547821,0.6616223156452179,4.108527131782946,1.3216957605985038,17.68116796674161,923.8642599232894,Clay
2025-05-05,43915,Matteo Berrettini,Jacob Fearnley,P1,9.04748624606127,True,P1,0.7805406972765923,0.21945930272340775,1.3753501400560222,3.6641791044776113,3.395975229614032,927.2602351529034,Clay
2025-05-05,43916,Hubert Hurkacz,Pedro Martinez,P1,16.216618196905756,True,P1,0.718290388584137,0.28170961141586304,1.7644444444444443,2.308139534883721,12.396703688301287,939.6569388412047,Clay
2025-05-05,43917,Hugo Dellien,Thiago Seyboth Wild,P1,1.6921031599574163,True,P1,0.3824117183685303,0.6175882816314697,2.7828947368421053,1.5608856088560885,3.0168418180819727,942.6737806592866,Clay
2025-05-05,43918,Alexander Zverev,Camilo Ugo Carabelli,P2,0.6147264678699447,False,P1,0.87662098929286,0.12337901070713997,1.125866050808314,8.944954128440367,-0.6147264678699447,942.0590541914167,Clay
2025-05-05,43919,Carlos Alcaraz,Dusan Lajovic,P2,2.341558096579194,False,P1,0.8874545693397522,0.1125454306602478,1.0708024275118004,15.123809523809523,-2.341558096579194,939.7174960948375,Clay
2025-05-05,43920,Jack Draper,Luciano Darderi,P1,5.957067305170919,True,P1,0.8108284696936607,0.18917153030633926,1.2765486725663715,4.616,1.6474190556335495,941.3649151504711,Clay
2025-05-05,43921,Lorenzo Musetti,Otto Virtanen,P2,4.848523261168975,False,P1,0.8063675537705421,0.19363244622945786,1.112382934443288,9.898148148148145,-4.848523261168975,936.5163918893021,Clay
2025-05-05,43922,Holger Rune,Francisco Comesana,P2,7.250411086872129,False,P1,0.6113570183515549,0.38864298164844513,1.3824362606232292,3.6148148148148143,-7.250411086872129,929.26598080243,Clay
2025-05-05,43923,Daniil Medvedev,Cameron Norrie,P2,14.67738530298596,False,P1,0.5024984776973724,0.49750152230262756,1.3614130434782608,3.7669172932330826,-14.67738530298596,914.5885954994441,Clay
2025-05-05,43924,Arthur Fils,Tallon Griekspoor,P2,6.003081175193735,False,P1,0.5552470982074738,0.44475290179252625,1.5645756457564575,2.7712418300653594,-6.003081175193735,908.5855143242503,Clay
2025-05-05,43925,Francesco Passaro,Grigor Dimitrov,P1,0.9191884552126074,True,P1,0.2524743676185608,0.7475256323814392,4.218749999999999,1.3106796116504853,2.9586378402155793,911.5441521644659,Clay
2025-05-05,43926,Stefanos Tsitsipas,Alexandre Muller,P2,0.7812779563520591,False,P1,0.7347393557429314,0.26526064425706863,1.337696335078534,3.9612403100775198,-0.7812779563520591,910.7628742081139,Clay
2025-05-05,43929,Alexei Popyrin,Carlos Taberner,P2,0.830351080499677,False,P1,0.6254037022590637,0.3745962977409363,1.569811320754717,2.754966887417219,-0.830351080499677,909.9325231276142,Clay
2025-05-05,43930,Vilius Gaubas,Denis Shapovalov,P2,12.430688927227578,False,P1,0.25352713465690613,0.7464728653430939,2.8666666666666667,1.5357142857142856,-12.430688927227578,897.5018342003866,Clay
2025-05-05,43932,Laslo Djere,Alex Michelsen,P2,9.357837426921972,False,P1,0.5388350784778595,0.4611649215221405,1.4688524590163936,3.132867132867133,-9.357837426921972,888.1439967734647,Clay
2025-05-05,43933,Vit Kopriva,Sebastian Baez,P2,7.863304926098021,False,P1,0.29033181071281433,0.7096681892871857,2.834437086092715,1.5451263537906137,-7.863304926098021,880.2806918473666,Clay
2025-05-05,43934,Jannik Sinner,Jesper de Jong,P1,0.9580254728783111,True,P1,0.9401551187038422,0.05984488129615784,1.0651629072681703,16.346153846153847,0.062427725049714396,880.3431195724163,Clay
2025-05-05,43936,Alex de Minaur,Hugo Dellien,P2,0.35847989323821267,False,P1,0.9340347088873386,0.06596529111266136,1.061904761904762,17.153846153846153,-0.35847989323821267,879.984639679178,Clay
2025-05-05,43937,Tommy Paul,Tomas Machac,P2,8.772360874794945,False,P1,0.4566376954317093,0.5433623045682907,1.7533039647577093,2.327485380116959,-8.772360874794945,871.2122788043831,Clay
2025-05-05,43938,Francisco Cerundolo,Sebastian Ofner,P2,2.5506378958122147,False,P1,0.7777772769331932,0.2222227230668068,1.2104316546762588,5.752136752136751,-2.5506378958122147,868.6616409085709,Clay
2025-05-05,43939,Jakub Mensik,Fabian Marozsan,P2,0.9424699520766316,False,P1,0.5614808201789856,0.4385191798210144,1.74235807860262,2.347058823529412,-0.9424699520766316,867.7191709564943,Clay
2025-05-05,43940,Jaume Munar,Sebastian Korda,P2,8.710920222384035,False,P1,0.36808979511260986,0.6319102048873901,2.1712707182320443,1.8537735849056602,-8.710920222384035,859.0082507341102,Clay
2025-05-05,43941,Hubert Hurkacz,Marcos Giron,P1,7.180736652170124,True,P1,0.7088065296411514,0.29119347035884857,1.5376344086021503,2.86,3.860611103317269,862.8688618374275,Clay
2025-05-05,43942,Alexander Zverev,Vilius Gaubas,P2,1.3457089839174612,False,P1,0.8917689584195614,0.10823104158043861,1.0863895680521598,12.575471698113207,-1.3457089839174612,861.52315285351,Clay
2025-05-05,43943,Carlos Alcaraz,Laslo Djere,P2,2.665798566064762,False,P1,0.8389859795570374,0.16101402044296265,1.1181525241675616,9.463636363636363,-2.665798566064762,858.8573542874453,Clay
2025-05-05,43944,Jack Draper,Vit Kopriva,P1,9.629704734933176,True,P1,0.8953197486698627,0.10468025133013725,1.1559888579387188,7.410714285714286,1.5021266438892984,860.3594809313346,Clay
2025-05-05,43945,Lorenzo Musetti,Brandon Nakashima,P2,8.541300748429741,False,P1,0.6583756655454636,0.34162433445453644,1.2173112338858196,5.601694915254238,-8.541300748429741,851.8181801829048,Clay
2025-05-05,43946,Corentin Moutet,Holger Rune,P1,4.359624136662994,True,P1,0.27553848922252655,0.7244615107774734,5.183333333333333,1.2390438247011952,18.237760971706855,870.0559411546117,Clay
2025-05-05,43947,Daniil Medvedev,Alexei Popyrin,P2,5.381210146851551,False,P1,0.6305760592222214,0.3694239407777786,1.3896848137535818,3.566176470588235,-5.381210146851551,864.6747310077601,Clay
2025-05-05,43948,Arthur Fils,Stefanos Tsitsipas,P2,6.540079787381831,False,P1,0.46098391711711884,0.5390160828828812,1.841121495327103,2.188888888888889,-6.540079787381831,858.1346512203783,Clay
2025-05-05,43949,Karen Khachanov,Francesco Passaro,P2,1.5862947522915576,False,P1,0.6471033543348312,0.35289664566516876,1.488215488215488,3.048275862068966,-1.5862947522915576,856.5483564680867,Clay
2025-05-05,43950,Casper Ruud,Jaume Munar,P2,1.0749613391139217,False,P1,0.7671894729137421,0.23281052708625793,1.2707423580786024,4.693548387096774,-1.0749613391139217,855.4733951289728,Clay
2025-05-05,43951,Jannik Sinner,Francisco Cerundolo,P1,2.488959818277851,True,P1,0.7703334391117096,0.2296665608882904,1.3225000000000002,4.10077519379845,0.8026895413946076,856.2760846703674,Clay
2025-05-05,43952,Alexander Zverev,Arthur Fils,P1,3.1569087630458452,True,P1,0.6504243165254593,0.3495756834745407,1.606177606177606,2.6496815286624202,1.9136473969042378,858.1897320672716,Clay
2025-05-05,43953,Carlos Alcaraz,Karen Khachanov,P2,4.254276559251285,False,P1,0.8168899640440941,0.18311003595590591,1.1027857829010566,10.728971962616821,-4.254276559251285,853.9354555080204,Clay
2025-05-05,43954,Jack Draper,Corentin Moutet,P1,5.849487587262349,True,P1,0.884244404733181,0.115755595266819,1.1549100968188104,7.455357142857143,0.9061446884832401,854.8416001965036,Clay
2025-05-05,43955,Tommy Paul,Alex de Minaur,P2,6.175201651774991,False,P1,0.3066973090171814,0.6933026909828186,2.789473684210527,1.5588235294117647,-6.175201651774991,848.6663985447286,Clay
2025-05-05,43956,Lorenzo Musetti,Daniil Medvedev,P2,6.776727255265754,False,P1,0.5314527750015259,0.4685472249984741,1.581132075471698,2.72077922077922,-6.776727255265754,841.8896712894629,Clay
2025-05-05,43957,Hubert Hurkacz,Jakub Mensik,P1,9.965774289367612,True,P1,0.4871359318494797,0.5128640681505203,3.048275862068966,1.488215488215488,20.412654923739183,862.302326213202,Clay
2025-05-05,43958,Jannik Sinner,Casper Ruud,P2,4.677863957053119,False,P1,0.6757358014583588,0.32426419854164124,1.3193069306930691,4.1317829457364335,-4.677863957053119,857.624462256149,Clay
2025-05-05,43959,Tommy Paul,Hubert Hurkacz,P2,7.7367468242440705,False,P1,0.5643580406904221,0.43564195930957794,1.4522292993630572,3.211267605633803,-7.7367468242440705,849.8877154319049,Clay
2025-05-05,43960,Lorenzo Musetti,Alexander Zverev,P2,6.47701402935709,False,P1,0.34912705421447754,0.6508729457855225,2.4277108433734944,1.7004219409282701,-6.47701402935709,843.4107014025478,Clay
2025-05-05,43961,Carlos Alcaraz,Jack Draper,P2,4.098045193237264,False,P1,0.6475542932748795,0.35244570672512054,1.3942028985507247,3.536764705882353,-4.098045193237264,839.3126562093106,Clay
2025-05-05,43962,Jannik Sinner,Tommy Paul,P2,0.07960310775305605,False,P1,0.8907802179455757,0.10921978205442429,1.1204819277108433,9.3,-0.07960310775305605,839.2330531015575,Clay
2025-05-05,43963,Carlos Alcaraz,Lorenzo Musetti,P2,1.3315249523010306,False,P1,0.6907518953084946,0.30924810469150543,1.4017595307917887,3.489051094890511,-1.3315249523010306,837.9015281492565,Clay
2025-05-05,43964,Carlos Alcaraz,Jannik Sinner,P2,6.12639808523101,False,P1,0.34276895225048065,0.6572310477495193,2.4907975460122698,1.670781893004115,-6.12639808523101,831.7751300640255,Clay
2025-05-19,43965,Frances Tiafoe,Yunchaokete Bu,P2,6.822219730443327,False,P1,0.529974639415741,0.47002536058425903,1.5773584905660376,2.7320261437908493,-6.822219730443327,824.9529103335822,Clay
2025-05-19,43996,Hubert Hurkacz,Arthur Cazaux,P1,11.771592890813592,True,P1,0.8466922864317894,0.1533077135682106,1.2731277533039649,4.661290322580646,3.2151487190768417,828.168059052659,Clay
2025-05-19,43966,Alejandro Davidovich Fokina,Gael Monfils,P2,10.20306017097573,False,P1,0.5294684618711472,0.47053153812885284,1.4233128834355828,3.3623188405797104,-10.20306017097573,817.9649988816833,Clay
2025-05-19,43998,Arthur Rinderknech,Miomir Kecmanovic,P1,1.9142917126416437,True,P1,0.37488220632076263,0.6251177936792374,2.9054054054054053,1.524822695035461,3.6475017767901585,821.6125006584734,Clay
2025-05-19,43967,Felix Auger-Aliassime,Daniel Altmaier,P1,6.886057059115326,True,P1,0.6405644714832306,0.3594355285167694,1.7599999999999998,2.3157894736842106,5.233403364927646,826.8459040234011,Clay
2025-05-19,43999,Matteo Arnaldi,Hugo Gaston,P2,1.8397871475898009,False,P1,0.6793313324451447,0.32066866755485535,1.4065281899109792,3.4598540145985406,-1.8397871475898009,825.0061168758112,Clay
2025-05-19,43968,Camilo Ugo Carabelli,Sebastian Baez,P2,0.4834591416339988,False,P1,0.40217840671539307,0.5978215932846069,2.457317073170732,1.686192468619247,-0.4834591416339988,824.5226577341773,Clay
2025-05-19,44000,Jacob Fearnley,Dusan Lajovic,P1,3.678018928401354,True,P1,0.5551439225673676,0.44485607743263245,1.9547738693467334,2.0473684210526315,3.5116763638002864,828.0343340979775,Clay
2025-05-19,43970,Tomas Martin Etcheverry,Francisco Comesana,P2,6.4964762005700285,False,P1,0.3713850677013397,0.6286149322986603,2.2701149425287355,1.7873303167420815,-6.4964762005700285,821.5378578974075,Clay
2025-05-19,44001,Marton Fucsovics,Zizou Bergs,P2,2.251731078494734,False,P1,0.5360022485256195,0.4639977514743805,1.763392857142857,2.309941520467836,-2.251731078494734,819.2861268189129,Clay
2025-05-19,43971,Giovanni Mpetshi Perricard,Alexander Bublik,P1,2.3758984875850064,True,P1,0.49055060744285583,0.5094493925571442,2.1777777777777776,1.8490566037735847,2.7982804409334516,822.0844072598463,Clay
2025-05-19,44002,Quentin Halys,Jaume Munar,P1,4.574521733097392,True,P1,0.39887310564517975,0.6011268943548203,3.0902777777777772,1.4784053156146177,9.562021122654963,831.6464283825013,Clay
2025-05-19,44003,Kei Nishikori,Learner Tien,P1,16.632928567650026,True,P1,0.7360199391841888,0.26398006081581116,1.8840579710144931,2.1311475409836067,14.704473081545682,846.350901464047,Clay
2025-05-19,43972,Alexander Zverev,Aleksandar Kovacevic,P2,1.1222653681442532,False,P1,0.9118672516196966,0.08813274838030338,1.0675675675675675,15.799999999999999,-1.1222653681442532,845.2286360959027,Clay
2025-05-19,43973,Andrey Rublev,Damir Dzumhur,P2,6.577622154380334,False,P1,0.6873607933521271,0.3126392066478729,1.2284069097888677,5.378151260504202,-6.577622154380334,838.6510139415224,Clay
2025-05-19,44004,Cameron Norrie,Dominic Stricker,P2,8.259206708709138,False,P1,0.5834301710128784,0.4165698289871216,1.3764044943820226,3.656716417910447,-8.259206708709138,830.3918072328132,Clay
2025-05-19,44006,Alexei Popyrin,Nicolas Jarry,P2,0.49536537193766395,False,P1,0.4940345585346222,0.5059654414653778,2.0,2.0,-0.49536537193766395,829.8964418608756,Clay
2025-05-19,43975,Roberto Bautista Agut,Marcos Giron,P1,1.6427248158888241,True,P1,0.5259666442871094,0.4740333557128906,1.9746192893401011,2.0260416666666665,1.6010312926429142,831.4974731535185,Clay
2025-05-19,44007,Nuno Borges,Alex Michelsen,P1,3.9949870383425434,True,P1,0.6129358559846878,0.3870641440153122,1.7488986784140967,2.335294117647059,2.9918405132961774,834.4893136668147,Clay
2025-05-19,43977,Jiri Lehecka,Borna Gojo,P2,6.190729285307348,False,P1,0.575424537062645,0.42457546293735504,1.4799999999999998,3.083333333333333,-6.190729285307348,828.2985843815073,Clay
2025-05-19,44008,Taylor Fritz,Quentin Halys,P2,2.802030636924754,False,P1,0.734039805829525,0.265960194170475,1.270152505446623,4.701612903225806,-2.802030636924754,825.4965537445826,Clay
2025-05-19,44009,Novak Djokovic,Marton Fucsovics,P2,3.1342239752973473,False,P1,0.7012526988983154,0.29874730110168457,1.3177339901477834,4.147286821705426,-3.1342239752973473,822.3623297692852,Clay
2025-05-19,43978,Alexandre Muller,Elias Ymer,P2,1.0062919989020953,False,P1,0.6779804974794388,0.3220195025205612,1.438871473354232,3.278571428571428,-1.0062919989020953,821.3560377703832,Clay
2025-05-19,43979,Francisco Cerundolo,Pedro Martinez,P2,0.4937141235988132,False,P1,0.8150086179375648,0.18499138206243515,1.2122302158273381,5.711864406779661,-0.4937141235988132,820.8623236467844,Clay
2025-05-19,44011,Alexei Popyrin,Jacob Fearnley,P2,2.519780265553415,False,P1,0.4717099368572235,0.5282900631427765,1.989795918367347,2.010309278350516,-2.519780265553415,818.3425433812309,Clay
2025-05-19,43981,Alexandre Muller,Alexander Zverev,P1,0.5685920298968257,True,P1,0.13526280969381332,0.8647371903061867,8.124999999999998,1.1403508771929822,4.051218213014882,822.3937615942458,Clay
2025-05-19,44012,Hubert Hurkacz,Arthur Rinderknech,P1,3.5396173566644027,True,P1,0.7437257617712021,0.2562742382287979,1.3896848137535818,3.566176470588235,1.379335130390713,823.7730967246365,Clay
2025-05-19,43982,Roberto Bautista Agut,Frances Tiafoe,P1,3.067329461217383,True,P1,0.4246104210615158,0.5753895789384842,2.643312101910828,1.6085271317829455,5.040579624166146,828.8136763488027,Clay
2025-05-19,44013,Matteo Arnaldi,Fabian Marozsan,P1,4.77196991959697,True,P1,0.5171513706445694,0.4828486293554306,2.201117318435754,1.832558139534884,5.731695713482393,834.5453720622851,Clay
2025-05-19,44014,Sebastian Ofner,Nuno Borges,P1,1.1774147356362827,True,P1,0.5354525297880173,0.4645474702119827,1.9158415841584158,2.0918918918918914,1.0783253766965955,835.6236974389817,Clay
2025-05-19,43984,Jiri Lehecka,Francisco Cerundolo,P1,4.187277686149735,True,P1,0.3867863714694977,0.6132136285305023,3.13986013986014,1.4673202614379082,8.960188615117616,844.5838860540994,Clay
2025-05-19,43985,Flavio Cobolli,Alejandro Davidovich Fokina,P1,7.865738179285907,True,P1,0.4448505640029907,0.5551494359970093,3.146853146853146,1.4657980456026056,16.886584762522887,861.4704708166223,Clay
2025-05-19,44016,Hubert Hurkacz,Taylor Fritz,P1,2.6218791484819324,True,P1,0.45334215462207794,0.5466578453779221,2.392857142857143,1.7179487179487178,3.6519030996712627,865.1223739162936,Clay
2025-05-19,43986,Felix Auger-Aliassime,Giovanni Mpetshi Perricard,P2,8.63788851663073,False,P1,0.5359530597925186,0.4640469402074814,1.4932432432432434,3.0273972602739727,-8.63788851663073,856.4844853996628,Clay
2025-05-19,44017,Novak Djokovic,Matteo Arnaldi,P1,6.650419855608434,True,P1,0.7851334810256958,0.2148665189743042,1.3411458333333335,3.9312977099236637,2.2687630236580865,858.7532484233209,Clay
2025-05-19,44018,Sebastian Ofner,Karen Khachanov,P1,3.2936295605469024,True,P1,0.39888668060302734,0.6011133193969727,2.865771812080537,1.535971223021583,6.1451611935036174,864.8984096168246,Clay
2025-05-19,43987,Luciano Darderi,Brandon Nakashima,P2,1.3028124294880326,False,P1,0.5531691312789917,0.4468308687210083,1.7533039647577093,2.327485380116959,-1.3028124294880326,863.5955971873365,Clay
2025-05-19,44019,Cameron Norrie,Alexei Popyrin,P1,3.48599679536742,True,P1,0.4960359036922455,0.5039640963077545,2.2134831460674156,1.8240740740740737,4.230198358423386,867.8257955457599,Clay
2025-05-19,43988,Tomas Martin Etcheverry,Camilo Ugo Carabelli,P2,8.505307999781085,False,P1,0.45160916447639465,0.5483908355236053,1.780269058295964,2.2816091954022983,-8.505307999781085,859.3204875459788,Clay
2025-05-19,43989,Andrey Rublev,Luciano Darderi,P2,1.519753720113474,False,P1,0.6296883374452591,0.3703116625547409,1.5319148936170213,2.8799999999999994,-1.519753720113474,857.8007338258653,Clay
2025-05-19,44020,Novak Djokovic,Cameron Norrie,P2,2.0457475353799843,False,P1,0.7699787616729736,0.23002123832702637,1.2367906066536203,5.22314049586777,-2.0457475353799843,855.7549862904854,Clay
2025-05-19,43990,Felix Auger-Aliassime,Alexandre Muller,P2,8.089621902485936,False,P1,0.5449049770832062,0.4550950229167938,1.488215488215488,3.048275862068966,-8.089621902485936,847.6653643879994,Clay
2025-05-19,44021,Hubert Hurkacz,Sebastian Ofner,P1,1.5402079054364741,True,P1,0.6683941334486008,0.33160586655139923,1.5246478873239437,2.906040268456376,0.8080668236268826,848.4734312116262,Clay
2025-05-19,43991,Flavio Cobolli,Roberto Bautista Agut,P2,5.993506841026983,False,P1,0.5028747618198395,0.4971252381801605,1.7076271186440675,2.413173652694611,-5.993506841026983,842.4799243705993,Clay
2025-05-19,44022,Novak Djokovic,Hubert Hurkacz,P2,2.414000029964379,False,P1,0.6772556304931641,0.32274436950683594,1.3919308357348703,3.551470588235294,-2.414000029964379,840.0659243406349,Clay
2025-05-19,43992,Tomas Martin Etcheverry,Jiri Lehecka,P2,2.4508091509961716,False,P1,0.35709990561008453,0.6429000943899155,2.6369426751592355,1.6108949416342413,-2.4508091509961716,837.6151151896387,Clay
2025-05-19,43993,Andrey Rublev,Felix Auger-Aliassime,P1,3.1370512749600135,True,P1,0.5820633918046951,0.41793660819530487,1.8240740740740737,2.2134831460674156,2.5851626247355655,840.2002778143742,Clay
2025-05-19,43994,Flavio Cobolli,Tomas Martin Etcheverry,P1,8.136160806235125,True,P1,0.5599986463785172,0.44000135362148285,2.201117318435754,1.832558139534884,9.772483649947217,849.9727614643214,Clay
2025-05-19,43995,Flavio Cobolli,Andrey Rublev,P1,4.0908747017894385,True,P1,0.3732752352952957,0.6267247647047043,3.2624113475177303,1.4420062695924765,9.255241346601636,859.228002810923,Clay
2025-05-26,44023,Alexander Zverev,Learner Tien,P2,0.5663689099748913,False,P1,0.9146609716117382,0.0853390283882618,1.0788880540946655,13.676190476190476,-0.5663689099748913,858.6616339009481,Clay
2025-05-26,44024,Jack Draper,Mattia Bellucci,P2,3.6986016620156366,False,P1,0.8775964379310608,0.12240356206893921,1.0413122721749697,25.205882352941174,-3.6986016620156366,854.9630322389324,Clay
2025-05-26,44025,Novak Djokovic,Mackenzie McDonald,P2,1.4864126677565266,False,P1,0.9225896671414375,0.07741033285856247,1.0462165835976438,22.637254901960784,-1.4864126677565266,853.4766195711759,Clay
2025-05-26,44026,Alex de Minaur,Laslo Djere,P2,5.642051063164681,False,P1,0.681617870926857,0.318382129073143,1.2731277533039649,4.661290322580646,-5.642051063164681,847.8345685080112,Clay
2025-05-26,44027,Cameron Norrie,Daniil Medvedev,P1,11.774022936649429,True,P1,0.43669071793556213,0.5633092820644379,4.544,1.2821670428893905,41.72713728748557,889.5617057954968,Clay
2025-05-26,44029,Andrey Rublev,Lloyd Harris,P2,9.585233200126511,False,P1,0.7096834778785706,0.29031652212142944,1.1054158607350097,10.486238532110091,-9.585233200126511,879.9764725953703,Clay
2025-05-26,44030,Jakub Mensik,Alexandre Muller,P2,5.023514476587888,False,P1,0.6162268966436386,0.3837731033563614,1.4375,3.285714285714286,-5.023514476587888,874.9529581187824,Clay
2025-05-26,44031,Matteo Arnaldi,Felix Auger-Aliassime,P2,8.144329929291406,False,P1,0.3882319778203964,0.6117680221796036,2.096256684491978,1.9121951219512194,-8.144329929291406,866.808628189491,Clay
2025-05-26,44032,Joao Fonseca,Hubert Hurkacz,P2,17.33617256378982,False,P1,0.2774942070245743,0.7225057929754257,1.8937198067632852,2.1189189189189186,-17.33617256378982,849.4724556257012,Clay
2025-05-26,44033,Alexander Bublik,James Duckworth,P2,7.9671460545541475,False,P1,0.6772103756666183,0.32278962433338165,1.199658703071672,6.0085470085470085,-7.9671460545541475,841.505309571147,Clay
2025-05-26,44034,Flavio Cobolli,Marin Cilic,P2,4.518002985680777,False,P1,0.614044725894928,0.385955274105072,1.4536741214057507,3.2042253521126765,-4.518002985680777,836.9873065854662,Clay
2025-05-26,44035,Jesper de Jong,Francesco Passaro,P2,9.084012161945907,False,P1,0.5004139542579651,0.4995860457420349,1.5645756457564575,2.7712418300653594,-9.084012161945907,827.9032944235203,Clay
2025-05-26,44037,Pierre-Hugues Herbert,Benjamin Bonzi,P2,0.005477935661976382,False,P1,0.38924288749694824,0.6107571125030518,2.5687499999999996,1.6374501992031876,-0.005477935661976382,827.8978164878583,Clay
2025-05-26,44038,Gael Monfils,Hugo Dellien,P1,2.932232910506174,True,P1,0.7469349056482315,0.2530650943517685,1.3743016759776538,3.6716417910447765,1.0975396927592949,828.9953561806176,Clay
2025-05-26,44041,Alexander Shevchenko,Dusan Lajovic,P1,3.7947066848608313,True,P1,0.399216964840889,0.600783035159111,2.952702702702703,1.5121107266435987,7.40993399949176,836.4052901801093,Clay
2025-05-26,44042,Adam Walton,Maximilian Marterer,P1,16.728105803602187,True,P1,0.5906470268964767,0.40935297310352325,3.999999999999999,1.3333333333333333,50.18431741080654,886.5896075909159,Clay
2025-05-26,44043,Jannik Sinner,Arthur Rinderknech,P2,0.5579719911681275,False,P1,0.9630295215174556,0.03697047848254442,1.0253196289796942,40.4950495049505,-0.5579719911681275,886.0316355997478,Clay
2025-05-26,44044,Carlos Alcaraz,Giulio Zeppieri,P2,1.7864197028461746,False,P1,0.9421958178281784,0.057804182171821594,1.0185525349008082,54.9009900990099,-1.7864197028461746,884.2452158969016,Clay
2025-05-26,44045,Daniel Altmaier,Taylor Fritz,P2,17.684904317938035,False,P1,0.15354982763528824,0.8464501723647118,3.8333333333333335,1.352941176470588,-17.684904317938035,866.5603115789636,Clay
2025-05-26,44046,Casper Ruud,Albert Ramos-Vinolas,P2,1.8461355168131444,False,P1,0.905124593526125,0.09487540647387505,1.0577456968350916,18.317307692307693,-1.8461355168131444,864.7141760621505,Clay
2025-05-26,44047,Holger Rune,Roberto Bautista Agut,P2,9.100301510822968,False,P1,0.6535141468048096,0.34648585319519043,1.2081128747795415,5.805084745762714,-9.100301510822968,855.6138745513275,Clay
2025-05-26,44048,Arthur Fils,Nicolas Jarry,P2,8.603613133063195,False,P1,0.6670564860105515,0.33294351398944855,1.197635135135135,6.0598290598290605,-8.603613133063195,847.0102614182643,Clay
2025-05-26,44049,Gabriel Diallo,Francisco Cerundolo,P1,12.457093197281454,True,P1,0.37967778742313385,0.6203222125768661,8.252252252252253,1.137888198757764,90.34198219650065,937.352243614765,Clay
2025-05-26,44050,Stefanos Tsitsipas,Tomas Martin Etcheverry,P2,7.90508103625043,False,P1,0.657848447561264,0.34215155243873596,1.2637130801687761,4.792,-7.90508103625043,929.4471625785146,Clay
2025-05-26,44051,Ugo Humbert,Christopher O'Connell,P1,0.9153767277621654,True,P1,0.6332680284976959,0.3667319715023041,1.5977011494252877,2.673076923076923,0.547121722340605,929.9942843008553,Clay
2025-05-26,44052,Sebastian Korda,Luciano Darderi,P1,0.38268281184986114,True,P1,0.5015718936920166,0.4984281063079834,2.010309278350516,1.989795918367347,0.38662799547717946,930.3809122963324,Clay
2025-05-26,44053,Karen Khachanov,Aleksandar Vukic,P2,5.626877055167203,False,P1,0.7845208495855331,0.21547915041446686,1.1204819277108433,9.3,-5.626877055167203,924.7540352411652,Clay
2025-05-26,44056,Denis Shapovalov,Pedro Martinez,P2,0.845788535258744,False,P1,0.6052276343107224,0.39477236568927765,1.6220472440944884,2.6075949367088613,-0.845788535258744,923.9082467059064,Clay
2025-05-26,44057,Jacob Fearnley,Stan Wawrinka,P2,5.7058058158665075,False,P1,0.5789628624916077,0.42103713750839233,1.5138888888888888,2.9459459459459456,-5.7058058158665075,918.20244089004,Clay
2025-05-26,44058,Richard Gasquet,Terence Atmane,P1,15.538633097094564,True,P1,0.591541662812233,0.40845833718776703,2.613924050632911,1.6196078431372551,25.078173669361476,943.2806145594014,Clay
2025-05-26,44060,Tallon Griekspoor,Marcos Giron,P2,1.4044137020344027,False,P1,0.7271997332572937,0.2728002667427063,1.3341902313624678,3.9923076923076914,-1.4044137020344027,941.876200857367,Clay
2025-05-26,44061,Miomir Kecmanovic,Sebastian Baez,P1,0.5006216531261117,True,P1,0.44785176217556,0.55214823782444,2.262857142857143,1.7918552036199096,0.6322136305192612,942.5084144878863,Clay
2025-05-26,44062,Jiri Lehecka,Jordan Thompson,P2,11.772759742139598,False,P1,0.626734659075737,0.373265340924263,1.1969696969696968,6.0769230769230775,-11.772759742139598,930.7356547457467,Clay
2025-05-26,44063,Filip Misolic,Yunchaokete Bu,P2,1.6075595736845676,False,P1,0.5811713933944702,0.4188286066055298,1.6612244897959183,2.5123456790123457,-1.6075595736845676,929.1280951720622,Clay
2025-05-26,44064,Jaume Munar,Camilo Ugo Carabelli,P2,0.6438960143772903,False,P1,0.5694957226514816,0.43050427734851837,1.7316017316017311,2.3668639053254434,-0.6438960143772903,928.4841991576849,Clay
2025-05-26,44065,Sebastian Ofner,Jan-Lennard Struff,P2,6.120646084771033,False,P1,0.6014691591262817,0.39853084087371826,1.4433962264150944,3.2553191489361706,-6.120646084771033,922.3635530729139,Clay
2025-05-26,44066,Alejandro Tabilo,Arthur Cazaux,P2,4.709183062830808,False,P1,0.5491941124200821,0.4508058875799179,1.6349206349206347,2.575,-4.709183062830808,917.6543700100831,Clay
2025-05-26,44067,Lorenzo Musetti,Yannick Hanfmann,P2,7.037472736364213,False,P1,0.7832881808280945,0.21671181917190552,1.0808543096872618,13.367924528301886,-7.037472736364213,910.6168972737189,Clay
2025-05-26,44069,Ben Shelton,Lorenzo Sonego,P1,1.3133798311053249,True,P1,0.62936632335186,0.37063367664813995,1.6171874999999998,2.6202531645569613,0.8106016145103174,911.4274988882293,Clay
2025-05-26,44070,Frances Tiafoe,Roman Safiullin,P2,9.730989519323305,False,P1,0.5195011794567108,0.4804988205432892,1.5138888888888888,2.9459459459459456,-9.730989519323305,901.6965093689059,Clay
2025-05-26,44071,Quentin Halys,Tomas Machac,P1,7.259061355168635,True,P1,0.4141528159379959,0.5858471840620041,3.3142857142857145,1.4320987654320987,16.79954199339027,918.4960513622962,Clay
2025-05-26,44072,Mariano Navone,Brandon Nakashima,P2,12.586937285326384,False,P1,0.47612494230270386,0.5238750576972961,1.5246478873239437,2.906040268456376,-12.586937285326384,905.9091140769698,Clay
2025-05-26,44073,Giovanni Mpetshi Perricard,Zizou Bergs,P2,5.011160620010648,False,P1,0.461743101477623,0.538256898522377,1.9261083743842367,2.079787234042553,-5.011160620010648,900.8979534569592,Clay
2025-05-26,44074,Juan Manuel Cerundolo,Alex Michelsen,P2,12.455757307133076,False,P1,0.3756181597709656,0.6243818402290344,1.9261083743842367,2.079787234042553,-12.455757307133076,888.442196149826,Clay
2025-05-26,44076,Jenson Brooksby,Jaime Faria,P2,2.850664304900919,False,P1,0.5545646250247955,0.44543537497520447,1.6874999999999998,2.454545454545454,-2.850664304900919,885.5915318449252,Clay
2025-05-26,44077,Pablo Carreno Busta,Francisco Comesana,P1,9.090801946250036,True,P1,0.4960007965564728,0.5039992034435272,2.7337662337662336,1.5767790262172285,15.761325452264671,901.3528572971899,Clay
2025-05-26,44078,Damir Dzumhur,Thiago Agustin Tirante,P1,6.300758525728963,True,P1,0.6220362782478333,0.37796372175216675,1.7837837837837835,2.275862068965517,4.93843235800378,906.2912896551936,Clay
2025-05-26,44079,Marton Fucsovics,Tristan Schoolkate,P2,8.621184395622294,False,P1,0.720318041741848,0.279681958258152,1.124153498871332,9.054545454545453,-8.621184395622294,897.6701052595713,Clay
2025-05-26,44082,Vit Kopriva,Thiago Monteiro,P2,15.96219959287594,False,P1,0.4437066465616226,0.5562933534383774,1.4522292993630572,3.211267605633803,-15.96219959287594,881.7079056666954,Clay
2025-05-26,44083,Fabian Marozsan,Luca Nardi,P2,5.559118364998842,False,P1,0.6845811307430267,0.31541886925697327,1.2765486725663715,4.616,-5.559118364998842,876.1487873016965,Clay
2025-05-26,44084,Hamad Medjedovic,Kamil Majchrzak,P2,5.321815021146877,False,P1,0.5288376212120056,0.4711623787879944,1.6612244897959183,2.5123456790123457,-5.321815021146877,870.8269722805496,Clay
2025-05-26,44085,Emilio Nava,Botic Van De Zandschulp,P2,14.759287494475098,False,P1,0.29620759189128876,0.7037924081087112,2.2316384180790965,1.8119266055045873,-14.759287494475098,856.0676847860746,Clay
2025-05-26,44086,Reilly Opelka,Rinky Hijikata,P1,1.5125707787341345,True,P1,0.6769809424877167,0.3230190575122833,1.5034246575342465,2.9863945578231292,0.7614654262805401,856.8291502123551,Clay
2025-05-26,44087,Jannik Sinner,Richard Gasquet,P2,0.41026197971734235,False,P1,0.9656876139342785,0.03431238606572151,1.0256150139487699,40.039603960396036,-0.41026197971734235,856.4188882326378,Clay
2025-05-26,44088,Alexander Zverev,Jesper de Jong,P2,2.1567021751756728,False,P1,0.89500942081213,0.10499057918787003,1.0610328638497653,17.384615384615383,-2.1567021751756728,854.262186057462,Clay
2025-05-26,44089,Jack Draper,Gael Monfils,P2,2.498201554649906,False,P1,0.8076811730861664,0.19231882691383362,1.1656976744186047,7.035087719298246,-2.498201554649906,851.7639845028121,Clay
2025-05-26,44090,Novak Djokovic,Corentin Moutet,P1,5.389338837675764,True,P1,0.9092406518757343,0.09075934812426567,1.1159574468085105,9.623853211009173,0.6249339716028272,852.3889184744149,Clay
2025-05-26,44091,Alexander Bublik,Alex de Minaur,P1,6.900545218495538,True,P1,0.2542852908372879,0.7457147091627121,9.072727272727274,1.123873873873874,55.70621958203672,908.0951380564517,Clay
2025-05-26,44092,Arthur Fils,Jaume Munar,P2,4.78376434477122,False,P1,0.7357427179813385,0.2642572820186615,1.2159709618874772,5.630252100840336,-4.78376434477122,903.3113737116804,Clay
2025-05-26,44093,Andrey Rublev,Adam Walton,P2,5.989475229557432,False,P1,0.8248774409294128,0.17512255907058716,1.0515361744301288,20.40384615384615,-5.989475229557432,897.321898482123,Clay
2025-05-26,44096,Jiri Lehecka,Alejandro Davidovich Fokina,P1,9.835573173458378,True,P1,0.5827896445989609,0.4172103554010391,2.1475409836065573,1.8714285714285714,11.286723313804696,908.6086217959277,Clay
2025-05-26,44097,Filip Misolic,Denis Shapovalov,P2,17.253234711750142,False,P1,0.25053519010543823,0.7494648098945618,2.475609756097561,1.6776859504132233,-17.253234711750142,891.3553870841776,Clay
2025-05-26,44098,Flavio Cobolli,Matteo Arnaldi,P1,12.323507328842368,True,P1,0.6539838314056396,0.34601616859436035,1.9166666666666667,2.090909090909091,11.296548384772171,902.6519354689498,Clay
2025-05-26,44099,Joao Fonseca,Pierre-Hugues Herbert,P2,15.79818026315411,False,P1,0.6053264290094376,0.39467357099056244,1.0737359550561798,14.56190476190476,-15.79818026315411,886.8537552057957,Clay
2025-05-26,44100,Tallon Griekspoor,Gabriel Diallo,P2,5.375030261643328,False,P1,0.533700704574585,0.46629929542541504,1.6465863453815262,2.546583850931677,-5.375030261643328,881.4787249441523,Clay
2025-05-26,44102,Ethan Quinn,Alexander Shevchenko,P1,5.625509452101455,True,P1,0.5099830627441406,0.4900169372558594,2.2816091954022983,1.780269058295964,7.20970464263577,888.6884295867881,Clay
2025-05-26,44103,Carlos Alcaraz,Fabian Marozsan,P2,5.66575046347577,False,P1,0.8279593214392662,0.1720406785607338,1.05378590078329,19.592233009708735,-5.66575046347577,883.0226791233123,Clay
2025-05-26,44104,Nuno Borges,Casper Ruud,P1,7.085843880648648,True,P1,0.24514052271842957,0.7548594772815704,9.91743119266055,1.1121399176954734,63.18752524761913,946.2102043709314,Clay
2025-05-26,44105,Lorenzo Musetti,Daniel Elahi Galan,P2,2.0821202902710887,False,P1,0.9082596488296986,0.09174035117030144,1.0525517938352704,20.02884615384615,-2.0821202902710887,944.1280840806603,Clay
2025-05-26,44106,Holger Rune,Emilio Nava,P2,3.365176736675896,False,P1,0.8086027950048447,0.19139720499515533,1.1485411140583555,7.732142857142855,-3.365176736675896,940.7629073439844,Clay
2025-05-26,44107,Tommy Paul,Marton Fucsovics,P2,8.632593031012648,False,P1,0.6555556505918503,0.3444443494081497,1.2454728370221329,5.073770491803279,-8.632593031012648,932.1303143129717,Clay
2025-05-26,44109,Frances Tiafoe,Pablo Carreno Busta,P2,7.861674164172396,False,P1,0.5012359321117401,0.4987640678882599,1.6585365853658534,2.518518518518518,-7.861674164172396,924.2686401487992,Clay
2025-05-26,44111,Sebastian Korda,Jenson Brooksby,P2,10.041766059650339,False,P1,0.566623643040657,0.43337635695934296,1.38135593220339,3.6222222222222222,-10.041766059650339,914.226874089149,Clay
2025-05-26,44112,Karen Khachanov,Sebastian Ofner,P2,1.956658838340636,False,P1,0.6571473479270935,0.3428526520729065,1.4565916398713825,3.1901408450704225,-1.956658838340636,912.2702152508083,Clay
2025-05-26,44113,Alexei Popyrin,Alejandro Tabilo,P2,5.692690307183546,False,P1,0.546207457780838,0.453792542219162,1.6023166023166024,2.66025641025641,-5.692690307183546,906.5775249436248,Clay
2025-05-26,44114,Damir Dzumhur,Giovanni Mpetshi Perricard,P1,4.102867334042676,True,P1,0.43929705023765564,0.5607029497623444,2.6075949367088613,1.6220472440944884,6.59574875219519,913.17327369582,Clay
2025-05-26,44115,Daniel Altmaier,Vit Kopriva,P2,18.263465473916398,False,P1,0.3605596274137497,0.6394403725862503,1.6108949416342413,2.6369426751592355,-18.263465473916398,894.9098082219035,Clay
2025-05-26,44116,Quentin Halys,Miomir Kecmanovic,P1,8.285841476651168,True,P1,0.5208113640546799,0.47918863594532013,2.4277108433734944,1.7004219409282701,11.829785722688719,906.7395939445922,Clay
2025-05-26,44117,Hamad Medjedovic,Juan Manuel Cerundolo,P2,5.427949961920176,False,P1,0.588184043765068,0.41181595623493195,1.4965986394557824,3.0136986301369864,-5.427949961920176,901.3116439826721,Clay
2025-05-26,44118,Mariano Navone,Reilly Opelka,P2,14.273306772282368,False,P1,0.5344797372817993,0.4655202627182007,1.2783964365256124,4.5920000000000005,-14.273306772282368,887.0383372103897,Clay
2025-05-26,44119,Jannik Sinner,Jiri Lehecka,P2,1.7300627155222987,False,P1,0.8917904831469059,0.1082095168530941,1.0775988286969251,13.886792452830186,-1.7300627155222987,885.3082744948674,Clay
2025-05-26,44120,Alexander Zverev,Flavio Cobolli,P2,3.864196032788762,False,P1,0.7387871295213699,0.26121287047863007,1.235408560311284,5.247933884297521,-3.864196032788762,881.4440784620787,Clay
2025-05-26,44121,Jack Draper,Joao Fonseca,P1,10.737589520705223,True,P1,0.7591091170907021,0.24089088290929794,1.4673202614379082,3.13986013986014,5.017893142028908,886.4619716041076,Clay
2025-05-26,44122,Novak Djokovic,Filip Misolic,P2,0.24944479071599004,False,P1,0.9048869982361794,0.09511300176382065,1.0988909426987061,11.11214953271028,-0.24944479071599004,886.2125268133916,Clay
2025-05-26,44125,Tallon Griekspoor,Ethan Quinn,P1,4.863122021267759,True,P1,0.8406922295689583,0.15930777043104172,1.2179487179487178,5.588235294117647,1.0599112097634853,887.2724380231551,Clay
2025-05-26,44126,Cameron Norrie,Jacob Fearnley,P1,0.3332645740095916,True,P1,0.5428999811410904,0.4571000188589096,1.8537735849056602,2.1712707182320443,0.2845324900742267,887.5569705132293,Clay
2025-05-26,44127,Carlos Alcaraz,Damir Dzumhur,P2,3.626265243195406,False,P1,0.9082319922745228,0.09176800772547722,1.0110705192073508,91.33,-3.626265243195406,883.9307052700339,Clay
2025-05-26,44128,Lorenzo Musetti,Mariano Navone,P2,2.120555286816924,False,P1,0.8296017050743103,0.1703982949256897,1.147562582345191,7.776785714285713,-2.120555286816924,881.8101499832169,Clay
2025-05-26,44129,Holger Rune,Quentin Halys,P2,5.849501434371765,False,P1,0.7181388661265373,0.2818611338734627,1.2077464788732395,5.813559322033899,-5.849501434371765,875.9606485488451,Clay
2025-05-26,44130,Tommy Paul,Karen Khachanov,P1,5.528379650943978,True,P1,0.5264269560575485,0.4735730439424515,2.183333333333333,1.8450704225352113,6.5419159202837065,882.5025644691289,Clay
2025-05-26,44131,Ben Shelton,Matteo Gigante,P2,0.3242794464201176,False,P1,0.636794924736023,0.36320507526397705,1.5588235294117647,2.789473684210527,-0.3242794464201176,882.1782850227088,Clay
2025-05-26,44132,Frances Tiafoe,Sebastian Korda,P1,1.3221222394139134,True,P1,0.4927160143852234,0.5072839856147766,2.096256684491978,1.9121951219512194,1.449385342673006,883.6276703653818,Clay
2025-05-26,44133,Alexei Popyrin,Nuno Borges,P1,3.1756202102742077,True,P1,0.5678205341100693,0.4321794658899307,1.8714285714285714,2.1475409836065573,2.7673261832389526,886.3949965486208,Clay
2025-05-26,44134,Daniel Altmaier,Hamad Medjedovic,P2,6.667571236251045,False,P1,0.3336067497730255,0.6663932502269745,2.546583850931677,1.6465863453815262,-6.667571236251045,879.7274253123697,Clay
2025-05-26,44135,Jannik Sinner,Andrey Rublev,P2,1.9367515780325015,False,P1,0.8828048445284367,0.11719515547156334,1.082877247849883,13.066037735849052,-1.9367515780325015,877.7906737343372,Clay
2025-05-26,44137,Alexander Bublik,Jack Draper,P1,9.920289563496798,True,P1,0.3007282465696335,0.6992717534303665,10.361111111111109,1.1068249258160237,92.86493285828945,970.6556065926267,Clay
2025-05-26,44138,Novak Djokovic,Cameron Norrie,P2,7.86256631152795,False,P1,0.7707288339734077,0.22927116602659225,1.0872756933115824,12.457943925233645,-7.86256631152795,962.7930402810987,Clay
2025-05-26,44139,Carlos Alcaraz,Ben Shelton,P2,3.1906396966652837,False,P1,0.8680542446672916,0.13194575533270836,1.0756484149855907,14.219047619047616,-3.1906396966652837,959.6024005844334,Clay
2025-05-26,44140,Lorenzo Musetti,Holger Rune,P1,0.2150120648620897,True,P1,0.6582205295562744,0.3417794704437256,1.5228070175438597,2.9127516778523495,0.11240981636649604,959.7148104007999,Clay
2025-05-26,44141,Tommy Paul,Alexei Popyrin,P1,4.947264711488154,True,P1,0.6283311992883682,0.3716688007116318,1.7076271186440675,2.413173652694611,3.5008186729598365,963.2156290737597,Clay
2025-05-26,44142,Frances Tiafoe,Daniel Altmaier,P1,12.328040709855939,True,P1,0.7271914780139923,0.2728085219860077,1.5789473684210527,2.7272727272727275,7.137286726758702,970.3529158005184,Clay
2025-05-26,44143,Jannik Sinner,Alexander Bublik,P2,2.0554617176895595,False,P1,0.9031696133315563,0.09683038666844368,1.060304449648712,17.58252427184466,-2.0554617176895595,968.2974540828288,Clay
2025-05-26,44144,Novak Djokovic,Alexander Zverev,P2,5.880900874632222,False,P1,0.4370129108428955,0.5629870891571045,2.010309278350516,1.989795918367347,-5.880900874632222,962.4165532081967,Clay
2025-05-26,44145,Carlos Alcaraz,Tommy Paul,P2,5.391234681700871,False,P1,0.7767207399010658,0.22327926009893417,1.143222506393862,7.982142857142857,-5.391234681700871,957.0253185264958,Clay
2025-05-26,44146,Lorenzo Musetti,Frances Tiafoe,P2,8.68003517679362,False,P1,0.6551510393619537,0.34484896063804626,1.2494887525562373,5.008196721311475,-8.68003517679362,948.3452833497022,Clay
2025-05-26,44147,Jannik Sinner,Novak Djokovic,P2,2.6644218951379193,False,P1,0.7238755524158478,0.2761244475841522,1.3038277511961724,4.291338582677165,-2.6644218951379193,945.6808614545643,Clay
2025-05-26,44149,Carlos Alcaraz,Jannik Sinner,P2,8.699243868753362,False,P1,0.39235819876194,0.60764180123806,2.079787234042553,1.9261083743842367,-8.699243868753362,936.9816175858109,Clay
2025-06-09,44177,Hubert Hurkacz,Roberto Bautista Agut,P2,0.2406288503394208,False,P1,0.7144741714000702,0.2855258285999298,1.3924418604651165,3.548148148148148,-0.2406288503394208,936.7409887354714,Grass
2025-06-09,44150,Arthur Rinderknech,Denis Shapovalov,P2,5.158846992784947,False,P1,0.28990764915943146,0.7100923508405685,3.069444444444444,1.483221476510067,-5.158846992784947,931.5821417426865,Grass
2025-06-09,44151,Alex Michelsen,Gael Monfils,P2,17.241107689344158,False,P1,0.33030861616134644,0.6696913838386536,1.9068627450980393,2.1027027027027025,-17.241107689344158,914.3410340533424,Grass
2025-06-09,44178,Daniel Evans,Rinky Hijikata,P1,8.103401797040348,True,P1,0.4810960739850998,0.5189039260149002,2.707792207792208,1.5855513307984792,13.83892644559488,928.1799604989372,Grass
2025-06-09,44180,Adrian Mannarino,Christopher O'Connell,P2,6.303787982998363,False,P1,0.4941217303276062,0.5058782696723938,1.7488986784140967,2.335294117647059,-6.303787982998363,921.8761725159388,Grass
2025-06-09,44153,Marton Fucsovics,Yannick Hanfmann,P2,3.810715766561579,False,P1,0.5793643891811371,0.4206356108188629,1.5833333333333335,2.7142857142857144,-3.810715766561579,918.0654567493773,Grass
2025-06-09,44154,Quentin Halys,Lorenzo Sonego,P1,7.406542039813174,True,P1,0.6666111648082733,0.3333888351917267,1.6598360655737707,2.515527950310559,4.8871035590570555,922.9525603084344,Grass
2025-06-09,44182,Mackenzie McDonald,Mattia Bellucci,P2,13.080871643383713,False,P1,0.42243948578834534,0.5775605142116547,1.6962025316455698,2.436363636363637,-13.080871643383713,909.8716886650507,Grass
2025-06-09,44183,Reilly Opelka,Jesper de Jong,P2,1.9123242366342277,False,P1,0.5359753370285034,0.4640246629714966,1.7873303167420815,2.2701149425287355,-1.9123242366342277,907.9593644284164,Grass
2025-06-09,44156,Corentin Moutet,Fabio Fognini,P2,7.71919970613965,False,P1,0.6051483005285263,0.3948516994714737,1.3715083798882683,3.691729323308271,-7.71919970613965,900.2401647222767,Grass
2025-06-09,44184,Otto Virtanen,Tomas Martin Etcheverry,P2,6.42829174239171,False,P1,0.5268565118312836,0.47314348816871643,1.626984126984127,2.5949367088607596,-6.42829174239171,893.811872979885,Grass
2025-06-09,44185,Jordan Thompson,Aleksandar Kovacevic,P2,1.928845348865,False,P1,0.6493610888719559,0.35063891112804413,1.4735099337748345,3.1118881118881125,-1.928845348865,891.88302763102,Grass
2025-06-09,44158,Brandon Nakashima,Jacob Fearnley,P2,7.892086498276969,False,P1,0.42103293538093567,0.5789670646190643,1.9547738693467334,2.0473684210526315,-7.892086498276969,883.990941132743,Grass
2025-06-09,44159,Jiri Lehecka,Benjamin Bonzi,P2,6.214271454471164,False,P1,0.5850854367017746,0.4149145632982254,1.4688524590163936,3.132867132867133,-6.214271454471164,877.7766696782719,Grass
2025-06-09,44186,Nuno Borges,Nishesh Basavareddy,P2,1.709818296753589,False,P1,0.5850842893123627,0.41491571068763733,1.6425702811244978,2.5562500000000004,-1.709818296753589,876.0668513815183,Grass
2025-06-09,44187,Nicolas Jarry,Luciano Darderi,P2,9.97410872330596,False,P1,0.47468072175979614,0.5253192782402039,1.626984126984127,2.5949367088607596,-9.97410872330596,866.0927426582123,Grass
2025-06-09,44160,Giovanni Mpetshi Perricard,Roman Safiullin,P2,3.082737244181785,False,P1,0.5610122233629227,0.43898777663707733,1.6556016597510372,2.5253164556962022,-3.082737244181785,863.0100054140305,Grass
2025-06-09,44188,Gabriel Diallo,Aleksandar Vukic,P2,4.397507396747566,False,P1,0.5326136201620102,0.4673863798379898,1.686192468619247,2.457317073170732,-4.397507396747566,858.612498017283,Grass
2025-06-09,44161,Jan-Lennard Struff,Matteo Arnaldi,P2,10.708493784060515,False,P1,0.3685282766819,0.6314717233181,2.0366492146596857,1.9646464646464645,-10.708493784060515,847.9040042332225,Grass
2025-06-09,44189,Daniil Medvedev,Adrian Mannarino,P2,0.6316135873456905,False,P1,0.7344887927174568,0.2655112072825432,1.341207349081365,3.930769230769231,-0.6316135873456905,847.2723906458768,Grass
2025-06-09,44162,Alexander Zverev,Corentin Moutet,P2,2.127977886332735,False,P1,0.8554838672280312,0.14451613277196884,1.1102123356926188,10.073394495412844,-2.127977886332735,845.1444127595441,Grass
2025-06-09,44163,Felix Auger-Aliassime,Giovanni Mpetshi Perricard,P2,7.835016111738383,False,P1,0.46577170491218567,0.5342282950878143,1.7488986784140967,2.335294117647059,-7.835016111738383,837.3093966478058,Grass
2025-06-09,44190,Ugo Humbert,Daniel Evans,P2,6.766748715294965,False,P1,0.6140168905258179,0.38598310947418213,1.3653846153846154,3.7368421052631584,-6.766748715294965,830.5426479325108,Grass
2025-06-09,44191,Zizou Bergs,Alexei Popyrin,P1,10.059402160568327,True,P1,0.5669924914836884,0.43300750851631165,2.333333333333333,1.75,13.4125362140911,843.9551841466019,Grass
2025-06-09,44164,Brandon Nakashima,Learner Tien,P2,11.30891777612054,False,P1,0.5106622576713562,0.4893377423286438,1.4334365325077403,3.307142857142857,-11.30891777612054,832.6462663704814,Grass
2025-06-09,44193,Reilly Opelka,Nicolas Jarry,P1,1.5232014949243273,True,P1,0.5611935704946518,0.4388064295053482,1.8364485981308412,2.195530726256983,1.2740797551002552,833.9203461255817,Grass
2025-06-09,44166,Taylor Fritz,Quentin Halys,P2,4.748075731629377,False,P1,0.6095770597457886,0.3904229402542114,1.4536741214057507,3.2042253521126765,-4.748075731629377,829.1722703939523,Grass
2025-06-09,44194,Karen Khachanov,Mackenzie McDonald,P1,1.3919919588014167,True,P1,0.6644359230995178,0.3355640769004822,1.5319148936170213,2.8799999999999994,0.7404212546816046,829.9126916486339,Grass
2025-06-09,44167,Ben Shelton,Pierre-Hugues Herbert,P2,6.209485813179758,False,P1,0.6237095445394516,0.3762904554605484,1.3633879781420766,3.7518796992481214,-6.209485813179758,823.7032058354541,Grass
2025-06-09,44195,Gabriel Diallo,Jordan Thompson,P1,5.135184308955442,True,P1,0.45503243803977966,0.5449675619602203,2.6496815286624202,1.606177606177606,8.471418700760887,832.174624536215,Grass
2025-06-09,44168,Jiri Lehecka,Jan-Lennard Struff,P2,4.140475149331118,False,P1,0.5870945602655411,0.4129054397344589,1.5338078291814947,2.873333333333333,-4.140475149331118,828.0341493868839,Grass
2025-06-09,44169,Marton Fucsovics,Arthur Rinderknech,P1,6.495688892521577,True,P1,0.6943242102861404,0.30567578971385956,1.5687732342007437,2.758169934640523,3.694573979761344,831.7287233666452,Grass
2025-06-09,44170,Alexander Zverev,Brandon Nakashima,P1,16.634574467332904,True,P1,0.8701555281877518,0.12984447181224823,1.3438320209973753,3.9083969465648853,5.71949935753441,837.4482227241797,Grass
2025-06-09,44197,Reilly Opelka,Daniil Medvedev,P2,10.262543668539262,False,P1,0.19654440134763718,0.8034555986523628,3.840909090909091,1.352,-10.262543668539262,827.1856790556404,Grass
2025-06-09,44198,Ugo Humbert,Nuno Borges,P1,3.81242358075399,True,P1,0.7211266309022903,0.27887336909770966,1.4433962264150944,3.2553191489361706,1.690414229202241,828.8760932848427,Grass
2025-06-09,44171,Taylor Fritz,Marton Fucsovics,P2,0.27084368308278484,False,P1,0.7030026316642761,0.2969973683357239,1.4131736526946106,3.420289855072464,-0.27084368308278484,828.6052496017599,Grass
2025-06-09,44172,Ben Shelton,Jiri Lehecka,P2,7.753293242787505,False,P1,0.41059809923171997,0.58940190076828,1.979695431472081,2.0207253886010363,-7.753293242787505,820.8519563589723,Grass
2025-06-09,44199,Gabriel Diallo,Karen Khachanov,P1,0.2616922732422145,True,P1,0.4077414274215698,0.5922585725784302,2.475609756097561,1.6776859504132233,0.38615567149156044,821.2381120304639,Grass
2025-06-09,44200,Zizou Bergs,Mark Lajal,P2,7.375387840780843,False,P1,0.43739844858646393,0.5626015514135361,1.8755980861244024,2.14207650273224,-7.375387840780843,813.862724189683,Grass
2025-06-09,44201,Gabriel Diallo,Ugo Humbert,P1,6.7022190325423425,True,P1,0.47718724608421326,0.5228127539157867,2.673076923076923,1.5977011494252877,11.213327996753533,825.0760521864365,Grass
2025-06-09,44174,Alexander Zverev,Ben Shelton,P1,16.50152104372873,True,P1,0.8281881436705589,0.17181185632944107,1.6491935483870968,2.540372670807453,10.712681000162602,835.7887331865991,Grass
2025-06-09,44202,Zizou Bergs,Reilly Opelka,P1,11.160495866885686,True,P1,0.5775061398744583,0.4224938601255417,2.36094674556213,1.7347826086956524,15.188840528897677,850.9775737154968,Grass
2025-06-09,44175,Taylor Fritz,Felix Auger-Aliassime,P1,1.6657442890153076,True,P1,0.6226902008056641,0.37730979919433594,1.6465863453815262,2.546583850931677,1.0770475121745564,852.0546212276713,Grass
2025-06-09,44203,Gabriel Diallo,Zizou Bergs,P1,3.9880284761913756,True,P1,0.6601036339998245,0.3398963660001755,1.6,2.6666666666666665,2.392817085714826,854.4474383133861,Grass
2025-06-09,44176,Taylor Fritz,Alexander Zverev,P2,17.088948766267723,False,P1,0.22280486673116684,0.7771951332688332,2.413173652694611,1.7076271186440675,-17.088948766267723,837.3584895471183,Grass
2025-06-16,44204,Carlos Alcaraz,Adam Walton,P2,0.5062802563124257,False,P1,0.953363087028265,0.046636912971735,1.036234458259325,28.598039215686274,-0.5062802563124257,836.852209290806,Grass
2025-06-16,44235,Alexander Zverev,Marcos Giron,P1,14.961636184031988,True,P1,0.906585343182087,0.09341465681791306,1.1701492537313434,6.877192982456142,2.545711231312907,839.3979205221189,Grass
2025-06-16,44205,Jack Draper,Jenson Brooksby,P2,5.030455743883858,False,P1,0.7999240234494209,0.20007597655057907,1.1002811621368325,10.97196261682243,-5.030455743883858,834.367464778235,Grass
2025-06-16,44236,Karen Khachanov,Zizou Bergs,P2,2.026482080561797,False,P1,0.6040070950984955,0.3959929049015045,1.5751879699248121,2.738562091503268,-2.026482080561797,832.3409826976732,Grass
2025-06-16,44237,Jannik Sinner,Yannick Hanfmann,P2,0.3108565905628906,False,P1,0.9521805606782436,0.04781943932175636,1.0423764021603656,24.598039215686274,-0.3108565905628906,832.0301261071103,Grass
2025-06-16,44206,Corentin Moutet,Taylor Fritz,P1,0.30325197886181265,True,P1,0.16525162011384964,0.8347483798861504,6.28448275862069,1.1892332789559545,1.602529853812855,833.6326559609231,Grass
2025-06-16,44238,Andrey Rublev,Sebastian Ofner,P1,8.15445829648729,True,P1,0.7206290736794472,0.2793709263205528,1.5321428571428573,2.879194630872483,4.339336736345023,837.9719926972681,Grass
2025-06-16,44207,Jiri Lehecka,Alex de Minaur,P1,8.245786651934814,True,P1,0.44516023993492126,0.5548397600650787,3.234042553191489,1.4476190476190474,18.421438264960752,856.3934309622289,Grass
2025-06-16,44239,Alex Michelsen,Francisco Cerundolo,P1,4.146166281922978,True,P1,0.5588622689247131,0.44113773107528687,1.9547738693467334,2.0473684210526315,3.958651223946561,860.3520821861755,Grass
2025-06-16,44208,Arthur Rinderknech,Ben Shelton,P1,4.286939300615905,True,P1,0.28735440969467163,0.7126455903053284,4.796747967479675,1.2633832976445396,16.276428076322176,876.6285102624977,Grass
2025-06-16,44240,Denis Shapovalov,Ugo Humbert,P1,0.6402670192530218,True,P1,0.43408188223838806,0.5659181177616119,2.3491124260355027,1.7412280701754383,0.8637921916549641,877.4923024541527,Grass
2025-06-16,44209,Gabriel Diallo,Billy Harris,P1,9.385238310088095,True,P1,0.7415351793169975,0.25846482068300247,1.4898648648648647,3.0413793103448277,4.597498496495856,882.0898009506485,Grass
2025-06-16,44241,Tomas Machac,Jesper de Jong,P2,5.339620811102969,False,P1,0.5971222966909409,0.40287770330905914,1.4719471947194718,3.118881118881119,-5.339620811102969,876.7501801395456,Grass
2025-06-16,44242,Felix Auger-Aliassime,Laslo Djere,P2,0.15938016048612466,False,P1,0.7338491529226303,0.2661508470773697,1.3577235772357723,3.7954545454545445,-0.15938016048612466,876.5907999790595,Grass
2025-06-16,44211,Brandon Nakashima,Giovanni Mpetshi Perricard,P2,10.780628226787643,False,P1,0.4673908054828644,0.5326091945171356,1.61328125,2.630573248407643,-10.780628226787643,865.8101717522719,Grass
2025-06-16,44212,Reilly Opelka,Camilo Ugo Carabelli,P2,7.093818939459148,False,P1,0.6793593168258667,0.3206406831741333,1.2307692307692306,5.333333333333333,-7.093818939459148,858.7163528128127,Grass
2025-06-16,44243,Flavio Cobolli,Joao Fonseca,P1,10.377859678772221,True,P1,0.5217476487159729,0.4782523512840271,2.707792207792208,1.5855513307984792,17.723227892968143,876.4395807057808,Grass
2025-06-16,44213,Alexei Popyrin,Aleksandar Vukic,P2,9.48334346853103,False,P1,0.4619695395231247,0.5380304604768753,1.6962025316455698,2.436363636363637,-9.48334346853103,866.9562372372498,Grass
2025-06-16,44244,Tomas Martin Etcheverry,Pedro Martinez,P2,2.3272598452870694,False,P1,0.6586664617061615,0.3413335382938385,1.4367088607594936,3.2898550724637685,-2.3272598452870694,864.6289773919627,Grass
2025-06-16,44214,Holger Rune,Christopher O'Connell,P2,5.332646189522634,False,P1,0.6849302798509598,0.3150697201490402,1.2799097065462754,4.572580645161291,-5.332646189522634,859.2963312024401,Grass
2025-06-16,44245,Lorenzo Sonego,Jan-Lennard Struff,P2,4.932718114728123,False,P1,0.3931688964366913,0.6068311035633087,2.2514285714285713,1.7990867579908678,-4.932718114728123,854.363613087712,Grass
2025-06-16,44246,Daniil Medvedev,Daniel Altmaier,P1,13.549873583076701,True,P1,0.8732384890317917,0.1267615109682083,1.2279693486590038,5.386554621848739,3.088955855145837,857.4525689428579,Grass
2025-06-16,44215,Daniel Evans,Frances Tiafoe,P1,8.543940389214049,True,P1,0.3869076371192932,0.6130923628807068,4.26771653543307,1.306024096385542,27.91917528758921,885.371744230447,Grass
2025-06-16,44216,Jakub Mensik,Cameron Norrie,P1,7.763917555621691,True,P1,0.6519200801849365,0.3480799198150635,1.7304347826086959,2.3690476190476186,5.671035431932367,891.0427796623794,Grass
2025-06-16,44247,Alexander Bublik,Alexandre Muller,P2,4.779288978480201,False,P1,0.6414123326539993,0.35858766734600067,1.3918128654970758,3.5522388059701484,-4.779288978480201,886.2634906838992,Grass
2025-06-16,44217,Roberto Bautista Agut,Nuno Borges,P1,10.972532162680755,True,P1,0.6677277088165283,0.3322722911834717,1.7909090909090908,2.264367816091954,8.678275437756596,894.9417661216559,Grass
2025-06-16,44248,Quentin Halys,Benjamin Bonzi,P2,6.565315279184782,False,P1,0.49219396710395813,0.5078060328960419,1.7336244541484718,2.3630952380952377,-6.565315279184782,888.3764508424711,Grass
2025-06-16,44218,Jacob Fearnley,Alex Bolt,P2,7.413925108618065,False,P1,0.5743553191423416,0.4256446808576584,1.450479233226837,3.2198581560283692,-7.413925108618065,880.962525733853,Grass
2025-06-16,44249,Fabian Marozsan,Miomir Kecmanovic,P2,5.963398110552529,False,P1,0.4323081523180008,0.5676918476819992,2.0,2.0,-5.963398110552529,874.9991276233005,Grass
2025-06-16,44219,Mackenzie McDonald,Gael Monfils,P2,7.861205847658118,False,P1,0.3839326500892639,0.6160673499107361,2.1366120218579234,1.879807692307692,-7.861205847658118,867.1379217756424,Grass
2025-06-16,44250,Stefanos Tsitsipas,Luciano Darderi,P2,8.505537076519815,False,P1,0.6020928919315338,0.3979071080684662,1.3350515463917525,3.984615384615384,-8.505537076519815,858.6323846991227,Grass
2025-06-16,44220,Carlos Alcaraz,Jaume Munar,P2,0.7035252807611124,False,P1,0.9327447917312384,0.06725520826876163,1.054535920293655,19.336538461538463,-0.7035252807611124,857.9288594183615,Grass
2025-06-16,44251,Alexander Bublik,Jannik Sinner,P2,9.081221083476322,False,P1,0.11891115829348564,0.8810888417065144,6.629310344827586,1.1776416539050536,-9.081221083476322,848.8476383348852,Grass
2025-06-16,44252,Alexander Zverev,Lorenzo Sonego,P1,8.10607440862577,True,P1,0.8973849266767502,0.10261507332324982,1.14526588845655,7.88392857142857,1.1775361008639262,850.0251744357491,Grass
2025-06-16,44221,Jacob Fearnley,Corentin Moutet,P2,4.065053906790958,False,P1,0.5461505204439163,0.4538494795560837,1.6558704453441293,2.524691358024691,-4.065053906790958,845.9601205289582,Grass
2025-06-16,44222,Jiri Lehecka,Gabriel Diallo,P2,7.637284318101312,False,P1,0.5128875523805618,0.48711244761943817,1.5977011494252877,2.673076923076923,-7.637284318101312,838.3228362108568,Grass
2025-06-16,44253,Tomas Martin Etcheverry,Andrey Rublev,P2,10.85582585333078,False,P1,0.1605309471487999,0.8394690528512001,4.616,1.2765486725663715,-10.85582585333078,827.4670103575261,Grass
2025-06-16,44254,Tomas Machac,Fabian Marozsan,P1,2.5842835773488897,True,P1,0.5540103018283844,0.4459896981716156,1.9073170731707316,2.102150537634408,2.3447646116433827,829.8117749691695,Grass
2025-06-16,44223,Arthur Rinderknech,Reilly Opelka,P2,10.354366268108606,False,P1,0.34371325373649597,0.656286746263504,2.183333333333333,1.8450704225352113,-10.354366268108606,819.4574087010609,Grass
2025-06-16,44224,Jack Draper,Alexei Popyrin,P1,5.905538891098866,True,P1,0.8698085770010948,0.13019142299890518,1.1794071762870515,6.573913043478262,1.0594960569054128,820.5169047579664,Grass
2025-06-16,44255,Karen Khachanov,Felix Auger-Aliassime,P1,1.819303666639102,True,P1,0.44036102294921875,0.5596389770507812,2.413173652694611,1.7076271186440675,2.5709920079450783,823.0878967659114,Grass
2025-06-16,44225,Holger Rune,Mackenzie McDonald,P1,6.196210379421797,True,P1,0.7482470273971558,0.25175297260284424,1.4212121212121214,3.3741007194244608,2.6099189173928186,825.6978156833043,Grass
2025-06-16,44256,Flavio Cobolli,Denis Shapovalov,P2,7.719958223168052,False,P1,0.33286914229393005,0.66713085770607,2.4424242424242424,1.6932773109243697,-7.719958223168052,817.9778574601362,Grass
2025-06-16,44257,Daniil Medvedev,Quentin Halys,P1,7.151539513126987,True,P1,0.7230691164731979,0.27693088352680206,1.5051546391752577,2.9795918367346936,3.612633362301261,821.5904908224375,Grass
2025-06-16,44226,Roberto Bautista Agut,Jakub Mensik,P2,10.89329568443588,False,P1,0.26516062021255493,0.7348393797874451,2.7712418300653594,1.5645756457564575,-10.89329568443588,810.6971951380016,Grass
2025-06-16,44258,Alex Michelsen,Stefanos Tsitsipas,P2,16.213943902760033,False,P1,0.2665293514728546,0.7334706485271454,1.7999999999999998,2.25,-16.213943902760033,794.4832512352416,Grass
2025-06-16,44227,Brandon Nakashima,Daniel Evans,P2,3.5145557642087897,False,P1,0.6309033632278442,0.36909663677215576,1.444794952681388,3.24822695035461,-3.5145557642087897,790.9686954710328,Grass
2025-06-16,44259,Alexander Zverev,Flavio Cobolli,P1,15.819373909420657,True,P1,0.9235319122672081,0.0764680877327919,1.1619318181818181,7.175438596491228,2.561659979650503,793.5303554506833,Grass
2025-06-16,44228,Carlos Alcaraz,Arthur Rinderknech,P1,12.787867686448811,True,P1,0.9153831861913204,0.08461681380867958,1.1426735218508997,8.009009009009008,1.824490119788968,795.3548455704722,Grass
2025-06-16,44260,Daniil Medvedev,Alex Michelsen,P1,15.907096911409445,True,P1,0.8674028888344765,0.13259711116552353,1.4673202614379082,3.13986013986014,7.433708687358004,802.7885542578302,Grass
2025-06-16,44229,Jack Draper,Brandon Nakashima,P2,0.5337245836111083,False,P1,0.7968922778964043,0.20310772210359573,1.2381889763779528,5.198347107438017,-0.5337245836111083,802.2548296742191,Grass
2025-06-16,44230,Roberto Bautista Agut,Holger Rune,P1,4.656203822313991,True,P1,0.3548794537782669,0.6451205462217331,3.7014925373134324,1.3701657458563536,12.578699878191525,814.8335295524106,Grass
2025-06-16,44261,Alexander Bublik,Tomas Machac,P2,3.1103005782614845,False,P1,0.5750659257173538,0.4249340742826462,1.606177606177606,2.6496815286624202,-3.1103005782614845,811.7232289741492,Grass
2025-06-16,44231,Jiri Lehecka,Jacob Fearnley,P1,0.6673226911273735,True,P1,0.6490591615438461,0.35094083845615387,1.554744525547445,2.8026315789473686,0.370193609676499,812.0934225838256,Grass
2025-06-16,44262,Karen Khachanov,Tomas Martin Etcheverry,P1,8.306906222206743,True,P1,0.7741605192422867,0.22583948075771332,1.3965014577259474,3.5220588235294117,3.293700426297716,815.3871230101233,Grass
2025-06-16,44263,Daniil Medvedev,Alexander Zverev,P2,6.4608222784238825,False,P1,0.37401221692562103,0.625987783074379,2.25,1.7999999999999998,-6.4608222784238825,808.9263007316995,Grass
2025-06-16,44232,Carlos Alcaraz,Roberto Bautista Agut,P1,7.256335115513633,True,P1,0.8986698314547539,0.10133016854524612,1.140880503144654,8.098214285714285,1.0222761420597821,809.9485768737593,Grass
2025-06-16,44264,Alexander Bublik,Karen Khachanov,P2,0.12724120942757075,False,P1,0.6044518202543259,0.39554817974567413,1.6491935483870968,2.540372670807453,-0.12724120942757075,809.8213356643317,Grass
2025-06-16,44233,Jiri Lehecka,Jack Draper,P2,2.9755187893547634,False,P1,0.3305872231721878,0.6694127768278122,2.8026315789473686,1.554744525547445,-2.9755187893547634,806.845816874977,Grass
2025-06-16,44234,Carlos Alcaraz,Jiri Lehecka,P1,8.284719063066799,True,P1,0.8257369846105576,0.17426301538944244,1.2808988764044942,4.56,2.3271682761423573,809.1729851511194,Grass
2025-06-16,44265,Alexander Bublik,Daniil Medvedev,P2,5.1735595084423265,False,P1,0.35707442462444305,0.642925575375557,2.4424242424242424,1.6932773109243697,-5.1735595084423265,803.9994256426771,Grass
2025-06-23,44266,Roberto Bautista Agut,Tomas Martin Etcheverry,P1,13.819133508773247,True,P1,0.7426508963108063,0.2573491036891937,1.6451612903225807,2.55,8.915570005660161,812.9149956483373,Grass
2025-06-23,44293,Jacob Fearnley,Flavio Cobolli,P2,2.494749291442328,False,P1,0.5322819203138351,0.46771807968616486,1.763392857142857,2.309941520467836,-2.494749291442328,810.420246356895,Grass
2025-06-23,44267,Brandon Holt,Benjamin Bonzi,P2,12.02749304423281,False,P1,0.30364541709423065,0.6963545829057693,2.3157894736842106,1.7599999999999998,-12.02749304423281,798.3927533126622,Grass
2025-06-23,44295,Jenson Brooksby,Francisco Comesana,P1,7.043538464922609,True,P1,0.7072664499282837,0.2927335500717163,1.5514705882352942,2.8133333333333335,3.884304300508792,802.277057613171,Grass
2025-06-23,44268,Bernard Tomic,Rinky Hijikata,P2,16.04554115226342,False,P1,0.14621135592460632,0.8537886440753937,2.6242038216560504,1.615686274509804,-16.04554115226342,786.2315164609075,Grass
2025-06-23,44269,Roman Safiullin,Alexandre Muller,P2,2.3805951841122837,False,P1,0.5594697147607803,0.44053028523921967,1.6791666666666667,2.4723926380368098,-2.3805951841122837,783.8509212767952,Grass
2025-06-23,44296,James Duckworth,Aleksandar Vukic,P1,0.12840132276398522,True,P1,0.3595816493034363,0.6404183506965637,2.7973856209150325,1.5563636363636362,0.23078669124245707,784.0817079680377,Grass
2025-06-23,44270,Gabriel Diallo,Jaume Munar,P1,15.371449630483765,True,P1,0.7547285556793213,0.2452714443206787,1.6763485477178421,2.478527607361963,10.396457633895656,794.4781656019334,Grass
2025-06-23,44297,Marcos Giron,Luciano Darderi,P2,14.793379294037171,False,P1,0.38361556828022003,0.61638443171978,1.6360000000000001,2.5723270440251573,-14.793379294037171,779.6847863078962,Grass
2025-06-23,44298,Billy Harris,Cameron Norrie,P1,6.5616087302828605,True,P1,0.4102271944284439,0.5897728055715561,3.4379562043795615,1.4101796407185627,15.996914714704197,795.6817010226004,Grass
2025-06-23,44271,Hamad Medjedovic,Nishesh Basavareddy,P2,3.713336433191217,False,P1,0.523950845003128,0.47604915499687195,1.7304347826086959,2.3690476190476186,-3.713336433191217,791.9683645894091,Grass
2025-06-23,44272,Corentin Moutet,Pedro Martinez,P2,1.3142507452712566,False,P1,0.7241746783256531,0.2758253216743469,1.3350515463917525,3.984615384615384,-1.3142507452712566,790.6541138441379,Grass
2025-06-23,44273,Ethan Quinn,Camilo Ugo Carabelli,P2,15.777224527583476,False,P1,0.4142817258834839,0.5857182741165161,1.450479233226837,3.2198581560283692,-15.777224527583476,774.8768893165544,Grass
2025-06-23,44300,Alejandro Davidovich Fokina,Chun-Hsin Tseng,P2,3.059328732348173,False,P1,0.6691616028547287,0.3308383971452713,1.3764044943820226,3.656716417910447,-3.059328732348173,771.8175605842063,Grass
2025-06-23,44301,Mattia Bellucci,Quentin Halys,P2,5.531344140005699,False,P1,0.36683475971221924,0.6331652402877808,2.335294117647059,1.7488986784140967,-5.531344140005699,766.2862164442006,Grass
2025-06-23,44274,Arthur Rinderknech,Damir Dzumhur,P2,10.453481993891476,False,P1,0.5400165021419525,0.4599834978580475,1.3465608465608467,3.8854961832061066,-10.453481993891476,755.8327344503091,Grass
2025-06-23,44302,Daniel Evans,Miomir Kecmanovic,P1,2.5728708715715594,True,P1,0.4637950211763382,0.5362049788236618,2.3550295857988166,1.737991266375546,3.4863161514194503,759.3190506017286,Grass
2025-06-23,44303,Joao Fonseca,Zizou Bergs,P2,7.618777196447163,False,P1,0.5048375129699707,0.4951624870300293,1.5833333333333335,2.7142857142857144,-7.618777196447163,751.7002734052815,Grass
2025-06-23,44276,Daniel Altmaier,Fabio Fognini,P2,9.037354550227409,False,P1,0.49512656033039093,0.5048734396696091,1.5340501792114694,2.87248322147651,-9.037354550227409,742.662918855054,Grass
2025-06-23,44277,Laslo Djere,Yunchaokete Bu,P1,6.519435611003552,True,P1,0.6380037218332291,0.36199627816677094,1.7828054298642535,2.277456647398844,5.103449595943958,747.766368450998,Grass
2025-06-23,44304,Lorenzo Sonego,Fabian Marozsan,P2,3.088602955596596,False,P1,0.531121239066124,0.46887876093387604,1.7272727272727275,2.375,-3.088602955596596,744.6777654954014,Grass
2025-06-23,44305,Taylor Fritz,Joao Fonseca,P1,3.4694941111635442,True,P1,0.7214347124099731,0.27856528759002686,1.4433962264150944,3.2553191489361706,1.5383605964593074,746.2161260918607,Grass
2025-06-23,44278,Learner Tien,Ben Shelton,P1,1.53057725093648,True,P1,0.2840128242969513,0.7159871757030487,3.9465648854961826,1.339378238341969,4.50994518214871,750.7260712740094,Grass
2025-06-23,44306,Daniel Evans,Tommy Paul,P1,1.3171475288680141,True,P1,0.32229016721248627,0.6777098327875137,3.3597122302158278,1.4237804878048779,3.108089132868408,753.8341604068778,Grass
2025-06-23,44279,Alex Michelsen,Brandon Holt,P2,1.9431524066584418,False,P1,0.7076584696769714,0.29234153032302856,1.3402597402597405,3.9389312977099245,-1.9431524066584418,751.8910080002194,Grass
2025-06-23,44280,Roberto Bautista Agut,Bernard Tomic,P1,1.7106331387638265,True,P1,0.8013481646776199,0.19865183532238007,1.262820512820513,4.8048780487804885,0.44958947877767264,752.340597478997,Grass
2025-06-23,44307,Jakub Mensik,Reilly Opelka,P1,3.897121540993371,True,P1,0.6830060631036758,0.31699393689632416,1.5471014492753625,2.827814569536424,2.1321208430797074,754.4727183220767,Grass
2025-06-23,44308,Ugo Humbert,Lorenzo Sonego,P1,12.827817466256025,True,P1,0.7274821847677231,0.2725178152322769,1.7033898305084747,2.421686746987952,9.022956353383478,763.4956746754602,Grass
2025-06-23,44281,Corentin Moutet,Daniel Altmaier,P1,7.655488061285932,True,P1,0.7255302667617798,0.2744697332382202,1.5228070175438597,2.9127516778523495,4.002342881163523,767.4980175566237,Grass
2025-06-23,44282,Felix Auger-Aliassime,Arthur Rinderknech,P2,2.873472091756413,False,P1,0.660524845123291,0.339475154876709,1.4005847953216373,3.496350364963503,-2.873472091756413,764.6245454648673,Grass
2025-06-23,44309,Alejandro Davidovich Fokina,James Duckworth,P2,1.2328899592838058,False,P1,0.6414684802293777,0.35853151977062225,1.5086505190311417,2.965986394557823,-1.2328899592838058,763.3916555055835,Grass
2025-06-23,44283,Tallon Griekspoor,Ethan Quinn,P1,7.038922684901652,True,P1,0.6934174597263336,0.3065825402736664,1.6023166023166024,2.66025641025641,4.23965999553922,767.6313155011227,Grass
2025-06-23,44310,Jenson Brooksby,Nuno Borges,P1,7.553546029069686,True,P1,0.5768314301967621,0.4231685698032379,2.1135135135135137,1.898058252427185,8.410975578315435,776.0422910794381,Grass
2025-06-23,44284,Gabriel Diallo,Laslo Djere,P1,7.84216736445076,True,P1,0.7435342967510223,0.25646570324897766,1.4736842105263157,3.1111111111111107,3.7147108568450964,779.7570019362831,Grass
2025-06-23,44311,Marcos Giron,Jacob Fearnley,P1,8.764986148354403,True,P1,0.49156343936920166,0.5084365606307983,2.906040268456376,1.5246478873239437,16.706416551225846,796.463418487509,Grass
2025-06-23,44285,Hamad Medjedovic,Roman Safiullin,P1,0.11074356931830472,True,P1,0.5457958728075027,0.45420412719249725,1.8364485981308412,2.195530726256983,0.09263130330830162,796.5560497908173,Grass
2025-06-23,44312,Billy Harris,Mattia Bellucci,P1,7.569463776883738,True,P1,0.5045966058969498,0.49540339410305023,2.575,1.6349206349206347,11.921905448591888,808.4779552394092,Grass
2025-06-23,44286,Felix Auger-Aliassime,Hamad Medjedovic,P1,5.731255425507282,True,P1,0.7190924137830734,0.2809075862169266,1.4865771812080535,3.055172413793103,2.7886981097266963,811.2666533491359,Grass
2025-06-23,44313,Taylor Fritz,Marcos Giron,P1,13.669849053003368,True,P1,0.8538360111415386,0.14616398885846138,1.2828054298642535,4.5360000000000005,3.865907537614076,815.13256088675,Grass
2025-06-23,44314,Alejandro Davidovich Fokina,Jakub Mensik,P2,16.302651217735,False,P1,0.18944967538118362,0.8105503246188164,2.7647058823529416,1.5666666666666667,-16.302651217735,798.8299096690149,Grass
2025-06-23,44287,Alex Michelsen,Roberto Bautista Agut,P2,11.68835155136411,False,P1,0.3464265912771225,0.6535734087228775,2.0418848167539267,1.959798994974874,-11.68835155136411,787.1415581176508,Grass
2025-06-23,44315,Ugo Humbert,Billy Harris,P2,5.567806428012729,False,P1,0.6620743572711945,0.33792564272880554,1.2967289719626167,4.37007874015748,-5.567806428012729,781.573751689638,Grass
2025-06-23,44288,Tallon Griekspoor,Gabriel Diallo,P2,3.518375750587901,False,P1,0.4468379616737366,0.5531620383262634,2.036458333333334,1.964824120603015,-3.518375750587901,778.0553759390501,Grass
2025-06-23,44289,Corentin Moutet,Learner Tien,P1,8.416035752303404,True,P1,0.5694803148508072,0.4305196851491928,2.2191011235955056,1.8202764976958523,10.259998641853027,788.3153745809032,Grass
2025-06-23,44316,Jenson Brooksby,Daniel Evans,P1,3.6319833537086654,True,P1,0.5740067064762115,0.42599329352378845,1.8840579710144931,2.1311475409836067,3.2108838344380968,791.5262584153412,Grass
2025-06-23,44317,Taylor Fritz,Alejandro Davidovich Fokina,P1,15.830525168306824,True,P1,0.8585176542401314,0.14148234575986862,1.4065281899109792,3.4598540145985406,6.435554742011972,797.9618131573532,Grass
2025-06-23,44290,Tallon Griekspoor,Felix Auger-Aliassime,P1,5.517169361944904,True,P1,0.5032700598239899,0.49672994017601013,2.36094674556213,1.7347826086956524,7.508573687854011,805.4703868452071,Grass
2025-06-23,44318,Jenson Brooksby,Ugo Humbert,P2,1.313991820990931,False,P1,0.32912930846214294,0.6708706915378571,2.93918918918919,1.515679442508711,-1.313991820990931,804.1563950242162,Grass
2025-06-23,44291,Corentin Moutet,Alex Michelsen,P1,4.414729528132339,True,P1,0.45550738275051117,0.5444926172494888,2.575,1.6349206349206347,6.953199006808435,811.1095940310246,Grass
2025-06-23,44319,Taylor Fritz,Jenson Brooksby,P1,9.46655956670705,True,P1,0.807986356317997,0.19201364368200302,1.3341902313624678,3.9923076923076914,3.1636317318044123,814.273225762829,Grass
2025-06-23,44292,Tallon Griekspoor,Corentin Moutet,P1,9.065884749225688,True,P1,0.694827675819397,0.305172324180603,1.6463414634146345,2.547169811320755,5.859657215962948,820.1328829787919,Grass
2025-06-30,44320,Jannik Sinner,Luca Nardi,P1,16.40265765957584,True,P1,0.9674385208636522,0.03256147913634777,1.0776923076923077,13.87128712871287,1.2743603258593543,821.4072433046513,Grass
2025-06-30,44322,Novak Djokovic,Alexandre Muller,P2,3.482162372623047,False,P1,0.8781891390681267,0.12181086093187332,1.042161277118297,24.718446601941746,-3.482162372623047,817.9250809320282,Grass
2025-06-30,44323,Nikoloz Basilashvili,Lorenzo Musetti,P2,6.20390482701153,False,P1,0.21084947884082794,0.7891505211591721,4.023255813953488,1.330769230769231,-6.20390482701153,811.7211761050166,Grass
2025-06-30,44324,Ben Shelton,Alex Bolt,P2,6.809473479237552,False,P1,0.6281517595052719,0.3718482404947281,1.3248730964467006,4.078125000000001,-6.809473479237552,804.9117026257791,Grass
2025-06-30,44325,Alex de Minaur,Roberto Carballes Baena,P2,1.938988218415844,False,P1,0.8832030147314072,0.11679698526859283,1.0776923076923077,13.87128712871287,-1.938988218415844,802.9727144073632,Grass
2025-06-30,44327,Jakub Mensik,Hugo Gaston,P2,5.511590786558133,False,P1,0.7812034636735916,0.2187965363264084,1.1043478260869564,10.583333333333332,-5.511590786558133,797.4611236208051,Grass
2025-06-30,44328,Gael Monfils,Ugo Humbert,P1,3.8068050602226906,True,P1,0.3448694199323654,0.6551305800676346,3.6268656716417906,1.3806818181818183,9.999965531331245,807.4610891521363,Grass
2025-06-30,44329,Grigor Dimitrov,Yoshihito Nishioka,P2,5.824875397893897,False,P1,0.6873617917299271,0.31263820827007294,1.2449392712550609,5.082644628099174,-5.824875397893897,801.6362137542424,Grass
2025-06-30,44330,Tomas Machac,Damir Dzumhur,P2,5.6558065396172,False,P1,0.6854083389043808,0.3145916610956192,1.2531120331950205,4.950819672131147,-5.6558065396172,795.9804072146252,Grass
2025-06-30,44331,Flavio Cobolli,Beibit Zhukayev,P2,2.684004825328395,False,P1,0.6953145861625671,0.30468541383743286,1.341207349081365,3.930769230769231,-2.684004825328395,793.2964023892968,Grass
2025-06-30,44332,Mariano Navone,Denis Shapovalov,P1,4.337402467045573,True,P1,0.24795027822256088,0.7520497217774391,6.426086956521741,1.184294871794872,23.5351229516212,816.831525340918,Grass
2025-06-30,44333,Jaume Munar,Alexander Bublik,P1,3.213296536409509,True,P1,0.2666392922401428,0.7333607077598572,4.901639344262295,1.2563025210084033,12.537124191237101,829.3686495321551,Grass
2025-06-30,44334,Brandon Nakashima,Yunchaokete Bu,P2,3.4002656267369957,False,P1,0.7789120748639107,0.22108792513608932,1.1785714285714286,6.600000000000001,-3.4002656267369957,825.9683839054181,Grass
2025-06-30,44335,Miomir Kecmanovic,Alex Michelsen,P1,9.76575848617333,True,P1,0.49804846942424774,0.5019515305757523,2.918918918918919,1.5211267605633803,18.739698716710986,844.7080826221292,Grass
2025-06-30,44336,Arthur Cazaux,Adam Walton,P2,13.128421165894354,False,P1,0.43010273575782776,0.5698972642421722,1.6023166023166024,2.66025641025641,-13.128421165894354,831.5796614562348,Grass
2025-06-30,44338,Jesper de Jong,Christopher Eubanks,P2,13.262002212244267,False,P1,0.396706223487854,0.603293776512146,1.7167381974248928,2.3952095808383236,-13.262002212244267,818.3176592439905,Grass
2025-06-30,44339,Daniel Evans,Jay Clarke,P2,0.8235158747365446,False,P1,0.797962062060833,0.20203793793916702,1.2279693486590038,5.386554621848739,-0.8235158747365446,817.494143369254,Grass
2025-06-30,44340,Marton Fucsovics,Aleksandar Kovacevic,P2,4.106099095612831,False,P1,0.6759581118822098,0.3240418881177902,1.330769230769231,4.023255813953488,-4.106099095612831,813.3880442736411,Grass
2025-06-30,44341,Marcos Giron,Camilo Ugo Carabelli,P2,8.155915878264256,False,P1,0.7243786305189133,0.27562136948108673,1.1036468330134357,10.648148148148147,-8.155915878264256,805.2321283953768,Grass
2025-06-30,44342,Rinky Hijikata,David Goffin,P2,5.655142374198423,False,P1,0.5148730129003525,0.4851269870996475,1.6694214876033058,2.493827160493827,-5.655142374198423,799.5769860211783,Grass
2025-06-30,44346,Corentin Moutet,Francisco Comesana,P1,0.2976104923123402,True,P1,0.6481785774230957,0.3518214225769043,1.5490909090909089,2.821192052980132,0.16341521577877582,799.740401236957,Grass
2025-06-30,44348,Reilly Opelka,Alexander Shevchenko,P1,1.1183223574658112,True,P1,0.7288751304149628,0.27112486958503723,1.386819484240688,3.585185185185186,0.43258887752975544,800.1729901144868,Grass
2025-06-30,44350,Lorenzo Sonego,Jaime Faria,P2,7.8126740852525,False,P1,0.6047069281339645,0.39529307186603546,1.330769230769231,4.023255813953488,-7.8126740852525,792.3603160292342,Grass
2025-06-30,44351,Aleksandar Vukic,Chun-Hsin Tseng,P2,2.8200866064183274,False,P1,0.7156467139720917,0.2843532860279083,1.297872340425532,4.357142857142858,-2.8200866064183274,789.540229422816,Grass
2025-06-30,44352,Carlos Alcaraz,Fabio Fognini,P2,0.013089129662241045,False,P1,0.9436070751398802,0.05639292486011982,1.0594117647058825,17.831683168316832,-0.013089129662241045,789.5271402931537,Grass
2025-06-30,44353,Arthur Rinderknech,Alexander Zverev,P1,1.7390918804114082,True,P1,0.15544602274894714,0.8445539772510529,8.581818181818182,1.13189448441247,13.185478438755586,802.7126187319093,Grass
2025-06-30,44354,Taylor Fritz,Giovanni Mpetshi Perricard,P2,2.170078937596813,False,P1,0.7803231999278069,0.21967680007219315,1.2122302158273381,5.711864406779661,-2.170078937596813,800.5425397943125,Grass
2025-06-30,44355,Nicolas Jarry,Holger Rune,P2,6.101200232792445,False,P1,0.2177560031414032,0.7822439968585968,3.8923076923076922,1.3457446808510638,-6.101200232792445,794.4413395615201,Grass
2025-06-30,44356,Benjamin Bonzi,Daniil Medvedev,P1,0.8440660565052179,True,P1,0.12666809931397438,0.8733319006860256,9.28440366972477,1.1207087486157254,6.9925839360019415,801.433923497522,Grass
2025-06-30,44357,Frances Tiafoe,Elmer Moller,P2,10.403418846971512,False,P1,0.6822463423013687,0.3177536576986313,1.085209003215434,12.735849056603772,-10.403418846971512,791.0305046505505,Grass
2025-06-30,44358,Andrey Rublev,Laslo Djere,P2,6.240039893944377,False,P1,0.650675967335701,0.349324032664299,1.294392523364486,4.396825396825396,-6.240039893944377,784.7904647566061,Grass
2025-06-30,44359,Nuno Borges,Francisco Cerundolo,P2,5.815989169453187,False,P1,0.3319445997476578,0.6680554002523422,2.566037735849057,1.63855421686747,-5.815989169453187,778.9744755871529,Grass
2025-06-30,44360,Karen Khachanov,Mackenzie McDonald,P2,2.8411349428557795,False,P1,0.7437642961740494,0.2562357038259506,1.2464358452138493,5.0578512396694215,-2.8411349428557795,776.1333406442972,Grass
2025-06-30,44362,Jiri Lehecka,Hugo Dellien,P2,1.1561264782769793,False,P1,0.9084344990551472,0.09156550094485283,1.068,15.70588235294118,-1.1561264782769793,774.9772141660202,Grass
2025-06-30,44364,Felix Auger-Aliassime,James Duckworth,P2,1.0597825661753644,False,P1,0.7861994951963425,0.21380050480365753,1.2371541501976284,5.216666666666667,-1.0597825661753644,773.9174315998448,Grass
2025-06-30,44365,Alejandro Davidovich Fokina,Brandon Holt,P2,2.0550920954939373,False,P1,0.7464305683970451,0.25356943160295486,1.2685589519650655,4.723577235772358,-2.0550920954939373,771.8623395043509,Grass
2025-06-30,44366,Jenson Brooksby,Tallon Griekspoor,P2,0.5805067809450535,False,P1,0.3547717034816742,0.6452282965183258,2.776315789473684,1.5629629629629629,-0.5805067809450535,771.2818327234058,Grass
2025-06-30,44367,Kamil Majchrzak,Matteo Berrettini,P1,3.3927064458468936,True,P1,0.2119935229420662,0.7880064770579338,7.353982300884955,1.1573816155988859,21.557196709009464,792.8390294324153,Grass
2025-06-30,44369,Luciano Darderi,Roman Safiullin,P1,9.947215606254206,True,P1,0.48782724142074585,0.5121727585792542,3.1619718309859155,1.462540716612378,21.505599937465078,814.3446293698803,Grass
2025-06-30,44370,Gabriel Diallo,Daniel Altmaier,P2,0.5846380829373574,False,P1,0.8008337244391441,0.19916627556085587,1.2307692307692306,5.333333333333333,-0.5846380829373574,813.759991286943,Grass
2025-06-30,44371,Joao Fonseca,Jacob Fearnley,P2,6.210146515054213,False,P1,0.5523753762245178,0.4476246237754822,1.5340501792114694,2.87248322147651,-6.210146515054213,807.5498447718887,Grass
2025-06-30,44373,Billy Harris,Dusan Lajovic,P1,9.785174212637159,True,P1,0.7421859204769135,0.25781407952308655,1.5157894736842106,2.938775510204082,5.04708985704443,812.5969346289331,Grass
2025-06-30,44374,Lloyd Harris,Zizou Bergs,P1,10.007504375695081,True,P1,0.5316872596740723,0.46831274032592773,2.641025641025641,1.6093750000000002,16.422571283191928,829.019505912125,Grass
2025-06-30,44375,Adrian Mannarino,Christopher O'Connell,P2,6.223614054989246,False,P1,0.5773685574531555,0.4226314425468445,1.4719471947194718,3.118881118881119,-6.223614054989246,822.7958918571358,Grass
2025-06-30,44376,Shintaro Mochizuki,Giulio Zeppieri,P2,14.41255583139713,False,P1,0.4183008670806885,0.5816991329193115,1.5531135531135531,2.8079470198675502,-14.41255583139713,808.3833360257386,Grass
2025-06-30,44377,Cameron Norrie,Roberto Bautista Agut,P2,13.079965457253103,False,P1,0.34428179264068604,0.655718207359314,1.9646464646464645,2.0366492146596857,-13.079965457253103,795.3033705684854,Grass
2025-06-30,44379,Jan-Lennard Struff,Filip Misolic,P1,2.8757865082849756,True,P1,0.6182859688997269,0.38171403110027313,1.6991525423728815,2.43030303030303,2.0106134485890723,797.3139840170745,Grass
2025-06-30,44381,Jordan Thompson,Vit Kopriva,P1,9.133562083382545,True,P1,0.7528306841850281,0.24716931581497192,1.4719471947194718,3.118881118881119,4.310559003048526,801.624543020123,Grass
2025-06-30,44382,Learner Tien,Nishesh Basavareddy,P1,4.3781591406421665,True,P1,0.6710353791713715,0.32896462082862854,1.5855513307984792,2.707792207792208,2.563636911250547,804.1881799313736,Grass
2025-06-30,44383,Botic Van De Zandschulp,Matteo Arnaldi,P1,2.025004326288943,True,P1,0.4478292167186737,0.5521707832813263,2.389221556886228,1.7198275862068966,2.8131796628684724,807.0013595942421,Grass
2025-06-30,44384,Jannik Sinner,Aleksandar Vukic,P1,5.0674728913245515,True,P1,0.9509629979729652,0.04903700202703476,1.0594117647058825,17.831683168316832,0.3010675070728123,807.302427101315,Grass
2025-06-30,44385,Marin Cilic,Jack Draper,P1,4.036596524970741,True,P1,0.21922807395458221,0.7807719260454178,7.548672566371684,1.1527027027027026,26.434348924587162,833.7367760259021,Grass
2025-06-30,44386,Novak Djokovic,Daniel Evans,P2,0.8944706319927322,False,P1,0.9093003906309605,0.09069960936903954,1.0761494252873562,14.132075471698112,-0.8944706319927322,832.8423053939094,Grass
2025-06-30,44387,Ben Shelton,Rinky Hijikata,P2,2.1835319334584704,False,P1,0.7354984283447266,0.26450157165527344,1.288329519450801,4.468253968253968,-2.1835319334584704,830.658773460451,Grass
2025-06-30,44388,Alex de Minaur,Arthur Cazaux,P2,2.7165506729779927,False,P1,0.8287172541022301,0.17128274589776993,1.1277584204413473,8.827272727272726,-2.7165506729779927,827.942222787473,Grass
2025-06-30,44389,Sebastian Ofner,Tommy Paul,P1,4.3131979851586335,True,P1,0.24348552525043488,0.7565144747495651,6.431034482758621,1.1841269841269841,23.425126988361544,851.3673497758346,Grass
2025-06-30,44390,Jakub Mensik,Marcos Giron,P1,4.332706023118473,True,P1,0.6533577293157578,0.34664227068424225,1.6284584980237156,2.591194968553459,2.7229259196673414,854.0902756955019,Grass
2025-06-30,44391,Grigor Dimitrov,Corentin Moutet,P1,11.41512088774073,True,P1,0.6989420652389526,0.30105793476104736,1.6974789915966384,2.4337349397590358,7.961807005735128,862.052082701237,Grass
2025-06-30,44392,August Holmgren,Tomas Machac,P1,6.073137219284532,True,P1,0.2648710012435913,0.7351289987564087,6.929824561403509,1.168639053254438,36.01263824768723,898.0647209489243,Grass
2025-06-30,44394,Brandon Nakashima,Reilly Opelka,P2,5.585421134642794,False,P1,0.6029433906078339,0.39705660939216614,1.4522292993630572,3.211267605633803,-5.585421134642794,892.4792998142815,Grass
2025-06-30,44395,Marton Fucsovics,Gael Monfils,P2,3.568260039675073,False,P1,0.4623776376247406,0.5376223623752594,1.989795918367347,2.010309278350516,-3.568260039675073,888.9110397746064,Grass
2025-06-30,44396,Miomir Kecmanovic,Jesper de Jong,P2,9.371330012356767,False,P1,0.5462023019790649,0.45379769802093506,1.444794952681388,3.24822695035461,-9.371330012356767,879.5397097622496,Grass
2025-06-30,44397,Pedro Martinez,Mariano Navone,P2,7.009142834134199,False,P1,0.3033361881971359,0.6966638118028641,2.7712418300653594,1.5645756457564575,-7.009142834134199,872.5305669281154,Grass
2025-06-30,44398,Jaume Munar,Fabian Marozsan,P2,4.597309802630733,False,P1,0.49701179563999176,0.5029882043600082,1.7999999999999998,2.25,-4.597309802630733,867.9332571254846,Grass
2025-06-30,44399,Lorenzo Sonego,Nikoloz Basilashvili,P1,1.0821676971801857,True,P1,0.6822827309370041,0.3177172690629959,1.4833333333333332,3.0689655172413794,0.5230477203037562,868.4563048457884,Grass
2025-06-30,44401,Taylor Fritz,Gabriel Diallo,P2,1.8978833525417733,False,P1,0.7078073769807816,0.29219262301921844,1.351063829787234,3.8484848484848486,-1.8978833525417733,866.5584214932467,Grass
2025-06-30,44402,Cameron Norrie,Frances Tiafoe,P1,5.029571951119761,True,P1,0.4496757686138153,0.5503242313861847,2.6496815286624202,1.606177606177606,8.297191944840879,874.8556134380875,Grass
2025-06-30,44403,Andrey Rublev,Lloyd Harris,P2,3.9252757710147597,False,P1,0.6773648709058762,0.32263512909412384,1.3438320209973753,3.9083969465648853,-3.9252757710147597,870.9303376670728,Grass
2025-06-30,44404,Karen Khachanov,Shintaro Mochizuki,P2,0.9710103864977877,False,P1,0.836615689098835,0.163384310901165,1.168639053254438,6.929824561403509,-0.9710103864977877,869.9593272805749,Grass
2025-06-30,44405,Mattia Bellucci,Jiri Lehecka,P1,1.3663461989750327,True,P1,0.2189304158091545,0.7810695841908455,5.165289256198348,1.2400793650793653,5.691227142838154,875.650554423413,Grass
2025-06-30,44406,Jan-Lennard Struff,Felix Auger-Aliassime,P1,0.8017916755037918,True,P1,0.30145223438739777,0.6985477656126022,3.4671532846715327,1.4053254437869822,1.9781429658414718,877.6286973892545,Grass
2025-06-30,44407,Alejandro Davidovich Fokina,Botic Van De Zandschulp,P2,10.360575426089385,False,P1,0.5602925717830658,0.4397074282169342,1.3633879781420766,3.7518796992481214,-10.360575426089385,867.2681219631651,Grass
2025-06-30,44408,Nuno Borges,Billy Harris,P2,11.703557358207028,False,P1,0.45146602392196655,0.5485339760780334,1.6171874999999998,2.6202531645569613,-11.703557358207028,855.564564604958,Grass
2025-06-30,44410,Joao Fonseca,Jenson Brooksby,P2,17.11129129209916,False,P1,0.4002855271100998,0.5997144728899002,1.4833333333333332,3.0689655172413794,-17.11129129209916,838.4532733128589,Grass
2025-06-30,44411,Nicolas Jarry,Learner Tien,P2,11.656271518252302,False,P1,0.4010876417160034,0.5989123582839966,1.7999999999999998,2.25,-11.656271518252302,826.7970017946066,Grass
2025-06-30,44412,Kamil Majchrzak,Ethan Quinn,P1,14.326951534912347,True,P1,0.6289540827274323,0.37104591727256775,2.3139534883720927,1.7610619469026547,18.824947947035987,845.6219497416425,Grass
2025-06-30,44414,Arthur Rinderknech,Cristian Garin,P2,3.1987461760201903,False,P1,0.5158596038818359,0.48414039611816406,1.7918552036199096,2.262857142857143,-3.1987461760201903,842.4232035656223,Grass
2025-06-30,44415,Jordan Thompson,Benjamin Bonzi,P1,7.29042278477278,True,P1,0.5014172047376633,0.49858279526233673,2.518518518518518,1.6585365853658534,11.07064200650681,853.4938455721291,Grass
2025-06-30,44416,Jannik Sinner,Pedro Martinez,P2,0.3488231024206247,False,P1,0.9680879805237055,0.03191201947629452,1.024520514688031,41.78217821782177,-0.3488231024206247,853.1450224697085,Grass
2025-06-30,44417,Novak Djokovic,Miomir Kecmanovic,P2,1.8710788554031703,False,P1,0.8950326032936573,0.1049673967063427,1.0682704811443433,15.647619047619047,-1.8710788554031703,851.2739436143053,Grass
2025-06-30,44418,Ben Shelton,Marton Fucsovics,P2,4.8386652110133115,False,P1,0.6564684212207794,0.3435315787792206,1.350132625994695,3.856060606060606,-4.8386652110133115,846.4352784032919,Grass
2025-06-30,44419,Alex de Minaur,August Holmgren,P2,6.775007297603492,False,P1,0.7633026838302612,0.23669731616973877,1.100371747211896,10.96296296296296,-6.775007297603492,839.6602711056885,Grass
2025-06-30,44420,Flavio Cobolli,Jakub Mensik,P2,16.093968090705864,False,P1,0.22556985169649124,0.7744301483035088,2.7337662337662336,1.5767790262172285,-16.093968090705864,823.5663030149826,Grass
2025-06-30,44421,Grigor Dimitrov,Sebastian Ofner,P1,1.5534010887196164,True,P1,0.7547506093978882,0.24524939060211182,1.3420365535248042,3.9236641221374047,0.5313199546273362,824.0976229696099,Grass
2025-06-30,44422,Lorenzo Sonego,Brandon Nakashima,P2,0.0998810248518654,False,P1,0.35594260692596436,0.6440573930740356,2.8026315789473686,1.554744525547445,-0.0998810248518654,823.9977419447581,Grass
2025-06-30,44423,Marin Cilic,Jaume Munar,P1,7.598964219150867,True,P1,0.6879945248365402,0.3120054751634598,1.6196078431372551,2.613924050632911,4.708377829905245,828.7061197746633,Grass
2025-06-30,44424,Carlos Alcaraz,Jan-Lennard Struff,P1,6.168041952765679,True,P1,0.9460978619754314,0.05390213802456856,1.0676110753380554,15.790476190476188,0.4170279491567269,829.12314772382,Grass
2025-06-30,44425,Taylor Fritz,Alejandro Davidovich Fokina,P1,11.871318938643887,True,P1,0.8222731649875641,0.1777268350124359,1.3316326530612246,4.015384615384614,3.936916994958433,833.0600647187784,Grass
2025-06-30,44426,Andrey Rublev,Adrian Mannarino,P1,0.6925447347087023,True,P1,0.756960928440094,0.243039071559906,1.3282828282828285,4.046153846153846,0.22735054422255394,833.287415263001,Grass
2025-06-30,44427,Karen Khachanov,Nuno Borges,P2,0.21946711569740185,False,P1,0.6742817610502243,0.3257182389497757,1.4752475247524752,3.104166666666667,-0.21946711569740185,833.0679481473036,Grass
2025-06-30,44428,Nicolas Jarry,Joao Fonseca,P1,1.6570053930543502,True,P1,0.3462793380022049,0.6537206619977951,3.132867132867133,1.4688524590163936,3.534172341829209,836.6021204891327,Grass
2025-06-30,44429,Kamil Majchrzak,Arthur Rinderknech,P1,1.309507023669097,True,P1,0.4884699285030365,0.5115300714969635,2.1189189189189186,1.8937198067632852,1.4652321832405568,838.0673526723733,Grass
2025-06-30,44430,Cameron Norrie,Mattia Bellucci,P2,6.901426890940163,False,P1,0.5093301087617874,0.4906698912382126,1.6399999999999997,2.5624999999999996,-6.901426890940163,831.1659257814332,Grass
2025-06-30,44431,Jordan Thompson,Luciano Darderi,P1,0.4184104850563726,True,P1,0.5502593368291855,0.4497406631708145,1.832558139534884,2.201117318435754,0.34835105500042196,831.5142768364336,Grass
2025-06-30,44433,Novak Djokovic,Alex de Minaur,P2,0.5261796060077586,False,P1,0.8027937710285187,0.19720622897148132,1.2298850574712643,5.35,-0.5261796060077586,830.9880972304259,Grass
2025-06-30,44434,Ben Shelton,Lorenzo Sonego,P2,3.906607428074964,False,P1,0.6705655157566071,0.32943448424339294,1.351063829787234,3.8484848484848486,-3.906607428074964,827.0814898023509,Grass
2025-06-30,44435,Flavio Cobolli,Marin Cilic,P2,8.551123721534248,False,P1,0.41182611882686615,0.5881738811731339,1.9261083743842367,2.079787234042553,-8.551123721534248,818.5303660808166,Grass
2025-06-30,44436,Carlos Alcaraz,Andrey Rublev,P1,0.5123929293273819,True,P1,0.8876703009009361,0.11232969909906387,1.1283547257876314,8.790909090909091,0.06576805393933731,818.596134134756,Grass
2025-06-30,44438,Karen Khachanov,Kamil Majchrzak,P2,2.874669125659951,False,P1,0.6590745449066162,0.3409254550933838,1.4107142857142858,3.4347826086956528,-2.874669125659951,815.721465009096,Grass
2025-06-30,44439,Cameron Norrie,Nicolas Jarry,P1,8.50636131441289,True,P1,0.6214854270219803,0.3785145729780197,1.9166666666666667,2.090909090909091,7.797497871545151,823.5189628806412,Grass
2025-06-30,44440,Jannik Sinner,Ben Shelton,P1,16.470379257612823,True,P1,0.9156828075647354,0.08431719243526459,1.366666666666667,3.727272727272728,6.039139061124706,829.5581019417659,Grass
2025-06-30,44441,Novak Djokovic,Flavio Cobolli,P1,7.422897258287694,True,P1,0.9034582525491714,0.09654174745082855,1.1332533013205284,8.504504504504505,0.989125565029934,830.5472275067958,Grass
2025-06-30,44442,Carlos Alcaraz,Cameron Norrie,P2,0.14399702868076503,False,P1,0.9073778167366982,0.09262218326330185,1.098255280073462,11.177570093457946,-0.14399702868076503,830.403230478115,Grass
2025-06-30,44443,Taylor Fritz,Karen Khachanov,P1,11.610091998638238,True,P1,0.8263022005558014,0.1736977994441986,1.3177339901477834,4.147286821705426,3.68892085671018,834.0921513348252,Grass
2025-06-30,44444,Jannik Sinner,Novak Djokovic,P2,4.923355552548267,False,P1,0.5872965008020401,0.4127034991979599,1.5017064846416384,2.993197278911565,-4.923355552548267,829.1687957822769,Grass
2025-06-30,44445,Carlos Alcaraz,Taylor Fritz,P2,1.8584446661884015,False,P1,0.7740978002548218,0.22590219974517822,1.233918128654971,5.275,-1.8584446661884015,827.3103511160886,Grass
2025-06-30,44446,Jannik Sinner,Carlos Alcaraz,P2,4.0789279198318455,False,P1,0.4759907126426697,0.5240092873573303,1.8937198067632852,2.1189189189189186,-4.0789279198318455,823.2314231962567,Grass
2025-07-14,44501,Filip Misolic,Elmer Moller,P2,12.824801603658855,False,P1,0.4471563696861267,0.5528436303138733,1.5395683453237412,2.853333333333333,-12.824801603658855,810.4066215925978,Clay
2025-07-14,44447,Daniel Altmaier,Mitchell Krueger,P2,10.93509468658263,False,P1,0.4742453545331955,0.5257546454668045,1.5395683453237412,2.853333333333333,-10.93509468658263,799.4715269060152,Hard
2025-07-14,44474,David Goffin,Martin Landaluce,P1,15.082739881395844,True,P1,0.6350864619016647,0.36491353809833527,2.41566265060241,1.7063829787234042,21.352071518843516,820.8235984248588,Clay
2025-07-14,44502,Mariano Navone,Tomas Barrios Vera,P1,10.56588477243072,True,P1,0.8365858122706413,0.16341418772935867,1.2821670428893905,4.544,2.9813444617468177,823.8049428866057,Clay
2025-07-14,44475,Francisco Comesana,Marco Trungelliti,P1,2.846573836061723,True,P1,0.6276431828737259,0.3723568171262741,1.6666666666666667,2.5,1.8977158907078158,825.7026587773134,Clay
2025-07-14,44503,Camilo Ugo Carabelli,Cristian Garin,P2,7.490305434893143,False,P1,0.3475843220949173,0.6524156779050827,2.3550295857988166,1.737991266375546,-7.490305434893143,818.2123533424203,Clay
2025-07-14,44476,Francesco Passaro,Arthur Rinderknech,P2,7.3324918790865095,False,P1,0.41038399934768677,0.5896160006523132,2.0,2.0,-7.3324918790865095,810.8798614633338,Clay
2025-07-14,44449,Adam Walton,Rodrigo Pacheco Mendez,P2,6.0494942303532,False,P1,0.5358352512121201,0.46416474878787994,1.5877862595419847,2.7012987012987018,-6.0494942303532,804.8303672329806,Hard
2025-07-14,44477,Roberto Carballes Baena,Carlos Taberner,P1,2.082643092051946,True,P1,0.5561915785074234,0.4438084214925766,1.879807692307692,2.1366120218579234,1.832325412718779,806.6626926456994,Clay
2025-07-14,44504,Damir Dzumhur,Sebastian Ofner,P1,1.8538955445519327,True,P1,0.42757874727249146,0.5724212527275085,2.5,1.6666666666666667,2.780843316827899,809.4435359625273,Clay
2025-07-14,44478,Juan Manuel Cerundolo,Jan-Lennard Struff,P2,15.692924424301772,False,P1,0.25129828602075577,0.7487017139792442,2.436363636363637,1.6962025316455698,-15.692924424301772,793.7506115382256,Clay
2025-07-14,44451,Nishesh Basavareddy,Nicolas Mejia,P2,2.0030332872113408,False,P1,0.68302983045578,0.31697016954421997,1.3901734104046242,3.562962962962963,-2.0030332872113408,791.7475782510143,Hard
2025-07-14,44452,James Duckworth,Adrian Mannarino,P2,6.235389810077669,False,P1,0.4428475499153137,0.5571524500846863,1.9024390243902443,2.108108108108108,-6.235389810077669,785.5121884409366,Hard
2025-07-14,44480,Alexander Shevchenko,Stan Wawrinka,P2,2.640403583179894,False,P1,0.46398216485977173,0.5360178351402283,2.0103626943005177,1.9897435897435893,-2.640403583179894,782.8717848577567,Clay
2025-07-14,44507,Hugo Gaston,Chun-Hsin Tseng,P1,8.520616599082595,True,P1,0.5415307730436325,0.4584692269563675,2.41566265060241,1.7063829787234042,12.062318679424159,794.9341035371808,Clay
2025-07-14,44454,Tristan Schoolkate,Yibing Wu,P1,2.0851571247489393,True,P1,0.40239155292510986,0.5976084470748901,2.707792207792208,1.5855513307984792,3.5610150896686434,798.4951186268495,Hard
2025-07-14,44455,Aleksandar Kovacevic,Hady Habib,P2,11.202543967645106,False,P1,0.5063648372888565,0.4936351627111435,1.420731707317073,3.3768115942028993,-11.202543967645106,787.2925746592044,Hard
2025-07-14,44509,Botic Van De Zandschulp,Mikael Ymer,P2,2.773486647483221,False,P1,0.6301636248826981,0.36983637511730194,1.4750830564784052,3.104895104895105,-2.773486647483221,784.5190880117212,Clay
2025-07-14,44483,Arthur Cazaux,Nikoloz Basilashvili,P2,0.8462083092368223,False,P1,0.5438466668128967,0.45615333318710327,1.7990867579908678,2.2514285714285713,-0.8462083092368223,783.6728797024845,Clay
2025-07-14,44484,Kamil Majchrzak,Terence Atmane,P2,4.7902695731475715,False,P1,0.6352363526821136,0.36476364731788635,1.381766381766382,3.6194029850746268,-4.7902695731475715,778.8826101293369,Clay
2025-07-14,44485,Dominic Stricker,Pierre-Hugues Herbert,P2,3.9727615836703234,False,P1,0.5198878943920135,0.48011210560798645,1.7272727272727275,2.375,-3.9727615836703234,774.9098485456665,Clay
2025-07-14,44458,Emilio Nava,Aleksandar Vukic,P2,8.505078087452345,False,P1,0.36529260873794556,0.6347073912620544,2.1366120218579234,1.879807692307692,-8.505078087452345,766.4047704582141,Hard
2025-07-14,44486,Alexander Bublik,Alexander Shevchenko,P1,9.781780878306705,True,P1,0.7304765284061432,0.2695234715938568,1.5671641791044775,2.7631578947368425,5.547875722024697,771.9526461802388,Clay
2025-07-14,44513,Francisco Cerundolo,Mariano Navone,P1,2.100246060700513,True,P1,0.5682144910097122,0.4317855089902878,1.84037558685446,2.189944134078212,1.7649955157999613,773.7176416960388,Clay
2025-07-14,44460,James Duckworth,Alejandro Davidovich Fokina,P1,5.695042791932277,True,P1,0.3314383178949356,0.6685616821050644,4.629032258064517,1.2755555555555556,20.667494002980042,794.3851356990187,Hard
2025-07-14,44514,Filip Misolic,Nuno Borges,P2,5.122434414345724,False,P1,0.39008137583732605,0.609918624162674,2.2329545454545454,1.811059907834101,-5.122434414345724,789.262701284673,Clay
2025-07-14,44487,Arthur Cazaux,Tomas Martin Etcheverry,P1,7.305419192916166,True,P1,0.4739625006914139,0.5260374993085861,2.821192052980132,1.5490909090909089,13.304571377827454,802.5672726625004,Clay
2025-07-14,44515,Camilo Ugo Carabelli,Botic Van De Zandschulp,P2,11.198363210980329,False,P1,0.34567978978157043,0.6543202102184296,2.085561497326203,1.9211822660098525,-11.198363210980329,791.36890945152,Clay
2025-07-14,44488,Francisco Comesana,Roberto Carballes Baena,P2,1.0343338049612087,False,P1,0.6402225345373154,0.35977746546268463,1.5211267605633803,2.918918918918919,-1.0343338049612087,790.3345756465588,Clay
2025-07-14,44516,Damir Dzumhur,Hugo Gaston,P1,3.423843376590367,True,P1,0.5667408555746078,0.43325914442539215,1.9024390243902443,2.108108108108108,3.0898098764352104,793.424385522994,Clay
2025-07-14,44490,Casper Ruud,Dominic Stricker,P2,3.2581627104492967,False,P1,0.6866243332624435,0.31337566673755646,1.3367875647668395,3.9692307692307685,-3.2581627104492967,790.1662228125448,Clay
2025-07-14,44463,Tristan Schoolkate,Daniel Altmaier,P1,10.635715841988228,True,P1,0.5658625662326813,0.4341374337673187,2.4634146341463414,1.6833333333333333,15.56446220778765,805.7306850203324,Hard
2025-07-14,44464,Emilio Nava,Yunchaokete Bu,P2,7.9447652480518505,False,P1,0.3636062294244766,0.6363937705755234,2.207865168539326,1.8279069767441858,-7.9447652480518505,797.7859197722806,Hard
2025-07-14,44491,Juan Manuel Cerundolo,David Goffin,P2,13.916138098541275,False,P1,0.3769705891609192,0.6230294108390808,1.7272727272727275,2.375,-13.916138098541275,783.8697816737393,Clay
2025-07-14,44519,Luciano Darderi,Elias Ymer,P2,6.3608656897493026,False,P1,0.6564223766326904,0.34357762336730957,1.2761692650334076,4.620967741935484,-6.3608656897493026,777.50891598399,Clay
2025-07-14,44466,Adam Walton,Nishesh Basavareddy,P1,0.8595217401804895,True,P1,0.40894095599651337,0.5910590440034866,2.527950310559006,1.6544715447154474,1.3133065098409964,778.8222224938311,Hard
2025-07-14,44520,Jesper de Jong,Vit Kopriva,P1,8.48008329711905,True,P1,0.5917909294366837,0.40820907056331635,2.0913978494623655,1.9162561576354682,9.255144673737457,788.0773671675686,Clay
2025-07-14,44521,Francisco Cerundolo,Damir Dzumhur,P2,9.613760750190147,False,P1,0.6089484840631485,0.3910515159368515,1.2415169660678644,5.140495867768595,-9.613760750190147,778.4636064173784,Clay
2025-07-14,44467,Andrey Rublev,Emilio Nava,P2,1.166307388469952,False,P1,0.7912272438406944,0.20877275615930557,1.225988700564972,5.425,-1.166307388469952,777.2972990289085,Hard
2025-07-14,44494,Juan Manuel Cerundolo,Casper Ruud,P2,8.200733304981723,False,P1,0.16582239419221878,0.8341776058077812,4.758064516129033,1.2660944206008584,-8.200733304981723,769.0965657239268,Clay
2025-07-14,44522,Jesper de Jong,Tallon Griekspoor,P1,1.296873589873008,True,P1,0.43854820728302,0.56145179271698,2.3869047619047614,1.7210300429184548,1.7986401573833972,770.8952058813102,Clay
2025-07-14,44495,Alexander Bublik,Francisco Comesana,P1,5.752100463890442,True,P1,0.6474483758211136,0.3525516241788864,1.7076271186440675,2.413173652694611,4.070342277413998,774.9655481587241,Clay
2025-07-14,44468,Denis Shapovalov,Tristan Schoolkate,P2,1.0606634219137703,False,P1,0.697622150182724,0.302377849817276,1.3942028985507247,3.536764705882353,-1.0606634219137703,773.9048847368103,Hard
2025-07-14,44523,Luciano Darderi,Sebastian Baez,P1,6.046521208716574,True,P1,0.6271351277828217,0.37286487221717834,1.7918552036199096,2.262857142857143,4.787969282920365,778.6928540197307,Clay
2025-07-14,44470,Adam Walton,James Duckworth,P2,7.131866926158886,False,P1,0.4737582951784134,0.5262417048215866,1.7241379310344829,2.380952380952381,-7.131866926158886,771.5609870935718,Hard
2025-07-14,44524,Camilo Ugo Carabelli,Filip Misolic,P2,8.453159419856005,False,P1,0.3854479640722275,0.6145520359277725,2.0259067357512954,1.974747474747475,-8.453159419856005,763.1078276737159,Clay
2025-07-14,44525,Luciano Darderi,Francisco Cerundolo,P1,3.0832907168164225,True,P1,0.4448894113302231,0.5551105886697769,2.524691358024691,1.6558704453441293,4.701066710207754,767.8088943839236,Clay
2025-07-14,44471,Aleksandar Kovacevic,Andrey Rublev,P1,2.277968171134303,True,P1,0.2749762386083603,0.7250237613916397,4.362204724409449,1.2974238875878221,7.658995347042106,775.4678897309658,Hard
2025-07-14,44498,Alexander Bublik,Arthur Cazaux,P2,0.9001933711502135,False,P1,0.6893715262413025,0.3106284737586975,1.4169184290030208,3.3985507246376816,-0.9001933711502135,774.5676963598156,Clay
2025-07-14,44472,Denis Shapovalov,Adam Walton,P2,0.7044739779036356,False,P1,0.7090849131345749,0.2909150868654251,1.3846153846153846,3.5999999999999996,-0.7044739779036356,773.863222381912,Hard
2025-07-14,44526,Jesper de Jong,Camilo Ugo Carabelli,P1,5.43334826984486,True,P1,0.598717138171196,0.401282861828804,1.8755980861244024,2.14207650273224,4.757429346323493,778.6206517282355,Clay
2025-07-14,44500,Alexander Bublik,Juan Manuel Cerundolo,P2,0.9427365439278123,False,P1,0.7227322906255722,0.2772677093744278,1.350132625994695,3.856060606060606,-0.9427365439278123,777.6779151843077,Clay
2025-07-14,44473,Denis Shapovalov,Aleksandar Kovacevic,P1,2.210506290148324,True,P1,0.7186738103628159,0.28132618963718414,1.4250764525993882,3.3525179856115113,0.9396341722648835,778.6175493565726,Hard
2025-07-14,44527,Luciano Darderi,Jesper de Jong,P2,0.4382641017269994,False,P1,0.6047648340463638,0.39523516595363617,1.6349206349206347,2.575,-0.4382641017269994,778.1792852548456,Clay
2025-07-21,44582,Yunchaokete Bu,David Goffin,P2,13.679532428582679,False,P1,0.4062403440475464,0.5937596559524536,1.5961538461538458,2.6774193548387095,-13.679532428582679,764.4997528262629,Hard
2025-07-21,44555,Filip Misolic,Tomas Martin Etcheverry,P1,0.33187499107124097,True,P1,0.5158087611198425,0.48419123888015747,1.9547738693467334,2.0473684210526315,0.31686556936450133,764.8166183956274,Clay
2025-07-21,44556,Arthur Cazaux,Ignacio Buse,P2,0.4127977537834617,False,P1,0.4831594079732895,0.5168405920267105,2.0473684210526315,1.9547738693467334,-0.4127977537834617,764.4038206418439,Clay
2025-07-21,44529,Dino Prizmic,Elmer Moller,P2,11.281670274784661,False,P1,0.39791348576545715,0.6020865142345428,1.7713004484304933,2.296511627906977,-11.281670274784661,753.1221503670592,Clay
2025-07-21,44583,Aleksandar Kovacevic,Quentin Halys,P2,10.761619377915848,False,P1,0.36536869406700134,0.6346313059329987,1.9547738693467334,2.0473684210526315,-10.761619377915848,742.3605309891434,Hard
2025-07-21,44530,Mariano Navone,Tomas Barrios Vera,P1,10.954981471536268,True,P1,0.8391078412532806,0.16089215874671936,1.295774647887324,4.3809523809523805,3.240205787355798,745.6007367764992,Clay
2025-07-21,44584,Jaume Munar,Marcos Giron,P2,7.659690951865237,False,P1,0.36780329048633575,0.6321967095136642,2.160220994475138,1.8619047619047617,-7.659690951865237,737.9410458246339,Hard
2025-07-21,44531,Nikoloz Basilashvili,Roberto Carballes Baena,P2,1.360230561195951,False,P1,0.5353462994098663,0.46465370059013367,1.7990867579908678,2.2514285714285713,-1.360230561195951,736.5808152634379,Clay
2025-07-21,44585,Zachary Svajda,Miomir Kecmanovic,P2,11.716425668154939,False,P1,0.2575586140155792,0.7424413859844208,2.647435897435897,1.6070038910505835,-11.716425668154939,724.864389595283,Hard
2025-07-21,44559,Jan-Lennard Struff,Sebastian Ofner,P1,6.544163154688092,True,P1,0.5424460172653198,0.4575539827346802,2.264367816091954,1.7909090909090908,8.274229276042416,733.1386188713254,Clay
2025-07-21,44586,Yibing Wu,Gael Monfils,P1,4.865440808820951,True,P1,0.44086533784866333,0.5591346621513367,2.814569536423841,1.5510948905109487,8.828680672959871,741.9672995442853,Hard
2025-07-21,44587,Matteo Arnaldi,Daniel Altmaier,P1,4.831458949596703,True,P1,0.6275560110807419,0.3724439889192581,1.7488986784140967,2.335294117647059,3.618273222164931,745.5855727664502,Hard
2025-07-21,44560,Thiago Agustin Tirante,Jaime Faria,P2,5.76825355952956,False,P1,0.518734872341156,0.481265127658844,1.6294820717131475,2.5886075949367084,-5.76825355952956,739.8173192069207,Clay
2025-07-21,44533,Terence Atmane,Dusan Lajovic,P1,10.832766669178811,True,P1,0.5356763005256653,0.4643236994743347,2.9121621621621623,1.5229681978798588,20.714006536335162,760.5313257432559,Clay
2025-07-21,44561,Botic Van De Zandschulp,Nicolas Jarry,P1,9.888313623254716,True,P1,0.5451934635639191,0.45480653643608093,2.5949367088607596,1.626984126984127,15.77123438645689,776.3025601297128,Clay
2025-07-21,44588,Daniel Evans,Zizou Bergs,P1,1.7292323483995953,True,P1,0.4367125928401947,0.5632874071598053,2.436363636363637,1.6962025316455698,2.483806464064874,778.7863665937776,Hard
2025-07-21,44535,Carlos Taberner,Pierre-Hugues Herbert,P2,11.222041368562815,False,P1,0.4489333927631378,0.5510666072368622,1.5855513307984792,2.707792207792208,-11.222041368562815,767.5643252252148,Clay
2025-07-21,44562,Arthur Rinderknech,Facundo Bagnis,P1,7.422826224725309,True,P1,0.7061716914176941,0.2938283085823059,1.5730337078651684,2.745098039215686,4.2535296343931535,771.817854859608,Clay
2025-07-21,44589,Fabian Marozsan,Benjamin Bonzi,P2,2.38821358776327,False,P1,0.5521073341369629,0.4478926658630371,1.6991525423728815,2.43030303030303,-2.38821358776327,769.4296412718447,Hard
2025-07-21,44536,Chun-Hsin Tseng,Giulio Zeppieri,P1,1.1159989307629496,True,P1,0.4758143424987793,0.5241856575012207,2.1731843575418996,1.8523809523809525,1.3092724886045781,770.7389137604493,Clay
2025-07-21,44591,Alexandre Muller,Beibit Zhukayev,P2,11.562090389424739,False,P1,0.4724428653717041,0.5275571346282959,1.4816053511705687,3.076388888888889,-11.562090389424739,759.1768233710246,Hard
2025-07-21,44592,Yoshihito Nishioka,Jenson Brooksby,P1,6.316152186419044,True,P1,0.410420224070549,0.589579775929451,3.4160583941605838,1.4138972809667674,15.260192508793457,774.4370158798181,Hard
2025-07-21,44565,Norbert Gombos,Hugo Gaston,P1,1.7512421527516835,True,P1,0.40994514524936676,0.5900548547506332,2.6178343949044587,1.6181102362204727,2.8332197885282016,777.2702356683463,Clay
2025-07-21,44593,Cameron Norrie,Billy Harris,P2,6.624493023272691,False,P1,0.6533201485872269,0.34667985141277313,1.269736842105263,4.7073170731707314,-6.624493023272691,770.6457426450737,Hard
2025-07-21,44566,Alexander Shevchenko,Daniel Elahi Galan,P1,0.2316943431580371,True,P1,0.5850104242563248,0.41498957574367523,1.7167381974248928,2.3952095808383236,0.16606418586863606,770.8118068309424,Clay
2025-07-21,44567,Alexander Bublik,Thiago Agustin Tirante,P1,11.374964534697424,True,P1,0.7455146163702011,0.2544853836297989,1.5650557620817847,2.7697368421052633,6.427489253806726,777.2392960847491,Clay
2025-07-21,44540,Carlos Taberner,Francisco Cerundolo,P1,6.97882601127017,True,P1,0.3279537111520767,0.6720462888479233,5.529411764705882,1.2207792207792207,31.609976639282536,808.8492727240316,Clay
2025-07-21,44595,Ethan Quinn,Christopher O'Connell,P2,15.449105211403166,False,P1,0.3851291388273239,0.6148708611726761,1.6046511627906976,2.6538461538461537,-15.449105211403166,793.4001675126284,Hard
2025-07-21,44568,Yannick Hanfmann,Sebastian Baez,P1,6.370275990517351,True,P1,0.5652243494987488,0.4347756505012512,2.074468085106383,1.9306930693069304,6.844658245130344,800.2448257577587,Clay
2025-07-21,44541,Luciano Darderi,Chun-Hsin Tseng,P1,13.653375122551077,True,P1,0.8053313344717026,0.19466866552829742,1.4194528875379937,3.384057971014493,5.726947619793458,805.9717733775522,Clay
2025-07-21,44569,Jan-Lennard Struff,Pedro Martinez,P1,10.761060666015071,True,P1,0.755677729845047,0.244322270154953,1.4999999999999998,2.9999999999999996,5.380530333007533,811.3523037105597,Clay
2025-07-21,44542,Damir Dzumhur,Stan Wawrinka,P2,4.799805384651192,False,P1,0.5612619072198868,0.4387380927801132,1.5708955223880594,2.7516339869281046,-4.799805384651192,806.5524983259085,Clay
2025-07-21,44596,Learner Tien,Emilio Nava,P1,1.193263001273028,True,P1,0.591405987739563,0.408594012260437,1.7272727272727275,2.375,0.8678276372894753,807.4203259631979,Hard
2025-07-21,44570,Thiago Seyboth Wild,Roberto Bautista Agut,P2,16.148406519263958,False,P1,0.28400299698114395,0.715997003018856,1.8932038834951457,2.119565217391304,-16.148406519263958,791.2719194439339,Clay
2025-07-21,44543,Jesper de Jong,Mariano Navone,P1,14.758160583806706,True,P1,0.5777506828308105,0.42224931716918945,3.0625000000000004,1.4848484848484849,30.438706204101337,821.7106256480353,Clay
2025-07-21,44597,Aleksandar Vukic,Giovanni Mpetshi Perricard,P1,4.998295092629931,True,P1,0.47299350798130035,0.5270064920186996,2.5,1.6666666666666667,7.4974426389448965,829.2080682869802,Hard
2025-07-21,44571,Arthur Rinderknech,Norbert Gombos,P2,3.134024350924613,False,P1,0.5989130139350891,0.4010869860649109,1.5434782608695654,2.84,-3.134024350924613,826.0740439360555,Clay
2025-07-21,44598,Taylor Fritz,Aleksandar Vukic,P2,0.7647080724521095,False,P1,0.8412734791636467,0.1587265208363533,1.1666666666666665,7.0,-0.7647080724521095,825.3093358636035,Hard
2025-07-21,44545,Dino Prizmic,Nikoloz Basilashvili,P2,6.9985541483879325,False,P1,0.5298753529787064,0.47012464702129364,1.5671641791044775,2.7631578947368425,-6.9985541483879325,818.3107817152155,Clay
2025-07-21,44599,Learner Tien,Andrey Rublev,P1,4.027028641629955,True,P1,0.4121968746185303,0.5878031253814697,2.873333333333333,1.5338078291814947,7.543966988653448,825.854748703869,Hard
2025-07-21,44572,Arthur Cazaux,Francisco Comesana,P1,7.974620854233105,True,P1,0.4657924771308899,0.5342075228691101,2.9591836734693877,1.5104166666666667,15.623746979722002,841.478495683591,Clay
2025-07-21,44600,Frances Tiafoe,Aleksandar Kovacevic,P2,6.666815262663363,False,P1,0.5704433917999268,0.42955660820007324,1.4752475247524752,3.104166666666667,-6.666815262663363,834.8116804209276,Hard
2025-07-21,44573,Alexander Shevchenko,Marton Fucsovics,P2,7.425327749697633,False,P1,0.3308729827404022,0.6691270172595978,2.4846625766871164,1.6735537190082643,-7.425327749697633,827.3863526712299,Clay
2025-07-21,44546,Camilo Ugo Carabelli,Francesco Passaro,P1,0.5249140512601704,True,P1,0.5228417366743088,0.4771582633256912,1.935323383084577,2.0691489361702122,0.4909643862532937,827.8773170574832,Clay
2025-07-21,44601,Alex de Minaur,Yunchaokete Bu,P2,2.8546471872538257,False,P1,0.7820710390806198,0.2179289609193802,1.1904761904761905,6.25,-2.8546471872538257,825.0226698702294,Hard
2025-07-21,44547,Pablo Llamas Ruiz,Terence Atmane,P2,4.441140126247569,False,P1,0.5831331312656403,0.41686686873435974,1.5302491103202847,2.885906040268457,-4.441140126247569,820.5815297439818,Clay
2025-07-21,44574,Botic Van De Zandschulp,Filip Misolic,P1,12.037578774026082,True,P1,0.5784834921360016,0.4215165078639984,2.478527607361963,1.6763485477178421,17.797892543191935,838.3794222871737,Clay
2025-07-21,44548,Luciano Darderi,Dino Prizmic,P1,15.645987175017746,True,P1,0.7338647395372391,0.2661352604627609,1.737991266375546,2.3550295857988166,11.546601888986896,849.9260241761606,Clay
2025-07-21,44575,Alexander Bublik,Alexander Shevchenko,P1,9.719409883198164,True,P1,0.7975943759083748,0.2024056240916252,1.3557951482479784,3.810606060606061,3.4581188802753573,853.384143056436,Clay
2025-07-21,44602,Daniil Medvedev,Reilly Opelka,P2,4.364994447384416,False,P1,0.66801618039608,0.33198381960392,1.3438320209973753,3.9083969465648853,-4.364994447384416,849.0191486090515,Hard
2025-07-21,44576,Arthur Rinderknech,Yannick Hanfmann,P1,0.3225545823811887,True,P1,0.4497823417186737,0.5502176582813263,2.244318181818182,1.8036529680365299,0.4013605314856838,849.4205091405372,Clay
2025-07-21,44603,Flavio Cobolli,Yoshihito Nishioka,P2,10.871555531082933,False,P1,0.5154677331447601,0.48453226685523987,1.4433962264150944,3.2553191489361706,-10.871555531082933,838.5489536094543,Hard
2025-07-21,44604,Yibing Wu,Alexei Popyrin,P1,1.5009650215063244,True,P1,0.49084289371967316,0.5091571062803268,2.1189189189189186,1.8937198067632852,1.679458159198968,840.2284117686532,Hard
2025-07-21,44577,Arthur Cazaux,Jan-Lennard Struff,P2,1.2953034670789123,False,P1,0.3914865106344223,0.6085134893655777,2.475609756097561,1.6776859504132233,-1.2953034670789123,838.9331083015743,Clay
2025-07-21,44578,Botic Van De Zandschulp,Thiago Seyboth Wild,P1,11.014171947223991,True,P1,0.6670303493738174,0.33296965062618256,1.8232558139534885,2.214689265536723,9.067481091435566,848.0005893930098,Clay
2025-07-21,44551,Carlos Taberner,Jesper de Jong,P2,1.9084328473020475,False,P1,0.2965937554836273,0.7034062445163727,3.2198581560283692,1.450479233226837,-1.9084328473020475,846.0921565457078,Clay
2025-07-21,44605,Jiri Lehecka,Zachary Svajda,P1,16.921843130914155,True,P1,0.8461207896471024,0.15387921035289764,1.4420062695924765,3.2624113475177303,7.479560756924438,853.5717173026322,Hard
2025-07-21,44579,Alexander Bublik,Botic Van De Zandschulp,P2,2.558163695859464,False,P1,0.6860920190811157,0.3139079809188843,1.3701657458563536,3.7014925373134324,-2.558163695859464,851.0135536067728,Clay
2025-07-21,44606,Alejandro Davidovich Fokina,Jaume Munar,P2,1.8770490036502754,False,P1,0.5240394324064255,0.4759605675935745,1.8240740740740737,2.2134831460674156,-1.8770490036502754,849.1365046031225,Hard
2025-07-21,44552,Luciano Darderi,Camilo Ugo Carabelli,P2,3.2319514705214427,False,P1,0.6742810159921646,0.3257189840078354,1.3701657458563536,3.7014925373134324,-3.2319514705214427,845.904553132601,Clay
2025-07-21,44607,Matteo Arnaldi,Lorenzo Sonego,P1,5.483747150611841,True,P1,0.5559003949165344,0.4440996050834656,2.0418848167539267,1.959798994974874,5.713432895140087,851.617986027741,Hard
2025-07-21,44553,Carlos Taberner,Damir Dzumhur,P2,4.982573624833605,False,P1,0.4122101664543152,0.5877898335456848,2.14207650273224,1.8755980861244024,-4.982573624833605,846.6354124029075,Clay
2025-07-21,44580,Arthur Cazaux,Arthur Rinderknech,P2,2.741257440081964,False,P1,0.5513748973608017,0.4486251026391983,1.6962025316455698,2.436363636363637,-2.741257440081964,843.8941549628255,Clay
2025-07-21,44608,Cameron Norrie,Lorenzo Musetti,P2,5.5604074247906805,False,P1,0.38149072229862213,0.6185092777013779,2.275862068965517,1.7837837837837835,-5.5604074247906805,838.3337475380348,Hard
2025-07-21,44581,Alexander Bublik,Arthur Cazaux,P1,7.661684403013442,True,P1,0.7834865003824234,0.2165134996175766,1.3604336043360434,3.774436090225563,2.7615285246633823,841.0952760626982,Clay
2025-07-21,44554,Luciano Darderi,Carlos Taberner,P2,1.3709925394468354,False,P1,0.6442003399133682,0.3557996600866318,1.5017064846416384,2.993197278911565,-1.3709925394468354,839.7242835232513,Clay
2025-07-21,44609,Ben Shelton,Mackenzie McDonald,P2,7.069224578437759,False,P1,0.6359522491693497,0.36404775083065033,1.3076923076923077,4.250000000000001,-7.069224578437759,832.6550589448135,Hard
2025-07-21,44610,Daniel Evans,Alex Michelsen,P1,12.58192001075009,True,P1,0.49604204297065735,0.5039579570293427,3.5999999999999996,1.3846153846153846,32.71299202795023,865.3680509727637,Hard
2025-07-21,44611,Brandon Nakashima,Ethan Quinn,P1,13.476626536051482,True,P1,0.7699669748544693,0.2300330251455307,1.5017064846416384,2.993197278911565,6.761310924230608,872.1293618969944,Hard
2025-07-21,44612,Gabriel Diallo,Fabian Marozsan,P2,3.828337843401632,False,P1,0.5459761768579483,0.4540238231420517,1.670781893004115,2.4907975460122698,-3.828337843401632,868.3010240535928,Hard
2025-07-21,44613,Corentin Moutet,Alexandre Muller,P2,3.3570306905818117,False,P1,0.45778006315231323,0.5422199368476868,2.0155440414507773,1.9846938775510201,-3.3570306905818117,864.9439933630109,Hard
2025-07-21,44614,Taylor Fritz,Matteo Arnaldi,P2,4.8113425794296525,False,P1,0.7465482205152512,0.25345177948474884,1.1904761904761905,6.25,-4.8113425794296525,860.1326507835813,Hard
2025-07-21,44615,Ben Shelton,Gabriel Diallo,P2,4.887772529859375,False,P1,0.5592436343431473,0.4407563656568527,1.5849056603773586,2.7096774193548385,-4.887772529859375,855.2448782537219,Hard
2025-07-21,44616,Frances Tiafoe,Flavio Cobolli,P2,7.943837326378108,False,P1,0.44638124108314514,0.5536187589168549,1.8240740740740737,2.2134831460674156,-7.943837326378108,847.3010409273438,Hard
2025-07-21,44617,Alex de Minaur,Jiri Lehecka,P2,3.9041044034153263,False,P1,0.5717684626579285,0.42823153734207153,1.5877862595419847,2.7012987012987018,-3.9041044034153263,843.3969365239285,Hard
2025-07-21,44618,Daniil Medvedev,Yibing Wu,P1,5.482018674163273,True,P1,0.7999631687998772,0.20003683120012283,1.2985781990521326,4.349206349206349,1.6368112629018294,845.0337477868303,Hard
2025-07-21,44619,Alejandro Davidovich Fokina,Learner Tien,P2,8.611024542360003,False,P1,0.47771814465522766,0.5222818553447723,1.6666666666666667,2.5,-8.611024542360003,836.4227232444703,Hard
2025-07-21,44620,Brandon Nakashima,Cameron Norrie,P1,2.5518638394016766,True,P1,0.5533233880996704,0.4466766119003296,1.9073170731707316,2.102150537634408,2.315349629896155,838.7380728743664,Hard
2025-07-21,44621,Corentin Moutet,Daniel Evans,P2,5.774186949471712,False,P1,0.5696009248495102,0.4303990751504898,1.5138888888888888,2.9459459459459456,-5.774186949471712,832.9638859248946,Hard
2025-07-21,44622,Alejandro Davidovich Fokina,Taylor Fritz,P2,0.978935451954079,False,P1,0.25323645770549774,0.7467635422945023,3.856060606060606,1.350132625994695,-0.978935451954079,831.9849504729406,Hard
2025-07-21,44623,Ben Shelton,Frances Tiafoe,P2,8.977350545179705,False,P1,0.5210058689117432,0.47899413108825684,1.5051546391752577,2.9795918367346936,-8.977350545179705,823.0075999277609,Hard
2025-07-21,44624,Alex de Minaur,Brandon Nakashima,P2,2.8236132589859895,False,P1,0.6108140051364899,0.38918599486351013,1.524822695035461,2.9054054054054053,-2.8236132589859895,820.1839866687749,Hard
2025-07-21,44625,Corentin Moutet,Daniil Medvedev,P2,2.723375916310926,False,P1,0.20618177950382233,0.7938182204961777,4.5280000000000005,1.2834467120181405,-2.723375916310926,817.4606107524639,Hard
2025-07-21,44626,Alejandro Davidovich Fokina,Ben Shelton,P1,3.5003841706648444,True,P1,0.33082152903079987,0.6691784709692001,3.729323308270676,1.3663911845730026,9.55368010489728,827.0142908573612,Hard
2025-07-21,44627,Alex de Minaur,Corentin Moutet,P2,3.3578005774835384,False,P1,0.7538847476243973,0.24611525237560272,1.2187499999999998,5.571428571428571,-3.3578005774835384,823.6564902798776,Hard
2025-07-21,44628,Alex de Minaur,Alejandro Davidovich Fokina,P2,0.1060318520990682,False,P1,0.6739360392093658,0.32606396079063416,1.4799999999999998,3.083333333333333,-0.1060318520990682,823.5504584277786,Hard
2025-07-27,44629,Corentin Moutet,Jenson Brooksby,P2,5.358253965534905,False,P1,0.4803122729063034,0.5196877270936966,1.811059907834101,2.2329545454545454,-5.358253965534905,818.1922044622437,Hard
2025-07-27,44631,Yunchaokete Bu,Vit Kopriva,P2,0.8559874801456284,False,P1,0.6708082556724548,0.32919174432754517,1.459546925566343,3.176056338028169,-0.8559874801456284,817.3362169820981,Hard
2025-07-27,44634,Francisco Comesana,Damir Dzumhur,P2,4.509048274635911,False,P1,0.5552365779876709,0.4447634220123291,1.6023166023166024,2.66025641025641,-4.509048274635911,812.8271687074622,Hard
2025-07-27,44637,Matteo Gigante,Borna Coric,P1,7.766771267786112,True,P1,0.5820363163948059,0.4179636836051941,2.0691489361702122,1.935323383084577,8.303835238430892,821.1310039458931,Hard
2025-07-27,44638,Adrian Mannarino,Marcos Giron,P1,1.6051049280953087,True,P1,0.3443489223718643,0.6556510776281357,3.1478873239436616,1.4655737704918033,3.447584528655416,824.5785884745485,Hard
2025-07-27,44639,Fabian Marozsan,Hugo Dellien,P2,3.6400325641184224,False,P1,0.7874373570084572,0.21256264299154282,1.1578212290502792,7.336283185840708,-3.6400325641184224,820.9385559104301,Hard
2025-07-27,44640,Mackenzie McDonald,David Goffin,P2,7.847571666957642,False,P1,0.4796692281961441,0.5203307718038559,1.686192468619247,2.457317073170732,-7.847571666957642,813.0909842434725,Hard
2025-07-27,44642,Christopher O'Connell,Chun-Hsin Tseng,P2,1.9630554273572034,False,P1,0.5455530881881714,0.4544469118118286,1.7444933920704846,2.3431952662721893,-1.9630554273572034,811.1279288161153,Hard
2025-07-27,44643,Ethan Quinn,Yoshihito Nishioka,P2,15.612433932733397,False,P1,0.322542279958725,0.677457720041275,1.9068627450980393,2.1027027027027025,-15.612433932733397,795.5154948833818,Hard
2025-07-27,44644,Tristan Schoolkate,Joao Fonseca,P1,3.1204475989934553,True,P1,0.3052937984466553,0.6947062015533447,4.0625,1.3265306122448979,9.556370771917457,805.0718656552993,Hard
2025-07-27,44646,Aleksandar Vukic,Pedro Martinez,P2,2.510458756870207,False,P1,0.6703001409769058,0.3296998590230942,1.3988269794721404,3.50735294117647,-2.510458756870207,802.5614068984291,Hard
2025-07-27,44647,Yosuke Watanuki,Daniel Altmaier,P1,4.464656849645565,True,P1,0.4593134671449661,0.5406865328550339,2.5534591194968552,1.6437246963562753,6.9356618985060035,809.4970687969352,Hard
2025-07-27,44649,Facundo Bagnis,Vasek Pospisil,P2,11.199219401059167,False,P1,0.6024061441421509,0.3975938558578491,1.2006920415224913,5.982758620689657,-11.199219401059167,798.297849395876,Hard
2025-07-27,44650,Tomas Barrios Vera,Gael Monfils,P2,10.243803708016486,False,P1,0.17699020355939865,0.8230097964406013,4.2,1.3125,-10.243803708016486,788.0540456878596,Hard
2025-07-27,44651,James Duckworth,Juncheng Shang,P2,10.21242696767802,False,P1,0.4627877324819565,0.5372122675180435,1.6007751937984493,2.6645161290322577,-10.21242696767802,777.8416187201816,Hard
2025-07-27,44652,Tomas Martin Etcheverry,Pierre-Hugues Herbert,P2,3.4736931537139317,False,P1,0.5775067955255508,0.42249320447444916,1.5769230769230766,2.733333333333333,-3.4736931537139317,774.3679255664676,Hard
2025-07-27,44654,Miomir Kecmanovic,Quentin Halys,P2,11.074888161850573,False,P1,0.4394955635070801,0.5605044364929199,1.624505928853755,2.60126582278481,-11.074888161850573,763.293037404617,Hard
2025-07-27,44655,Giovanni Mpetshi Perricard,Shintaro Mochizuki,P1,4.420372862910475,True,P1,0.6924604326486588,0.30753956735134125,1.5333333333333337,2.8750000000000004,2.3575321935522546,765.6505695981693,Hard
2025-07-27,44656,Emilio Nava,Zizou Bergs,P2,3.691292357414727,False,P1,0.3727257698774338,0.6272742301225662,2.4242424242424243,1.702127659574468,-3.691292357414727,761.9592772407547,Hard
2025-07-27,44657,Reilly Opelka,Sebastian Ofner,P2,2.8186480630059254,False,P1,0.5884752571582794,0.4115247428417206,1.5735849056603772,2.7434210526315783,-2.8186480630059254,759.1406291777487,Hard
2025-07-27,44660,Adam Walton,Benjamin Bonzi,P2,11.1950870369765,False,P1,0.3543466329574585,0.6456533670425415,1.9897435897435893,2.0103626943005177,-11.1950870369765,747.9455421407722,Hard
2025-07-27,44661,Taylor Fritz,Roberto Carballes Baena,P2,0.22362925999641917,False,P1,0.9207983948290348,0.0792016051709652,1.0795198799699925,13.575471698113207,-0.22362925999641917,747.7219128807758,Hard
2025-07-27,44662,Ben Shelton,Adrian Mannarino,P2,0.5600487331738769,False,P1,0.8084876909852028,0.1915123090147972,1.2183486238532109,5.579831932773109,-0.5600487331738769,747.1618641476019,Hard
2025-07-27,44663,Andrey Rublev,Hugo Gaston,P2,6.4894918896196065,False,P1,0.7269199341535568,0.2730800658464432,1.1366995073891626,8.315315315315313,-6.4894918896196065,740.6723722579824,Hard
2025-07-27,44664,Frances Tiafoe,Yosuke Watanuki,P2,2.241029947596557,False,P1,0.6598535478115082,0.3401464521884918,1.4237804878048779,3.3597122302158278,-2.241029947596557,738.4313423103858,Hard
2025-07-27,44665,Alex de Minaur,Francisco Comesana,P2,2.717071061326572,False,P1,0.8255135491490364,0.1744864508509636,1.1222222222222222,9.181818181818182,-2.717071061326572,735.7142712490593,Hard
2025-07-27,44668,Arthur Fils,Pablo Carreno Busta,P2,5.930561871140998,False,P1,0.58624467253685,0.41375532746315,1.4307692307692306,3.3214285714285707,-5.930561871140998,729.7837093779183,Hard
2025-07-27,44669,Jiri Lehecka,Mackenzie McDonald,P2,5.775462405576997,False,P1,0.600978434085846,0.39902156591415405,1.4005847953216373,3.496350364963503,-5.775462405576997,724.0082469723413,Hard
2025-07-27,44670,Alejandro Davidovich Fokina,Corentin Moutet,P2,0.7107925832439737,False,P1,0.5741095691919327,0.4258904308080673,1.7076271186440675,2.413173652694611,-0.7107925832439737,723.2974543890973,Hard
2025-07-27,44671,Fabian Marozsan,Felix Auger-Aliassime,P1,3.288872206885341,True,P1,0.4479129910469055,0.5520870089530945,2.546583850931677,1.6465863453815262,5.086516642946894,728.3839710320442,Hard
2025-07-27,44672,Christopher O'Connell,Stefanos Tsitsipas,P2,3.1851330654821,False,P1,0.28605084121227264,0.7139491587877274,3.1901408450704225,1.4565916398713825,-3.1851330654821,725.1988379665621,Hard
2025-07-27,44673,Brandon Nakashima,Ethan Quinn,P1,14.247159754377757,True,P1,0.810952328145504,0.189047671854496,1.4522292993630572,3.211267605633803,6.4429830736358,731.6418210401979,Hard
2025-07-27,44674,Gabriel Diallo,Matteo Gigante,P2,4.3911047535028045,False,P1,0.6490403264760971,0.3509596735239029,1.3557951482479784,3.810606060606061,-4.3911047535028045,727.2507162866951,Hard
2025-07-27,44675,Lorenzo Sonego,Yunchaokete Bu,P1,7.081949751809215,True,P1,0.6199757903814316,0.3800242096185684,1.8937198067632852,2.1189189189189186,6.329278763694227,733.5799950503894,Hard
2025-07-27,44676,Aleksandar Vukic,Cameron Norrie,P1,4.47251986933788,True,P1,0.40158721804618835,0.5984127819538116,3.13986013986014,1.4673202614379082,9.570566993128612,743.150562043518,Hard
2025-07-27,44677,Alexander Zverev,Adam Walton,P1,11.97593562871266,True,P1,0.9129561856389046,0.08704381436109543,1.1473684210526316,7.785714285714286,1.7648747242313396,744.9154367677494,Hard
2025-07-27,44678,Lorenzo Musetti,James Duckworth,P1,3.8186068442996755,True,P1,0.7612715363502502,0.23872846364974976,1.3623978201634879,3.7593984962406015,1.3838547964355776,746.299291564185,Hard
2025-07-27,44679,Holger Rune,Giovanni Mpetshi Perricard,P1,0.3698058505414894,True,P1,0.6083429306745529,0.3916570693254471,1.6544715447154474,2.527950310559006,0.24202740624869845,746.5413189704336,Hard
2025-07-27,44680,Casper Ruud,Roman Safiullin,P2,5.968320165920825,False,P1,0.5549333542585373,0.4450666457414627,1.5138888888888888,2.9459459459459456,-5.968320165920825,740.5729988045128,Hard
2025-07-27,44683,Francisco Cerundolo,Jaume Munar,P1,1.7942224904835904,True,P1,0.5339869260787964,0.4660130739212036,1.959798994974874,2.0418848167539267,1.7220929431274654,742.2950917476403,Hard
2025-07-27,44684,Reilly Opelka,Tomas Machac,P2,1.7039885563054575,False,P1,0.3896649181842804,0.6103350818157196,2.4484848484848483,1.6903765690376567,-1.7039885563054575,740.5911031913348,Hard
2025-07-27,44686,Learner Tien,Denis Shapovalov,P2,8.150362198162407,False,P1,0.3131108582019806,0.6868891417980194,2.4907975460122698,1.670781893004115,-8.150362198162407,732.4407409931724,Hard
2025-07-27,44687,Tomas Martin Etcheverry,Tallon Griekspoor,P1,2.7898431676200626,True,P1,0.3912149667739868,0.6087850332260132,2.9324324324324325,1.5174825174825177,5.39118341850904,737.8319244116815,Hard
2025-07-27,44688,Alex Michelsen,Tomas Barrios Vera,P1,1.3529221689374884,True,P1,0.8044494092464447,0.1955505907535553,1.254697286012526,4.926229508196722,0.34458560461455856,738.176510016296,Hard
2025-07-27,44689,Alexandre Muller,Miomir Kecmanovic,P1,6.016511883716019,True,P1,0.4686412662267685,0.5313587337732315,2.738562091503268,1.5751879699248121,10.460079484107588,748.6365895004036,Hard
2025-07-27,44690,Nuno Borges,Facundo Bagnis,P2,7.8383238559368085,False,P1,0.6653114408254623,0.33468855917453766,1.1883116883116882,6.310344827586207,-7.8383238559368085,740.7982656444668,Hard
2025-07-27,44691,Matteo Arnaldi,Tristan Schoolkate,P1,7.033824381526681,True,P1,0.6683207303285599,0.3316792696714401,1.6932773109243697,2.4424242424242424,4.876390852739085,745.6746564972059,Hard
2025-07-27,44693,Taylor Fritz,Gabriel Diallo,P2,0.9547838598592928,False,P1,0.6758907586336136,0.3241092413663864,1.4416403785488958,3.2642857142857147,-0.9547838598592928,744.7198726373466,Hard
2025-07-27,44694,Ben Shelton,Brandon Nakashima,P2,2.760383979690242,False,P1,0.6343529224395752,0.3656470775604248,1.459546925566343,3.176056338028169,-2.760383979690242,741.9594886576564,Hard
2025-07-27,44695,Andrey Rublev,Lorenzo Sonego,P1,2.209810963242224,True,P1,0.702473595738411,0.29752640426158905,1.4627831715210353,3.1608391608391604,1.0226633260311904,742.9821519836876,Hard
2025-07-27,44696,Frances Tiafoe,Aleksandar Vukic,P2,5.25445791373581,False,P1,0.5972574800252914,0.40274251997470856,1.4375,3.285714285714286,-5.25445791373581,737.7276940699518,Hard
2025-07-27,44697,Alejandro Davidovich Fokina,Jakub Mensik,P2,7.903257438540873,False,P1,0.3928702622652054,0.6071297377347946,2.0,2.0,-7.903257438540873,729.8244366314109,Hard
2025-07-27,44698,Flavio Cobolli,Fabian Marozsan,P1,3.507777339505951,True,P1,0.5261021852493286,0.4738978147506714,2.102150537634408,1.9073170731707316,3.8660986806382773,733.6905353120492,Hard
2025-07-27,44699,Jiri Lehecka,Arthur Fils,P2,5.56009171461791,False,P1,0.48603811860084534,0.5139618813991547,1.7456140350877196,2.3411764705882354,-5.56009171461791,728.1304435974313,Hard
2025-07-27,44700,Alexander Zverev,Matteo Arnaldi,P1,2.1023545787825406,True,P1,0.8096773028373718,0.19032269716262817,1.2531120331950205,4.950819672131147,0.5321312419325098,728.6625748393637,Hard
2025-07-27,44701,Alex Michelsen,Lorenzo Musetti,P2,4.5076185152128945,False,P1,0.3315071761608124,0.6684928238391876,2.643312101910828,1.6085271317829455,-4.5076185152128945,724.1549563241508,Hard
2025-07-27,44702,Holger Rune,Alexandre Muller,P2,0.799935263472005,False,P1,0.7496089115738869,0.25039108842611313,1.3045563549160673,4.283464566929133,-0.799935263472005,723.3550210606788,Hard
2025-07-27,44703,Casper Ruud,Nuno Borges,P2,4.808726885032654,False,P1,0.5541718602180481,0.4458281397819519,1.5645756457564575,2.7712418300653594,-4.808726885032654,718.5462941756462,Hard
2025-07-27,44704,Alexei Popyrin,Daniil Medvedev,P1,1.3137847773897804,True,P1,0.25943831354379654,0.7405616864562035,4.322834645669291,1.3009478672985784,4.365489575263679,722.9117837509099,Hard
2025-07-27,44705,Karen Khachanov,Emilio Nava,P2,1.3120422359590254,False,P1,0.7161622494459152,0.2838377505540848,1.3456464379947228,3.893129770992366,-1.3120422359590254,721.5997415149509,Hard
2025-07-27,44706,Francisco Cerundolo,Tomas Martin Etcheverry,P1,0.5838202334614977,True,P1,0.6441506743431091,0.35584932565689087,1.5666666666666667,2.7647058823529416,0.330831465628182,721.9305729805791,Hard
2025-07-27,44708,Learner Tien,Reilly Opelka,P1,2.0341683550095975,True,P1,0.5864118933677673,0.41358810663223267,1.780269058295964,2.2816091954022983,1.5871986267787888,723.5177716073579,Hard
2025-07-27,44709,Taylor Fritz,Jiri Lehecka,P2,7.920841268279026,False,P1,0.5674541145563126,0.43254588544368744,1.3764044943820226,3.656716417910447,-7.920841268279026,715.5969303390789,Hard
2025-07-27,44710,Ben Shelton,Flavio Cobolli,P2,2.3010811199102617,False,P1,0.6356008350849152,0.36439916491508484,1.4721311475409837,3.1180555555555554,-2.3010811199102617,713.2958492191686,Hard
2025-07-27,44712,Alex de Minaur,Frances Tiafoe,P2,4.949950148430237,False,P1,0.6563117355108261,0.3436882644891739,1.3121951219512196,4.203125,-4.949950148430237,708.3458990707384,Hard
2025-07-27,44714,Alexei Popyrin,Holger Rune,P1,1.3425229572626747,True,P1,0.3659932613372803,0.6340067386627197,2.9324324324324325,1.5174825174825177,2.594334903899493,710.9402339746379,Hard
2025-07-27,44715,Karen Khachanov,Casper Ruud,P2,0.8610226511112257,False,P1,0.5360602736473083,0.46393972635269165,1.8202764976958523,2.2191011235955056,-0.8610226511112257,710.0792113235267,Hard
2025-07-27,44716,Alex Michelsen,Learner Tien,P1,2.924380294415365,True,P1,0.5353166460990906,0.4646833539009094,2.0259067357512954,1.974747474747475,3.0001414419390797,713.0793527654657,Hard
2025-07-27,44717,Taylor Fritz,Andrey Rublev,P1,6.077855297802417,True,P1,0.7171180695295334,0.2828819304704666,1.5174825174825177,2.9324324324324325,3.1451838604012523,716.224536625867,Hard
2025-07-27,44718,Ben Shelton,Alex de Minaur,P1,1.2546132535871068,True,P1,0.4281683415174484,0.5718316584825516,2.454545454545454,1.6874999999999998,1.8248920052176094,718.0494286310847,Hard
2025-07-27,44719,Alexander Zverev,Alexei Popyrin,P1,12.211902636143776,True,P1,0.8217316418886185,0.17826835811138153,1.3701657458563536,3.7014925373134324,4.520428047633332,722.569856678718,Hard
2025-07-27,44720,Karen Khachanov,Alex Michelsen,P2,9.725632164270088,False,P1,0.49642613530158997,0.50357386469841,1.4721311475409837,3.1180555555555554,-9.725632164270088,712.8442245144479,Hard
2025-07-27,44721,Karen Khachanov,Alexander Zverev,P2,6.8561402075803635,False,P1,0.27105721831321716,0.7289427816867828,2.9795918367346936,1.5051546391752577,-6.8561402075803635,705.9880843068676,Hard
2025-07-27,44722,Ben Shelton,Taylor Fritz,P1,1.624899404046707,True,P1,0.4183121472597122,0.5816878527402878,2.5624999999999996,1.6399999999999997,2.538905318822979,708.5269896256906,Hard
2025-07-27,44723,Ben Shelton,Karen Khachanov,P1,3.8316749907882017,True,P1,0.6671597808599472,0.3328402191400528,1.5954198473282442,2.6794871794871793,2.2814553380265625,710.8084449637172,Hard
2025-08-07,44733,Luca Nardi,Thiago Agustin Tirante,P2,7.149904296244806,False,P1,0.3278752416372299,0.6721247583627701,2.436363636363637,1.6962025316455698,-7.149904296244806,703.6585406674724,Hard
2025-08-07,44751,Pedro Martinez,Nicolas Jarry,P1,0.08848457427571231,True,P1,0.26851098984479904,0.731489010155201,3.749999999999999,1.3636363636363635,0.24333257925820878,703.9018732467306,Hard
2025-08-18,44857,Marton Fucsovics,Roberto Bautista Agut,P2,1.5403834678246897,False,P1,0.5350063145160675,0.4649936854839325,1.7873303167420815,2.2701149425287355,-1.5403834678246897,702.3614897789059,Hard
2025-08-18,44856,Sebastian Korda,Kamil Majchrzak,P1,6.636039871459565,True,P1,0.6468398720026016,0.3531601279973984,1.7713004484304933,2.296511627906977,5.1183805286593955,707.4798703075653,Hard
2025-08-18,44855,Botic Van De Zandschulp,Sebastian Baez,P1,4.175255267595568,True,P1,0.7133105546236038,0.2866894453763962,1.4816053511705687,3.076388888888889,2.0108252793771304,709.4906955869425,Hard
2025-08-18,44854,Giovanni Mpetshi Perricard,Alexandre Muller,P1,1.719078251708014,True,P1,0.5401295274496078,0.45987047255039215,1.935323383084577,2.0691489361702122,1.6078940861746598,711.0985896731171,Hard
2025-08-18,44853,Jaume Munar,Lorenzo Sonego,P2,11.350500798154721,False,P1,0.3926810920238495,0.6073189079761505,1.7336244541484718,2.3630952380952377,-11.350500798154721,699.7480888749624,Hard
2025-08-18,44852,Hamad Medjedovic,Gabriel Diallo,P2,3.41843355960536,False,P1,0.4040813595056534,0.5959186404943466,2.2329545454545454,1.811059907834101,-3.41843355960536,696.3296553153571,Hard
2025-08-18,44845,Miomir Kecmanovic,Aleksandar Kovacevic,P1,2.720661658741103,True,P1,0.5955116897821426,0.40448831021785736,1.7818181818181815,2.2790697674418605,2.127062751379407,698.4567180667365,Hard
2025-08-18,44844,Jaume Munar,Mattia Bellucci,P2,5.866529181606475,False,P1,0.47783201932907104,0.522167980670929,1.7412280701754383,2.3491124260355027,-5.866529181606475,692.59018888513,Hard
2025-08-18,44843,Giovanni Mpetshi Perricard,Pedro Martinez,P1,6.217768681327752,True,P1,0.7044828832149506,0.29551711678504944,1.5629629629629629,2.776315789473684,3.500373479858586,696.0905623649886,Hard
2025-08-18,44841,Botic Van De Zandschulp,Matteo Arnaldi,P1,2.2556187283695137,True,P1,0.4977230727672577,0.5022769272327423,2.160220994475138,1.8619047619047617,2.6170162041856235,698.7075785691742,Hard
2025-08-18,44829,Marton Fucsovics,Hugo Gaston,P2,0.9035170076675815,False,P1,0.6531148999929428,0.3468851000070572,1.4915254237288134,3.03448275862069,-0.9035170076675815,697.8040615615066,Hard
2025-08-18,44837,Sebastian Baez,Pablo Carreno Busta,P2,4.0991057218194165,False,P1,0.29417137801647186,0.7058286219835281,2.9999999999999996,1.4999999999999998,-4.0991057218194165,693.7049558396872,Hard
2025-08-18,44836,Kamil Majchrzak,Nuno Borges,P1,3.9500991586483956,True,P1,0.5205885916948318,0.47941140830516815,2.1787709497206706,1.8483412322274884,4.656262136730791,698.361217976418,Hard
2025-08-18,44835,Sebastian Korda,Vit Kopriva,P2,0.3576595461693393,False,P1,0.6635871976613998,0.33641280233860016,1.4915254237288134,3.03448275862069,-0.3576595461693393,698.0035584302486,Hard
2025-08-18,44827,Nishesh Basavareddy,Raphael Collignon,P2,5.5285983196655035,False,P1,0.6021405458450317,0.39785945415496826,1.3976608187134503,3.514705882352941,-5.5285983196655035,692.4749601105831,Hard
2025-08-18,44826,Botic Van De Zandschulp,Adam Walton,P1,10.361534620528555,True,P1,0.6174536645412445,0.3825463354587555,2.202247191011236,1.8317757009345794,12.45712589209613,704.9320860026792,Hard
2025-08-18,44825,Hamad Medjedovic,Arthur Rinderknech,P2,5.01067035619695,False,P1,0.5351087003946304,0.46489129960536957,1.6031128404669261,2.6580645161290324,-5.01067035619695,699.9214156464823,Hard
2025-08-18,44822,Kamil Majchrzak,Nicolas Jarry,P2,4.307702862752386,False,P1,0.4407145529985428,0.5592854470014572,1.9897435897435893,2.0103626943005177,-4.307702862752386,695.6137127837299,Hard
2025-08-18,44821,Vit Kopriva,Sebastian Ofner,P1,3.0477670307628113,True,P1,0.4503241181373596,0.5496758818626404,2.515527950310559,1.6598360655737707,4.618976121156062,700.2326889048859,Hard
2025-08-18,44820,Pablo Carreno Busta,Yoshihito Nishioka,P1,3.067850992271066,True,P1,0.6158415824174881,0.3841584175825119,1.7272727272727275,2.375,2.2311643580153215,702.4638532629012,Hard
2025-08-18,44839,Luciano Darderi,Mackenzie McDonald,P1,2.1366965324269795,True,P1,0.5015197694301605,0.4984802305698395,2.1311475409836067,1.8840579710144931,2.4169190284829773,704.8807722913842,Hard
2025-08-18,44830,Christopher O'Connell,Roman Safiullin,P2,1.5185446038752515,False,P1,0.34548893570899963,0.6545110642910004,2.7697368421052633,1.5650557620817847,-1.5185446038752515,703.362227687509,Hard
2025-08-18,44831,Aleksandar Kovacevic,Filip Misolic,P1,2.2318573002624835,True,P1,0.6188780516386032,0.3811219483613968,1.686192468619247,2.457317073170732,1.5314836704730017,704.8937113579819,Hard
2025-08-18,44833,Mattia Bellucci,Francisco Comesana,P1,0.7774474341911995,True,P1,0.4625054746866226,0.5374945253133774,2.2203389830508478,1.8194444444444444,0.9487494112163793,705.8424607691983,Hard
2025-08-18,44838,Marton Fucsovics,Tallon Griekspoor,P2,7.998927950334087,False,P1,0.3432731032371521,0.6567268967628479,2.2528735632183907,1.7981651376146788,-7.998927950334087,697.8435328188642,Hard
2025-08-18,44847,Hamad Medjedovic,Jacob Fearnley,P2,1.2930311684889042,False,P1,0.6277122497558594,0.3722877502441406,1.5340501792114694,2.87248322147651,-1.2930311684889042,696.5505016503753,Hard
2025-08-18,44848,Mariano Navone,Marcos Giron,P2,0.6426960023280924,False,P1,0.4164135903120041,0.5835864096879959,2.357142857142857,1.7368421052631582,-0.6426960023280924,695.9078056480472,Hard
2025-08-18,44850,Yunchaokete Bu,Stefanos Tsitsipas,P2,1.6242004870583862,False,P1,0.3395083248615265,0.6604916751384735,2.8079470198675502,1.5531135531135531,-1.6242004870583862,694.2836051609888,Hard
2025-08-18,44851,Miomir Kecmanovic,Luciano Darderi,P2,6.903436919027269,False,P1,0.5164964199066162,0.4835035800933838,1.5510948905109487,2.814569536423841,-6.903436919027269,687.3801682419615,Hard
2025-08-18,44859,Sebastian Korda,Miomir Kecmanovic,P1,6.312920747614183,True,P1,0.6168296784162521,0.38317032158374786,1.8846153846153846,2.1304347826086953,5.5845068151971615,692.9646750571587,Hard
2025-08-18,44860,Marton Fucsovics,Jaume Munar,P1,9.360425520567413,True,P1,0.582946240901947,0.417053759098053,2.333333333333333,1.75,12.480567360756547,705.4452424179153,Hard
2025-08-18,44861,Giovanni Mpetshi Perricard,Hamad Medjedovic,P1,11.358504279928692,True,P1,0.5469885617494583,0.4530114382505417,3.0136986301369864,1.4965986394557824,22.872604508897503,728.3178469268129,Hard
2025-08-18,44824,Mackenzie McDonald,Brandon Holt,P1,7.481528221416302,True,P1,0.7521415874361992,0.2478584125638008,1.4533762057877813,3.2056737588652484,3.3919468785199305,731.7097938053328,Hard
2025-08-18,44823,Pedro Martinez,David Goffin,P2,9.71802137815071,False,P1,0.33619724214076996,0.66380275785923,2.1843575418994416,1.8443396226415094,-9.71802137815071,721.991772427182,Hard
2025-08-18,44819,Yunchaokete Bu,Chun-Hsin Tseng,P2,1.8438130096366183,False,P1,0.7130644768476486,0.2869355231523514,1.330769230769231,4.023255813953488,-1.8438130096366183,720.1479594175454,Hard
2025-08-18,44865,Marton Fucsovics,Botic Van De Zandschulp,P1,2.2550744672167364,True,P1,0.5706693530082703,0.42933064699172974,1.8450704225352113,2.183333333333333,1.9056967328592138,722.0536561504047,Hard
2025-08-18,44864,Botic Van De Zandschulp,Giovanni Mpetshi Perricard,P1,5.136197420137419,True,P1,0.4982258230447769,0.5017741769552231,2.4096385542168677,1.7094017094017095,7.240181905494917,729.2938380558995,Hard
2025-08-18,44862,Botic Van De Zandschulp,Yunchaokete Bu,P1,11.316011714333044,True,P1,0.6462764292955399,0.35372357070446014,2.0529100529100535,1.9497487437185932,11.91474249286919,741.2085805487687,Hard
2025-08-18,44858,Yunchaokete Bu,Mariano Navone,P2,2.9239118001022164,False,P1,0.5236734598875046,0.4763265401124954,1.7589285714285714,2.317647058823529,-2.9239118001022164,738.2846687486665,Hard
2025-08-24,44952,Leandro Riedi,Francisco Cerundolo,P2,0.9581600909803951,False,P1,0.34364622831344604,0.656353771686554,2.834437086092715,1.5451263537906137,-0.9581600909803951,737.3265086576861,Hard
2025-08-24,44955,Alexander Bublik,Tristan Schoolkate,P2,4.660480982232586,False,P1,0.6985805779695511,0.3014194220304489,1.2505133470225873,4.991803278688525,-4.660480982232586,732.6660276754535,Hard
2025-08-24,44956,Jaume Munar,Gabriel Diallo,P2,14.337011121949969,False,P1,0.32903335988521576,0.6709666401147842,1.8497652582159625,2.1767955801104972,-14.337011121949969,718.3290165535035,Hard
2025-08-24,44962,Jiri Lehecka,Raphael Collignon,P2,2.518264334147228,False,P1,0.805090881884098,0.19490911811590195,1.1550068587105626,7.45132743362832,-2.518264334147228,715.8107522193562,Hard
2025-08-24,44963,Arthur Rinderknech,Benjamin Bonzi,P1,4.204104210576345,True,P1,0.5463178753852844,0.4536821246147156,2.057894736842105,1.9452736318407962,4.447499717504449,720.2582519368607,Hard
2025-08-24,44964,Carlos Alcaraz,Luciano Darderi,P2,0.7880136156127676,False,P1,0.9415432475507259,0.05845675244927406,1.038846153846154,26.742574257425744,-0.7880136156127676,719.470238321248,Hard
2025-08-24,44966,Jan-Lennard Struff,Frances Tiafoe,P1,4.048065589093607,True,P1,0.37255239486694336,0.6274476051330566,3.4130434782608696,1.4144144144144142,9.768158269334574,729.2383965905825,Hard
2025-08-24,44979,Carlos Alcaraz,Arthur Rinderknech,P2,0.7953380427212083,False,P1,0.93703892827034,0.06296107172966003,1.0439130434782609,23.772277227722775,-0.7953380427212083,728.4430585478613,Hard
2025-08-24,44982,Alex de Minaur,Leandro Riedi,P2,6.024479376496489,False,P1,0.7609119266271591,0.23908807337284088,1.0968325791855205,11.327102803738319,-6.024479376496489,722.4185791713647,Hard
2025-08-24,44983,Lorenzo Musetti,Jaume Munar,P1,3.320094731570948,True,P1,0.6938340961933136,0.3061659038066864,1.5086505190311417,2.965986394557823,1.6887679084461216,724.1073470798109,Hard
2025-08-24,44988,Felix Auger-Aliassime,Alex de Minaur,P2,3.126546167687435,False,P1,0.3786068707704544,0.6213931292295456,2.413173652694611,1.7076271186440675,-3.126546167687435,720.9808009121234,Hard
2025-08-24,44989,Jannik Sinner,Lorenzo Musetti,P2,1.1927392859351806,False,P1,0.9074023403227329,0.09259765967726707,1.065584009993754,16.247619047619047,-1.1927392859351806,719.7880616261882,Hard
2025-08-24,44991,Jannik Sinner,Felix Auger-Aliassime,P2,2.1020507688355616,False,P1,0.8804879263043404,0.11951207369565964,1.069398545935228,15.40952380952381,-2.1020507688355616,717.6860108573527,Hard
2025-08-24,44872,Tomas Machac,Luca Nardi,P1,6.558083710166725,True,P1,0.7337486743927002,0.2662513256072998,1.483221476510067,3.069444444444444,3.1690068935033837,720.8550177508561,Hard
2025-08-24,44875,Jiri Lehecka,Borna Coric,P2,0.4654398806467058,False,P1,0.8264945447444916,0.17350545525550842,1.1943048576214408,6.1465517241379315,-0.4654398806467058,720.3895778702093,Hard
2025-08-24,44879,Zachary Svajda,Zsombor Piros,P2,5.161818547928568,False,P1,0.5851523876190186,0.41484761238098145,1.4640522875816993,3.154929577464789,-5.161818547928568,715.2277593222808,Hard
2025-08-24,44881,Jordan Thompson,Corentin Moutet,P1,10.863422700745973,True,P1,0.5004077255725861,0.49959227442741394,3.5407407407407407,1.3935860058309035,27.6011406396731,742.8288999619539,Hard
2025-08-24,44882,Novak Djokovic,Learner Tien,P2,1.475718538256286,False,P1,0.8100216537714005,0.18997834622859955,1.185483870967742,6.391304347826088,-1.475718538256286,741.3531814236976,Hard
2025-08-24,44883,Benjamin Bonzi,Daniil Medvedev,P1,2.0196753968423766,True,P1,0.2550003230571747,0.7449996769428253,4.715447154471544,1.2691466083150986,7.503997206154195,748.8571786298518,Hard
2025-08-24,44884,Brandon Nakashima,Jesper de Jong,P1,0.7805365657826554,True,P1,0.7528349310159683,0.24716506898403168,1.3376623376623378,3.9615384615384617,0.26355780143310453,749.1207364312849,Hard
2025-08-24,44890,Coleman Wong,Aleksandar Kovacevic,P1,11.290985227819425,True,P1,0.598815530538559,0.40118446946144104,2.3491124260355027,1.7412280701754383,15.232808473034488,764.3535449043194,Hard
2025-08-24,44891,Adam Walton,Ugo Humbert,P2,1.5610255960518367,False,P1,0.306843563914299,0.693156436085701,3.125874125874126,1.470394736842105,-1.5610255960518367,762.7925193082675,Hard
2025-08-24,44896,Frances Tiafoe,Yoshihito Nishioka,P2,6.076460613665109,False,P1,0.7368795275688171,0.26312047243118286,1.1408629441624367,8.0990990990991,-6.076460613665109,756.7160586946025,Hard
2025-08-24,44903,Tristan Boyer,James Duckworth,P1,3.4203094053736556,True,P1,0.5172116458415985,0.4827883541584015,2.1311475409836067,1.8840579710144931,3.8688745732915124,760.5849332678939,Hard
2025-08-24,44909,Carlos Alcaraz,Reilly Opelka,P2,0.5270819692572192,False,P1,0.9198926743119955,0.0801073256880045,1.07201646090535,14.885714285714284,-0.5270819692572192,760.0578512986367,Hard
2025-08-24,44910,Jannik Sinner,Vit Kopriva,P2,0.24758192528643405,False,P1,0.9743796978145838,0.02562030218541622,1.0196078431372548,52.0,-0.24758192528643405,759.8102693733503,Hard
2025-08-24,44914,Denis Shapovalov,Marton Fucsovics,P1,9.865058346492399,True,P1,0.6326905488967896,0.36730945110321045,1.9846938775510201,2.0155440414507773,9.714062555474655,769.524331928825,Hard
2025-08-24,44921,Stefanos Tsitsipas,Alexandre Muller,P2,2.575405605993439,False,P1,0.5823224931955338,0.41767750680446625,1.6023166023166024,2.66025641025641,-2.575405605993439,766.9489263228315,Hard
2025-08-24,44927,Alexander Zverev,Alejandro Tabilo,P2,1.0608062580330688,False,P1,0.9167902730405331,0.08320972695946693,1.0605882352941176,17.50485436893204,-1.0608062580330688,765.8881200647985,Hard
2025-08-24,44928,Tommy Paul,Elmer Moller,P2,2.024081895928347,False,P1,0.8654806688427925,0.1345193311572075,1.0943562610229276,11.598130841121495,-2.024081895928347,763.8640381688701,Hard
2025-08-24,44929,Jacob Fearnley,Roberto Bautista Agut,P2,8.736997156076947,False,P1,0.3255494236946106,0.6744505763053894,2.3690476190476186,1.7304347826086959,-8.736997156076947,755.1270410127931,Hard
2025-08-24,44930,Jiri Lehecka,Tomas Martin Etcheverry,P2,7.116170833399037,False,P1,0.617727130651474,0.382272869348526,1.3137254901960784,4.1875,-7.116170833399037,748.0108701793941,Hard
2025-08-24,44951,Kamil Majchrzak,Karen Khachanov,P1,10.519151204059707,True,P1,0.4259541481733322,0.5740458518266678,4.967213114754099,1.2520661157024793,41.73171461282704,789.7425847922212,Hard
2025-08-24,44957,Alex de Minaur,Shintaro Mochizuki,P2,2.9023822337151683,False,P1,0.8684873059391975,0.13151269406080246,1.0667951188182403,15.971153846153848,-2.9023822337151683,786.8402025585061,Hard
2025-08-24,44958,Tommy Paul,Nuno Borges,P2,2.5131386362095975,False,P1,0.7087517529726028,0.29124824702739716,1.3208020050125313,4.1171875,-2.5131386362095975,784.3270639222965,Hard
2025-08-24,44959,Alexander Zverev,Jacob Fearnley,P2,3.674533299355543,False,P1,0.8149021193385124,0.18509788066148758,1.112159329140461,9.91588785046729,-3.674533299355543,780.652530622941,Hard
2025-08-24,44960,Felix Auger-Aliassime,Roman Safiullin,P2,9.576213068203256,False,P1,0.5365419089794159,0.4634580910205841,1.4065281899109792,3.4598540145985406,-9.576213068203256,771.0763175547377,Hard
2025-08-24,44961,Daniel Altmaier,Stefanos Tsitsipas,P1,4.24910607765203,True,P1,0.34005963802337646,0.6599403619766235,3.8712121212121207,1.3482849604221636,12.2000848744706,783.2764024292082,Hard
2025-08-24,44968,Novak Djokovic,Cameron Norrie,P2,2.269253903687152,False,P1,0.8383273482322693,0.1616726517677307,1.1237345331833521,9.081818181818182,-2.269253903687152,781.0071485255211,Hard
2025-08-24,44971,Jannik Sinner,Denis Shapovalov,P2,3.1327112796934693,False,P1,0.8771721497178078,0.12282785028219223,1.0485714285714285,21.588235294117645,-3.1327112796934693,777.8744372458276,Hard
2025-08-24,44973,Andrey Rublev,Coleman Wong,P2,11.80546203694817,False,P1,0.6248506903648376,0.37514930963516235,1.1146161934805467,9.724770642201833,-11.80546203694817,766.0689752088795,Hard
2025-08-24,44974,Jaume Munar,Zizou Bergs,P2,9.823979919463609,False,P1,0.5029218345880508,0.49707816541194916,1.4784053156146177,3.0902777777777772,-9.823979919463609,756.2449952894159,Hard
2025-08-24,44976,Felix Auger-Aliassime,Alexander Zverev,P1,2.745686371718795,True,P1,0.2949085235595703,0.7050914764404297,4.171874999999999,1.315270935960591,8.70897396029555,764.9539692497115,Hard
2025-08-24,44977,Alexander Bublik,Tommy Paul,P2,4.623248655639153,False,P1,0.44743113219738007,0.5525688678026199,1.964824120603015,2.036458333333334,-4.623248655639153,760.3307205940723,Hard
2025-08-24,44978,Jiri Lehecka,Adrian Mannarino,P2,3.0404225284306077,False,P1,0.6568853855133057,0.34311461448669434,1.4005847953216373,3.496350364963503,-3.0404225284306077,757.2902980656418,Hard
2025-08-24,44980,Taylor Fritz,Tomas Machac,P2,10.064470268661537,False,P1,0.5161347985267639,0.4838652014732361,1.4224924012158056,3.3669064748201447,-10.064470268661537,747.2258277969802,Hard
2025-08-24,44981,Novak Djokovic,Jan-Lennard Struff,P1,10.087669471803894,True,P1,0.8729023486375809,0.12709765136241913,1.2108108108108107,5.743589743589743,2.126589780542441,749.3524175775226,Hard
2025-08-24,44984,Felix Auger-Aliassime,Andrey Rublev,P2,0.2779361777818006,False,P1,0.4608416259288788,0.5391583740711212,2.1538461538461537,1.8666666666666667,-0.2779361777818006,749.0744813997408,Hard
2025-08-24,44985,Jannik Sinner,Alexander Bublik,P2,0.5434336491237266,False,P1,0.8786064833402634,0.12139351665973663,1.1216517857142858,9.220183486238533,-0.5434336491237266,748.5310477506171,Hard
2025-08-24,44986,Carlos Alcaraz,Jiri Lehecka,P2,4.249802259270449,False,P1,0.8184092417359352,0.1815907582640648,1.0831372549019609,13.028301886792452,-4.249802259270449,744.2812454913466,Hard
2025-08-24,44987,Novak Djokovic,Taylor Fritz,P1,6.941217568393765,True,P1,0.7050658017396927,0.2949341982603073,1.5687732342007437,2.758169934640523,3.947978765666343,748.2292242570129,Hard
2025-08-24,44990,Carlos Alcaraz,Novak Djokovic,P2,1.3177906580493028,False,P1,0.7308357656002045,0.26916423439979553,1.3200992555831266,4.124031007751938,-1.3177906580493028,746.9114335989636,Hard
2025-08-24,44992,Carlos Alcaraz,Jannik Sinner,P1,0.576954440422136,True,P1,0.4688936471939087,0.5311063528060913,2.1712707182320443,1.8537735849056602,0.6757698418204025,747.587203440784,Hard
2025-08-24,44866,Alejandro Davidovich Fokina,Alexander Shevchenko,P2,4.140847414472955,False,P1,0.7288917750120163,0.2711082249879837,1.21996303142329,5.546218487394958,-4.140847414472955,743.446356026311,Hard
2025-08-24,44868,Ben Shelton,Ignacio Buse,P2,2.0806864303998935,False,P1,0.8900965377688408,0.10990346223115921,1.0605882352941176,17.50485436893204,-2.0806864303998935,741.3656695959112,Hard
2025-08-24,44869,Jakub Mensik,Nicolas Jarry,P2,3.937263348038067,False,P1,0.6149705052375793,0.38502949476242065,1.4533762057877813,3.2056737588652484,-3.937263348038067,737.4284062478731,Hard
2025-08-24,44870,Luciano Darderi,Rinky Hijikata,P1,0.2815644036286483,True,P1,0.5936972796916962,0.40630272030830383,1.6932773109243697,2.4424242424242424,0.19520221259969317,737.6236084604728,Hard
2025-08-24,44871,Arthur Rinderknech,Roberto Carballes Baena,P1,6.245214069769538,True,P1,0.7081967294216156,0.2918032705783844,1.5415162454873648,2.8466666666666667,3.381884875326466,741.0054933357993,Hard
2025-08-24,44876,Adrian Mannarino,Tallon Griekspoor,P2,5.991276570363419,False,P1,0.34407562017440796,0.655924379825592,2.436363636363637,1.6962025316455698,-5.991276570363419,735.0142167654359,Hard
2025-08-24,44877,Pablo Carreno Busta,Pablo Llamas Ruiz,P1,13.523545701048993,True,P1,0.7660312503576279,0.23396874964237213,1.5877862595419847,2.7012987012987018,7.948954343364675,742.9631711088006,Hard
2025-08-24,44878,Tomas Martin Etcheverry,Camilo Ugo Carabelli,P2,10.727950773277616,False,P1,0.4992307275533676,0.5007692724466324,1.4246153846153846,3.355072463768116,-10.727950773277616,732.235220335523,Hard
2025-08-24,44885,Marcos Giron,Mariano Navone,P1,3.227306683375456,True,P1,0.5206939429044724,0.47930605709552765,2.108108108108108,1.9024390243902443,3.5762047031998287,735.8114250387227,Hard
2025-08-24,44886,Zizou Bergs,Chun-Hsin Tseng,P1,5.0914779338622305,True,P1,0.7269006669521332,0.2730993330478668,1.4640522875816993,3.154929577464789,2.3627119823805116,738.1741370211032,Hard
2025-08-24,44888,Lloyd Harris,Sebastian Baez,P2,8.839922452826114,False,P1,0.47781525552272797,0.522184744477272,1.5916030534351142,2.690322580645161,-8.839922452826114,729.334214568277,Hard
2025-08-24,44893,Francisco Comesana,Alex Michelsen,P1,10.377294247730608,True,P1,0.4779680073261261,0.5220319926738739,3.699248120300752,1.370473537604457,28.01089199199465,757.3451065602717,Hard
2025-08-24,44894,Raphael Collignon,Daniel Elahi Galan,P2,7.374991283018096,False,P1,0.4455393999814987,0.5544606000185013,1.8073394495412844,2.2386363636363638,-7.374991283018096,749.9701152772536,Hard
2025-08-24,44895,Joao Fonseca,Miomir Kecmanovic,P1,0.22610632520678073,True,P1,0.5768741220235825,0.42312587797641754,1.7412280701754383,2.3491124260355027,0.16759635508748216,750.137711632341,Hard
2025-08-24,44897,Flavio Cobolli,Francesco Passaro,P2,5.492679878650353,False,P1,0.6788343489170074,0.32116565108299255,1.257383966244726,4.885245901639346,-5.492679878650353,744.6450317536907,Hard
2025-08-24,44899,Jaume Munar,Jaime Faria,P2,7.662473412871421,False,P1,0.6135680973529816,0.38643190264701843,1.294392523364486,4.396825396825396,-7.662473412871421,736.9825583408192,Hard
2025-08-24,44900,Karen Khachanov,Nishesh Basavareddy,P2,0.6864029001181592,False,P1,0.7526857852935791,0.2473142147064209,1.3038277511961724,4.291338582677165,-0.6864029001181592,736.296155440701,Hard
2025-08-24,44901,Holger Rune,Botic Van De Zandschulp,P2,4.335762899318352,False,P1,0.635130763053894,0.36486923694610596,1.3890489913544668,3.5703703703703704,-4.335762899318352,731.9603925413827,Hard
2025-08-24,44902,Andrey Rublev,Dino Prizmic,P1,8.781573820085047,True,P1,0.8096205592155457,0.19037944078445435,1.3341902313624678,3.9923076923076914,2.9347161866608125,734.8951087280435,Hard
2025-08-24,44904,Jenson Brooksby,Aleksandar Vukic,P2,3.2777379546613217,False,P1,0.6187702417373657,0.3812297582626343,1.4719471947194718,3.118881118881119,-3.2777379546613217,731.6173707733822,Hard
2025-08-24,44905,Kamil Majchrzak,Hugo Dellien,P2,4.736243207491131,False,P1,0.7917893528938293,0.20821064710617065,1.0994423791821561,11.05607476635514,-4.736243207491131,726.881127565891,Hard
2025-08-24,44906,Jan-Lennard Struff,Mackenzie McDonald,P1,0.9818845454415941,True,P1,0.5197612941265106,0.4802387058734894,1.9746192893401011,2.0260416666666665,0.9569636178923147,727.8380911837834,Hard
2025-08-24,44907,Casper Ruud,Sebastian Ofner,P2,8.2562634758078,False,P1,0.6011697947978973,0.39883020520210266,1.28604118993135,4.496,-8.2562634758078,719.5818277079755,Hard
2025-08-24,44908,Gabriel Diallo,Damir Dzumhur,P2,2.090653499524075,False,P1,0.7144166082143784,0.28558339178562164,1.3184079601990049,4.140624999999999,-2.090653499524075,717.4911742084515,Hard
2025-08-24,44911,Lorenzo Musetti,Giovanni Mpetshi Perricard,P2,4.739933264045128,False,P1,0.5995187759399414,0.4004812240600586,1.4476190476190474,3.234042553191489,-4.739933264045128,712.7512409444064,Hard
2025-08-24,44912,Francisco Cerundolo,Matteo Arnaldi,P2,1.4070341963529949,False,P1,0.5338921099901199,0.46610789000988007,1.7990867579908678,2.2514285714285713,-1.4070341963529949,711.3442067480534,Hard
2025-08-24,44913,Alexander Bublik,Marin Cilic,P2,2.4133694539856942,False,P1,0.6249616742134094,0.3750383257865906,1.4915254237288134,3.03448275862069,-2.4133694539856942,708.9308372940677,Hard
2025-08-24,44915,David Goffin,Quentin Halys,P2,0.3561336092269593,False,P1,0.35741768777370453,0.6425823122262955,2.7697368421052633,1.5650557620817847,-0.3561336092269593,708.5747036848408,Hard
2025-08-24,44916,Shintaro Mochizuki,Hugo Gaston,P2,10.758811475273795,False,P1,0.4256266951560974,0.5743733048439026,1.6360000000000001,2.5723270440251573,-10.758811475273795,697.815892209567,Hard
2025-08-24,44917,Alexei Popyrin,Emil Ruusuvuori,P2,10.518389534981058,False,P1,0.6391081213951111,0.3608918786048889,1.0929824561403507,11.754716981132075,-10.518389534981058,687.2975026745859,Hard
2025-08-24,44918,Leandro Riedi,Pedro Martinez,P2,2.1602279373123867,False,P1,0.5599691718816757,0.4400308281183243,1.6735537190082643,2.4846625766871164,-2.1602279373123867,685.1372747372735,Hard
2025-08-24,44920,Felix Auger-Aliassime,Billy Harris,P2,6.012823574279754,False,P1,0.7267036139965057,0.27329638600349426,1.1345454545454547,8.432432432432433,-6.012823574279754,679.1244511629938,Hard
2025-08-24,44922,Daniel Altmaier,Hamad Medjedovic,P1,0.11225204426322909,True,P1,0.27755019068717957,0.7224498093128204,3.634328358208956,1.379603399433428,0.29570874346955134,679.4201599064633,Hard
2025-08-24,44923,Nuno Borges,Brandon Holt,P2,1.8823588423964919,False,P1,0.6729948818683624,0.3270051181316376,1.403560830860534,3.477941176470588,-1.8823588423964919,677.5378010640668,Hard
2025-08-24,44924,Roman Safiullin,Gael Monfils,P1,1.8606953596817077,True,P1,0.517719566822052,0.482280433177948,2.0421052631578944,1.9595959595959598,1.939040427457779,679.4768414915246,Hard
2025-08-24,44925,Tristan Schoolkate,Lorenzo Sonego,P1,0.16309435832667524,True,P1,0.3048715591430664,0.6951284408569336,3.3165467625899288,1.4316770186335404,0.37781570777834134,679.854657199303,Hard
2025-08-24,44926,Alex de Minaur,Christopher O'Connell,P2,3.937643154206731,False,P1,0.8246131166815758,0.17538688331842422,1.0722145804676755,14.847619047619046,-3.937643154206731,675.9170140450963,Hard
2025-08-24,44932,Novak Djokovic,Zachary Svajda,P1,13.518340280901926,True,P1,0.9478879440575838,0.05211205594241619,1.1119096509240245,9.93577981651376,1.5128327419079137,677.4298467870042,Hard
2025-08-24,44933,Tomas Machac,Joao Fonseca,P1,5.496050398060887,True,P1,0.6089130491018295,0.39108695089817047,1.8755980861244024,2.14207650273224,4.8123312097853725,682.2421779967896,Hard
2025-08-24,44935,Taylor Fritz,Lloyd Harris,P2,5.576643226057022,False,P1,0.7511449456214905,0.24885505437850952,1.113660062565172,9.79816513761468,-5.576643226057022,676.6655347707325,Hard
2025-08-24,44936,Raphael Collignon,Casper Ruud,P1,7.238570202683142,True,P1,0.339370533823967,0.660629466176033,6.267241379310346,1.1898527004909984,38.12729649861553,714.7928312693481,Hard
2025-08-24,44937,Benjamin Bonzi,Marcos Giron,P2,2.7124201404368398,False,P1,0.45614445209503174,0.5438555479049683,2.0259067357512954,1.974747474747475,-2.7124201404368398,712.0804111289112,Hard
2025-08-24,44939,Arthur Rinderknech,Alejandro Davidovich Fokina,P1,5.891293891271082,True,P1,0.3199140876531601,0.6800859123468399,5.4033613445378155,1.2270992366412212,25.94149579013485,738.021906919046,Hard
2025-08-24,44940,Cameron Norrie,Francisco Comesana,P2,7.148186404177248,False,P1,0.5113512724637985,0.4886487275362015,1.5767790262172285,2.7337662337662336,-7.148186404177248,730.8737205148688,Hard
2025-08-24,44943,Ben Shelton,Pablo Carreno Busta,P2,5.101121886724685,False,P1,0.7655895799398422,0.23441042006015778,1.1238532110091743,9.074074074074074,-5.101121886724685,725.772598628144,Hard
2025-08-24,44944,Carlos Alcaraz,Mattia Bellucci,P1,1.290813593174302,True,P1,0.9480576682835817,0.051942331716418266,1.0569239189928845,18.567307692307693,0.07347816841276816,725.8460767965568,Hard
2025-08-24,44945,Jan-Lennard Struff,Holger Rune,P1,0.04128474469719844,True,P1,0.27318546175956726,0.7268145382404327,3.6716417910447765,1.3743016759776538,0.11029804926564958,725.9563748458224,Hard
2025-08-24,44946,Adrian Mannarino,Jordan Thompson,P2,5.976919171588538,False,P1,0.5193177461624146,0.48068225383758545,1.6085271317829455,2.643312101910828,-5.976919171588538,719.9794556742339,Hard
2025-08-24,44947,Lorenzo Musetti,David Goffin,P2,2.074688470961642,False,P1,0.7954397574067116,0.20456024259328842,1.1847133757961785,6.413793103448277,-2.074688470961642,717.9047672032723,Hard
2025-08-24,44948,Andrey Rublev,Tristan Boyer,P2,6.497876677597494,False,P1,0.7541919201612473,0.24580807983875275,1.0858995137763372,12.641509433962263,-6.497876677597494,711.4068905256748,Hard
2025-08-24,44949,Coleman Wong,Adam Walton,P1,9.549410965140751,True,P1,0.5646918267011642,0.43530817329883575,2.469512195121951,1.6804979253112031,14.032975869505615,725.4398663951805,Hard
2025-08-24,44950,Jannik Sinner,Alexei Popyrin,P2,0.3045187862489034,False,P1,0.9456719383597374,0.054328061640262604,1.0485714285714285,21.588235294117645,-0.3045187862489034,725.1353476089316,Hard
2025-08-24,44953,Flavio Cobolli,Jenson Brooksby,P2,4.080075371578314,False,P1,0.5381219238042831,0.46187807619571686,1.6491935483870968,2.540372670807453,-4.080075371578314,721.0552722373533,Hard
2025-09-17,45129,Taro Daniel,Tallon Griekspoor,P2,1.4749226338528036,False,P1,0.346274733543396,0.653725266456604,2.7697368421052633,1.5650557620817847,-1.4749226338528036,719.5803496035005,Hard
2025-09-17,45130,Alejandro Tabilo,Christopher O'Connell,P2,10.843588023611279,False,P1,0.4430637061595917,0.5569362938404083,1.5767790262172285,2.7337662337662336,-10.843588023611279,708.7367615798893,Hard
2025-09-17,45131,Alexander Shevchenko,Taro Daniel,P1,2.622182490534685,True,P1,0.5618650913238525,0.43813490867614746,1.898058252427185,2.1135135135135137,2.3548726249947425,711.091634204884,Hard
2025-09-17,45132,Lorenzo Musetti,Nikoloz Basilashvili,P1,11.79631048988543,True,P1,0.8310100808739662,0.16898991912603378,1.338501291989664,3.954198473282442,3.993066341537444,715.0847005464215,Hard
2025-09-17,45133,Brandon Nakashima,Marcos Giron,P1,0.13182080009933284,True,P1,0.6738929897546768,0.3261070102453232,1.4865771812080535,3.055172413793103,0.06414099333692366,715.1488415397583,Hard
2025-09-17,45149,Dalibor Svrcina,Zhizhen Zhang,P2,10.146132415676519,False,P1,0.31813186407089233,0.6818681359291077,2.2514285714285713,1.7990867579908678,-10.146132415676519,705.0027091240818,Hard
2025-09-17,45154,Learner Tien,Giulio Zeppieri,P1,3.7089666852050875,True,P1,0.6412014812231064,0.3587985187768936,1.6694214876033058,2.493827160493827,2.4828619958810916,707.4855711199629,Hard
2025-09-17,45161,Alexander Bublik,Yibing Wu,P2,2.0324923621321953,False,P1,0.6760445088148117,0.3239554911851883,1.3942028985507247,3.536764705882353,-2.0324923621321953,705.4530787578307,Hard
2025-09-17,45135,Alejandro Tabilo,Brandon Nakashima,P2,6.592253923330268,False,P1,0.30564941465854645,0.6943505853414536,2.66025641025641,1.6023166023166024,-6.592253923330268,698.8608248345004,Hard
2025-09-17,45128,Brandon Nakashima,Juncheng Shang,P1,5.19654498337077,True,P1,0.6406635046005249,0.3593364953994751,1.7304347826086959,2.3690476190476186,3.7957372052447376,702.6565620397452,Hard
2025-09-17,45127,Marcos Giron,Lorenzo Sonego,P1,3.512464766495961,True,P1,0.5441742539405823,0.4558257460594177,2.026178010471204,1.9744897959183674,3.604414105933028,706.2609761456782,Hard
2025-09-17,45126,Alejandro Tabilo,Luciano Darderi,P2,6.382886020606224,False,P1,0.47080864012241364,0.5291913598775864,1.7400881057268724,2.3511904761904763,-6.382886020606224,699.878090125072,Hard
2025-09-17,45134,Lorenzo Musetti,Alexander Shevchenko,P2,2.404843282979111,False,P1,0.7651281356811523,0.23487186431884766,1.2171532846715327,5.605042016806722,-2.404843282979111,697.473246842093,Hard
2025-09-17,45163,Alexander Bublik,Valentin Royer,P1,0.7417166549307032,True,P1,0.7692861706018448,0.2307138293981552,1.308433734939759,4.2421875,0.2287704381473012,697.7020172802403,Hard
2025-09-17,45162,Valentin Royer,Corentin Moutet,P2,1.1723137048078354,False,P1,0.3966546654701233,0.6033453345298767,2.436363636363637,1.6962025316455698,-1.1723137048078354,696.5297035754324,Hard
2025-09-17,45160,Valentin Royer,Learner Tien,P2,1.281009973907373,False,P1,0.3702879399061203,0.6297120600938797,2.60126582278481,1.624505928853755,-1.281009973907373,695.2486936015251,Hard
2025-09-17,45159,Yibing Wu,Daniil Medvedev,P1,4.5635924157521055,True,P1,0.36375394463539124,0.6362460553646088,3.7368421052631584,1.3653846153846154,12.489831874689976,707.7385254762152,Hard
2025-09-17,45158,Alexander Bublik,Dalibor Svrcina,P1,7.644385355533818,True,P1,0.7902033030986786,0.2097966969013214,1.3653846153846154,3.7368421052631584,2.7931408029835105,710.5316662791987,Hard
2025-09-17,45156,Corentin Moutet,Arthur Cazaux,P1,5.62880019074015,True,P1,0.5997718125581741,0.40022818744182587,1.9068627450980393,2.1027027027027025,5.104549192582979,715.6362154717817,Hard
2025-09-17,45155,Tomas Martin Etcheverry,Rinky Hijikata,P2,3.3022988857343627,False,P1,0.5664986073970795,0.43350139260292053,1.6023166023166024,2.66025641025641,-3.3022988857343627,712.3339165860474,Hard
2025-09-17,45153,Daniil Medvedev,Nishesh Basavareddy,P2,2.6733998833508763,False,P1,0.6337170004844666,0.36628299951553345,1.459546925566343,3.176056338028169,-2.6733998833508763,709.6605167026966,Hard
2025-09-17,45152,Yibing Wu,Sebastian Korda,P2,10.856341995316535,False,P1,0.2704719603061676,0.7295280396938324,2.566037735849057,1.63855421686747,-10.856341995316535,698.8041747073801,Hard
2025-09-17,45151,Alexander Bublik,Aleksandar Vukic,P2,3.14500747951933,False,P1,0.6596017926931381,0.3403982073068619,1.379603399433428,3.634328358208956,-3.14500747951933,695.6591672278607,Hard
2025-09-17,45148,Aleksandar Vukic,David Goffin,P1,1.966514064270005,True,P1,0.5774820894002914,0.42251791059970856,1.811059907834101,2.2329545454545454,1.5949607157212935,697.254127943582,Hard
2025-09-17,45147,Arthur Cazaux,Matteo Arnaldi,P2,6.201819406158288,False,P1,0.4110536724328995,0.5889463275671005,2.0,2.0,-6.201819406158288,691.0523085374238,Hard
2025-09-17,45145,Learner Tien,Mariano Navone,P2,1.5454911879580593,False,P1,0.5797347128391266,0.4202652871608734,1.6477732793522268,2.54375,-1.5454911879580593,689.5068173494657,Hard
2025-09-17,45144,Yibing Wu,Adrian Mannarino,P2,7.170759146200319,False,P1,0.420370951294899,0.579629048705101,1.8840579710144931,2.1311475409836067,-7.170759146200319,682.3360582032653,Hard
2025-09-17,45125,Christopher O'Connell,Yi Zhou,P2,2.4907673817477347,False,P1,0.5807666629552841,0.4192333370447159,1.5961538461538458,2.6774193548387095,-2.4907673817477347,679.8452908215176,Hard
2025-09-17,45124,Lorenzo Musetti,Dino Prizmic,P1,11.755061532787042,True,P1,0.7995934560894966,0.2004065439105034,1.4416403785488958,3.2642857142857147,5.191509825205633,685.0368006467232,Hard
2025-09-17,45123,Alexander Shevchenko,Giovanni Mpetshi Perricard,P1,3.1444688372361305,True,P1,0.4123440086841583,0.5876559913158417,2.833333333333333,1.5454545454545454,5.764859534932905,690.8016601816562,Hard
2025-09-17,45122,Nikoloz Basilashvili,Mackenzie McDonald,P1,0.6148958511094835,True,P1,0.4150684177875519,0.5849315822124481,2.4723926380368098,1.6791666666666667,0.9053681243329819,691.7070283059892,Hard
2025-09-17,45121,Juncheng Shang,Zizou Bergs,P2,5.440362974347384,False,P1,0.46337585151195526,0.5366241484880447,1.8186046511627907,2.221590909090909,-5.440362974347384,686.2666653316418,Hard
2025-09-17,45120,Christopher O'Connell,Quentin Halys,P2,2.093109927805357,False,P1,0.47071322798728943,0.5292867720127106,1.994845360824742,2.0051813471502586,-2.093109927805357,684.1735554038364,Hard
2025-09-17,45119,Marcos Giron,Ethan Quinn,P1,3.1073350520207668,True,P1,0.5665062367916107,0.4334937632083893,1.911330049261084,2.097297297297297,2.831807806028779,687.0053632098652,Hard
2025-09-17,45118,Yi Zhou,Cameron Norrie,P1,4.5313167157586225,True,P1,0.3126426190137863,0.6873573809862137,4.80327868852459,1.2629310344827587,17.233860296000007,704.2392235058652,Hard
2025-09-17,45117,Alejandro Tabilo,Jordan Thompson,P2,11.628162441721324,False,P1,0.35214537382125854,0.6478546261787415,1.9019607843137254,2.108695652173913,-11.628162441721324,692.6110610641439,Hard
2025-09-17,45115,Dino Prizmic,Terence Atmane,P2,4.573944009147777,False,P1,0.46304070949554443,0.5369592905044556,1.8743961352657006,2.143646408839779,-4.573944009147777,688.0371170549961,Hard
2025-09-17,45114,Mackenzie McDonald,Botic Van De Zandschulp,P2,3.4224652057787317,False,P1,0.4467671811580658,0.5532328188419342,2.015625,1.9846153846153847,-3.4224652057787317,684.6146518492174,Hard
2025-09-17,45113,Taro Daniel,Coleman Wong,P1,5.387679799680459,True,P1,0.44411347806453705,0.555886521935463,2.938775510204082,1.5157894736842106,10.445501652441708,695.0601535016591,Hard
2025-09-17,45111,Lorenzo Sonego,Juan Manuel Cerundolo,P1,5.454349114422262,True,P1,0.6807854175567627,0.3192145824432373,1.6093750000000002,2.641025641025641,3.323743991601067,698.3838974932602,Hard
2025-09-17,45110,Giovanni Mpetshi Perricard,Filip Misolic,P1,2.598700576648461,True,P1,0.6302275061607361,0.3697724938392639,1.6652892561983474,2.5031055900621118,1.7288875737206713,700.1127850669809,Hard
2025-09-17,45143,Zhizhen Zhang,Yunchaokete Bu,P1,4.166968655358499,True,P1,0.387740358710289,0.612259641289711,3.278571428571428,1.438871473354232,9.494735721852576,709.6075207888334,Hard
2025-09-17,45141,Tomas Martin Etcheverry,Damir Dzumhur,P2,3.9217389191759002,False,P1,0.6055525690317154,0.3944474309682846,1.4688524590163936,3.132867132867133,-3.9217389191759002,705.6857818696575,Hard
2025-09-17,45140,Nishesh Basavareddy,Marin Cilic,P2,13.582801402990441,False,P1,0.3877468705177307,0.6122531294822693,1.586206896551724,2.705882352941176,-13.582801402990441,692.1029804666671,Hard
2025-09-17,45138,Rinky Hijikata,Camilo Ugo Carabelli,P2,7.477885236430359,False,P1,0.5116417855024338,0.4883582144975662,1.5321428571428573,2.879194630872483,-7.477885236430359,684.6250952302368,Hard
2025-09-17,45137,Sebastian Korda,Adam Walton,P1,5.982554585413096,True,P1,0.6993800550699234,0.3006199449300766,1.5730337078651684,2.745098039215686,3.428205436585032,688.0533006668218,Hard
2025-09-24,45186,Jenson Brooksby,Luciano Darderi,P2,3.5095390797219044,False,P1,0.5574456751346588,0.4425543248653412,1.6108949416342413,2.6369426751592355,-3.5095390797219044,684.5437615870999,Hard
2025-09-24,45200,Adrian Mannarino,Alexander Bublik,P2,2.982370517429465,False,P1,0.2790418416261673,0.7209581583738327,3.2714285714285714,1.4402515723270441,-2.982370517429465,681.5613910696704,Hard
2025-09-24,45201,Alex de Minaur,Yunchaokete Bu,P1,13.511811907127868,True,P1,0.8787026181817055,0.12129738181829453,1.251546391752577,4.975409836065573,3.3988475312775224,684.960238600948,Hard
2025-09-24,45202,Flavio Cobolli,Andrey Rublev,P1,5.639354072801661,True,P1,0.43931977450847626,0.5606802254915237,3.0413793103448277,1.4898648648648647,11.51206072792615,696.4722993288741,Hard
2025-09-24,45203,Jakub Mensik,Miomir Kecmanovic,P2,5.179919875246839,False,P1,0.5480942875146866,0.4519057124853134,1.5531135531135531,2.8079470198675502,-5.179919875246839,691.2923794536273,Hard
2025-09-24,45205,Arthur Cazaux,Juncheng Shang,P1,1.9453684880559476,True,P1,0.5403023511171341,0.4596976488828659,1.9497487437185932,2.0529100529100535,1.8476112776008753,693.1399907312282,Hard
2025-09-24,45206,Arthur Rinderknech,David Goffin,P1,9.112600880601393,True,P1,0.6819391399621964,0.31806086003780365,1.7590909090909093,2.317365269461078,6.917292486638332,700.0572832178665,Hard
2025-09-24,45207,Learner Tien,Francisco Cerundolo,P1,4.8818645472309,True,P1,0.5334213078022003,0.4665786921977997,2.1843575418994416,1.8443396226415094,5.7818730950444195,705.8391563129109,Hard
2025-09-24,45208,Alexander Zverev,Lorenzo Sonego,P1,14.116783126258218,True,P1,0.8737904652953148,0.1262095347046852,1.3082524271844658,4.244094488188975,4.351532662705806,710.1906889756167,Hard
2025-09-24,45209,Lorenzo Musetti,Giovanni Mpetshi Perricard,P2,0.5335139882091314,False,P1,0.7047314047813416,0.29526859521865845,1.3976608187134503,3.514705882352941,-0.5335139882091314,709.6571749874075,Hard
2025-09-24,45210,Corentin Moutet,Tallon Griekspoor,P2,4.321912853345799,False,P1,0.4761580526828766,0.5238419473171234,1.8443396226415094,2.1843575418994416,-4.321912853345799,705.3352621340617,Hard
2025-09-24,45211,Jannik Sinner,Terence Atmane,P1,5.485693854990078,True,P1,0.9570403750985861,0.04295962490141392,1.0535995796111404,19.65686274509804,0.2940308845028842,705.6292930185646,Hard
2025-09-24,45212,Alex de Minaur,Arthur Rinderknech,P2,1.1993685150812847,False,P1,0.8486899137496948,0.15131008625030518,1.1382316313823164,8.234234234234233,-1.1993685150812847,704.4299245034833,Hard
2025-09-24,45213,Fabian Marozsan,Alexandre Muller,P2,1.6142240798364427,False,P1,0.5687413364648819,0.4312586635351181,1.6776859504132233,2.475609756097561,-1.6142240798364427,702.815700423647,Hard
2025-09-24,45214,Jakub Mensik,Arthur Cazaux,P2,2.7060324596966243,False,P1,0.6208857148885727,0.3791142851114273,1.4865771812080535,3.055172413793103,-2.7060324596966243,700.1096679639503,Hard
2025-09-24,45215,Lorenzo Musetti,Adrian Mannarino,P1,14.002193359279007,True,P1,0.7923015579581261,0.20769844204187393,1.5666666666666667,2.7647058823529416,7.93457623692477,708.044244200875,Hard
2025-09-24,45217,Learner Tien,Flavio Cobolli,P1,8.355698021636115,True,P1,0.5374936610460281,0.46250633895397186,2.5341614906832297,1.651821862348178,12.818990132572177,720.8632343334472,Hard
2025-09-24,45218,Alexander Zverev,Corentin Moutet,P2,0.8853990361933812,False,P1,0.7898569852113724,0.21014301478862762,1.2349514563106796,5.256198347107438,-0.8853990361933812,719.9778352972538,Hard
2025-09-24,45219,Jannik Sinner,Fabian Marozsan,P2,0.23407004922317523,False,P1,0.9199054203927517,0.0800945796072483,1.08,13.499999999999998,-0.23407004922317523,719.7437652480306,Hard
2025-09-24,45221,Daniil Medvedev,Alexander Zverev,P2,8.684089700955607,False,P1,0.3959227502346039,0.6040772497653961,1.9162561576354682,2.0913978494623655,-8.684089700955607,711.059675547075,Hard
2025-09-24,45224,Jannik Sinner,Alex de Minaur,P2,2.037101118384459,False,P1,0.7937194481492043,0.20628055185079575,1.1877022653721683,6.327586206896551,-2.037101118384459,709.0225744286905,Hard
2025-09-24,45225,Jannik Sinner,Learner Tien,P1,1.4336944753105125,True,P1,0.9383440222591162,0.06165597774088383,1.0686666666666667,15.563106796116504,0.0984470206379885,709.1210214493285,Hard
2025-09-24,45178,Holger Rune,Hamad Medjedovic,P1,0.4775030380861953,True,P1,0.5950799286365509,0.4049200713634491,1.6962025316455698,2.436363636363637,0.3324388239840601,709.4534602733125,Hard
2025-09-24,45179,Brandon Nakashima,Jordan Thompson,P1,5.840686936286852,True,P1,0.7065526247024536,0.2934473752975464,1.5415162454873648,2.8466666666666667,3.1628268608051555,712.6162871341177,Hard
2025-09-24,45180,Taylor Fritz,Nuno Borges,P2,1.17577819927901,False,P1,0.7854046374559402,0.21459536254405975,1.23121387283237,5.325000000000001,-1.17577819927901,711.4405089348387,Hard
2025-09-24,45181,Sebastian Korda,Sho Shimabukuro,P1,4.300398171644084,True,P1,0.7442936301231384,0.2557063698768616,1.4101796407185627,3.4379562043795615,1.7639357769917345,713.2044447118304,Hard
2025-09-24,45182,Aleksandar Vukic,Daniel Altmaier,P1,2.670819808690721,True,P1,0.5350638777017593,0.46493612229824066,2.0103626943005177,1.9897435897435893,2.6984966978999503,715.9029414097304,Hard
2025-09-24,45183,Casper Ruud,Matteo Berrettini,P2,1.3183662274456651,False,P1,0.5493452101945877,0.4506547898054123,1.7533039647577093,2.327485380116959,-1.3183662274456651,714.5845751822847,Hard
2025-09-24,45184,Carlos Alcaraz,Zizou Bergs,P1,2.3442495676645216,True,P1,0.9307860396802425,0.06921396031975746,1.08,13.499999999999998,0.1875399654131619,714.7721151476978,Hard
2025-09-24,45185,Holger Rune,Ethan Quinn,P1,0.9053039756644767,True,P1,0.6951476633548737,0.30485233664512634,1.455128205128205,3.19718309859155,0.4120293735396015,715.1841445212374,Hard
2025-09-24,45164,Daniel Altmaier,Denis Shapovalov,P2,0.5562797871040677,False,P1,0.2650425434112549,0.7349574565887451,3.7142857142857135,1.368421052631579,-0.5562797871040677,714.6278647341334,Hard
2025-09-24,45165,Matteo Berrettini,Jaume Munar,P1,14.292557294682668,True,P1,0.6963472366333008,0.3036527633666992,2.3216374269005846,1.756637168141593,18.889578646773582,733.5174433809069,Hard
2025-09-24,45166,Nuno Borges,Yosuke Watanuki,P2,3.8044102748829327,False,P1,0.5188928097486496,0.4811071902513504,1.7272727272727275,2.375,-3.8044102748829327,729.713033106024,Hard
2025-09-24,45167,Marton Fucsovics,Frances Tiafoe,P2,9.854568137895042,False,P1,0.4168242961168289,0.5831757038831711,1.751111111111111,2.3313609467455625,-9.854568137895042,719.8584649681289,Hard
2025-09-24,45168,Casper Ruud,Shintaro Mochizuki,P1,13.781840989580273,True,P1,0.8074988722801208,0.19250112771987915,1.4533762057877813,3.2056737588652484,6.248358776626425,726.1068237447554,Hard
2025-09-24,45169,Taylor Fritz,Gabriel Diallo,P2,3.0107659790860852,False,P1,0.7005876898765564,0.2994123101234436,1.3090024330900243,4.2362204724409445,-3.0107659790860852,723.0960577656693,Hard
2025-09-24,45170,Sho Shimabukuro,Tomas Machac,P2,14.461921155313387,False,P1,0.09783266857266426,0.9021673314273357,3.7368421052631584,1.3653846153846154,-14.461921155313387,708.634136610356,Hard
2025-09-24,45171,Jenson Brooksby,Ugo Humbert,P2,3.9586976506736273,False,P1,0.3967917561531067,0.6032082438468933,2.2386363636363638,1.8073394495412844,-3.9586976506736273,704.6754389596824,Hard
2025-09-24,45172,Luciano Darderi,Yoshihito Nishioka,P1,1.9932198994001102,True,P1,0.5926103293895721,0.40738967061042786,1.7599999999999998,2.3157894736842106,1.5148471235440835,706.1902860832265,Hard
2025-09-24,45173,Sebastian Korda,Marcos Giron,P1,6.782873458922962,True,P1,0.6886620074510574,0.31133799254894257,1.626984126984127,2.5949367088607596,4.2527539940866195,710.4430400773132,Hard
2025-09-24,45174,Ethan Quinn,Alex Michelsen,P2,6.958978706656073,False,P1,0.31456026434898376,0.6854397356510162,2.5562500000000004,1.6425702811244978,-6.958978706656073,703.4840613706571,Hard
2025-09-24,45175,Aleksandar Vukic,Damir Dzumhur,P2,7.201928571010408,False,P1,0.4982287287712097,0.5017712712287903,1.5961538461538458,2.6774193548387095,-7.201928571010408,696.2821327996467,Hard
2025-09-24,45176,Zizou Bergs,Alejandro Tabilo,P2,3.4055632102807625,False,P1,0.4868534356355667,0.5131465643644333,1.8530805687203793,2.1722222222222225,-3.4055632102807625,692.8765695893659,Hard
2025-09-24,45177,Carlos Alcaraz,Sebastian Baez,P1,13.857531391787319,True,P1,0.9820671062916517,0.017932893708348274,1.0536842105263158,19.627450980392158,0.7439306326117401,693.6205002219776,Hard
2025-09-24,45204,Daniil Medvedev,Cameron Norrie,P2,10.054647407873372,False,P1,0.5339271724224091,0.46607282757759094,1.3299232736572892,4.0310077519379846,-10.054647407873372,683.5658528141042,Hard
2025-09-24,45197,Fabian Marozsan,Benjamin Bonzi,P2,1.4288841256812967,False,P1,0.5639241933822632,0.4360758066177368,1.6991525423728815,2.43030303030303,-1.4288841256812967,682.1369686884229,Hard
2025-09-24,45188,Carlos Alcaraz,Brandon Nakashima,P1,7.2983973788300105,True,P1,0.9106426499783993,0.08935735002160072,1.1282660332541568,8.796296296296294,0.9361364808950606,683.073105169318,Hard
2025-09-24,45187,Brandon Nakashima,Marton Fucsovics,P1,9.399306872759475,True,P1,0.668876051902771,0.331123948097229,1.841121495327103,2.188888888888889,7.905959051853765,690.9790642211717,Hard
2025-09-24,45189,Taylor Fritz,Sebastian Korda,P2,4.195891016908819,False,P1,0.6181711256504059,0.3818288743495941,1.4212121212121214,3.3741007194244608,-4.195891016908819,686.7831732042629,Hard
2025-09-24,45190,Jenson Brooksby,Holger Rune,P1,3.6471608339457875,True,P1,0.4048217386007309,0.5951782613992691,2.9931506849315066,1.5017182130584192,7.269341114234411,694.0525143184973,Hard
2025-09-24,45191,Casper Ruud,Aleksandar Vukic,P1,2.3423311465525773,True,P1,0.746540829539299,0.253459170460701,1.3732590529247912,3.67910447761194,0.8742963053984554,694.9268106238958,Hard
2025-09-24,45192,Taylor Fritz,Jenson Brooksby,P1,3.7692842787198346,True,P1,0.7632180377840996,0.23678196221590042,1.3616438356164382,3.7651515151515156,1.3631384240849806,696.2899490479808,Hard
2025-09-24,45193,Carlos Alcaraz,Casper Ruud,P2,0.9299384690327802,False,P1,0.8423582464456558,0.15764175355434418,1.155433287482806,7.43362831858407,-0.9299384690327802,695.360010578948,Hard
2025-09-24,45194,Carlos Alcaraz,Taylor Fritz,P1,1.4831351389025877,True,P1,0.7976751551032066,0.20232484489679337,1.2679738562091503,4.7317073170731705,0.39744144245102014,695.7574520213991,Hard
2025-09-24,45195,Terence Atmane,Zhizhen Zhang,P2,5.729624949329617,False,P1,0.5110301077365875,0.4889698922634125,1.6345381526104417,2.5759493670886076,-5.729624949329617,690.0278270720695,Hard
2025-09-24,45196,Alexandre Muller,Karen Khachanov,P1,1.5362501157347317,True,P1,0.25129617750644684,0.7487038224935532,4.620967741935484,1.2761692650334076,5.562712112620117,695.5905391846896,Hard
2025-09-24,45198,Jannik Sinner,Marin Cilic,P1,2.163438625045931,True,P1,0.9603584110736847,0.03964158892631531,1.0441367373431414,23.65686274509804,0.09548712235165921,695.6860263070413,Hard
2025-09-24,45199,Alejandro Davidovich Fokina,Camilo Ugo Carabelli,P2,7.586801684947938,False,P1,0.6546821445226669,0.34531785547733307,1.1943048576214408,6.1465517241379315,-7.586801684947938,688.0992246220934,Hard
2025-10-01,45240,Juncheng Shang,Aleksandar Kovacevic,P2,0.49482844214235444,False,P1,0.6615482717752457,0.33845172822475433,1.4898648648648647,3.0413793103448277,-0.49482844214235444,687.6043961799511,Hard
2025-10-01,45237,Valentin Vacherot,Laslo Djere,P2,6.52511583442944,False,P1,0.5083271563053131,0.4916728436946869,1.5938697318007664,2.6838709677419352,-6.52511583442944,681.0792803455216,Hard
2025-10-01,45226,Sebastian Baez,Zhizhen Zhang,P2,2.7591774037086365,False,P1,0.4011774808168411,0.5988225191831589,2.2906976744186047,1.7747747747747746,-2.7591774037086365,678.3201029418129,Hard
2025-10-01,45252,Alejandro Tabilo,Marcos Giron,P1,1.490373007097989,True,P1,0.5513886660337448,0.4486113339662552,1.8840579710144931,2.1311475409836067,1.3175761367098169,679.6376790785228,Hard
2025-10-01,45258,Valentin Vacherot,Alexander Bublik,P1,2.040965130139961,True,P1,0.32861456274986267,0.6713854372501373,3.4999999999999996,1.4,5.1024128253499015,684.7400919038727,Hard
2025-10-01,45259,Novak Djokovic,Marin Cilic,P2,1.9791887299380033,False,P1,0.8273910284042358,0.17260897159576416,1.13875,8.207207207207206,-1.9791887299380033,682.7609031739347,Hard
2025-10-01,45276,Felix Auger-Aliassime,Alejandro Tabilo,P2,3.140445206250903,False,P1,0.5407488644123077,0.45925113558769226,1.6791666666666667,2.4723926380368098,-3.140445206250903,679.6204579676838,Hard
2025-10-01,45304,Daniil Medvedev,Alejandro Davidovich Fokina,P1,8.940097191672809,True,P1,0.6743457168340683,0.3256542831659317,1.7918552036199096,2.262857142857143,7.079262482093854,686.6997204497777,Hard
2025-10-01,45308,Novak Djokovic,Jaume Munar,P1,13.733994408995555,True,P1,0.8791591487824917,0.12084085121750832,1.2782805429864255,4.59349593495935,3.8219034215078143,690.5216238712856,Hard
2025-10-01,45309,Valentin Vacherot,Tallon Griekspoor,P1,8.474411159626618,True,P1,0.5483848303556442,0.4516151696443558,2.4907975460122698,1.670781893004115,12.633631360670355,703.155255231956,Hard
2025-10-01,45318,Valentin Vacherot,Novak Djokovic,P2,5.8826335505850045,False,P1,0.12138798087835312,0.8786120191216469,6.859649122807017,1.1706586826347305,-5.8826335505850045,697.272621681371,Hard
2025-10-13,45348,Benjamin Bonzi,Reilly Opelka,P2,4.877354630976187,False,P1,0.4629630297422409,0.5370369702577591,1.85781990521327,2.165745856353591,-4.877354630976187,692.3952670503948,Hard
2025-10-13,45375,Alex Michelsen,Beibit Zhukayev,P2,2.0732889035357105,False,P1,0.6128303855657578,0.38716961443424225,1.5340501792114694,2.87248322147651,-2.0732889035357105,690.321978146859,Hard
2025-10-13,45321,Jacob Fearnley,Tallon Griekspoor,P2,5.373985253591888,False,P1,0.2999765872955322,0.7000234127044678,2.814569536423841,1.5510948905109487,-5.373985253591888,684.9479928932672,Hard
2025-10-13,45349,Marcos Giron,Mattia Bellucci,P2,0.18824052876914174,False,P1,0.5491278916597366,0.45087210834026337,1.811059907834101,2.2329545454545454,-0.18824052876914174,684.759752364498,Hard
2025-10-13,45322,Miomir Kecmanovic,Alexandre Muller,P2,5.207897411461598,False,P1,0.527622401714325,0.47237759828567505,1.6070038910505835,2.647435897435897,-5.207897411461598,679.5518549530365,Hard
2025-10-13,45376,Shintaro Mochizuki,Arthur Cazaux,P1,1.7794189247986683,True,P1,0.307501420378685,0.692498579621315,3.7142857142857135,1.368421052631579,4.8298513673106696,684.3817063203471,Hard
2025-10-13,45323,Sebastian Korda,Alexei Popyrin,P2,4.338927225386068,False,P1,0.5594269931316376,0.4405730068683624,1.5608856088560885,2.7828947368421053,-4.338927225386068,680.042779094961,Hard
2025-10-13,45350,Francisco Comesana,David Goffin,P1,4.211842267689177,True,P1,0.4865571856498718,0.5134428143501282,2.41566265060241,1.7063829787234042,5.962547788596126,686.0053268835571,Hard
2025-10-13,45377,Jan-Lennard Struff,Mackenzie McDonald,P2,0.466205463272461,False,P1,0.5815391093492508,0.4184608906507492,1.6962025316455698,2.436363636363637,-0.466205463272461,685.5391214202847,Hard
2025-10-13,45324,Leo Borg,Sebastian Ofner,P1,13.710782428405693,True,P1,0.5176861435174942,0.4823138564825058,5.140495867768595,1.2415169660678644,56.76943798868804,742.3085594089728,Hard
2025-10-13,45378,Brandon Nakashima,Hamad Medjedovic,P1,4.779214509331148,True,P1,0.5956581830978394,0.40434181690216064,1.8660287081339713,2.154696132596685,4.138936967411186,746.4474963763839,Hard
2025-10-13,45351,Giovanni Mpetshi Perricard,Emil Ruusuvuori,P2,5.509278450080984,False,P1,0.5355523228645325,0.46444767713546753,1.5916030534351142,2.690322580645161,-5.509278450080984,740.938217926303,Hard
2025-10-13,45325,Elias Ymer,Mikael Ymer,P1,0.9896635404653525,True,P1,0.4459378272294998,0.5540621727705002,2.3216374269005846,1.756637168141593,1.3079763751179512,742.2461943014209,Hard
2025-10-13,45379,Rinky Hijikata,Timofey Skatov,P2,5.481192831043331,False,P1,0.559390664100647,0.440609335899353,1.5236363636363635,2.909722222222222,-5.481192831043331,736.7650014703776,Hard
2025-10-13,45352,Valentin Royer,Sebastian Baez,P2,1.6171525202724562,False,P1,0.651008278131485,0.348991721868515,1.4686468646864685,3.1338028169014085,-1.6171525202724562,735.1478489501051,Hard
2025-10-13,45326,Marin Cilic,Nicolai Budkov Kjaer,P1,11.502312044247972,True,P1,0.6626444756984711,0.33735552430152893,1.9646464646464645,2.0366492146596857,11.095664648744254,746.2435135988493,Hard
2025-10-13,45380,Alexander Shevchenko,Laslo Djere,P2,8.070288723608298,False,P1,0.4528971463441849,0.5471028536558151,1.7304347826086959,2.3690476190476186,-8.070288723608298,738.173224875241,Hard
2025-10-13,45327,Tomas Martin Etcheverry,Mark Lajal,P1,11.51350925406409,True,P1,0.6285569667816162,0.3714430332183838,2.1731843575418996,1.8523809523809525,13.507468957281896,751.6806938325228,Hard
2025-10-13,45355,Botic Van De Zandschulp,Joao Fonseca,P1,7.6179048306578325,True,P1,0.4905548393726349,0.5094451606273651,2.7697368421052633,1.5650557620817847,13.481686838466823,765.1623806709896,Hard
2025-10-13,45382,Adam Walton,Tristan Schoolkate,P2,0.016294045820892365,False,P1,0.5164894461631775,0.4835105538368225,1.935323383084577,2.0691489361702122,-0.016294045820892365,765.1460866251687,Hard
2025-10-13,45328,Kamil Majchrzak,Filip Misolic,P1,3.2607140034750706,True,P1,0.7211559861898422,0.2788440138101578,1.4384858044164035,3.2805755395683454,1.429776802785598,766.5758634279542,Hard
2025-10-13,45356,Raphael Collignon,Zizou Bergs,P2,15.331517268559084,False,P1,0.27224963903427124,0.7277503609657288,2.119565217391304,1.8932038834951457,-15.331517268559084,751.2443461593951,Hard
2025-10-13,45329,Matteo Berrettini,Giulio Zeppieri,P1,15.024886923187903,True,P1,0.8067115545272827,0.19328844547271729,1.5434782608695654,2.84,8.165699414776038,759.4100455741711,Hard
2025-10-13,45384,Corentin Moutet,Bernard Tomic,P2,5.068368485017825,False,P1,0.6576400399208069,0.3423599600791931,1.3176178660049627,4.1484375,-5.068368485017825,754.3416770891533,Hard
2025-10-13,45357,Nikoloz Basilashvili,Quentin Halys,P2,7.598004816683184,False,P1,0.35266032814979553,0.6473396718502045,2.264367816091954,1.7909090909090908,-7.598004816683184,746.7436722724701,Hard
2025-10-13,45331,Marton Fucsovics,Jesper de Jong,P2,9.405079057383336,False,P1,0.44701535999774933,0.5529846400022507,1.6735537190082643,2.4846625766871164,-9.405079057383336,737.3385932150868,Hard
2025-10-13,45359,Yannick Hanfmann,Matteo Arnaldi,P2,10.048223417341026,False,P1,0.4016687422990799,0.5983312577009201,1.811059907834101,2.2329545454545454,-10.048223417341026,727.2903697977458,Hard
2025-10-13,45386,Fabian Marozsan,Luca Nardi,P2,4.651794868284254,False,P1,0.580052375793457,0.41994762420654297,1.5034482758620689,2.986301369863013,-4.651794868284254,722.6385749294616,Hard
2025-10-13,45333,Denis Shapovalov,Leo Borg,P2,7.932936579616253,False,P1,0.7132629156112671,0.2867370843887329,1.0941901408450705,11.616822429906543,-7.932936579616253,714.7056383498453,Hard
2025-10-13,45387,Jan-Lennard Struff,Karen Khachanov,P1,0.04278919729057376,True,P1,0.33794964849948883,0.6620503515005112,2.965986394557823,1.5086505190311417,0.08412297970731847,714.7897613295527,Hard
2025-10-13,45388,Daniil Medvedev,Adam Walton,P2,0.7911677197603331,False,P1,0.8222633376717567,0.17773666232824326,1.1892332789559545,6.28448275862069,-0.7911677197603331,713.9985936097924,Hard
2025-10-13,45361,Lorenzo Musetti,Yannick Hanfmann,P1,7.108680794478537,True,P1,0.7618081644177437,0.23819183558225632,1.4233128834355828,3.3623188405797104,3.009196164533859,717.0077897743262,Hard
2025-10-13,45334,Casper Ruud,Marin Cilic,P1,0.12670622882126312,True,P1,0.6284365206956863,0.37156347930431366,1.594594594594595,2.681818181818182,0.07533883875858893,717.0831286130848,Hard
2025-10-13,45335,Sebastian Korda,Kamil Majchrzak,P2,2.084155310521323,False,P1,0.5803216844797134,0.41967831552028656,1.6230158730158732,2.605095541401274,-2.084155310521323,714.9989733025635,Hard
2025-10-13,45389,Shintaro Mochizuki,Luciano Darderi,P2,2.28518374163408,False,P1,0.3971242904663086,0.6028757095336914,2.357142857142857,1.7368421052631582,-2.28518374163408,712.7137895609294,Hard
2025-10-13,45390,Alex Michelsen,Aleksandar Vukic,P2,4.545161113959442,False,P1,0.5264813452959061,0.47351865470409393,1.6571428571428568,2.5217391304347827,-4.545161113959442,708.1686284469699,Hard
2025-10-13,45363,Benjamin Bonzi,Valentin Royer,P2,2.169565944368292,False,P1,0.46815088391304016,0.5318491160869598,2.0051813471502586,1.994845360824742,-2.169565944368292,705.9990625026016,Hard
2025-10-13,45336,Ugo Humbert,Matteo Berrettini,P2,2.2914269677076584,False,P1,0.4567262828350067,0.5432737171649933,2.0473684210526315,1.9547738693467334,-2.2914269677076584,703.7076355348939,Hard
2025-10-13,45391,Flavio Cobolli,Rinky Hijikata,P2,8.283358478959256,False,P1,0.5149209201335907,0.4850790798664093,1.4848484848484849,3.0625000000000004,-8.283358478959256,695.4242770559347,Hard
2025-10-13,45337,Tomas Martin Etcheverry,Miomir Kecmanovic,P1,8.639495132189186,True,P1,0.543909877538681,0.45609012246131897,2.54375,1.6477732793522268,13.337220610317058,708.7614976662518,Hard
2025-10-13,45364,Alejandro Davidovich Fokina,Marcos Giron,P1,9.091968666352656,True,P1,0.6797774434089661,0.32022255659103394,1.756637168141593,2.3216374269005846,6.879321424541171,715.640819090793,Hard
2025-10-13,45338,Lorenzo Sonego,Aleksandar Kovacevic,P2,0.5159750998276523,False,P1,0.6345833837985992,0.36541661620140076,1.5531135531135531,2.8079470198675502,-0.5159750998276523,715.1248439909654,Hard
2025-10-13,45365,Raphael Collignon,Francisco Comesana,P2,12.008637076085977,False,P1,0.4358997493982315,0.5641002506017685,1.5236363636363635,2.909722222222222,-12.008637076085977,703.1162069148794,Hard
2025-10-13,45392,Fabian Marozsan,Brandon Nakashima,P1,6.1427362832563945,True,P1,0.5015689432621002,0.4984310567378998,2.525,1.6557377049180328,9.367672831966,712.4838797468454,Hard
2025-10-13,45339,Elias Ymer,Jacob Fearnley,P1,14.249677594936909,True,P1,0.5400059968233109,0.45999400317668915,5.191666666666667,1.2385685884691848,59.729898585443884,772.2137783322893,Hard
2025-10-13,45366,Felix Auger-Aliassime,Damir Dzumhur,P2,5.23664268304083,False,P1,0.7329885065555573,0.26701149344444275,1.1792452830188678,6.578947368421053,-5.23664268304083,766.9771356492485,Hard
2025-10-13,45393,James Duckworth,Gabriel Diallo,P1,3.862969810745029,True,P1,0.2832791805267334,0.7167208194732666,4.926229508196722,1.254697286012526,15.16690606022024,782.1440417094686,Hard
2025-10-13,45394,Corentin Moutet,Alexander Shevchenko,P2,2.032330731430983,False,P1,0.6298418194055557,0.3701581805944443,1.5051903114186853,2.9794520547945207,-2.032330731430983,780.1117109780376,Hard
2025-10-13,45340,Holger Rune,Marton Fucsovics,P2,0.6605674360280567,False,P1,0.6369152218103409,0.3630847781896591,1.5434782608695654,2.84,-0.6605674360280567,779.4511435420096,Hard
2025-10-13,45368,Giovanni Mpetshi Perricard,Lorenzo Musetti,P2,4.40998584344039,False,P1,0.34524333477020264,0.6547566652297974,2.5687499999999996,1.6374501992031876,-4.40998584344039,775.0411576985692,Hard
2025-10-13,45341,Holger Rune,Tomas Martin Etcheverry,P2,4.430626070388982,False,P1,0.6667955219745636,0.3332044780254364,1.3282442748091603,4.046511627906976,-4.430626070388982,770.6105316281803,Hard
2025-10-13,45395,Daniil Medvedev,Fabian Marozsan,P2,6.116359165261826,False,P1,0.5739258527755737,0.42607414722442627,1.4657980456026056,3.146853146853146,-6.116359165261826,764.4941724629185,Hard
2025-10-13,45396,James Duckworth,Flavio Cobolli,P1,4.074779969345633,True,P1,0.3892469257116318,0.6107530742883682,3.1608391608391604,1.4627831715210353,8.804944129565037,773.2991165924835,Hard
2025-10-13,45342,Ugo Humbert,Lorenzo Sonego,P1,14.151260558461562,True,P1,0.7584017962217331,0.2415982037782669,1.615686274509804,2.6242038216560504,8.712736892856727,782.0118534853402,Hard
2025-10-13,45343,Casper Ruud,Sebastian Korda,P1,0.35432695815130555,True,P1,0.5802793651819229,0.4197206348180771,1.7347826086956524,2.36094674556213,0.26035328664161156,782.2722067719818,Hard
2025-10-13,45397,Alex Michelsen,Shintaro Mochizuki,P1,3.954916331022589,True,P1,0.6792705655097961,0.32072943449020386,1.554744525547445,2.8026315789473686,2.1939681836329683,784.4661749556147,Hard
2025-10-13,45370,Raphael Collignon,Alejandro Davidovich Fokina,P1,3.385468256530809,True,P1,0.4086649715900421,0.5913350284099579,2.834437086092715,1.5451263537906137,6.210428523569761,790.6766034791846,Hard
2025-10-13,45344,Denis Shapovalov,Elias Ymer,P2,6.923127870629938,False,P1,0.6376106590032578,0.36238934099674225,1.2937062937062938,4.404761904761904,-6.923127870629938,783.7534756085546,Hard
2025-10-13,45371,Felix Auger-Aliassime,Eliot Spizzirri,P1,10.190572597672636,True,P1,0.8171214759349823,0.1828785240650177,1.3282828282828285,4.046153846153846,3.3453899941854637,787.09886560274,Hard
2025-10-13,45398,Corentin Moutet,Jan-Lennard Struff,P2,6.3372810624991684,False,P1,0.4712608754634857,0.5287391245365143,1.780269058295964,2.2816091954022983,-6.3372810624991684,780.7615845402408,Hard
2025-10-13,45372,Jiri Lehecka,Giovanni Mpetshi Perricard,P2,3.0954761654972502,False,P1,0.5547546446323395,0.4452453553676605,1.6596638655462186,2.515923566878981,-3.0954761654972502,777.6661083747435,Hard
2025-10-13,45399,Daniil Medvedev,James Duckworth,P1,1.1277044544002475,True,P1,0.8233199864625931,0.17668001353740692,1.222429906542056,5.495798319327731,0.2508351963993074,777.9169435711428,Hard
2025-10-13,45373,Felix Auger-Aliassime,Raphael Collignon,P1,7.393641500544963,True,P1,0.7578973323106766,0.24210266768932343,1.4263803680981593,3.345323741007194,3.152503584588188,781.069447155731,Hard
2025-10-13,45400,Corentin Moutet,Alex Michelsen,P2,7.767865413052658,False,P1,0.42519746720790863,0.5748025327920914,1.8840579710144931,2.1311475409836067,-7.767865413052658,773.3015817426784,Hard
2025-10-13,45346,Casper Ruud,Denis Shapovalov,P2,2.9154606054168126,False,P1,0.5708771198987961,0.4291228801012039,1.6196078431372551,2.613924050632911,-2.9154606054168126,770.3861211372616,Hard
2025-10-13,45401,Daniil Medvedev,Corentin Moutet,P1,8.922492299720561,True,P1,0.7708390727639198,0.22916092723608017,1.425,3.3529411764705883,3.792059227381239,774.1781803646429,Hard
2025-10-13,45347,Casper Ruud,Ugo Humbert,P2,6.680912609463943,False,P1,0.5073148310184479,0.4926851689815521,1.6309523809523812,2.5849056603773586,-6.680912609463943,767.497267755179,Hard
2025-10-13,45374,Felix Auger-Aliassime,Jiri Lehecka,P2,2.5076873809770235,False,P1,0.46732643246650696,0.532673567533493,2.0,2.0,-2.5076873809770235,764.989580374202,Hard
2025-10-20,45402,Taylor Fritz,Valentin Vacherot,P2,7.358110606894865,False,P1,0.631315216422081,0.368684783577919,1.2792792792792793,4.580645161290324,-7.358110606894865,757.6314697673071,Hard
2025-10-20,45433,Jannik Sinner,Daniel Altmaier,P1,9.604145852269871,True,P1,0.9683804577216506,0.0316195422783494,1.044232437120555,23.607843137254903,0.42481477750716534,758.0562845448143,Hard
2025-10-20,45434,Daniil Medvedev,Nuno Borges,P2,1.2099895758096342,False,P1,0.7627775371074677,0.23722246289253235,1.2691466083150986,4.715447154471544,-1.2099895758096342,756.8462949690046,Hard
2025-10-20,45403,Casper Ruud,Quentin Halys,P1,4.401518721370546,True,P1,0.8104198947548866,0.18958010524511337,1.2731277533039649,4.661290322580646,1.2021769194932774,758.0484718884978,Hard
2025-10-20,45435,Matteo Berrettini,Alexei Popyrin,P1,8.588660499844842,True,P1,0.6640784591436386,0.3359215408563614,1.7678571428571426,2.302325581395349,6.594864312380858,764.6433362008787,Hard
2025-10-20,45404,Felix Auger-Aliassime,Gabriel Diallo,P2,10.170602975927403,False,P1,0.5091268718242645,0.4908731281757355,1.4416403785488958,3.2642857142857147,-10.170602975927403,754.4727332249513,Hard
2025-10-20,45405,Botic Van De Zandschulp,Jiri Lehecka,P1,0.030141475892998485,True,P1,0.27460868656635284,0.7253913134336472,3.6492537313432836,1.3774647887323945,0.07985241747771987,754.552585642429,Hard
2025-10-20,45436,Flavio Cobolli,Tomas Machac,P2,2.520147789155029,False,P1,0.3668605536222458,0.6331394463777542,2.54375,1.6477732793522268,-2.520147789155029,752.032437853274,Hard
2025-10-20,45406,Ugo Humbert,Sebastian Korda,P1,8.109559393256971,True,P1,0.5640401840209961,0.4359598159790039,2.2514285714285713,1.7990867579908678,10.148534326418723,762.1809721796927,Hard
2025-10-20,45437,Corentin Moutet,Damir Dzumhur,P1,2.0477347071400374,True,P1,0.6298224180936813,0.37017758190631866,1.6425702811244978,2.5562500000000004,1.315813466435365,763.496785646128,Hard
2025-10-20,45407,Ben Shelton,Kamil Majchrzak,P1,5.6231967049943306,True,P1,0.6822876781225204,0.31771232187747955,1.5938697318007664,2.6838709677419352,3.3394463190579367,766.836231965186,Hard
2025-10-20,45438,Alexander Zverev,Jacob Fearnley,P1,6.085533173376814,True,P1,0.7813334316015244,0.21866656839847565,1.351206434316354,3.847328244274809,2.1372784067355566,768.9735103719215,Hard
2025-10-20,45408,Denis Shapovalov,Marcos Giron,P1,1.6195776903996264,True,P1,0.5554468780755997,0.44455312192440033,1.8660287081339713,2.154696132596685,1.4026007749393894,770.3761111468609,Hard
2025-10-20,45439,Lorenzo Musetti,Hamad Medjedovic,P1,2.9508657955872573,True,P1,0.706193596124649,0.29380640387535095,1.4666666666666668,3.1428571428571432,1.3770707046073871,771.7531818514683,Hard
2025-10-20,45409,Marin Cilic,David Goffin,P2,1.5674396733387959,False,P1,0.6296645253896713,0.3703354746103287,1.5236363636363635,2.909722222222222,-1.5674396733387959,770.1857421781295,Hard
2025-10-20,45440,Cameron Norrie,Andrey Rublev,P1,2.538013751469986,True,P1,0.4053751826286316,0.5946248173713684,2.7516339869281046,1.5708955223880594,4.4456711463657275,774.6314133244953,Hard
2025-10-20,45410,Joao Fonseca,Giovanni Mpetshi Perricard,P2,0.7678733435755195,False,P1,0.4624412953853607,0.5375587046146393,2.119565217391304,1.8932038834951457,-0.7678733435755195,773.8635399809198,Hard
2025-10-20,45441,Francisco Cerundolo,Alex Michelsen,P2,4.217510580038467,False,P1,0.4477969855070114,0.5522030144929886,1.9897435897435893,2.0103626943005177,-4.217510580038467,769.6460294008813,Hard
2025-10-20,45442,Tomas Martin Etcheverry,Nicolai Budkov Kjaer,P1,13.14964687727723,True,P1,0.7068666964769363,0.29313330352306366,1.8027522935779814,2.2457142857142856,10.555909190474837,780.2019385913561,Hard
2025-10-20,45411,Reilly Opelka,Sebastian Baez,P2,7.761971298075251,False,P1,0.5607186257839203,0.4392813742160797,1.4285714285714284,3.3333333333333335,-7.761971298075251,772.4399672932809,Hard
2025-10-20,45412,Valentin Royer,Raphael Collignon,P2,1.4689384196097928,False,P1,0.4809831380844116,0.5190168619155884,2.0,2.0,-1.4689384196097928,770.9710288736711,Hard
2025-10-20,45443,Filip Misolic,Camilo Ugo Carabelli,P2,10.553379578211157,False,P1,0.49604204297065735,0.5039579570293427,1.4640522875816993,3.154929577464789,-10.553379578211157,760.4176492954599,Hard
2025-10-20,45444,Alex de Minaur,Jurij Rodionov,P2,3.7112659576233917,False,P1,0.8260602131485939,0.1739397868514061,1.0924006908462867,11.822429906542055,-3.7112659576233917,756.7063833378365,Hard
2025-10-20,45413,Stan Wawrinka,Miomir Kecmanovic,P2,0.8890298032535745,False,P1,0.36884845793247223,0.6311515420675278,2.647435897435897,1.6070038910505835,-0.8890298032535745,755.8173535345829,Hard
2025-10-20,45445,Tallon Griekspoor,Karen Khachanov,P1,4.832972911072532,True,P1,0.458104744553566,0.541895255446434,2.641025641025641,1.6093750000000002,7.93103246945236,763.7483860040353,Hard
2025-10-20,45446,Alexander Bublik,Alejandro Tabilo,P1,0.41793933200118727,True,P1,0.6733187735080719,0.3266812264919281,1.4931972789115644,3.027586206896552,0.20612654129310246,763.9545125453284,Hard
2025-10-20,45415,Alejandro Davidovich Fokina,Lorenzo Sonego,P1,8.9801339251279,True,P1,0.6974212825298309,0.30257871747016907,1.6544715447154474,2.527950310559006,5.877242121730051,769.8317546670585,Hard
2025-10-20,45416,Jenson Brooksby,Alexandre Muller,P2,0.7264410322948918,False,P1,0.6770856380462646,0.32291436195373535,1.4490445859872612,3.2269503546099294,-0.7264410322948918,769.1053136347635,Hard
2025-10-20,45447,Matteo Arnaldi,Aleksandar Kovacevic,P1,6.206115065290642,True,P1,0.6715770065784454,0.32842299342155457,1.6437246963562753,2.5534591194968552,3.995029535956324,773.1003431707198,Hard
2025-10-20,45448,Brandon Nakashima,Luciano Darderi,P2,4.750149465164035,False,P1,0.6254528015851974,0.37454719841480255,1.4023668639053255,3.485294117647059,-4.750149465164035,768.3501937055559,Hard
2025-10-20,45449,Alex de Minaur,Filip Misolic,P2,1.1648280260231294,False,P1,0.8928236626088619,0.10717633739113808,1.0860820595333869,12.616822429906541,-1.1648280260231294,767.1853656795328,Hard
2025-10-20,45418,Jaume Munar,Ben Shelton,P2,13.872656534019056,False,P1,0.23184598982334137,0.7681540101766586,2.7533333333333334,1.570342205323194,-13.872656534019056,753.3127091455137,Hard
2025-10-20,45419,Felix Auger-Aliassime,Marin Cilic,P1,2.907253085418318,True,P1,0.7500711604952812,0.24992883950471878,1.3714285714285712,3.6923076923076916,1.0798368602982318,754.3925460058119,Hard
2025-10-20,45450,Tallon Griekspoor,Brandon Nakashima,P1,4.385380206040521,True,P1,0.5479603856801987,0.45203961431980133,2.0471204188481673,1.9549999999999998,4.592021158157613,758.9845671639696,Hard
2025-10-20,45451,Corentin Moutet,Daniil Medvedev,P2,2.581954359318144,False,P1,0.29653365910053253,0.7034663408994675,3.1428571428571432,1.4666666666666668,-2.581954359318144,756.4026128046514,Hard
2025-10-20,45420,Denis Shapovalov,Valentin Royer,P1,9.961920811460761,True,P1,0.7072258442640305,0.29277415573596954,1.6596638655462186,2.515923566878981,6.571519190753528,762.974131995405,Hard
2025-10-20,45421,Ugo Humbert,Taylor Fritz,P1,3.860531475698651,True,P1,0.41009344160556793,0.5899065583944321,2.909722222222222,1.5236363636363635,7.372542748730061,770.346674744135,Hard
2025-10-20,45452,Matteo Berrettini,Cameron Norrie,P1,5.14471935484986,True,P1,0.6261137276887894,0.37388627231121063,1.7590909090909093,2.317365269461078,3.9053096920905763,774.2519844362256,Hard
2025-10-20,45422,Casper Ruud,Stan Wawrinka,P1,15.485039688724513,True,P1,0.8747782967984676,0.12522170320153236,1.2666666666666666,4.75,4.129343916993203,778.3813283532188,Hard
2025-10-20,45453,Lorenzo Musetti,Tomas Martin Etcheverry,P2,4.9105114025907834,False,P1,0.6657734215259552,0.3342265784740448,1.3125,4.2,-4.9105114025907834,773.470816950628,Hard
2025-10-20,45423,Reilly Opelka,Botic Van De Zandschulp,P2,1.7695621182471697,False,P1,0.4520101249217987,0.5479898750782013,2.111111111111111,1.9000000000000001,-1.7695621182471697,771.7012548323808,Hard
2025-10-20,45454,Jannik Sinner,Flavio Cobolli,P1,10.698348769794565,True,P1,0.958712400868535,0.04128759913146496,1.0605882352941176,17.50485436893204,0.6481940725228468,772.3494489049036,Hard
2025-10-20,45424,Alejandro Davidovich Fokina,Jenson Brooksby,P2,6.10365665647647,False,P1,0.4668002873659134,0.5331997126340866,1.8036529680365299,2.244318181818182,-6.10365665647647,766.2457922484272,Hard
2025-10-20,45455,Alexander Zverev,Matteo Arnaldi,P1,1.0403087841257304,True,P1,0.7509975954890251,0.24900240451097488,1.344,3.906976744186047,0.3578662217392513,766.6036584701665,Hard
2025-10-20,45456,Alexander Bublik,Francisco Cerundolo,P1,1.1159235388365447,True,P1,0.6141033172607422,0.3858966827392578,1.6596638655462186,2.515923566878981,0.7361344352829309,767.3397929054494,Hard
2025-10-20,45457,Lorenzo Musetti,Corentin Moutet,P2,3.216513949293596,False,P1,0.6246576458215714,0.37534235417842865,1.4666666666666668,3.1428571428571432,-3.216513949293596,764.1232789561558,Hard
2025-10-20,45458,Jannik Sinner,Alexander Bublik,P2,1.0495008136918609,False,P1,0.8793224133551121,0.12067758664488792,1.1059999999999999,10.433962264150942,-1.0495008136918609,763.0737781424639,Hard
2025-10-20,45429,Ugo Humbert,Reilly Opelka,P2,3.557777839147384,False,P1,0.6363167762756348,0.36368322372436523,1.425,3.3529411764705883,-3.557777839147384,759.5160003033164,Hard
2025-10-20,45460,Alex de Minaur,Matteo Berrettini,P2,0.2735898138152768,False,P1,0.7386872619390488,0.26131273806095123,1.344,3.906976744186047,-0.2735898138152768,759.2424104895011,Hard
2025-10-20,45431,Joao Fonseca,Jaume Munar,P2,1.8396506502623464,False,P1,0.5409270375967026,0.4590729624032974,1.7590909090909093,2.317365269461078,-1.8396506502623464,757.4027598392388,Hard
2025-10-20,45462,Alexander Zverev,Lorenzo Musetti,P1,9.273148094820032,True,P1,0.6224335134029388,0.37756648659706116,2.0,2.0,9.273148094820032,766.6759079340588,Hard
2025-10-20,45463,Jannik Sinner,Alexander Zverev,P1,11.525479555615131,True,P1,0.9050280451774597,0.09497195482254028,1.1571428571428573,7.363636363636364,1.8111467873109506,768.4870547213698,Hard
2025-10-20,45432,Joao Fonseca,Alejandro Davidovich Fokina,P2,4.314810452153918,False,P1,0.48673194646835327,0.5132680535316467,1.8238095238095235,2.213872832369942,-4.314810452153918,764.1722442692159,Hard
2025-10-27,45464,Alexander Bublik,Alexei Popyrin,P1,6.651006988592335,True,P1,0.737204372882843,0.262795627117157,1.4666666666666668,3.1428571428571432,3.1038032613430904,767.2760475305589,Hard
2025-10-27,45465,Andrey Rublev,Jacob Fearnley,P1,6.964510558108195,True,P1,0.6746874898672104,0.3253125101327896,1.6596638655462186,2.515923566878981,4.594235956399104,771.870283486958,Hard
2025-10-27,45466,Daniel Altmaier,Marcos Giron,P2,1.5737329012467973,False,P1,0.36417146027088165,0.6358285397291183,2.633986928104575,1.612,-1.5737329012467973,770.2965505857112,Hard
2025-10-27,45467,Arthur Cazaux,Luciano Darderi,P2,7.6117558458626124,False,P1,0.5470692068338394,0.4529307931661606,1.4666666666666668,3.1428571428571432,-7.6117558458626124,762.6847947398486,Hard
2025-10-27,45468,Francisco Cerundolo,Damir Dzumhur,P2,4.651506778101295,False,P1,0.6161563694477081,0.38384363055229187,1.425,3.3529411764705883,-4.651506778101295,758.0332879617473,Hard
2025-10-27,45469,Flavio Cobolli,Tomas Machac,P2,10.103930510994655,False,P1,0.4021347761154175,0.5978652238845825,1.8238095238095235,2.213872832369942,-10.103930510994655,747.9293574507526,Hard
2025-10-27,45470,Miomir Kecmanovic,Aleksandar Kovacevic,P1,1.048255066716748,True,P1,0.598318874835968,0.401681125164032,1.7043478260869567,2.419753086419753,0.7383361774265792,748.6676936281792,Hard
2025-10-27,45471,Cameron Norrie,Sebastian Baez,P2,4.778372285524153,False,P1,0.6886973530054092,0.31130264699459076,1.2666666666666666,4.75,-4.778372285524153,743.8893213426551,Hard
2025-10-27,45472,Arthur Rinderknech,Fabian Marozsan,P2,2.3899829728175046,False,P1,0.5130708962678909,0.48692910373210907,1.8238095238095235,2.213872832369942,-2.3899829728175046,741.4993383698376,Hard
2025-10-27,45473,Learner Tien,Nuno Borges,P1,1.072146510524722,True,P1,0.6313263177871704,0.3686736822128296,1.612,2.633986928104575,0.65615366444113,742.1554920342787,Hard
2025-10-27,45474,Aleksandar Vukic,Terence Atmane,P2,4.059049468954937,False,P1,0.46874451637268066,0.5312554836273193,1.9000000000000001,2.111111111111111,-4.059049468954937,738.0964425653237,Hard
2025-10-27,45475,Karen Khachanov,Ethan Quinn,P1,6.955526680178385,True,P1,0.7417865544557571,0.25821344554424286,1.4666666666666668,3.1428571428571432,3.2459124507499135,741.3423550160736,Hard
2025-10-27,45476,Zizou Bergs,Alex Michelsen,P1,6.2129574185544305,True,P1,0.5619019567966461,0.4380980432033539,2.111111111111111,1.9000000000000001,6.903286020616034,748.2456410366897,Hard
2025-10-27,45477,Grigor Dimitrov,Giovanni Mpetshi Perricard,P1,9.359427421629132,True,P1,0.5348448604345322,0.46515513956546783,2.633986928104575,1.612,15.29318206148551,763.5388230981752,Hard
2025-10-27,45478,Alexandre Muller,Brandon Nakashima,P1,5.146902999589465,True,P1,0.37809260189533234,0.6219073981046677,3.5563909774436087,1.3911764705882355,13.157496389927955,776.6963194881031,Hard
2025-10-27,45479,Lorenzo Sonego,Sebastian Korda,P2,0.1853046644746305,False,P1,0.34203553199768066,0.6579644680023193,2.909722222222222,1.5236363636363635,-0.1853046644746305,776.5110148236284,Hard
2025-10-27,45480,Felix Auger-Aliassime,Francisco Comesana,P1,8.093213199797622,True,P1,0.8333580419421196,0.1666419580578804,1.2666666666666666,4.75,2.158190186612699,778.6692050102412,Hard
2025-10-27,45481,Daniil Medvedev,Jaume Munar,P1,3.452608934841821,True,P1,0.6868016272783279,0.31319837272167206,1.5236363636363635,2.909722222222222,1.8079115876989893,780.4771165979402,Hard
2025-10-27,45482,Valentin Vacherot,Jiri Lehecka,P1,0.7406216567338587,True,P1,0.3561315983533859,0.6438684016466141,2.909722222222222,1.5236363636363635,1.4143816361236883,781.8914982340639,Hard
2025-10-27,45483,Gabriel Diallo,Tallon Griekspoor,P1,9.098641251609989,True,P1,0.5961758494377136,0.4038241505622864,2.111111111111111,1.9000000000000001,10.109601390677765,792.0010996247416,Hard
2025-10-27,45484,Joao Fonseca,Denis Shapovalov,P2,11.901209828501758,False,P1,0.44542190432548523,0.5545780956745148,1.570342205323194,2.7533333333333334,-11.901209828501758,780.0998897962398,Hard
2025-10-27,45485,Corentin Moutet,Reilly Opelka,P2,5.036984885883535,False,P1,0.5715688467025757,0.4284311532974243,1.5236363636363635,2.909722222222222,-5.036984885883535,775.0629049103563,Hard
2025-10-27,45486,Camilo Ugo Carabelli,Tomas Martin Etcheverry,P1,5.244196752405201,True,P1,0.2837766855955124,0.7162233144044876,5.824561403508772,1.2072727272727273,25.30094924406018,800.3638541544166,Hard
2025-10-27,45487,Alejandro Davidovich Fokina,Valentin Royer,P1,5.718247281774344,True,P1,0.7054327726364136,0.2945672273635864,1.5236363636363635,2.909722222222222,2.994282213001837,803.3581363674184,Hard
2025-10-27,45488,Taylor Fritz,Aleksandar Vukic,P2,0.13551985234471492,False,P1,0.8612818717956543,0.1387181282043457,1.1571428571428573,7.363636363636364,-0.13551985234471492,803.2226165150737,Hard
2025-10-27,45489,Cameron Norrie,Carlos Alcaraz,P1,0.6554605048928642,True,P1,0.10203555598855019,0.8979644440114498,11.476190476190474,1.0954545454545455,6.866729098877624,810.0893456139513,Hard
2025-10-27,45490,Ben Shelton,Flavio Cobolli,P1,16.201786912279026,True,P1,0.7099239975214005,0.29007600247859955,2.111111111111111,1.9000000000000001,18.00198545808781,828.0913310720391,Hard
2025-10-27,45491,Andrey Rublev,Learner Tien,P1,0.3720884265812111,True,P1,0.5044933259487152,0.4955066740512848,2.0,2.0,0.3720884265812111,828.4634194986203,Hard
2025-10-27,45492,Jannik Sinner,Zizou Bergs,P1,16.569268389972407,True,P1,0.9464136119931936,0.053586388006806374,1.119153674832962,9.392523364485982,1.9742892179588483,830.4377087165791,Hard
2025-10-27,45493,Alexander Zverev,Camilo Ugo Carabelli,P2,2.417438051777535,False,P1,0.8792321793735027,0.12076782062649727,1.0711382113821137,15.057142857142855,-2.417438051777535,828.0202706648016,Hard
2025-10-27,45494,Daniel Altmaier,Casper Ruud,P2,13.150314093249193,False,P1,0.200354665517807,0.799645334482193,3.4057971014492754,1.4156626506024097,-13.150314093249193,814.8699565715524,Hard
2025-10-27,45495,Felix Auger-Aliassime,Alexandre Muller,P1,0.39027099628035067,True,P1,0.7475774586200714,0.2524225413799286,1.3420365535248042,3.9236641221374047,0.13348694650842283,815.0034435180609,Hard
2025-10-27,45497,Alejandro Davidovich Fokina,Arthur Cazaux,P1,2.0522916690927895,True,P1,0.644740030169487,0.355259969830513,1.5977011494252877,2.673076923076923,1.2266570895727025,816.2301006076335,Hard
2025-10-27,45498,Francisco Cerundolo,Miomir Kecmanovic,P2,7.966663728858444,False,P1,0.5407776534557343,0.45922234654426575,1.488215488215488,3.048275862068966,-7.966663728858444,808.2634368787751,Hard
2025-10-27,45499,Valentin Vacherot,Arthur Rinderknech,P1,11.619790836274836,True,P1,0.7015066668391228,0.29849333316087723,1.7210300429184548,2.3869047619047614,8.378218285382713,816.6416551641578,Hard
2025-10-27,45500,Alex de Minaur,Gabriel Diallo,P2,3.5656425670332315,False,P1,0.6862483471632004,0.3137516528367996,1.3299492385786804,4.0307692307692315,-3.5656425670332315,813.0760125971245,Hard
2025-10-27,45501,Lorenzo Sonego,Lorenzo Musetti,P2,10.838956807809735,False,P1,0.1833459809422493,0.8166540190577507,3.999999999999999,1.3333333333333333,-10.838956807809735,802.2370557893148,Hard
2025-10-27,45502,Karen Khachanov,Joao Fonseca,P2,2.3578878870917728,False,P1,0.5286937803030014,0.4713062196969986,1.780269058295964,2.2816091954022983,-2.3578878870917728,799.879167902223,Hard
2025-10-27,45503,Alexander Bublik,Corentin Moutet,P1,6.451218515388493,True,P1,0.664933055639267,0.33506694436073303,1.6653061224489796,2.503067484662577,4.29203517554418,804.1712030777671,Hard
2025-10-27,45504,Jannik Sinner,Francisco Cerundolo,P1,16.08342406155534,True,P1,0.970562276430428,0.029437723569571972,1.0795107033639144,13.576923076923075,1.2788043596343703,805.4500074374015,Hard
2025-10-27,45505,Alexander Zverev,Alejandro Davidovich Fokina,P1,5.140993626931894,True,P1,0.7105401307344437,0.28945986926555634,1.4965986394557824,3.0136986301369864,2.553010440585227,808.0030178779867,Hard
2025-10-27,45506,Alexander Bublik,Taylor Fritz,P1,3.61096362832196,True,P1,0.5144908428192139,0.48550915718078613,2.14207650273224,1.8755980861244024,4.123996712127265,812.127014590114,Hard
2025-10-27,45507,Ben Shelton,Andrey Rublev,P1,11.100842559671673,True,P1,0.6743993163108826,0.32560068368911743,1.8119266055045873,2.2316384180790965,9.013069417715075,821.140084007829,Hard
2025-10-27,45508,Alex de Minaur,Karen Khachanov,P1,16.21378146318277,True,P1,0.7570693865418434,0.24293061345815659,1.670781893004115,2.4907975460122698,10.875911022628767,832.0159950304578,Hard
2025-10-27,45509,Felix Auger-Aliassime,Daniel Altmaier,P1,16.640319900609157,True,P1,0.8208009451627731,0.17919905483722687,1.5608856088560885,2.7828947368421053,9.333315959013254,841.3493109894711,Hard
2025-10-27,45510,Daniil Medvedev,Lorenzo Sonego,P1,6.2188848084374015,True,P1,0.8153880462050438,0.1846119537949562,1.2765486725663715,4.616,1.7198243386165368,843.0691353280876,Hard
2025-10-27,45511,Valentin Vacherot,Cameron Norrie,P2,2.240192883115703,False,P1,0.5166855156421661,0.48331448435783386,1.832558139534884,2.201117318435754,-2.240192883115703,840.8289424449719,Hard
2025-10-27,45512,Felix Auger-Aliassime,Valentin Vacherot,P1,15.716198811466812,True,P1,0.7383154705166817,0.26168452948331833,1.7179487179487178,2.392857142857143,11.283424787719762,852.1123672326917,Hard
2025-10-27,45513,Alexander Bublik,Alex de Minaur,P2,11.974144277203907,False,P1,0.3284560814499855,0.6715439185500145,2.188888888888889,1.841121495327103,-11.974144277203907,840.1382229554878,Hard
2025-10-27,45514,Jannik Sinner,Ben Shelton,P1,16.802764459109756,True,P1,0.9242018517106771,0.07579814828932285,1.2264150943396226,5.416666666666667,3.804399500175793,843.9426224556636,Hard
2025-10-27,45515,Alexander Zverev,Daniil Medvedev,P1,3.995890901105513,True,P1,0.5116425156593323,0.4883574843406677,2.1712707182320443,1.8537735849056602,4.680270005714745,848.6228924613783,Hard
2025-10-27,45516,Felix Auger-Aliassime,Alexander Bublik,P2,0.04189583059254942,False,P1,0.5020678788423538,0.4979321211576462,1.989795918367347,2.010309278350516,-0.04189583059254942,848.5809966307858,Hard
2025-10-27,45517,Jannik Sinner,Alexander Zverev,P1,9.652195272885036,True,P1,0.8763984404504299,0.12360155954957008,1.1904761904761905,6.25,1.8385133853114353,850.4195100160972,Hard
2025-10-27,45518,Jannik Sinner,Felix Auger-Aliassime,P2,0.32181984148073683,False,P1,0.8576568551361561,0.14234314486384392,1.1571428571428573,7.363636363636364,-0.32181984148073683,850.0976901746164,Hard
2025-11-03,45519,Matteo Berrettini,Quentin Halys,P2,1.4306137497988254,False,P1,0.7261532247066498,0.2738467752933502,1.330769230769231,4.023255813953488,-1.4306137497988254,848.6670764248177,Hard
2025-11-03,45546,Alexandre Muller,Jan-Lennard Struff,P2,2.2354679876320596,False,P1,0.3988707959651947,0.6011292040348053,2.375,1.7272727272727275,-2.2354679876320596,846.4316084371856,Hard
2025-11-03,45520,Cameron Norrie,Valentin Royer,P1,9.179740576531838,True,P1,0.7049205303192139,0.29507946968078613,1.6046511627906976,2.6538461538461537,5.550540813716925,851.9821492509025,Hard
2025-11-03,45547,Damir Dzumhur,Jacob Fearnley,P1,17.039642985018048,True,P1,0.6106764525175095,0.38932354748249054,3.3309352517985613,1.429012345679012,39.718304511840635,891.7004537627431,Hard
2025-11-03,45521,Vitaliy Sachko,Giovanni Mpetshi Perricard,P2,8.897351323597807,False,P1,0.17740266025066376,0.8225973397493362,4.512,1.2847380410022777,-8.897351323597807,882.8031024391453,Hard
2025-11-03,45548,Miomir Kecmanovic,Kamil Majchrzak,P2,3.047106037060889,False,P1,0.44161278009414673,0.5583872199058533,2.108108108108108,1.9024390243902443,-3.047106037060889,879.7559964020844,Hard
2025-11-03,45549,Vit Kopriva,Reilly Opelka,P1,2.0921664609107613,True,P1,0.324011467397213,0.675988532602787,3.4452554744525545,1.4089552238805971,5.115881492008065,884.8718778940924,Hard
2025-11-03,45522,Lorenzo Sonego,Jan Choinski,P2,0.27594012799155865,False,P1,0.7739040553569794,0.22609594464302063,1.2840909090909092,4.5200000000000005,-0.27594012799155865,884.5959377661009,Hard
2025-11-03,45550,Eliot Spizzirri,Laslo Djere,P2,12.537890443574163,False,P1,0.4613496661186218,0.5386503338813782,1.5531135531135531,2.8079470198675502,-12.537890443574163,872.0580473225267,Hard
2025-11-03,45551,Stan Wawrinka,Botic Van De Zandschulp,P1,2.3193672164173336,True,P1,0.38973574340343475,0.6102642565965652,2.8133333333333335,1.5514705882352942,4.205785885770099,876.2638332082968,Hard
2025-11-03,45524,Learner Tien,Ugo Blanchet,P2,2.6055021777633125,False,P1,0.7277721762657166,0.27222782373428345,1.2923433874709975,4.42063492063492,-2.6055021777633125,873.6583310305334,Hard
2025-11-03,45525,Arthur Cazaux,Adrian Mannarino,P2,9.181049814096486,False,P1,0.4934016764163971,0.5065983235836029,1.6007751937984493,2.6645161290322577,-9.181049814096486,864.477281216437,Hard
2025-11-03,45526,Hugo Gaston,Terence Atmane,P2,15.01049312916678,False,P1,0.37109336256980896,0.628906637430191,1.7589285714285714,2.317647058823529,-15.01049312916678,849.4667880872702,Hard
2025-11-03,45553,Sebastian Korda,Alexei Popyrin,P2,5.001327580003735,False,P1,0.5535256862640381,0.4464743137359619,1.5938697318007664,2.6838709677419352,-5.001327580003735,844.4654605072665,Hard
2025-11-03,45554,Alejandro Tabilo,Adam Walton,P2,7.782407927377055,False,P1,0.5419144630432129,0.4580855369567871,1.5051903114186853,2.9794520547945207,-7.782407927377055,836.6830525798894,Hard
2025-11-03,45527,Daniel Altmaier,Arthur Rinderknech,P2,9.175186559698336,False,P1,0.30690009891986847,0.6930999010801315,2.54375,1.6477732793522268,-9.175186559698336,827.507866020191,Hard
2025-11-03,45555,Tomas Martin Etcheverry,Mackenzie McDonald,P1,9.710803400528588,True,P1,0.6408976763486862,0.3591023236513138,1.8840579710144931,2.1311475409836067,8.584913151191945,836.092779171383,Hard
2025-11-03,45529,Aleksandar Vukic,Corentin Moutet,P1,3.232052127333274,True,P1,0.3048975467681885,0.6951024532318115,4.054263565891473,1.3274111675126905,9.871539055576047,845.964318226959,Hard
2025-11-03,45557,Marcos Giron,Pedro Martinez,P2,5.938177393695371,False,P1,0.6592984646558762,0.34070153534412384,1.3038277511961724,4.291338582677165,-5.938177393695371,840.0261408332636,Hard
2025-11-03,45531,Lorenzo Sonego,Flavio Cobolli,P1,2.4819863389736123,True,P1,0.4898407459259033,0.5101592540740967,2.1843575418994416,1.8443396226415094,2.939559239454782,842.9657000727184,Hard
2025-11-03,45558,Novak Djokovic,Alejandro Tabilo,P1,14.3162592078184,True,P1,0.8568502590060234,0.1431497409939766,1.2767857142857142,4.612903225806452,3.9625360307354485,846.9282361034539,Hard
2025-11-03,45559,Sebastian Korda,Damir Dzumhur,P2,6.453890024237869,False,P1,0.6497174203395844,0.35028257966041565,1.3045563549160673,4.283464566929133,-6.453890024237869,840.4743460792159,Hard
2025-11-03,45560,Nuno Borges,Eliot Spizzirri,P2,1.853246374225044,False,P1,0.5592014938592911,0.4407985061407089,1.7094017094017095,2.4096385542168677,-1.853246374225044,838.6210997049909,Hard
2025-11-03,45561,Yannick Hanfmann,Vit Kopriva,P2,0.053872031803330785,False,P1,0.6784993559122086,0.32150064408779144,1.4719471947194718,3.118881118881119,-0.053872031803330785,838.5672276731876,Hard
2025-11-03,45535,Learner Tien,Moez Echargui,P2,7.188870951236433,False,P1,0.7411177307367325,0.2588822692632675,1.117965367965368,9.477064220183486,-7.188870951236433,831.3783567219511,Hard
2025-11-03,45562,Miomir Kecmanovic,Luciano Darderi,P2,1.8266046308223334,False,P1,0.6202065050601959,0.3797934949398041,1.5415162454873648,2.8466666666666667,-1.8266046308223334,829.5517520911288,Hard
2025-11-03,45536,Cameron Norrie,Arthur Cazaux,P1,15.626203707865944,True,P1,0.7027522027492523,0.2972477972507477,1.9117647058823533,2.096774193548387,14.24742102776013,843.7991731188889,Hard
2025-11-03,45563,Marcos Giron,Brandon Nakashima,P1,5.496223083049104,True,P1,0.500509575009346,0.499490424990654,2.3491124260355027,1.7412280701754383,7.415022857604708,851.2141959764937,Hard
2025-11-03,45564,Lorenzo Musetti,Stan Wawrinka,P2,3.370793018945943,False,P1,0.7514414042234421,0.24855859577655792,1.2253787878787878,5.436974789915966,-3.370793018945943,847.8434029575477,Hard
2025-11-03,45537,Matteo Berrettini,Aleksandar Vukic,P1,11.453294020164899,True,P1,0.8154138475656509,0.18458615243434906,1.3385416666666667,3.953846153846154,3.8774172464099927,851.7208202039577,Hard
2025-11-03,45565,Alexandre Muller,Tomas Martin Etcheverry,P1,3.027091929426962,True,P1,0.4449426978826523,0.5550573021173477,2.4846625766871164,1.6735537190082643,4.494210103811808,856.2150303077696,Hard
2025-11-03,45538,Vitaliy Sachko,Alexander Bublik,P2,17.12430060615539,False,P1,0.09011762961745262,0.9098823703825474,6.434782608695652,1.184,-17.12430060615539,839.0907297016141,Hard
2025-11-03,45566,Lorenzo Musetti,Alexandre Muller,P2,8.190604034424407,False,P1,0.6353481262922287,0.3646518737077713,1.2666666666666666,4.75,-8.190604034424407,830.9001256671897,Hard
2025-11-03,45567,Sebastian Korda,Miomir Kecmanovic,P2,4.989305537700202,False,P1,0.5694718807935715,0.43052811920642853,1.5451263537906137,2.834437086092715,-4.989305537700202,825.9108201294896,Hard
2025-11-03,45540,Lorenzo Sonego,Daniel Altmaier,P2,1.5847402229926264,False,P1,0.596950426697731,0.403049573302269,1.6108949416342413,2.6369426751592355,-1.5847402229926264,824.326079906497,Hard
2025-11-03,45568,Novak Djokovic,Nuno Borges,P1,8.710616555807523,True,P1,0.8601331636309624,0.13986683636903763,1.2155797101449275,5.6386554621848735,1.8778321922845924,826.2039120987815,Hard
2025-11-03,45569,Yannick Hanfmann,Marcos Giron,P1,0.653006050242447,True,P1,0.42711175978183746,0.5728882402181625,2.392857142857143,1.7179487179487178,0.9095441414091225,827.1134562401907,Hard
2025-11-03,45542,Learner Tien,Matteo Berrettini,P2,0.8344076282786664,False,P1,0.41746871173381805,0.582531288266182,2.347058823529412,1.74235807860262,-0.8344076282786664,826.279048611912,Hard
2025-11-03,45543,Cameron Norrie,Lorenzo Sonego,P1,13.50543289318883,True,P1,0.6457355916500092,0.35426440834999084,2.111111111111111,1.9000000000000001,15.00603654798759,841.2850851598996,Hard
2025-11-03,45570,Novak Djokovic,Yannick Hanfmann,P1,9.24886569980567,True,P1,0.8357630968093872,0.1642369031906128,1.2666666666666666,4.75,2.466364186614845,843.7514493465145,Hard
2025-11-03,45544,Learner Tien,Vitaliy Sachko,P1,4.247097281455623,True,P1,0.8453050553798676,0.15469494462013245,1.2077464788732395,5.813559322033899,0.8823195056545136,844.633768852169,Hard
2025-11-03,45571,Lorenzo Musetti,Sebastian Korda,P1,2.3798631002923134,True,P1,0.5629927814006805,0.43700721859931946,1.862559241706161,2.1593406593406588,2.052772911152611,846.6865417633217,Hard
2025-11-03,45572,Novak Djokovic,Lorenzo Musetti,P1,1.5234458087113325,True,P1,0.7124870717525482,0.2875129282474518,1.425,3.3529411764705883,0.6474644687023163,847.334006232024,Hard
2025-11-03,45545,Learner Tien,Cameron Norrie,P2,6.2521678469722906,False,P1,0.5136144310235977,0.4863855689764023,1.6596638655462186,2.515923566878981,-6.2521678469722906,841.0818383850517,Hard
2025-11-10,45574,Alexander Zverev,Ben Shelton,P1,4.657523975801549,True,P1,0.6681270897388458,0.3318729102611542,1.5954198473282442,2.6794871794871793,2.773182214599395,843.8550205996511,Hard
2025-11-10,45575,Taylor Fritz,Lorenzo Musetti,P2,10.302419167896081,False,P1,0.5050284564495087,0.49497154355049133,1.4965986394557824,3.0136986301369864,-10.302419167896081,833.552601431755,Hard
2025-11-10,45576,Jannik Sinner,Felix Auger-Aliassime,P2,2.750085546279009,False,P1,0.8390454687178135,0.1609545312821865,1.1131879543094496,9.8348623853211,-2.750085546279009,830.8025158854759,Hard
2025-11-10,45577,Carlos Alcaraz,Taylor Fritz,P2,0.45466137673097173,False,P1,0.7902662605047226,0.2097337394952774,1.251546391752577,4.975409836065573,-0.45466137673097173,830.347854508745,Hard
2025-11-10,45578,Lorenzo Musetti,Alex de Minaur,P1,4.621301437605302,True,P1,0.3788725882768631,0.6211274117231369,3.3214285714285707,1.4307692307692306,10.728021194440876,841.0758757031858,Hard
2025-11-10,45579,Felix Auger-Aliassime,Ben Shelton,P1,4.373792164087693,True,P1,0.5022248327732086,0.4977751672267914,2.25,1.7999999999999998,5.467240205109616,846.5431159082955,Hard
2025-11-10,45580,Jannik Sinner,Alexander Zverev,P2,0.9081046004809082,False,P1,0.8459608666598797,0.15403913334012032,1.1567267683772537,7.380530973451328,-0.9081046004809082,845.6350113078146,Hard
2025-11-10,45581,Alex de Minaur,Taylor Fritz,P1,16.912700226156293,True,P1,0.5887579470872879,0.4112420529127121,3.3525179856115113,1.4250764525993882,39.787431467288556,885.4224427751031,Hard
2025-11-10,45582,Carlos Alcaraz,Lorenzo Musetti,P2,0.45712137023575083,False,P1,0.8489975780248642,0.1510024219751358,1.1656976744186047,7.035087719298246,-0.45712137023575083,884.9653214048674,Hard
2025-11-10,45583,Jannik Sinner,Ben Shelton,P1,17.699306428097348,True,P1,0.9386029299348593,0.061397070065140724,1.1289566236811255,8.754545454545454,2.282442798465075,887.2477642033325,Hard
2025-11-10,45584,Felix Auger-Aliassime,Alexander Zverev,P2,17.744955284066652,False,P1,0.42462892830371857,0.5753710716962814,1.2391304347826089,5.181818181818182,-17.744955284066652,869.5028089192658,Hard
2025-11-10,45585,Jannik Sinner,Alex de Minaur,P1,7.365338411835534,True,P1,0.9051252789795399,0.09487472102046013,1.1289566236811255,8.754545454545454,0.9498091738592134,870.452618093125,Hard
2025-11-10,45586,Carlos Alcaraz,Felix Auger-Aliassime,P2,0.2531288191751188,False,P1,0.8023239076137543,0.19767609238624573,1.2391304347826089,5.181818181818182,-0.2531288191751188,870.1994892739499,Hard
2025-11-10,45587,Jannik Sinner,Carlos Alcaraz,P1,4.822780889254865,True,P1,0.6898289918899536,0.3101710081100464,1.5357142857142856,2.8666666666666667,2.583632619243677,872.7831218931935,Hard
2026-01-04,45627,Learner Tien,Camilo Ugo Carabelli,P1,4.972254252850664,True,P1,0.834122970700264,0.16587702929973602,1.2303262955854128,5.341666666666668,1.1452409027679082,873.9283627959614,Hard
2026-01-05,45629,Nuno Borges,Damir Dzumhur,P2,13.14661442911523,False,P1,0.46287722885608673,0.5371227711439133,1.5104166666666667,2.9591836734693877,-13.14661442911523,860.7817483668463,Hard
2026-01-05,45630,Marin Cilic,Adrian Mannarino,P2,6.805941159806765,False,P1,0.46270500123500824,0.5372949987649918,1.8194444444444444,2.2203389830508478,-6.805941159806765,853.9758072070395,Hard
2026-01-05,45631,Quentin Halys,Alexei Popyrin,P1,12.119088988855216,True,P1,0.5639927536249161,0.4360072463750839,2.5562500000000004,1.6425702811244978,18.860332238905933,872.8361394459454,Hard
2026-01-05,45641,Yibing Wu,Fabian Marozsan,P2,6.059825817369095,False,P1,0.374980166554451,0.625019833445549,2.296511627906977,1.7713004484304933,-6.059825817369095,866.7763136285763,Hard
2026-01-05,45632,Jiri Lehecka,Tomas Machac,P2,9.870370705865188,False,P1,0.49475184082984924,0.5052481591701508,1.5608856088560885,2.7828947368421053,-9.870370705865188,856.9059429227111,Hard
2026-01-05,45633,Sebastian Korda,Valentin Vacherot,P2,14.530523607373045,False,P1,0.4173857122659683,0.5826142877340317,1.5833333333333335,2.7142857142857144,-14.530523607373045,842.375419315338,Hard
2026-01-05,45634,Kamil Majchrzak,Daniel Altmaier,P1,9.417460957993567,True,P1,0.6117964833974838,0.3882035166025162,2.0,2.0,9.417460957993567,851.7928802733315,Hard
2026-01-05,45635,Alex Michelsen,James Duckworth,P1,6.06874291301991,True,P1,0.6244338154792786,0.37556618452072144,1.7792792792792793,2.2832369942196533,4.72924560338939,856.5221258767209,Hard
2026-01-05,45640,Daniil Medvedev,Marton Fucsovics,P1,11.463150382918311,True,P1,0.8234678357839584,0.17653216421604156,1.3176178660049627,4.1484375,3.6409013623164848,860.1630272390374,Hard
2026-01-06,45646,Michael Mmoh,Alejandro Tabilo,P2,4.763352988960939,False,P1,0.36408308148384094,0.6359169185161591,2.4424242424242424,1.6932773109243697,-4.763352988960939,855.3996742500765,Hard
2026-01-06,45648,Gabriel Diallo,Jesper de Jong,P2,2.465466500418332,False,P1,0.6415587961673737,0.35844120383262634,1.4688524590163936,3.132867132867133,-2.465466500418332,852.9342077496582,Hard
2026-01-06,45650,Tomas Martin Etcheverry,Valentin Royer,P1,9.13705016646276,True,P1,0.6050997823476791,0.39490021765232086,2.0103626943005177,1.9897435897435893,9.23173462414631,862.1659423738045,Hard
2026-01-06,45651,Coleman Wong,Mariano Navone,P2,2.663399938989444,False,P1,0.4955705404281616,0.5044294595718384,1.8932038834951457,2.119565217391304,-2.663399938989444,859.502542434815,Hard
2026-01-06,45659,Juncheng Shang,Francisco Comesana,P2,7.420070846227376,False,P1,0.5190765112638474,0.48092348873615265,1.5938697318007664,2.6838709677419352,-7.420070846227376,852.0824715885876,Hard
2026-01-06,45644,Brandon Nakashima,Alejandro Davidovich Fokina,P1,4.1241002304183825,True,P1,0.46211443841457367,0.5378855615854263,2.4723926380368098,1.6791666666666667,6.072294817793937,858.1547664063816,Hard
2026-01-06,45660,Marcos Giron,Laslo Djere,P2,3.5178581333332515,False,P1,0.5159467905759811,0.48405320942401886,1.7792792792792793,2.2832369942196533,-3.5178581333332515,854.6369082730483,Hard
2026-01-06,45645,Raphael Collignon,Denis Shapovalov,P2,9.282460827075557,False,P1,0.37428276240825653,0.6257172375917435,2.0913978494623655,1.9162561576354682,-9.282460827075557,845.3544474459728,Hard
2026-01-06,45652,Grigor Dimitrov,Pablo Carreno Busta,P1,12.534042641385216,True,P1,0.7500645667314529,0.24993543326854706,1.5510948905109487,2.814569536423841,6.907446857113748,852.2618943030866,Hard
2026-01-06,45661,Botic Van De Zandschulp,Jan-Lennard Struff,P1,1.4429120974029668,True,P1,0.4570052921772003,0.5429947078227997,2.2832369942196533,1.7792792792792793,1.8515981827945587,854.1134924858811,Hard
2026-01-06,45653,Giovanni Mpetshi Perricard,Tommy Paul,P1,4.6824027282455285,True,P1,0.4267280548810959,0.5732719451189041,2.8079470198675502,1.5531135531135531,8.46553605835119,862.5790285442323,Hard
2026-01-06,45654,Cameron Norrie,Ugo Humbert,P2,0.514340349776209,False,P1,0.43525300920009613,0.5647469907999039,2.2701149425287355,1.7873303167420815,-0.514340349776209,862.064688194456,Hard
2026-01-06,45655,Rinky Hijikata,Adam Walton,P2,1.8733713965148444,False,P1,0.5197512805461884,0.48024871945381165,1.84037558685446,2.189944134078212,-1.8733713965148444,860.1913167979412,Hard
2026-01-07,45667,Lorenzo Musetti,Tomas Martin Etcheverry,P2,9.83213168674586,False,P1,0.562476709485054,0.437523290514946,1.3714285714285712,3.6923076923076916,-9.83213168674586,850.3591851111954,Hard
2026-01-07,45668,Nuno Borges,Marin Cilic,P2,7.478716865265626,False,P1,0.41417624056339264,0.5858237594366074,1.9897435897435893,2.0103626943005177,-7.478716865265626,842.8804682459298,Hard
2026-01-07,45669,Coleman Wong,Gabriel Diallo,P2,6.483086368086038,False,P1,0.29080724716186523,0.7091927528381348,2.909722222222222,1.5236363636363635,-6.483086368086038,836.3973818778438,Hard
2026-01-07,45670,Andrey Rublev,Yibing Wu,P2,4.59291217303356,False,P1,0.5631270557641983,0.4368729442358017,1.5807692307692307,2.721854304635762,-4.59291217303356,831.8044697048102,Hard
2026-01-07,45664,Alex Michelsen,Learner Tien,P2,8.022508862916698,False,P1,0.30486324429512024,0.6951367557048798,2.647435897435897,1.6070038910505835,-8.022508862916698,823.7819608418936,Hard
2026-01-07,45671,Kamil Majchrzak,Reilly Opelka,P1,13.569505915830877,True,P1,0.642370194196701,0.35762980580329895,2.142857142857143,1.875,15.508006760949574,839.2899676028431,Hard
2026-01-08,45676,Marcos Giron,Alexandre Muller,P2,0.8874178326909465,False,P1,0.5282302051782608,0.4717697948217392,1.8530805687203793,2.1722222222222225,-0.8874178326909465,838.4025497701522,Hard
2026-01-08,45677,Juncheng Shang,Lorenzo Sonego,P2,9.790172016631654,False,P1,0.44100137054920197,0.558998629450798,1.737991266375546,2.3550295857988166,-9.790172016631654,828.6123777535205,Hard
2026-01-08,45680,Michael Mmoh,Karen Khachanov,P1,4.3782853788877505,True,P1,0.3669188469648361,0.6330811530351639,3.4233576642335763,1.4126506024096386,10.610151429129438,839.22252918265,Hard
2026-01-08,45673,Aleksandar Kovacevic,Cameron Norrie,P2,16.784450583653,False,P1,0.19858109205961227,0.8014189079403877,2.7697368421052633,1.5650557620817847,-16.784450583653,822.438078598997,Hard
2026-01-08,45674,Brandon Nakashima,Quentin Halys,P2,7.475427316883035,False,P1,0.5528466254472733,0.44715337455272675,1.4799999999999998,3.083333333333333,-7.475427316883035,814.9626512821139,Hard
2026-01-08,45675,Giovanni Mpetshi Perricard,Rinky Hijikata,P1,6.731778239820043,True,P1,0.6556468904018402,0.3443531095981598,1.702127659574468,2.4242424242424243,4.72656770029918,819.6892189824131,Hard
2026-01-08,45681,Raphael Collignon,Grigor Dimitrov,P2,16.393784379648263,False,P1,0.1967756524682045,0.8032243475317955,2.84,1.5434782608695654,-16.393784379648263,803.2954346027648,Hard
2026-01-09,45683,Lorenzo Musetti,Coleman Wong,P2,0.9011172328338347,False,P1,0.7414112687110901,0.2585887312889099,1.3185185185185186,4.1395348837209305,-0.9011172328338347,802.394317369931,Hard
2026-01-09,45685,Andrey Rublev,Nuno Borges,P2,0.10722102052739223,False,P1,0.6357371807098389,0.36426281929016113,1.5687732342007437,2.758169934640523,-0.10722102052739223,802.2870963494036,Hard
2026-01-09,45688,Alexander Bublik,Juncheng Shang,P1,10.376757344365396,True,P1,0.7185557037591934,0.2814442962408066,1.612,2.633986928104575,6.350575494751624,808.6376718441552,Hard
2026-01-09,45682,Aleksandar Kovacevic,Giovanni Mpetshi Perricard,P2,5.9231682683591425,False,P1,0.36977943778038025,0.6302205622196198,2.308139534883721,1.7644444444444443,-5.9231682683591425,802.714503575796,Hard
2026-01-09,45684,Brandon Nakashima,Raphael Collignon,P2,0.01841239695609182,False,P1,0.5797339230775833,0.4202660769224167,1.7241379310344829,2.380952380952381,-0.01841239695609182,802.6960911788399,Hard
2026-01-09,45686,Alex Michelsen,Sebastian Korda,P1,2.7547659364259034,True,P1,0.39061686396598816,0.6093831360340118,2.8926174496644297,1.5283687943262412,5.213718081020838,807.9098092598607,Hard
2026-01-09,45689,Daniil Medvedev,Kamil Majchrzak,P2,6.182939220415254,False,P1,0.7077657580375671,0.29223424196243286,1.196638655462185,6.085470085470087,-6.182939220415254,801.7268700394454,Hard
2026-01-10,45693,Lorenzo Musetti,Andrey Rublev,P1,6.181227856083974,True,P1,0.5993568748235703,0.40064312517642975,1.9000000000000001,2.111111111111111,5.563105070475578,807.289975109921,Hard
2026-01-10,45696,Alexander Bublik,Marcos Giron,P1,9.087692028973448,True,P1,0.8016729205846786,0.19832707941532135,1.344,3.906976744186047,3.126166057966867,810.4161411678879,Hard
2026-01-10,45691,Brandon Nakashima,Aleksandar Kovacevic,P1,2.5614628615942587,True,P1,0.7298110574483871,0.27018894255161285,1.4053254437869822,3.4671532846715327,1.0382260711195663,811.4543672390074,Hard
2026-01-10,45694,Daniil Medvedev,Alex Michelsen,P1,1.0537635795324871,True,P1,0.76808862388134,0.23191137611865997,1.3125,4.2,0.3293011186039022,811.7836683576113,Hard
2026-01-11,45697,Alexander Bublik,Lorenzo Musetti,P1,4.250356762288559,True,P1,0.5741106569766998,0.42588934302330017,1.9073170731707316,2.102150537634408,3.8564212574910828,815.6400896151024,Hard
2026-01-11,45698,Daniil Medvedev,Brandon Nakashima,P1,0.0686886953690488,True,P1,0.7570137232542038,0.2429862767457962,1.3216957605985038,4.108527131782946,0.022096862101265078,815.6621864772037,Hard
2026-01-12,45706,Valentin Vacherot,Miomir Kecmanovic,P1,13.914490289684364,True,P1,0.7016043663024902,0.29839563369750977,1.8279069767441858,2.207865168539326,11.519903588668912,827.1820900658727,Hard
2026-01-12,45707,Jaume Munar,Daniel Altmaier,P2,2.969387165582833,False,P1,0.6405632793903351,0.3594367206096649,1.4490445859872612,3.2269503546099294,-2.969387165582833,824.2127029002899,Hard
2026-01-12,45702,Francisco Comesana,Valentin Royer,P1,7.185727175545706,True,P1,0.5380629152059555,0.4619370847940445,2.2701149425287355,1.7873303167420815,9.126699458595407,833.3394023588853,Hard
2026-01-12,45709,Ugo Humbert,Terence Atmane,P1,4.865213595769497,True,P1,0.7395586967468262,0.26044130325317383,1.418181818181818,3.391304347826087,2.0345438673217884,835.3739462262071,Hard
2026-01-12,45705,Sebastian Baez,Emilio Nava,P1,9.881859482354473,True,P1,0.5756654292345047,0.4243345707654953,2.2514285714285713,1.7990867579908678,12.36644129506074,847.7403875212678,Hard
2026-01-13,45710,Fabian Marozsan,Gael Monfils,P1,3.792708027550937,True,P1,0.6198570877313614,0.3801429122686386,1.7167381974248928,2.3952095808383236,2.718378715025779,850.4587662362936,Hard
2026-01-13,45716,Tomas Machac,James Duckworth,P1,5.513213507306487,True,P1,0.6654139310121536,0.3345860689878464,1.624505928853755,2.60126582278481,3.4430345223495067,853.9018007586432,Hard
2026-01-13,45717,Quentin Halys,Jacob Fearnley,P1,5.348438960958181,True,P1,0.6523227393627167,0.3476772606372833,1.6596638655462186,2.515923566878981,3.528171919623675,857.4299726782668,Hard
2026-01-13,45711,Alex Michelsen,Mariano Navone,P2,6.077231644775978,False,P1,0.6230615973472595,0.3769384026527405,1.3774647887323945,3.6492537313432836,-6.077231644775978,851.3527410334908,Hard
2026-01-13,45718,Rinky Hijikata,Tristan Schoolkate,P1,4.368225318532671,True,P1,0.6124943345785141,0.3875056654214859,1.7599999999999998,2.3157894736842106,3.319851242084829,854.6725922755757,Hard
2026-01-13,45712,Marcos Giron,Alexandre Muller,P1,6.347057330286958,True,P1,0.5874301493167877,0.4125698506832123,1.9400000000000002,2.0638297872340425,5.966233890469741,860.6388261660454,Hard
2026-01-13,45719,Alexander Shevchenko,Damir Dzumhur,P2,11.193753699483247,False,P1,0.40567469596862793,0.5943253040313721,1.8238095238095235,2.213872832369942,-11.193753699483247,849.4450724665621,Hard
2026-01-13,45713,Hamad Medjedovic,Aleksandar Kovacevic,P2,7.513465614163824,False,P1,0.5232545733451843,0.4767454266548157,1.5730337078651684,2.745098039215686,-7.513465614163824,841.9316068523983,Hard
2026-01-13,45714,Giovanni Mpetshi Perricard,Roberto Bautista Agut,P2,4.575571651351903,False,P1,0.619449183344841,0.380550816655159,1.438871473354232,3.278571428571428,-4.575571651351903,837.3560352010464,Hard
2026-01-13,45721,Aleksandar Vukic,Stefanos Tsitsipas,P2,0.3993848463982595,False,P1,0.25351080298423767,0.7464891970157623,3.906976744186047,1.344,-0.3993848463982595,836.9566503546482,Hard
2026-01-13,45715,Alejandro Tabilo,Camilo Ugo Carabelli,P2,2.309599813714018,False,P1,0.62552909553051,0.37447090446949005,1.5104166666666667,2.9591836734693877,-2.309599813714018,834.6470505409342,Hard
2026-01-13,45722,Marton Fucsovics,Ethan Quinn,P2,1.5026250198376545,False,P1,0.5393484085798264,0.46065159142017365,1.7873303167420815,2.2701149425287355,-1.5026250198376545,833.1444255210965,Hard
2026-01-13,45720,Nuno Borges,Tomas Martin Etcheverry,P2,6.867624174482821,False,P1,0.4304843544960022,0.5695156455039978,1.9400000000000002,2.0638297872340425,-6.867624174482821,826.2768013466138,Hard
2026-01-13,45723,Andrea Vavassori,Gabriel Diallo,P2,15.123292043241648,False,P1,0.17825409770011902,0.821745902299881,3.5563909774436087,1.3911764705882355,-15.123292043241648,811.1535093033721,Hard
2026-01-14,45724,Jakub Mensik,Hamad Medjedovic,P2,1.9604615962896101,False,P1,0.5409967005252838,0.4590032994747162,1.7590909090909093,2.317365269461078,-1.9604615962896101,809.1930477070824,Hard
2026-01-14,45732,Alejandro Davidovich Fokina,Rinky Hijikata,P2,2.431087188808752,False,P1,0.6595882773399353,0.3404117226600647,1.425,3.3529411764705883,-2.431087188808752,806.7619605182737,Hard
2026-01-14,45725,Ben Shelton,Francisco Comesana,P2,4.339053533160365,False,P1,0.6799488514661789,0.3200511485338211,1.3125,4.2,-4.339053533160365,802.4229069851133,Hard
2026-01-14,45726,Fabian Marozsan,Casper Ruud,P1,4.6124135545879685,True,P1,0.39656510949134827,0.6034348905086517,3.1428571428571432,1.4666666666666668,9.883743331259934,812.3066503163732,Hard
2026-01-14,45734,Jaume Munar,Francisco Cerundolo,P2,0.2026881790762671,False,P1,0.5656385123729706,0.4343614876270294,1.7590909090909093,2.317365269461078,-0.2026881790762671,812.1039621372969,Hard
2026-01-14,45727,Luciano Darderi,Alejandro Tabilo,P2,10.0531325010513,False,P1,0.31094808876514435,0.6890519112348557,2.419753086419753,1.7043478260869567,-10.0531325010513,802.0508296362456,Hard
2026-01-14,45735,Ugo Humbert,Tallon Griekspoor,P2,5.184337070637345,False,P1,0.5401507318019867,0.4598492681980133,1.612,2.633986928104575,-5.184337070637345,796.8664925656083,Hard
2026-01-14,45737,Tomas Machac,Quentin Halys,P2,6.2728424997467815,False,P1,0.5076704323291779,0.49232956767082214,1.6596638655462186,2.515923566878981,-6.2728424997467815,790.5936500658615,Hard
2026-01-14,45729,Marcos Giron,Alex Michelsen,P1,1.4480560971073135,True,P1,0.5183160603046417,0.4816839396953583,2.0,2.0,1.4480560971073135,792.0417061629688,Hard
2026-01-14,45730,Sebastian Baez,Jenson Brooksby,P2,15.840834123259377,False,P1,0.21278366446495056,0.7872163355350494,2.633986928104575,1.612,-15.840834123259377,776.2008720397095,Hard
2026-01-14,45738,Alexander Shevchenko,Marton Fucsovics,P1,7.497658134445,True,P1,0.4704698473215103,0.5295301526784897,2.909722222222222,1.5236363636363635,14.318444353974824,790.5193163936842,Hard
2026-01-14,45731,Eliot Spizzirri,Nuno Borges,P2,1.8092580481826783,False,P1,0.43102118372917175,0.5689788162708282,2.213872832369942,1.8238095238095235,-1.8092580481826783,788.7100583455016,Hard
2026-01-14,45739,Aleksandar Vukic,Andrea Vavassori,P2,4.851171410951766,False,P1,0.5145573318004608,0.4854426681995392,1.7043478260869567,2.419753086419753,-4.851171410951766,783.8588869345498,Hard
2026-01-15,45740,Marcos Giron,Luciano Darderi,P1,7.725062348823939,True,P1,0.744532898068428,0.25546710193157196,1.4666666666666668,3.1428571428571432,3.605029096117839,787.4639160306676,Hard
2026-01-15,45741,Tomas Machac,Jaume Munar,P2,2.0464921130982736,False,P1,0.5198038518428802,0.48019614815711975,1.8238095238095235,2.213872832369942,-2.0464921130982736,785.4174239175694,Hard
2026-01-15,45742,Tommy Paul,Aleksandar Vukic,P1,9.658704901593435,True,P1,0.8342450559139252,0.16575494408607483,1.2817551963048501,4.549180327868853,2.7213902955990763,788.1388142131685,Hard
2026-01-15,45743,Ugo Humbert,Alexander Shevchenko,P1,2.993518213127925,True,P1,0.7799914851784706,0.2200085148215294,1.3125,4.2,0.9354744416024765,789.074288654771,Hard
2026-01-15,45744,Alejandro Davidovich Fokina,Valentin Vacherot,P2,15.781485773095419,False,P1,0.3178274780511856,0.6821725219488144,1.612,2.633986928104575,-15.781485773095419,773.2928028816756,Hard
2026-01-16,45748,Jakub Mensik,Fabian Marozsan,P2,15.328808415856935,False,P1,0.4400845468044281,0.5599154531955719,1.3714285714285712,3.6923076923076916,-15.328808415856935,757.9639944658187,Hard
2026-01-16,45749,Sebastian Baez,Marcos Giron,P2,12.853376804812157,False,P1,0.2626648396253586,0.7373351603746414,2.515923566878981,1.6596638655462186,-12.853376804812157,745.1106176610066,Hard
2026-01-16,45745,Sebastian Baez,Ben Shelton,P2,14.902212353220133,False,P1,0.12453321740031242,0.8754667825996876,4.549180327868853,1.2817551963048501,-14.902212353220133,730.2084053077865,Hard
2026-01-16,45746,Jakub Mensik,Giovanni Mpetshi Perricard,P2,3.545193968763386,False,P1,0.5297622382640839,0.47023776173591614,1.7043478260869567,2.419753086419753,-3.545193968763386,726.6632113390231,Hard
2026-01-16,45750,Tomas Machac,Tommy Paul,P2,7.54374494764845,False,P1,0.31494319438934326,0.6850568056106567,2.515923566878981,1.6596638655462186,-7.54374494764845,719.1194663913747,Hard
2026-01-16,45747,Fabian Marozsan,Eliot Spizzirri,P1,6.162189935462828,True,P1,0.6257154196500778,0.3742845803499222,1.8238095238095235,2.213872832369942,5.0764707563574705,724.1959371477321,Hard
2026-01-16,45751,Ugo Humbert,Alejandro Davidovich Fokina,P1,7.869805803209617,True,P1,0.6292659044265747,0.3707340955734253,1.9000000000000001,2.111111111111111,7.082825222888657,731.2787623706208,Hard
2026-01-17,45752,Jakub Mensik,Sebastian Baez,P1,8.808136195728856,True,P1,0.7391148954629898,0.2608851045370102,1.5236363636363635,2.909722222222222,4.612260407945291,735.8910227785661,Hard
2026-01-17,45753,Tomas Machac,Ugo Humbert,P2,6.991127317264341,False,P1,0.34953297674655914,0.6504670232534409,2.317365269461078,1.7590909090909093,-6.991127317264341,728.8998954613018,Hard
2026-01-18,45755,Corentin Moutet,Tristan Schoolkate,P2,4.443053738559944,False,P1,0.6311843246221542,0.36881567537784576,1.3911764705882355,3.5563909774436087,-4.443053738559944,724.4568417227418,Hard
2026-01-18,45756,Tomas Martin Etcheverry,Miomir Kecmanovic,P1,5.122511818570824,True,P1,0.6121803522109985,0.38781964778900146,1.8238095238095235,2.213872832369942,4.219974021965487,728.6768157447074,Hard
2026-01-18,45757,Francisco Cerundolo,Zhizhen Zhang,P2,1.3827604308002779,False,P1,0.6559413820505142,0.3440586179494858,1.4666666666666668,3.1428571428571432,-1.3827604308002779,727.294055313907,Hard
2026-01-18,45758,Alexander Zverev,Gabriel Diallo,P2,1.4073339384594787,False,P1,0.8089476451277733,0.19105235487222672,1.1883333333333335,6.309734513274337,-1.4073339384594787,725.8867213754476,Hard
2026-01-18,45759,Francisco Comesana,Patrick Kypson,P1,4.271663972823644,True,P1,0.6493117064237595,0.35068829357624054,1.6596638655462186,2.515923566878981,2.8178623686273623,728.704583744075,Hard
2026-01-18,45762,Frances Tiafoe,Jason Kubler,P2,0.18604463704765098,False,P1,0.7402483820915222,0.2597516179084778,1.344,3.906976744186047,-0.18604463704765098,728.5185391070273,Hard
2026-01-18,45763,Jaime Faria,Alexander Blockx,P2,2.324539351606645,False,P1,0.3721037060022354,0.6278962939977646,2.515923566878981,1.6596638655462186,-2.324539351606645,726.1939997554207,Hard
2026-01-18,45764,Marton Fucsovics,Camilo Ugo Carabelli,P2,10.354340505457886,False,P1,0.5643415749073029,0.43565842509269714,1.2666666666666666,4.75,-10.354340505457886,715.8396592499628,Hard
2026-01-18,45766,Alexander Bublik,Jenson Brooksby,P1,3.43531118863658,True,P1,0.7686139047145844,0.23138609528541565,1.344,3.906976744186047,1.1817470488909838,717.0214062988538,Hard
2026-01-18,45767,Yannick Hanfmann,Zachary Svajda,P1,14.340428125977075,True,P1,0.6978906393051147,0.30210936069488525,2.419753086419753,1.7043478260869567,20.35986709243659,737.3812733912904,Hard
2026-01-18,45768,Cameron Norrie,Benjamin Bonzi,P2,4.879771090195829,False,P1,0.6326584815979004,0.3673415184020996,1.3714285714285712,3.6923076923076916,-4.879771090195829,732.5015023010945,Hard
2026-01-18,45769,Carlos Alcaraz,Adam Walton,P2,1.141435369643148,False,P1,0.9457671027630568,0.054232897236943245,1.024390243902439,42.0,-1.141435369643148,731.3600669314513,Hard
2026-01-19,45770,Quentin Halys,Alejandro Tabilo,P2,3.65172753492763,False,P1,0.47375722229480743,0.5262427777051926,1.9000000000000001,2.111111111111111,-3.65172753492763,727.7083393965237,Hard
2026-01-19,45772,Daniil Medvedev,Jesper de Jong,P2,5.368492712671721,False,P1,0.789310023188591,0.210689976811409,1.08,13.499999999999998,-5.368492712671721,722.339846683852,Hard
2026-01-19,45773,Tommy Paul,Aleksandar Kovacevic,P2,0.28601117968663164,False,P1,0.8039554134011269,0.19604458659887314,1.234,5.273504273504273,-0.28601117968663164,722.0538355041654,Hard
2026-01-19,45774,Hamad Medjedovic,Mariano Navone,P2,2.985299216256703,False,P1,0.6437269449234009,0.3562730550765991,1.425,3.3529411764705883,-2.985299216256703,719.0685362879086,Hard
2026-01-19,45775,Reilly Opelka,Nicolai Budkov Kjaer,P2,3.309613957157463,False,P1,0.5632426738739014,0.43675732612609863,1.612,2.633986928104575,-3.309613957157463,715.7589223307511,Hard
2026-01-19,45776,Alexander Shevchenko,Elias Ymer,P2,5.075150171658244,False,P1,0.5632500648498535,0.4367499351501465,1.5236363636363635,2.909722222222222,-5.075150171658244,710.6837721590929,Hard
2026-01-19,45777,Alex de Minaur,Mackenzie McDonald,P2,4.114469697117965,False,P1,0.8071635290980339,0.1928364709019661,1.0954545454545455,11.476190476190474,-4.114469697117965,706.5693024619749,Hard
2026-01-19,45778,Andrey Rublev,Matteo Arnaldi,P2,7.723875468339172,False,P1,0.6096090972423553,0.39039090275764465,1.2817551963048501,4.549180327868853,-7.723875468339172,698.8454269936357,Hard
2026-01-19,45779,Alejandro Davidovich Fokina,Filip Misolic,P2,4.7845576752045575,False,P1,0.7803548872470856,0.21964511275291443,1.1059999999999999,10.433962264150942,-4.7845576752045575,694.0608693184311,Hard
2026-01-19,45780,Fabian Marozsan,Arthur Rinderknech,P1,9.04434435025264,True,P1,0.6497678756713867,0.3502321243286133,1.9000000000000001,2.111111111111111,8.139909915227378,702.2007792336584,Hard
2026-01-19,45781,Learner Tien,Marcos Giron,P2,0.4393460620842452,False,P1,0.6288352906703949,0.3711647093296051,1.570342205323194,2.7533333333333334,-0.4393460620842452,701.7614331715741,Hard
2026-01-19,45782,Marin Cilic,Daniel Altmaier,P1,3.0890813928207894,True,P1,0.6687789112329483,0.3312210887670517,1.570342205323194,2.7533333333333334,1.7618334940042526,703.5232666655784,Hard
2026-01-19,45783,Juncheng Shang,Roberto Bautista Agut,P2,6.4977221477649625,False,P1,0.5944753885269165,0.4055246114730835,1.3714285714285712,3.6923076923076916,-6.4977221477649625,697.0255445178134,Hard
2026-01-19,45784,Jordan Thompson,Juan Manuel Cerundolo,P2,4.681056803901629,False,P1,0.5681702047586441,0.4318297952413559,1.5236363636363635,2.909722222222222,-4.681056803901629,692.3444877139118,Hard
2026-01-19,45785,Thiago Agustin Tirante,Aleksandar Vukic,P1,3.1178666922873712,True,P1,0.40278854966163635,0.5972114503383636,2.909722222222222,1.5236363636363635,5.954259308187687,698.2987470220995,Hard
2026-01-19,45786,Denis Shapovalov,Yunchaokete Bu,P2,3.2455911222560334,False,P1,0.5776084363460541,0.4223915636539459,1.570342205323194,2.7533333333333334,-3.2455911222560334,695.0531558998434,Hard
2026-01-19,45787,Botic Van De Zandschulp,Brandon Nakashima,P1,6.659262174877116,True,P1,0.43271493911743164,0.5672850608825684,3.3529411764705883,1.425,15.668852176181451,710.7220080760248,Hard
2026-01-19,45788,Rinky Hijikata,Adrian Mannarino,P2,8.988874008384261,False,P1,0.4501209706068039,0.5498790293931961,1.6596638655462186,2.515923566878981,-8.988874008384261,701.7331340676405,Hard
2026-01-19,45790,Kamil Majchrzak,Jacob Fearnley,P2,0.4201323636106066,False,P1,0.6484656631946564,0.35153433680534363,1.5236363636363635,2.909722222222222,-0.4201323636106066,701.31300170403,Hard
2026-01-19,45791,Stan Wawrinka,Laslo Djere,P1,0.14590452120067454,True,P1,0.5282867401838303,0.47171325981616974,1.9000000000000001,2.111111111111111,0.1313140690806071,701.4443157731106,Hard
2026-01-19,45792,Novak Djokovic,Pedro Martinez,P2,0.6185819342076951,False,P1,0.9267571903765202,0.07324280962347984,1.0599999999999998,17.666666666666664,-0.6185819342076951,700.8257338389029,Hard
2026-01-19,45793,Casper Ruud,Mattia Bellucci,P1,5.853998214210265,True,P1,0.8420519009232521,0.1579480990767479,1.234,5.273504273504273,1.369835582125202,702.1955694210282,Hard
2026-01-19,45796,Jaume Munar,Dalibor Svrcina,P1,1.5411902998243434,True,P1,0.7898294627666473,0.21017053723335266,1.2817551963048501,4.549180327868853,0.4342383754701387,702.6298077964983,Hard
2026-01-19,45797,Alexandre Muller,Alexei Popyrin,P1,11.198516447757557,True,P1,0.5219368934631348,0.47806310653686523,3.3529411764705883,1.425,26.3494504653119,728.9792582618102,Hard
2026-01-20,45799,Ben Shelton,Ugo Humbert,P2,8.872788215129543,False,P1,0.4558570832014084,0.5441429167985916,1.6596638655462186,2.515923566878981,-8.872788215129543,720.1064700466807,Hard
2026-01-20,45800,Karen Khachanov,Alex Michelsen,P2,7.0561496346818275,False,P1,0.48445039987564087,0.5155496001243591,1.6596638655462186,2.515923566878981,-7.0561496346818275,713.0503204119989,Hard
2026-01-20,45801,Jakub Mensik,Pablo Carreno Busta,P2,6.013229646718775,False,P1,0.6485933214426041,0.35140667855739594,1.2817551963048501,4.549180327868853,-6.013229646718775,707.0370907652801,Hard
2026-01-20,45802,Luciano Darderi,Cristian Garin,P2,1.3051967286933945,False,P1,0.6132929623126984,0.38670703768730164,1.570342205323194,2.7533333333333334,-1.3051967286933945,705.7318940365867,Hard
2026-01-20,45803,Ethan Quinn,Tallon Griekspoor,P2,6.587771180422601,False,P1,0.36736829578876495,0.632631704211235,2.213872832369942,1.8238095238095235,-6.587771180422601,699.1441228561641,Hard
2026-01-20,45804,Eliot Spizzirri,Joao Fonseca,P1,0.9016560975613906,True,P1,0.379621297121048,0.620378702878952,2.7533333333333334,1.570342205323194,1.5809036910576384,700.7250265472218,Hard
2026-01-20,45805,Sebastian Baez,Giovanni Mpetshi Perricard,P2,3.7435368044419177,False,P1,0.3691089302301407,0.6308910697698593,2.419753086419753,1.7043478260869567,-3.7435368044419177,696.9814897427799,Hard
2026-01-20,45806,Nishesh Basavareddy,Christopher O'Connell,P1,0.14369518718626656,True,P1,0.5884387344121933,0.4115612655878067,1.7043478260869567,2.419753086419753,0.10121139271380517,697.0827011354937,Hard
2026-01-20,45807,Lorenzo Sonego,Carlos Taberner,P2,6.582493564747697,False,P1,0.7146622687578201,0.28533773124217987,1.135,8.407407407407407,-6.582493564747697,690.500207570746,Hard
2026-01-20,45808,Yibing Wu,Luca Nardi,P2,3.6331667077277143,False,P1,0.6817273199558258,0.3182726800441742,1.3125,4.2,-3.6331667077277143,686.8670408630184,Hard
2026-01-20,45812,Taylor Fritz,Valentin Royer,P2,4.823763386161068,False,P1,0.7341694682836533,0.26583053171634674,1.170769230769231,6.8558558558558556,-4.823763386161068,682.0432774768573,Hard
2026-01-20,45813,Hubert Hurkacz,Zizou Bergs,P2,2.5550084788441194,False,P1,0.6491774171590805,0.3508225828409195,1.425,3.3529411764705883,-2.5550084788441194,679.4882689980132,Hard
2026-01-20,45814,Vit Kopriva,Jan-Lennard Struff,P2,3.149474930406358,False,P1,0.2886859253048897,0.7113140746951103,3.1428571428571432,1.4666666666666668,-3.149474930406358,676.3387940676068,Hard
2026-01-20,45815,Tomas Machac,Grigor Dimitrov,P2,12.654407358347077,False,P1,0.34312617778778076,0.6568738222122192,1.8238095238095235,2.213872832369942,-12.654407358347077,663.6843867092598,Hard
2026-01-20,45816,Stefanos Tsitsipas,Shintaro Mochizuki,P2,1.7486979265181686,False,P1,0.8091289922595024,0.1908710077404976,1.170769230769231,6.8558558558558556,-1.7486979265181686,661.9356887827416,Hard
2026-01-20,45817,James Duckworth,Dino Prizmic,P1,5.699916254844162,True,P1,0.5461256504058838,0.4538743495941162,2.213872832369942,1.8238095238095235,6.918973488539155,668.8546622712807,Hard
2026-01-21,45818,Francisco Cerundolo,Damir Dzumhur,P2,3.726430770306543,False,P1,0.7015048265457153,0.29849517345428467,1.2666666666666666,4.75,-3.726430770306543,665.1282315009742,Hard
2026-01-21,45819,Tommy Paul,Thiago Agustin Tirante,P2,2.055493092798374,False,P1,0.8385037928819656,0.16149620711803436,1.1188888888888888,9.411214953271028,-2.055493092798374,663.0727384081757,Hard
2026-01-21,45820,Andrey Rublev,Jaime Faria,P2,7.129798904135126,False,P1,0.6783490031957626,0.32165099680423737,1.1571428571428573,7.363636363636364,-7.129798904135126,655.9429395040406,Hard
2026-01-21,45821,Fabian Marozsan,Kamil Majchrzak,P2,0.770644319080887,False,P1,0.5883737802505493,0.4116262197494507,1.6596638655462186,2.515923566878981,-0.770644319080887,655.1722951849597,Hard
2026-01-21,45822,Daniil Medvedev,Quentin Halys,P2,1.2498373565858922,False,P1,0.8312258571386337,0.16877414286136627,1.1571428571428573,7.363636363636364,-1.2498373565858922,653.9224578283738,Hard
2026-01-21,45824,Carlos Alcaraz,Yannick Hanfmann,P2,1.1154606521922688,False,P1,0.9297661688178778,0.07023383118212223,1.038846153846154,26.742574257425744,-1.1154606521922688,652.8069971761815,Hard
2026-01-21,45825,Alexander Bublik,Marton Fucsovics,P1,13.05613994352363,True,P1,0.8759617283940315,0.12403827160596848,1.2666666666666666,4.75,3.4816373182729676,656.2886344944545,Hard
2026-01-21,45826,Alejandro Davidovich Fokina,Reilly Opelka,P2,2.4022718851066953,False,P1,0.6319037824869156,0.3680962175130844,1.4666666666666668,3.1428571428571432,-2.4022718851066953,653.8863626093479,Hard
2026-01-21,45827,Learner Tien,Alexander Shevchenko,P2,0.9354982876621668,False,P1,0.7871851846575737,0.2128148153424263,1.234,5.273504273504273,-0.9354982876621668,652.9508643216857,Hard
2026-01-21,45829,Nuno Borges,Jordan Thompson,P2,6.8104635227189405,False,P1,0.4909393936395645,0.5090606063604355,1.612,2.633986928104575,-6.8104635227189405,646.1404007989668,Hard
2026-01-21,45830,Alexander Zverev,Alexandre Muller,P2,2.412074120300532,False,P1,0.8447078093886375,0.15529219061136246,1.0954545454545455,11.476190476190474,-2.412074120300532,643.7283266786662,Hard
2026-01-21,45831,Alex de Minaur,Hamad Medjedovic,P2,3.509113723841262,False,P1,0.749768853187561,0.25023114681243896,1.1883333333333335,6.309734513274337,-3.509113723841262,640.219212954825,Hard
2026-01-21,45832,Cameron Norrie,Emilio Nava,P1,0.8190253378553773,True,P1,0.6651177853345871,0.3348822146654129,1.5236363636363635,2.909722222222222,0.4288714496406338,640.6480844044656,Hard
2026-01-21,45833,Frances Tiafoe,Francisco Comesana,P2,10.687200501303964,False,P1,0.45433829724788666,0.5456617027521133,1.4666666666666668,3.1428571428571432,-10.687200501303964,629.9608839031616,Hard
2026-01-22,45834,Karen Khachanov,Nishesh Basavareddy,P2,5.634128065934745,False,P1,0.6109580993652344,0.3890419006347656,1.344,3.906976744186047,-5.634128065934745,624.3267558372269,Hard
2026-01-22,45837,Lorenzo Musetti,Lorenzo Sonego,P1,6.8467557799696905,True,P1,0.767169326543808,0.23283067345619202,1.425,3.3529411764705883,2.909871206487119,627.236627043714,Hard
2026-01-22,45839,Luciano Darderi,Sebastian Baez,P1,5.09417054707606,True,P1,0.4804169833660126,0.5195830166339874,2.633986928104575,1.612,8.323808083457614,635.5604351271716,Hard
2026-01-22,45840,Valentin Vacherot,Rinky Hijikata,P1,1.2083426657470462,True,P1,0.6506142169237137,0.3493857830762863,1.570342205323194,2.7533333333333334,0.6891688207682772,636.2496039479398,Hard
2026-01-22,45841,Ethan Quinn,Hubert Hurkacz,P2,6.9781753199310534,False,P1,0.18586824089288712,0.8141317591071129,4.2,1.3125,-6.9781753199310534,629.2714286280087,Hard
2026-01-22,45842,Eliot Spizzirri,Yibing Wu,P1,2.552701053642665,True,P1,0.6034858822822571,0.3965141177177429,1.7590909090909093,2.317365269461078,1.9377321634469324,631.2091607914557,Hard
2026-01-22,45843,Botic Van De Zandschulp,Juncheng Shang,P1,5.462330727668199,True,P1,0.5148144960403442,0.48518550395965576,2.419753086419753,1.7043478260869567,7.755160909652382,638.9643217011081,Hard
2026-01-22,45844,Marin Cilic,Denis Shapovalov,P1,6.315850668450299,True,P1,0.5439065992832184,0.4560934007167816,2.317365269461078,1.7590909090909093,8.320282317718958,647.284604018827,Hard
2026-01-22,45845,Jannik Sinner,James Duckworth,P1,2.4245236629141687,True,P1,0.9822098785080016,0.017790121491998434,1.0196078431372548,52.0,0.04753967966498353,647.332143698492,Hard
2026-01-22,45846,Tomas Machac,Stefanos Tsitsipas,P2,0.34613822839390546,False,P1,0.5623960047960281,0.43760399520397186,1.7590909090909093,2.317365269461078,-0.34613822839390546,646.9860054700981,Hard
2026-01-22,45848,Taylor Fritz,Vit Kopriva,P2,0.7830916178002536,False,P1,0.8597291857004166,0.14027081429958344,1.135,8.407407407407407,-0.7830916178002536,646.2029138522979,Hard
2026-01-22,45849,Casper Ruud,Jaume Munar,P2,2.0818547829860705,False,P1,0.6378862708806992,0.36211372911930084,1.4666666666666668,3.1428571428571432,-2.0818547829860705,644.1210590693119,Hard
2026-01-23,45850,Learner Tien,Nuno Borges,P2,1.7720517244224032,False,P1,0.6443029642105103,0.35569703578948975,1.4666666666666668,3.1428571428571432,-1.7720517244224032,642.3490073448894,Hard
2026-01-23,45851,Daniil Medvedev,Fabian Marozsan,P2,8.171867625494219,False,P1,0.6041839569807053,0.39581604301929474,1.234,5.273504273504273,-8.171867625494219,634.1771397193952,Hard
2026-01-23,45853,Carlos Alcaraz,Corentin Moutet,P2,1.1512816879876169,False,P1,0.9194699823856354,0.08053001761436462,1.0480952380952382,21.792079207920793,-1.1512816879876169,633.0258580314076,Hard
2026-01-23,45854,Alexander Zverev,Cameron Norrie,P1,2.8401861859226396,True,P1,0.8083649799227715,0.19163502007722855,1.2666666666666666,4.75,0.7573829829127037,633.7832410143203,Hard
2026-01-23,45855,Alex de Minaur,Frances Tiafoe,P2,4.030159004238755,False,P1,0.7073113173246384,0.29268868267536163,1.234,5.273504273504273,-4.030159004238755,629.7530820100816,Hard
2026-01-23,45856,Francisco Cerundolo,Andrey Rublev,P1,5.490928691930857,True,P1,0.5473121255636215,0.4526878744363785,2.213872832369942,1.8238095238095235,6.6652891636154905,636.4183711736971,Hard
2026-01-23,45857,Alexander Bublik,Tomas Martin Etcheverry,P1,0.11063504155003832,True,P1,0.790205642580986,0.20979435741901398,1.2666666666666666,4.75,0.02950267774667688,636.4478738514438,Hard
2026-01-24,45858,Luciano Darderi,Karen Khachanov,P1,3.0801302596252484,True,P1,0.28694048523902893,0.7130595147609711,4.75,1.2666666666666666,11.550488473594681,647.9983623250384,Hard
2026-01-24,45859,Lorenzo Musetti,Tomas Machac,P2,1.8718850203020336,False,P1,0.6000129282474518,0.3999870717525482,1.570342205323194,2.7533333333333334,-1.8718850203020336,646.1264773047365,Hard
2026-01-24,45861,Ben Shelton,Valentin Vacherot,P2,7.9068157201928075,False,P1,0.5892348736524582,0.4107651263475418,1.2817551963048501,4.549180327868853,-7.9068157201928075,638.2196615845437,Hard
2026-01-24,45862,Taylor Fritz,Stan Wawrinka,P2,4.647942589994836,False,P1,0.7527282983064651,0.24727170169353485,1.135,8.407407407407407,-4.647942589994836,633.5717189945489,Hard
2026-01-24,45863,Novak Djokovic,Botic Van De Zandschulp,P2,2.197070152195845,False,P1,0.8414511233568192,0.15854887664318085,1.1059999999999999,10.433962264150942,-2.197070152195845,631.374648842353,Hard
2026-01-24,45864,Jakub Mensik,Ethan Quinn,P2,2.568070763284964,False,P1,0.6029335260391235,0.39706647396087646,1.5236363636363635,2.909722222222222,-2.568070763284964,628.8065780790681,Hard
2026-01-24,45865,Casper Ruud,Marin Cilic,P2,3.6528917948594337,False,P1,0.635300487279892,0.36469951272010803,1.3911764705882355,3.5563909774436087,-3.6528917948594337,625.1536862842087,Hard
2026-01-25,45866,Carlos Alcaraz,Tommy Paul,P2,1.5425242650235989,False,P1,0.8375782892107964,0.16242171078920364,1.135,8.407407407407407,-1.5425242650235989,623.611162019185,Hard
2026-01-25,45867,Alexander Zverev,Francisco Cerundolo,P1,11.118929887756396,True,P1,0.8081082254648209,0.19189177453517914,1.425,3.3529411764705883,4.725545202296469,628.3367072214814,Hard
2026-01-25,45868,Alex de Minaur,Alexander Bublik,P2,4.338676448703614,False,P1,0.534677192568779,0.465322807431221,1.612,2.633986928104575,-4.338676448703614,623.9980307727778,Hard
2026-01-25,45869,Learner Tien,Daniil Medvedev,P1,4.438517395933612,True,P1,0.43704456090927124,0.5629554390907288,2.909722222222222,1.5236363636363635,8.476335304734327,632.4743660775122,Hard
2026-01-26,45870,Lorenzo Musetti,Taylor Fritz,P2,4.930072960839042,False,P1,0.38127847015857697,0.618721529841423,2.213872832369942,1.8238095238095235,-4.930072960839042,627.5442931166731,Hard
2026-01-26,45871,Jannik Sinner,Luciano Darderi,P1,12.550885862333462,True,P1,0.9836472561582923,0.016352743841707706,1.038846153846154,26.742574257425744,0.48755364311372457,628.0318467597868,Hard
2026-01-26,45873,Ben Shelton,Casper Ruud,P2,4.963908394997159,False,P1,0.5222839713096619,0.47771602869033813,1.612,2.633986928104575,-4.963908394997159,623.0679383647897,Hard
2026-01-27,45874,Alexander Zverev,Learner Tien,P1,9.35772109032565,True,P1,0.7595563009381294,0.24044369906187057,1.5236363636363635,2.909722222222222,4.90004304366143,627.9679814084511,Hard
2026-01-27,45875,Carlos Alcaraz,Alex de Minaur,P2,2.917390349602193,False,P1,0.7513503134250641,0.2486496865749359,1.2072727272727273,5.824561403508772,-2.917390349602193,625.0505910588489,Hard
2026-01-28,45877,Jannik Sinner,Ben Shelton,P1,11.548085110130513,True,P1,0.9250076562166214,0.0749923437833786,1.135,8.407407407407407,1.5589914898676194,626.6095825487165,Hard
2026-01-30,45878,Carlos Alcaraz,Alexander Zverev,P2,2.9796649022797563,False,P1,0.7495370581746101,0.25046294182538986,1.2072727272727273,5.824561403508772,-2.9796649022797563,623.6299176464368,Hard
2026-01-30,45879,Novak Djokovic,Jannik Sinner,P1,1.1276755528101026,True,P1,0.12853968888521194,0.871460311114788,10.433962264150942,1.1059999999999999,10.638448611416061,634.2683662578528,Hard
2026-02-01,45880,Carlos Alcaraz,Novak Djokovic,P1,4.416267802465846,True,P1,0.7668816968798637,0.23311830312013626,1.3714285714285712,3.6923076923076916,1.6403280409158847,635.9086942987686,Hard
2026-02-02,45881,Roberto Bautista Agut,Christopher O'Connell,P2,4.530227369808673,False,P1,0.4874788224697113,0.5125211775302887,1.7590909090909093,2.317365269461078,-4.530227369808673,631.3784669289599,Hard
2026-02-02,45883,Adrian Mannarino,Pedro Martinez,P2,3.6777890049675315,False,P1,0.5183799266815186,0.48162007331848145,1.7043478260869567,2.419753086419753,-3.6777890049675315,627.7006779239924,Hard
2026-02-03,45884,Ugo Humbert,Botic Van De Zandschulp,P2,4.909774510157586,False,P1,0.627651184797287,0.372348815202713,1.344,3.906976744186047,-4.909774510157586,622.7909034138348,Hard
2026-02-03,45887,Ugo Blanchet,Andrea Vavassori,P2,0.7312007781410981,False,P1,0.4035612493753433,0.5964387506246567,2.419753086419753,1.7043478260869567,-0.7312007781410981,622.0597026356937,Hard
2026-02-03,45888,Pablo Carreno Busta,Miomir Kecmanovic,P1,2.4386919606422475,True,P1,0.49468791484832764,0.5053120851516724,2.213872832369942,1.8238095238095235,2.9602619175426126,625.0199645532364,Hard
2026-02-04,45891,Adrian Mannarino,Ugo Humbert,P1,4.735638685274308,True,P1,0.3124275505542755,0.6875724494457245,5.273504273504273,1.234,20.237772159291914,645.2577367125283,Hard
2026-02-04,45894,Luca Nardi,Nikoloz Basilashvili,P1,0.47711555764912406,True,P1,0.5928462147712708,0.40715378522872925,1.7043478260869567,2.419753086419753,0.3360553058224266,645.5937920183508,Hard
2026-02-04,45895,Stan Wawrinka,Hamad Medjedovic,P1,11.88602118284391,True,P1,0.585347130894661,0.41465286910533905,2.909722222222222,1.5236363636363635,22.698998786681074,668.2927908050318,Hard
2026-02-05,45896,Felix Auger-Aliassime,Stan Wawrinka,P1,5.270519646644,True,P1,0.7718854397535324,0.2281145602464676,1.3714285714285712,3.6923076923076916,1.9576215830391988,670.250412388071,Hard
2026-02-05,45897,Luca Nardi,Flavio Cobolli,P2,5.786800344886344,False,P1,0.37369997799396515,0.6263000220060349,2.213872832369942,1.8238095238095235,-5.786800344886344,664.4636120431846,Hard
2026-02-05,45898,Tallon Griekspoor,Pablo Carreno Busta,P2,5.415169754999205,False,P1,0.49110062420368195,0.508899375796318,1.7043478260869567,2.419753086419753,-5.415169754999205,659.0484422881855,Hard
2026-02-05,45900,Arthur Fils,Ugo Blanchet,P1,7.122925277209121,True,P1,0.8133709207177162,0.18662907928228378,1.3125,4.2,2.2259141491278505,661.2743564373134,Hard
2026-02-07,45902,Felix Auger-Aliassime,Arthur Fils,P2,0.8393618735269059,False,P1,0.6206378489732742,0.37936215102672577,1.570342205323194,2.7533333333333334,-0.8393618735269059,660.4349945637865,Hard
2026-02-08,45905,Felix Auger-Aliassime,Titouan Droguet,P1,10.905253005003853,True,P1,0.852774478495121,0.147225521504879,1.2817551963048501,4.549180327868853,3.0726117011789174,663.5076062649655,Hard
2026-02-08,45907,Felix Auger-Aliassime,Adrian Mannarino,P2,1.496745847523896,False,P1,0.773811861872673,0.22618813812732697,1.234,5.273504273504273,-1.496745847523896,662.0108604174416,Hard
2026-02-09,45912,Brandon Nakashima,Mattia Bellucci,P1,13.240217208348831,True,P1,0.8149014115333557,0.1850985884666443,1.4666666666666668,3.1428571428571432,6.1787680305627894,668.1896284480043,Hard
2026-02-09,45909,Ugo Humbert,Daniil Medvedev,P1,7.946989018242536,True,P1,0.4997929036617279,0.5002070963382721,2.909722222222222,1.5236363636363635,15.176541527893729,683.3661699758981,Hard
2026-02-09,45914,Hugo Dellien,Damir Dzumhur,P2,13.667323399517961,False,P1,0.2936735898256302,0.7063264101743698,1.9000000000000001,2.111111111111111,-13.667323399517961,669.6988465763801,Clay
2026-02-09,45910,Cameron Norrie,Roberto Bautista Agut,P2,5.177402340894032,False,P1,0.6290038526058197,0.3709961473941803,1.344,3.906976744186047,-5.177402340894032,664.5214442354861,Hard
2026-02-09,45911,Christopher O'Connell,Valentin Royer,P1,6.386386285989394,True,P1,0.5748474150896072,0.42515258491039276,2.111111111111111,1.9000000000000001,7.0959847622104375,671.6174289976966,Hard
2026-02-10,45917,Alejandro Davidovich Fokina,Zachary Svajda,P1,13.389478068096617,True,P1,0.7933560013771057,0.2066439986228943,1.5236363636363635,2.909722222222222,7.011217606566953,678.6286466042635,Hard
2026-02-10,45918,Frances Tiafoe,Terence Atmane,P2,11.91524400240427,False,P1,0.4943569302558899,0.5056430697441101,1.3125,4.2,-11.91524400240427,666.7134026018592,Hard
2026-02-10,45915,Jaume Munar,Nicolai Budkov Kjaer,P2,1.1564213957124632,False,P1,0.6335565447807312,0.3664434552192688,1.5236363636363635,2.909722222222222,-1.1564213957124632,665.5569812061468,Hard
2026-02-10,45925,Miomir Kecmanovic,Sho Shimabukuro,P2,0.30339613315770747,False,P1,0.5970383286476135,0.4029616713523865,1.6596638655462186,2.515923566878981,-0.30339613315770747,665.2535850729892,Hard
2026-02-10,45921,Alex de Minaur,Arthur Fils,P2,2.00709604307692,False,P1,0.7331034988164902,0.2668965011835098,1.2817551963048501,4.549180327868853,-2.00709604307692,663.2464890299123,Hard
2026-02-10,45926,Marin Cilic,Learner Tien,P1,6.474163577003592,True,P1,0.43524664640426636,0.5647533535957336,3.3529411764705883,1.425,15.233326063537865,678.4798150934502,Hard
2026-02-10,45927,Roman Andres Burruchaga,Laslo Djere,P2,10.203992706365945,False,P1,0.39748379588127136,0.6025162041187286,1.7590909090909093,2.317365269461078,-10.203992706365945,668.2758223870842,Clay
2026-02-10,45922,Tallon Griekspoor,Giovanni Mpetshi Perricard,P2,6.0329287959541755,False,P1,0.5218276232481003,0.4781723767518997,1.570342205323194,2.7533333333333334,-6.0329287959541755,662.24289359113,Hard
2026-02-10,45928,Juan Manuel Cerundolo,Daniel Altmaier,P1,1.9946317690734316,True,P1,0.5944699198007584,0.40553008019924164,1.7590909090909093,2.317365269461078,1.51410684288756,663.7570004340176,Clay
2026-02-10,45930,Alejandro Tabilo,Facundo Diaz Acosta,P1,3.127288453940156,True,P1,0.5709510147571564,0.42904898524284363,1.9000000000000001,2.111111111111111,2.814559608546141,666.5715600425638,Clay
2026-02-10,45924,Jan-Lennard Struff,Hugo Grenier,P2,1.2197264926920162,False,P1,0.6760722696781158,0.32392773032188416,1.425,3.3529411764705883,-1.2197264926920162,665.3518335498718,Hard
2026-02-11,45933,Taylor Fritz,Marcos Giron,P1,13.307036670997435,True,P1,0.8476089984178543,0.1523910015821457,1.4666666666666668,3.1428571428571432,6.209950446465472,671.5617839963372,Hard
2026-02-11,45934,Ben Shelton,Gabriel Diallo,P2,4.2734758434880264,False,P1,0.7072368115186691,0.29276318848133087,1.234,5.273504273504273,-4.2734758434880264,667.2883081528493,Hard
2026-02-11,45938,Camilo Ugo Carabelli,Francisco Comesana,P2,1.8941132087484354,False,P1,0.5171754658222198,0.48282453417778015,1.8238095238095235,2.213872832369942,-1.8941132087484354,665.3941949441008,Clay
2026-02-11,45939,Matteo Berrettini,Federico Coria,P2,0.9669031162840794,False,P1,0.8293158113956451,0.17068418860435486,1.170769230769231,6.8558558558558556,-0.9669031162840794,664.4272918278167,Clay
2026-02-11,45937,Alex Michelsen,Grigor Dimitrov,P2,13.288545836556334,False,P1,0.31156881153583527,0.6884311884641647,1.9000000000000001,2.111111111111111,-13.288545836556334,651.1387459912604,Hard
2026-02-11,45940,Ignacio Buse,Francesco Passaro,P1,6.217112798330077,True,P1,0.5125285387039185,0.48747146129608154,2.515923566878981,1.6596638655462186,9.424667808933494,660.5634138001939,Clay
2026-02-11,45942,Christopher O'Connell,Cameron Norrie,P1,2.2842988927562655,True,P1,0.2907902002334595,0.7092097997665405,4.2,1.3125,7.30975645682005,667.873170257014,Hard
2026-02-11,45946,Mariano Navone,Emilio Nava,P2,5.569501388014918,False,P1,0.5468606650829315,0.4531393349170685,1.5236363636363635,2.909722222222222,-5.569501388014918,662.303668868999,Clay
2026-02-11,45943,Alexander Bublik,Hubert Hurkacz,P1,5.7632002194934815,True,P1,0.6435758173465729,0.3564241826534271,1.7590909090909093,2.317365269461078,4.374792893888235,666.6784617628872,Hard
2026-02-11,45944,Karen Khachanov,Jesper de Jong,P2,5.85912229800516,False,P1,0.6827201694250107,0.3172798305749893,1.2072727272727273,5.824561403508772,-5.85912229800516,660.8193394648821,Hard
2026-02-11,45945,Stefanos Tsitsipas,Arthur Rinderknech,P2,1.0636960253431567,False,P1,0.6003763973712921,0.3996236026287079,1.612,2.633986928104575,-1.0636960253431567,659.755643439539,Hard
2026-02-12,45950,Sebastian Korda,Frances Tiafoe,P2,0.218355329621713,False,P1,0.544673502445221,0.45532649755477905,1.8238095238095235,2.213872832369942,-0.218355329621713,659.5372881099173,Hard
2026-02-12,45951,Taylor Fritz,Brandon Nakashima,P2,4.6386970292434295,False,P1,0.5177764147520065,0.48222358524799347,1.6596638655462186,2.515923566878981,-4.6386970292434295,654.8985910806739,Hard
2026-02-12,45957,Francisco Cerundolo,Hugo Dellien,P2,0.25847786577323995,False,P1,0.8348720818758011,0.1651279181241989,1.1883333333333335,6.309734513274337,-0.25847786577323995,654.6401132149007,Clay
2026-02-12,45952,Alejandro Davidovich Fokina,Alex Michelsen,P2,4.256340372003507,False,P1,0.477003738284111,0.522996261715889,1.8238095238095235,2.213872832369942,-4.256340372003507,650.3837728428972,Hard
2026-02-12,45958,Alejandro Tabilo,Joao Fonseca,P1,0.6457658658880681,True,P1,0.40943342447280884,0.5905665755271912,2.515923566878981,1.6596638655462186,0.9789316947857338,651.3627045376829,Clay
2026-02-12,45953,Tommy Paul,Jenson Brooksby,P2,0.5477912593581572,False,P1,0.706725686788559,0.29327431321144104,1.3911764705882355,3.5563909774436087,-0.5477912593581572,650.8149132783248,Hard
2026-02-12,45959,Tomas Martin Etcheverry,Roman Andres Burruchaga,P1,9.496965391488875,True,P1,0.7566257119178772,0.2433742880821228,1.5236363636363635,2.909722222222222,4.972956423179627,655.7878697015044,Clay
2026-02-12,45948,Tallon Griekspoor,Quentin Halys,P2,10.559438588456468,False,P1,0.40849341452121735,0.5915065854787827,1.6596638655462186,2.515923566878981,-10.559438588456468,645.2284311130479,Hard
2026-02-12,45954,Adrian Mannarino,Adam Walton,P1,3.6914280877915053,True,P1,0.617851510643959,0.38214848935604095,1.7590909090909093,2.317365269461078,2.8021295030053706,648.0305606160533,Hard
2026-02-12,45960,Vit Kopriva,Matteo Berrettini,P2,12.960611212321067,False,P1,0.1350414864718914,0.8649585135281086,3.1428571428571432,1.4666666666666668,-12.960611212321067,635.0699494037323,Clay
2026-02-12,45949,Felix Auger-Aliassime,Alexei Popyrin,P1,8.825698650537996,True,P1,0.8412778116762638,0.1587221883237362,1.2817551963048501,4.549180327868853,2.486686455809784,637.5566358595421,Hard
2026-02-12,45965,Luciano Darderi,Tomas Barrios Vera,P2,2.25220177614472,False,P1,0.6776502877473831,0.3223497122526169,1.3714285714285712,3.6923076923076916,-2.25220177614472,635.3044340833974,Clay
2026-02-12,45956,Eliot Spizzirri,James Duckworth,P2,4.087061789381679,False,P1,0.6353486776351929,0.36465132236480713,1.3714285714285712,3.6923076923076916,-4.087061789381679,631.2173722940157,Hard
2026-02-12,45961,Alex de Minaur,Stan Wawrinka,P2,1.2297007506480797,False,P1,0.8305259495973587,0.1694740504026413,1.1571428571428573,7.363636363636364,-1.2297007506480797,629.9876715433676,Hard
2026-02-12,45962,Jaume Munar,Karen Khachanov,P1,5.07105666164347,True,P1,0.5077231824398041,0.4922768175601959,2.419753086419753,1.7043478260869567,7.199648346777767,637.1873198901453,Hard
2026-02-12,45964,Botic Van De Zandschulp,Stefanos Tsitsipas,P1,6.607823419700411,True,P1,0.4595949947834015,0.5404050052165985,3.1428571428571432,1.4666666666666668,14.15962161364374,651.346941503789,Hard
2026-02-13,45972,Camilo Ugo Carabelli,Mariano Navone,P1,2.626223267256235,True,P1,0.46057945489883423,0.5394205451011658,2.419753086419753,1.7043478260869567,3.7285885893144077,655.0755300931035,Clay
2026-02-13,45973,Sebastian Baez,Ignacio Buse,P2,8.447100626494825,False,P1,0.5207740366458893,0.4792259633541107,1.425,3.3529411764705883,-8.447100626494825,646.6284294666086,Clay
2026-02-13,45968,Ben Shelton,Adrian Mannarino,P1,1.4678795723703348,True,P1,0.7990317940711975,0.2009682059288025,1.2666666666666666,4.75,0.3914345526320892,647.0198640192407,Hard
2026-02-13,45974,Pedro Martinez,Juan Manuel Cerundolo,P1,3.1248726523038797,True,P1,0.4395736902952194,0.5604263097047806,2.633986928104575,1.612,5.106001065856012,652.1258650850967,Clay
2026-02-13,45969,Denis Shapovalov,Aleksandar Kovacevic,P2,5.696015736208796,False,P1,0.5932455956935883,0.40675440430641174,1.3911764705882355,3.5563909774436087,-5.696015736208796,646.429849348888,Hard
2026-02-13,45970,Marin Cilic,Ethan Quinn,P1,6.254493481202069,True,P1,0.6938135176897049,0.3061864823102951,1.612,2.633986928104575,3.827750010495667,650.2575993593837,Hard
2026-02-13,45978,Tomas Martin Etcheverry,Alejandro Tabilo,P2,5.926772905646362,False,P1,0.47977882623672485,0.5202211737632751,1.7043478260869567,2.419753086419753,-5.926772905646362,644.3308264537374,Clay
2026-02-13,45966,Alexander Bublik,Jan-Lennard Struff,P1,12.886616529074747,True,P1,0.8695753365755081,0.13042466342449188,1.425,3.3529411764705883,5.476812024856768,649.8076384785941,Hard
2026-02-13,45982,Francisco Cerundolo,Vit Kopriva,P2,2.803325478434906,False,P1,0.7568449750542641,0.24315502494573593,1.2072727272727273,5.824561403508772,-2.803325478434906,647.0043130001592,Clay
2026-02-13,45967,Felix Auger-Aliassime,Hamad Medjedovic,P1,9.370918923465887,True,P1,0.8438556045293808,0.1561443954706192,1.2817551963048501,4.549180327868853,2.6403051008379657,649.6446181009971,Hard
2026-02-13,45977,Miomir Kecmanovic,Tommy Paul,P2,1.0297855464651957,False,P1,0.18361546844244003,0.81638453155756,5.273504273504273,1.234,-1.0297855464651957,648.614832554532,Hard
2026-02-13,45975,Alex de Minaur,Botic Van De Zandschulp,P2,2.3500976182191105,False,P1,0.7805342599749565,0.2194657400250435,1.1883333333333335,6.309734513274337,-2.3500976182191105,646.2647349363128,Hard
2026-02-13,45980,Taylor Fritz,Sebastian Korda,P1,1.5026054675535458,True,P1,0.6380017101764679,0.3619982898235321,1.612,2.633986928104575,0.9195945461427703,647.1843294824556,Hard
2026-02-13,45976,Ugo Humbert,Christopher O'Connell,P2,0.8134339017037464,False,P1,0.7696281895041466,0.23037181049585342,1.2666666666666666,4.75,-0.8134339017037464,646.3708955807518,Hard
2026-02-13,45979,Felix Auger-Aliassime,Tallon Griekspoor,P1,0.7782068944878355,True,P1,0.7356881350278854,0.26431186497211456,1.3714285714285712,3.6923076923076916,0.2890482750954816,646.6599438558474,Hard
2026-02-14,45986,Luciano Darderi,Pedro Martinez,P2,11.993839170467371,False,P1,0.5187090933322906,0.48129090666770935,1.2127272727272729,5.700854700854702,-11.993839170467371,634.66610468538,Clay
2026-02-14,45987,Sebastian Baez,Camilo Ugo Carabelli,P1,0.35194489717582617,True,P1,0.6408319771289825,0.35916802287101746,1.570342205323194,2.7533333333333334,0.20072902880750543,634.8668337141875,Clay
2026-02-14,45984,Ben Shelton,Miomir Kecmanovic,P1,2.9464687670877336,True,P1,0.809015080332756,0.19098491966724396,1.2666666666666666,4.75,0.7857250045567288,635.6525587187442,Hard
2026-02-14,45985,Denis Shapovalov,Alejandro Davidovich Fokina,P2,0.1747448255768326,False,P1,0.5452882349491119,0.45471176505088806,1.8238095238095235,2.213872832369942,-0.1747448255768326,635.4778138931674,Hard
2026-02-14,45983,Alexander Bublik,Jaume Munar,P1,2.966945840747319,True,P1,0.6707179844379425,0.3292820155620575,1.570342205323194,2.7533333333333334,1.6921744338863034,637.1699883270537,Hard
2026-02-14,45988,Alex de Minaur,Ugo Humbert,P2,4.253748715059441,False,P1,0.5907817780971527,0.4092182219028473,1.4666666666666668,3.1428571428571432,-4.253748715059441,632.9162396119942,Hard
2026-02-15,45992,Francisco Cerundolo,Tomas Martin Etcheverry,P2,1.8925815525421674,False,P1,0.6410419642925262,0.35895803570747375,1.4666666666666668,3.1428571428571432,-1.8925815525421674,631.023658059452,Clay
2026-02-15,45993,Luciano Darderi,Sebastian Baez,P2,1.260724232694419,False,P1,0.5632899105548859,0.43671008944511414,1.7043478260869567,2.419753086419753,-1.260724232694419,629.7629338267576,Clay
2026-02-15,45996,Francisco Cerundolo,Luciano Darderi,P1,5.962049068566459,True,P1,0.5946713238954544,0.4053286761045456,2.0,2.0,5.962049068566459,635.724982895324,Clay
2026-02-15,45990,Taylor Fritz,Marin Cilic,P2,0.7723251310298908,False,P1,0.6052745282649994,0.3947254717350006,1.612,2.633986928104575,-0.7723251310298908,634.9526577642941,Hard
2026-02-15,45991,Ben Shelton,Denis Shapovalov,P1,10.199530017228767,True,P1,0.7534875273704529,0.24651247262954712,1.570342205323194,2.7533333333333334,5.817222443286369,640.7698802075805,Hard
2026-02-15,45989,Felix Auger-Aliassime,Alexander Bublik,P2,6.6690113647395,False,P1,0.5197065472602844,0.4802934527397156,1.5236363636363635,2.909722222222222,-6.6690113647395,634.100868842841,Hard
2026-02-15,45994,Alex de Minaur,Felix Auger-Aliassime,P1,6.821296984546948,True,P1,0.5131195038557053,0.48688049614429474,2.633986928104575,1.612,11.14591010546887,645.2467789483098,Hard
2026-02-15,45995,Ben Shelton,Taylor Fritz,P2,1.3315077296582642,False,P1,0.43305501341819763,0.5669449865818024,2.213872832369942,1.8238095238095235,-1.3315077296582642,643.9152712186516,Hard
2026-02-16,46003,Alex Michelsen,Valentin Vacherot,P2,8.261990163159878,False,P1,0.37169134616851807,0.6283086538314819,2.0,2.0,-8.261990163159878,635.6532810554917,Hard
2026-02-16,45997,Valentin Royer,Pierre-Hugues Herbert,P2,3.5560698957366346,False,P1,0.5655537396669388,0.4344462603330612,1.570342205323194,2.7533333333333334,-3.5560698957366346,632.097211159755,Hard
2026-02-16,46006,Thiago Agustin Tirante,Cristian Garin,P2,1.6135623224302842,False,P1,0.4495006203651428,0.5504993796348572,2.111111111111111,1.9000000000000001,-1.6135623224302842,630.4836488373247,Clay
2026-02-16,46004,Terence Atmane,Patrick Kypson,P1,5.9615068529583475,True,P1,0.5390283763408661,0.4609716236591339,2.317365269461078,1.7590909090909093,7.853482081741537,638.3371309190662,Hard
2026-02-16,45999,Jannik Sinner,Tomas Machac,P1,12.32838614767202,True,P1,0.9465210754424334,0.05347892455756664,1.0954545454545455,11.476190476190474,1.1768004959141474,639.5139314149803,Hard
2026-02-16,46005,Coleman Wong,Nuno Borges,P1,0.17487303521425096,True,P1,0.45469576120376587,0.5453042387962341,2.213872832369942,1.8238095238095235,0.21227362656065143,639.726205041541,Hard
2026-02-16,46000,Jakub Mensik,Jan Choinski,P2,4.1782920382361395,False,P1,0.720112755894661,0.27988724410533905,1.2072727272727273,5.824561403508772,-4.1782920382361395,635.5479130033049,Hard
2026-02-16,46001,Arthur Fils,Kamil Majchrzak,P2,4.890331814369477,False,P1,0.5768908560276031,0.42310914397239685,1.4666666666666668,3.1428571428571432,-4.890331814369477,630.6575811889354,Hard
2026-02-16,46002,Daniil Medvedev,Juncheng Shang,P2,1.374759212309202,False,P1,0.728687509894371,0.27131249010562897,1.3125,4.2,-1.374759212309202,629.2828219766262,Hard
2026-02-17,46010,Dusan Lajovic,Daniel Altmaier,P2,3.886712332246328,False,P1,0.3958997428417206,0.6041002571582794,2.213872832369942,1.8238095238095235,-3.886712332246328,625.3961096443799,Clay
2026-02-17,46007,Frances Tiafoe,Rinky Hijikata,P2,3.1853216991414737,False,P1,0.6548895686864853,0.3451104313135147,1.3714285714285712,3.6923076923076916,-3.1853216991414737,622.2107879452384,Hard
2026-02-17,46008,Marcos Giron,Sho Shimabukuro,P2,0.07896725036956528,False,P1,0.68008753657341,0.31991246342658997,1.4666666666666668,3.1428571428571432,-0.07896725036956528,622.1318206948688,Hard
2026-02-17,46012,Vit Kopriva,Gustavo Heide,P2,0.08420836128288064,False,P1,0.5669365376234055,0.43306346237659454,1.7590909090909093,2.317365269461078,-0.08420836128288064,622.0476123335859,Clay
2026-02-17,46013,Alejandro Tabilo,Emilio Nava,P2,2.7702166100115493,False,P1,0.5978672802448273,0.40213271975517273,1.5236363636363635,2.909722222222222,-2.7702166100115493,619.2773957235744,Clay
2026-02-17,46014,Carlos Alcaraz,Arthur Rinderknech,P1,2.3602076022583605,True,P1,0.952934518456459,0.047065481543540955,1.0536842105263158,19.627450980392158,0.1267058818054488,619.4041016053799,Hard
2026-02-17,46015,Karen Khachanov,Shintaro Mochizuki,P2,1.0903063130787005,False,P1,0.8118891939520836,0.1881108060479164,1.1883333333333335,6.309734513274337,-1.0903063130787005,618.3137952923012,Hard
2026-02-17,46016,Jiri Lehecka,Jenson Brooksby,P2,4.4119385797526345,False,P1,0.5459264069795609,0.45407359302043915,1.570342205323194,2.7533333333333334,-4.4119385797526345,613.9018567125486,Hard
2026-02-17,46017,Zizou Bergs,Giovanni Mpetshi Perricard,P2,0.5100889515031458,False,P1,0.6100385040044785,0.38996149599552155,1.612,2.633986928104575,-0.5100889515031458,613.3917677610455,Hard
2026-02-17,46018,Marton Fucsovics,Hady Habib,P2,6.591257316711992,False,P1,0.6362140774726868,0.36378592252731323,1.234,5.273504273504273,-6.591257316711992,606.8005104443334,Hard
2026-02-17,46019,Quentin Halys,Pablo Carreno Busta,P1,6.755791695656574,True,P1,0.6317907124757767,0.3682092875242233,1.9000000000000001,2.111111111111111,6.080212526090917,612.8807229704244,Hard
2026-02-17,46020,Fabian Marozsan,Ugo Humbert,P2,3.7136739167078887,False,P1,0.34930016100406647,0.6506998389959335,2.515923566878981,1.6596638655462186,-3.7136739167078887,609.1670490537165,Hard
2026-02-17,46021,Stefanos Tsitsipas,Moez Echargui,P2,2.273782885421549,False,P1,0.7996832877397537,0.20031671226024628,1.1571428571428573,7.363636363636364,-2.273782885421549,606.893266168295,Hard
2026-02-17,46022,Zhizhen Zhang,Roberto Carballes Baena,P2,0.9773770824765889,False,P1,0.5306424796581268,0.46935752034187317,1.8238095238095235,2.213872832369942,-0.9773770824765889,605.9158890858184,Hard
2026-02-18,46024,Miomir Kecmanovic,Mattia Bellucci,P2,1.0709586844808292,False,P1,0.6331234574317932,0.3668765425682068,1.5236363636363635,2.909722222222222,-1.0709586844808292,604.8449304013376,Hard
2026-02-18,46030,Joao Fonseca,Thiago Monteiro,P2,2.7578340842917117,False,P1,0.6761968433856964,0.3238031566143036,1.344,3.906976744186047,-2.7578340842917117,602.0870963170458,Clay
2026-02-18,46025,Brandon Nakashima,Marin Cilic,P2,3.9068326567589566,False,P1,0.5105904191732407,0.48940958082675934,1.7043478260869567,2.419753086419753,-3.9068326567589566,598.1802636602869,Hard
2026-02-18,46031,Francisco Cerundolo,Mariano Navone,P1,11.34778259899221,True,P1,0.802539587020874,0.19746041297912598,1.4666666666666668,3.1428571428571432,5.295631879529699,603.4758955398165,Clay
2026-02-18,46027,Sebastian Korda,Mackenzie McDonald,P2,2.672943549192699,False,P1,0.7195382118225098,0.28046178817749023,1.2666666666666666,4.75,-2.672943549192699,600.8029519906238,Hard
2026-02-18,46032,Juan Manuel Cerundolo,Luciano Darderi,P1,2.238633324464488,True,P1,0.33475109934806824,0.6652489006519318,3.5563909774436087,1.3911764705882355,5.722822032465607,606.5257740230894,Clay
2026-02-18,46033,Roman Andres Burruchaga,Camilo Ugo Carabelli,P2,0.9474112856598716,False,P1,0.41804346442222595,0.581956535577774,2.317365269461078,1.7590909090909093,-0.9474112856598716,605.5783627374295,Clay
2026-02-18,46028,Zachary Svajda,Aleksandar Kovacevic,P2,8.753408306284975,False,P1,0.4527086466550827,0.5472913533449173,1.570342205323194,2.7533333333333334,-8.753408306284975,596.8249544311445,Hard
2026-02-18,46029,Adam Walton,Gabriel Diallo,P1,3.9859798166016267,True,P1,0.39198093116283417,0.6080190688371658,3.3529411764705883,1.425,9.378776039062652,606.2037304702072,Hard
2026-02-18,46034,Tomas Martin Etcheverry,Francisco Comesana,P1,3.1036467848728386,True,P1,0.6592223644256592,0.3407776355743408,1.612,2.633986928104575,1.8994318323421775,608.1031623025494,Clay
2026-02-18,46035,Matteo Berrettini,Tomas Barrios Vera,P1,12.16206324605099,True,P1,0.9281264077872038,0.07187359221279621,1.3714285714285712,3.6923076923076916,4.51733777710465,612.6205000796541,Clay
2026-02-18,46037,Tommy Paul,Corentin Moutet,P2,3.3671944442727546,False,P1,0.6781504154205322,0.3218495845794678,1.3125,4.2,-3.3671944442727546,609.2533056353814,Hard
2026-02-18,46049,Coleman Wong,Brandon Nakashima,P2,6.436550127068374,False,P1,0.23522838205099106,0.7647716179490089,3.3529411764705883,1.425,-6.436550127068374,602.816755508313,Hard
2026-02-18,46036,Francesco Passaro,Dino Prizmic,P1,5.911661170217102,True,P1,0.4724033772945404,0.5275966227054596,2.909722222222222,1.5236363636363635,11.289630707011826,614.1063862153248,Clay
2026-02-18,46050,Flavio Cobolli,Terence Atmane,P1,1.8613435658259292,True,P1,0.5756845623254776,0.4243154376745224,1.8238095238095235,2.213872832369942,1.5333925566089792,615.6397787719338,Hard
2026-02-18,46038,Jaime Faria,Sebastian Baez,P1,5.445295194422672,True,P1,0.3329811543226242,0.6670188456773758,5.273504273504273,1.234,23.270492283857575,638.9102710557914,Clay
2026-02-18,46039,Damir Dzumhur,Pedro Martinez,P1,6.1607823254118115,True,P1,0.5264187455177307,0.4735812544822693,2.419753086419753,1.7043478260869567,8.746789721263683,647.6570607770551,Clay
2026-02-18,46023,Andrey Rublev,Jesper de Jong,P2,11.599160002897436,False,P1,0.5316211134195328,0.4683788865804672,1.2072727272727273,5.824561403508772,-11.599160002897436,636.0579007741577,Hard
2026-02-18,46041,Carlos Alcaraz,Valentin Royer,P1,11.89044788069705,True,P1,0.9645592123270035,0.03544078767299652,1.0599999999999998,17.666666666666664,0.7134268728418209,636.7713276469996,Hard
2026-02-18,46042,Jannik Sinner,Alexei Popyrin,P1,12.735426552939991,True,P1,0.979108196683228,0.020891803316771984,1.0686666666666667,15.563106796116504,0.8744992899685459,637.6458269369681,Hard
2026-02-18,46043,Stefanos Tsitsipas,Daniil Medvedev,P1,1.2791734145131166,True,P1,0.3000887781381607,0.6999112218618393,3.6923076923076916,1.3714285714285712,3.4439284236891594,641.0897553606573,Hard
2026-02-18,46052,Juan Manuel Cerundolo,Yannick Hanfmann,P2,5.693092090824593,False,P1,0.432838574051857,0.567161425948143,1.9000000000000001,2.111111111111111,-5.693092090824593,635.3966632698326,Clay
2026-02-18,46053,Vit Kopriva,Roman Andres Burruchaga,P1,3.180365704665804,True,P1,0.4884326159954071,0.5115673840045929,2.317365269461078,1.7590909090909093,4.189703323511838,639.5863665933445,Clay
2026-02-18,46044,Andrey Rublev,Fabian Marozsan,P2,3.5625019064030696,False,P1,0.5354095101356506,0.46459048986434937,1.6596638655462186,2.515923566878981,-3.5625019064030696,636.0238646869414,Hard
2026-02-18,46045,Jakub Mensik,Zhizhen Zhang,P2,3.504664026140103,False,P1,0.624417245388031,0.375582754611969,1.425,3.3529411764705883,-3.504664026140103,632.5192006608013,Hard
2026-02-18,46046,Karen Khachanov,Marton Fucsovics,P1,4.052861496635615,True,P1,0.7225931286811829,0.27740687131881714,1.4666666666666668,3.1428571428571432,1.891335365096621,634.410536025898,Hard
2026-02-18,46047,Jiri Lehecka,Zizou Bergs,P2,6.065350340888992,False,P1,0.5308273434638977,0.4691726565361023,1.5236363636363635,2.909722222222222,-6.065350340888992,628.3451856850089,Hard
2026-02-18,46048,Arthur Fils,Quentin Halys,P2,5.726335277776096,False,P1,0.5877994894981384,0.4122005105018616,1.3911764705882355,3.5563909774436087,-5.726335277776096,622.6188504072328,Hard
2026-02-19,46054,Casper Ruud,Marcos Giron,P1,2.50435726362311,True,P1,0.6839718669652939,0.3160281330347061,1.5236363636363635,2.909722222222222,1.311372530769919,623.9302229380028,Hard
2026-02-19,46055,Sebastian Korda,Alex Michelsen,P2,0.23784934938072227,False,P1,0.5822612941265106,0.4177387058734894,1.7043478260869567,2.419753086419753,-0.23784934938072227,623.6923735886221,Hard
2026-02-19,46061,Learner Tien,Miomir Kecmanovic,P2,2.870769113591274,False,P1,0.5959051698446274,0.4040948301553726,1.5236363636363635,2.909722222222222,-2.870769113591274,620.8216044750309,Hard
2026-02-19,46056,Alejandro Tabilo,Francesco Passaro,P2,4.006431577377237,False,P1,0.593816801905632,0.406183198094368,1.4666666666666668,3.1428571428571432,-4.006431577377237,616.8151728976536,Clay
2026-02-19,46062,Jaime Faria,Damir Dzumhur,P2,5.777092376357804,False,P1,0.4896653890609741,0.5103346109390259,1.6596638655462186,2.515923566878981,-5.777092376357804,611.0380805212958,Clay
2026-02-19,46057,Arthur Fils,Jiri Lehecka,P1,2.808227778810223,True,P1,0.4528510272502899,0.5471489727497101,2.515923566878981,1.6596638655462186,4.257058671062631,615.2951391923584,Hard
2026-02-19,46058,Andrey Rublev,Stefanos Tsitsipas,P2,4.693262478469821,False,P1,0.49722643196582794,0.5027735680341721,1.7043478260869567,2.419753086419753,-4.693262478469821,610.6018767138886,Hard
2026-02-19,46059,Carlos Alcaraz,Karen Khachanov,P1,12.212037534277773,True,P1,0.9415873158723116,0.05841268412768841,1.1188888888888888,9.411214953271028,1.45187557351969,612.0537522874083,Hard
2026-02-19,46060,Jakub Mensik,Jannik Sinner,P2,7.40254733727952,False,P1,0.08055367320775986,0.9194463267922401,9.411214953271028,1.1188888888888888,-7.40254733727952,604.6512049501288,Hard
2026-02-20,46064,Tommy Paul,Adam Walton,P2,1.0340399680802022,False,P1,0.850922591984272,0.149077408015728,1.135,8.407407407407407,-1.0340399680802022,603.6171649820486,Hard
2026-02-20,46065,Frances Tiafoe,Zachary Svajda,P1,2.7715649218193823,True,P1,0.6878849416971207,0.31211505830287933,1.5236363636363635,2.909722222222222,1.4512921772436034,605.0684571592923,Hard
2026-02-20,46071,Flavio Cobolli,Coleman Wong,P1,8.546426924436288,True,P1,0.6412472724914551,0.3587527275085449,2.0,2.0,8.546426924436288,613.6148840837286,Hard
2026-02-20,46066,Ignacio Buse,Joao Fonseca,P1,6.500048986341581,True,P1,0.3777848929166794,0.6222151070833206,4.75,1.2666666666666666,24.37518369878093,637.9900677825095,Clay
2026-02-20,46067,Tomas Martin Etcheverry,Vilius Gaubas,P1,5.431875430887286,True,P1,0.8176112920045853,0.18238870799541473,1.2817551963048501,4.549180327868853,1.5304591283331395,639.5205269108427,Clay
2026-02-20,46068,Matteo Berrettini,Dusan Lajovic,P1,12.790410538216854,True,P1,0.8665084131062031,0.13349158689379692,1.3911764705882355,3.5563909774436087,5.003307651714242,644.523834562557,Clay
2026-02-20,46072,Vit Kopriva,Juan Manuel Cerundolo,P2,6.58289099689553,False,P1,0.43630024790763855,0.5636997520923615,1.8238095238095235,2.213872832369942,-6.58289099689553,637.9409435656614,Clay
2026-02-20,46069,Carlos Alcaraz,Andrey Rublev,P1,12.75881887131323,True,P1,0.9056954979896545,0.09430450201034546,1.2072727272727273,5.824561403508772,2.644555184235833,640.5854987498973,Hard
2026-02-20,46070,Arthur Fils,Jakub Mensik,P1,1.4189700077754615,True,P1,0.43925899267196655,0.5607410073280334,2.419753086419753,1.7043478260869567,2.0145870480762724,642.6000857979735,Hard
2026-02-21,46073,Tommy Paul,Taylor Fritz,P1,4.803512626169849,True,P1,0.5165129899978638,0.48348701000213623,2.317365269461078,1.7590909090909093,6.327980705133934,648.9280665031074,Hard
2026-02-21,46074,Sebastian Korda,Casper Ruud,P2,5.0961865424101465,False,P1,0.44365012645721436,0.5563498735427856,1.9000000000000001,2.111111111111111,-5.0961865424101465,643.8318799606973,Hard
2026-02-21,46075,Learner Tien,Frances Tiafoe,P1,2.6237116686680415,True,P1,0.6512902230024338,0.3487097769975662,1.612,2.633986928104575,1.6057115412248417,645.4375915019222,Hard
2026-02-21,46076,Alejandro Tabilo,Thiago Agustin Tirante,P2,1.0833878405252744,False,P1,0.5823042690753937,0.4176957309246063,1.6596638655462186,2.515923566878981,-1.0833878405252744,644.3542036613969,Clay
2026-02-21,46077,Tomas Martin Etcheverry,Jaime Faria,P2,2.4662220425886905,False,P1,0.6733499467372894,0.32665005326271057,1.3714285714285712,3.6923076923076916,-2.4662220425886905,641.8879816188082,Clay
2026-02-21,46078,Ignacio Buse,Matteo Berrettini,P2,12.837759632376164,False,P1,0.1635887622833252,0.8364112377166748,2.909722222222222,1.5236363636363635,-12.837759632376164,629.050221986432,Clay
2026-02-21,46079,Carlos Alcaraz,Arthur Fils,P1,6.226671191565461,True,P1,0.8830154165625572,0.11698458343744278,1.170769230769231,6.8558558558558556,1.063323849636565,630.1135458360686,Hard
2026-02-22,46080,Sebastian Korda,Flavio Cobolli,P2,0.11678189393417233,False,P1,0.6792908906936646,0.32070910930633545,1.4666666666666668,3.1428571428571432,-0.11678189393417233,629.9967639421344,Hard
2026-02-22,46081,Tommy Paul,Learner Tien,P2,3.900786782674666,False,P1,0.5435265898704529,0.4564734101295471,1.612,2.633986928104575,-3.900786782674666,626.0959771594597,Hard
2026-02-22,46084,Sebastian Korda,Tommy Paul,P2,4.6087748666821895,False,P1,0.4039471745491028,0.5960528254508972,2.111111111111111,1.9000000000000001,-4.6087748666821895,621.4872022927775,Hard
2026-02-22,46082,Tomas Martin Etcheverry,Vit Kopriva,P1,4.2505530666328815,True,P1,0.6722787469625473,0.3277212530374527,1.612,2.633986928104575,2.6013384767793237,624.0885407695569,Clay
2026-02-22,46083,Alejandro Tabilo,Ignacio Buse,P2,1.3464902552040325,False,P1,0.5614167302846909,0.43858326971530914,1.7043478260869567,2.419753086419753,-1.3464902552040325,622.7420505143529,Clay
2026-02-23,46085,Tomas Martin Etcheverry,Alejandro Tabilo,P1,5.15311216688473,True,P1,0.4685855656862259,0.5314144343137741,2.7533333333333334,1.570342205323194,9.035123332604561,631.7771738469575,Clay
