date,match_id,p1_name,p2_name,bet_on,bet_amount,is_win,actual_winner,p1_prob,p2_prob,p1_market,p2_market,pnl,balance,surface
2025-01-06,42756,Denis Shapovalov,Zhizhen Zhang,P1,10,True,P1,0.5930263549089432,0.4069736450910568,1.7063829787234042,2.41566265060241,7.063829787234042,1007.063829787234,Hard
2025-01-06,42783,Nuno Borges,Luciano Darderi,P1,10,True,P1,0.7109443247318268,0.2890556752681732,1.4444444444444442,3.25,4.444444444444442,1011.5082742316785,Hard
2025-01-06,42784,Roberto Carballes Baena,Daniel Altmaier,P2,10,False,P1,0.682790532708168,0.31720946729183197,1.3714285714285712,3.6923076923076916,-10.0,1001.5082742316785,Hard
2025-01-06,42757,Alejandro Davidovich Fokina,Roberto Bautista Agut,P2,10,False,P1,0.43716731667518616,0.5628326833248138,1.8660287081339713,2.154696132596685,-10.0,991.5082742316785,Hard
2025-01-06,42758,Christopher O'Connell,Arthur Rinderknech,P2,10,False,P1,0.5077685117721558,0.49223148822784424,1.6735537190082643,2.4846625766871164,-10.0,981.5082742316785,Hard
2025-01-06,42759,Thanasi Kokkinakis,Yoshihito Nishioka,P2,10,False,P1,0.42997871339321136,0.5700212866067886,1.7304347826086959,2.3690476190476186,-10.0,971.5082742316785,Hard
2025-01-06,42786,Alex Michelsen,Sumit Nagal,P1,10,True,P1,0.8223513662815094,0.1776486337184906,1.2737306843267107,4.653225806451613,2.7373068432671066,974.2455810749456,Hard
2025-01-06,42787,Mariano Navone,Adrian Mannarino,P1,10,True,P1,0.4062598794698715,0.5937401205301285,2.5723270440251573,1.6360000000000001,15.723270440251573,989.9688515151971,Hard
2025-01-06,42760,Li Tu,James Duckworth,P1,10,True,P1,0.4850681722164154,0.5149318277835846,2.3157894736842106,1.7599999999999998,13.157894736842106,1003.1267462520392,Hard
2025-01-06,42761,Manuel Guinard,Roman Safiullin,P1,10,True,P1,0.26788316667079926,0.7321168333292007,5.1487603305785115,1.2410358565737052,41.487603305785115,1044.6143495578244,Hard
2025-01-06,42788,Luca Nardi,Flavio Cobolli,P2,10,False,P1,0.14081910997629166,0.8591808900237083,2.7828947368421053,1.5608856088560885,-10.0,1034.6143495578244,Hard
2025-01-06,42762,Marcos Giron,Aleksandar Vukic,P1,10,True,P1,0.5021500289440155,0.4978499710559845,2.0473684210526315,1.9547738693467334,10.473684210526315,1045.0880337683507,Hard
2025-01-06,42789,Lorenzo Sonego,Gabriel Diallo,P1,10,True,P1,0.610990047454834,0.389009952545166,2.0366492146596857,1.9646464646464645,10.366492146596858,1055.4545259149475,Hard
2025-01-06,42790,Facundo Diaz Acosta,Cameron Norrie,P2,10,False,P1,0.20898964256048203,0.791010357439518,4.404761904761904,1.2937062937062938,-10.0,1045.4545259149475,Hard
2025-01-06,42763,Miomir Kecmanovic,Alexander Bublik,P1,10,True,P1,0.6037268191576004,0.3962731808423996,1.7167381974248928,2.3952095808383236,7.1673819742489275,1052.6219078891963,Hard
2025-01-06,42791,Gael Monfils,Pedro Martinez,P1,10,True,P1,0.7663416787981987,0.2336583212018013,1.3208020050125313,4.1171875,3.208020050125313,1055.8299279393216,Hard
2025-01-06,42764,Arthur Cazaux,Adam Walton,P1,10,True,P1,0.6340394467115402,0.3659605532884598,1.7304347826086959,2.3690476190476186,7.304347826086959,1063.1342757654086,Hard
2025-01-06,42765,Brandon Nakashima,Yannick Hanfmann,P2,10,False,P1,0.5156490355730057,0.4843509644269943,1.3616438356164382,3.7651515151515156,-10.0,1053.1342757654086,Hard
2025-01-06,42792,Jan-Lennard Struff,Yunchaokete Bu,P2,10,False,P1,0.4889196455478668,0.5110803544521332,1.7599999999999998,2.3157894736842106,-10.0,1043.1342757654086,Hard
2025-01-06,42766,Rinky Hijikata,David Goffin,P2,10,False,P1,0.3906927555799484,0.6093072444200516,2.3157894736842106,1.7599999999999998,-10.0,1033.1342757654086,Hard
2025-01-06,42794,Jakub Mensik,Pablo Carreno Busta,P2,10,False,P1,0.44684989750385284,0.5531501024961472,1.3125,4.2,-10.0,1023.1342757654086,Hard
2025-01-06,42768,Felix Auger-Aliassime,Arthur Cazaux,P1,10,True,P1,0.6719587445259094,0.3280412554740906,1.5588235294117647,2.789473684210527,5.588235294117647,1028.7225110595261,Hard
2025-01-06,42769,Marcos Giron,Denis Shapovalov,P1,10,True,P1,0.437523290514946,0.562476709485054,2.834437086092715,1.5451263537906137,18.34437086092715,1047.0668819204534,Hard
2025-01-06,42796,Zizou Bergs,Luca Nardi,P1,10,True,P1,0.767918586730957,0.23208141326904297,1.6874999999999998,2.454545454545454,6.874999999999998,1053.9418819204534,Hard
2025-01-06,42797,Alex Michelsen,Lorenzo Sonego,P2,10,False,P1,0.5613770037889481,0.43862299621105194,1.6284584980237156,2.591194968553459,-10.0,1043.9418819204534,Hard
2025-01-06,42770,Miomir Kecmanovic,Christopher O'Connell,P2,10,False,P1,0.48282840847969055,0.5171715915203094,1.9356435643564356,2.0687830687830693,-10.0,1033.9418819204534,Hard
2025-01-06,42771,Rinky Hijikata,Brandon Nakashima,P1,10,True,P1,0.3528536409139633,0.6471463590860367,3.2553191489361706,1.4433962264150944,22.553191489361705,1056.4950734098152,Hard
2025-01-06,42798,Facundo Diaz Acosta,Sebastian Baez,P1,10,True,P1,0.5957668125629425,0.4042331874370575,1.8846153846153846,2.1304347826086953,8.846153846153847,1065.341227255969,Hard
2025-01-06,42772,Benjamin Bonzi,Li Tu,P1,10,True,P1,0.7226804941892624,0.2773195058107376,1.5357142857142856,2.8666666666666667,5.357142857142856,1070.6983701131119,Hard
2025-01-06,42799,Roberto Carballes Baena,Francisco Cerundolo,P1,10,True,P1,0.49445779621601105,0.505542203783989,2.74025974025974,1.5746268656716418,17.4025974025974,1088.1009675157093,Hard
2025-01-06,42800,Gael Monfils,Jan-Lennard Struff,P1,10,True,P1,0.6131879091262817,0.38681209087371826,2.262857142857143,1.7918552036199096,12.62857142857143,1100.7295389442806,Hard
2025-01-06,42773,Sebastian Korda,Alejandro Davidovich Fokina,P1,10,True,P1,0.6223535537719727,0.37764644622802734,2.3216374269005846,1.756637168141593,13.216374269005847,1113.9459132132865,Hard
2025-01-06,42774,Tommy Paul,Manuel Guinard,P2,10,False,P1,0.7631858885288239,0.23681411147117615,1.1002785515320335,10.972222222222221,-10.0,1103.9459132132865,Hard
2025-01-06,42801,Nuno Borges,Mariano Navone,P2,10,False,P1,0.6433452218770981,0.3566547781229019,1.5086505190311417,2.965986394557823,-10.0,1093.9459132132865,Hard
2025-01-06,42802,Jakub Mensik,Ben Shelton,P2,10,False,P1,0.40026403963565826,0.5997359603643417,2.268571428571429,1.7882882882882885,-10.0,1083.9459132132865,Hard
2025-01-06,42775,Thanasi Kokkinakis,Tomas Martin Etcheverry,P2,10,False,P1,0.49149319529533386,0.5085068047046661,1.6491935483870968,2.540372670807453,-10.0,1073.9459132132865,Hard
2025-01-06,42776,Tommy Paul,Rinky Hijikata,P2,10,False,P1,0.7279559671878815,0.27204403281211853,1.3144963144963144,4.1796875,-10.0,1063.9459132132865,Hard
2025-01-06,42804,Gael Monfils,Facundo Diaz Acosta,P1,10,True,P1,0.7891640216112137,0.21083597838878632,1.38135593220339,3.6222222222222222,3.8135593220338992,1067.7594725353204,Hard
2025-01-06,42777,Felix Auger-Aliassime,Marcos Giron,P2,10,False,P1,0.5036656409502029,0.49633435904979706,1.7004219409282701,2.4277108433734944,-10.0,1057.7594725353204,Hard
2025-01-06,42778,Miomir Kecmanovic,Benjamin Bonzi,P2,10,False,P1,0.5063924342393875,0.4936075657606125,1.668032786885246,2.4969325153374236,-10.0,1047.7594725353204,Hard
2025-01-06,42805,Zizou Bergs,Roberto Carballes Baena,P2,10,False,P1,0.5205566436052322,0.47944335639476776,1.7004219409282701,2.4277108433734944,-10.0,1037.7594725353204,Hard
2025-01-06,42806,Nuno Borges,Jakub Mensik,P1,10,True,P1,0.4003617763519287,0.5996382236480713,2.993197278911565,1.5017064846416384,19.931972789115648,1057.691445324436,Hard
2025-01-06,42779,Sebastian Korda,Thanasi Kokkinakis,P1,10,True,P1,0.6329998075962067,0.36700019240379333,1.7106382978723402,2.407185628742515,7.106382978723403,1064.7978283031593,Hard
2025-01-06,42780,Felix Auger-Aliassime,Tommy Paul,P2,10,False,P1,0.4239390045404434,0.5760609954595566,2.327485380116959,1.7533039647577093,-10.0,1054.7978283031593,Hard
2025-01-06,42808,Zizou Bergs,Nuno Borges,P1,10,True,P1,0.5384257137775421,0.4615742862224579,1.964824120603015,2.036458333333334,9.64824120603015,1064.4460695091896,Hard
2025-01-06,42781,Sebastian Korda,Miomir Kecmanovic,P1,10,True,P1,0.6480939984321594,0.3519060015678406,1.8450704225352113,2.183333333333333,8.450704225352112,1072.8967737345417,Hard
2025-01-06,42782,Felix Auger-Aliassime,Sebastian Korda,P2,10,False,P1,0.43976472318172455,0.5602352768182755,2.244318181818182,1.8036529680365299,-10.0,1062.8967737345417,Hard
2025-01-06,42809,Gael Monfils,Zizou Bergs,P1,10,True,P1,0.7448708564043045,0.2551291435956955,1.6612244897959183,2.5123456790123457,6.612244897959183,1069.509018632501,Hard
2025-01-13,42812,Alex de Minaur,Botic Van De Zandschulp,P2,10,False,P1,0.7990097925066948,0.2009902074933052,1.1019830028328612,10.805555555555554,-10.0,1059.509018632501,Hard
2025-01-13,42813,Joao Fonseca,Andrey Rublev,P1,10,True,P1,0.4184691309928894,0.5815308690071106,2.540372670807453,1.6491935483870968,15.403726708074533,1074.9127453405756,Hard
2025-01-13,42814,Holger Rune,Zhizhen Zhang,P1,10,True,P1,0.7570619583129883,0.24293804168701172,1.3614130434782608,3.7669172932330826,3.6141304347826075,1078.5268757753581,Hard
2025-01-13,42815,Lorenzo Musetti,Matteo Arnaldi,P2,10,False,P1,0.4581140875816345,0.5418859124183655,1.6399999999999997,2.5624999999999996,-10.0,1068.5268757753581,Hard
2025-01-13,42816,Hubert Hurkacz,Tallon Griekspoor,P2,10,False,P1,0.5950541496276855,0.40494585037231445,1.4375,3.285714285714286,-10.0,1058.5268757753581,Hard
2025-01-13,42817,Karen Khachanov,Adrian Mannarino,P2,10,False,P1,0.8347169309854507,0.16528306901454926,1.1674008810572687,6.973684210526316,-10.0,1048.5268757753581,Hard
2025-01-13,42818,Ben Shelton,Brandon Nakashima,P2,10,False,P1,0.598187729716301,0.40181227028369904,1.5490909090909089,2.821192052980132,-10.0,1038.5268757753581,Hard
2025-01-13,42819,Corentin Moutet,Alexei Popyrin,P1,10,True,P1,0.27328571677207947,0.7267142832279205,4.766129032258064,1.2655246252676657,37.66129032258064,1076.1881660979388,Hard
2025-01-13,42820,Gael Monfils,Giovanni Mpetshi Perricard,P1,10,True,P1,0.6469985544681549,0.3530014455318451,2.1767955801104972,1.8497652582159625,11.767955801104971,1087.9561218990439,Hard
2025-01-13,42821,Francisco Cerundolo,Alexander Bublik,P2,10,False,P1,0.5855069905519485,0.41449300944805145,1.668032786885246,2.4969325153374236,-10.0,1077.9561218990439,Hard
2025-01-13,42822,Tomas Martin Etcheverry,Flavio Cobolli,P2,10,False,P1,0.5186207145452499,0.48137928545475006,1.6585365853658534,2.518518518518518,-10.0,1067.9561218990439,Hard
2025-01-13,42823,Daniel Altmaier,Francisco Comesana,P1,10,True,P1,0.5457841604948044,0.4542158395051956,1.965,2.0362694300518136,9.65,1077.606121899044,Hard
2025-01-13,42824,Matteo Berrettini,Cameron Norrie,P2,10,False,P1,0.6505266577005386,0.34947334229946136,1.4565916398713825,3.1901408450704225,-10.0,1067.606121899044,Hard
2025-01-13,42826,Pablo Carreno Busta,Kamil Majchrzak,P1,10,True,P1,0.6623710542917252,0.33762894570827484,1.8119266055045873,2.2316384180790965,8.119266055045873,1075.72538795409,Hard
2025-01-13,42827,Gabriel Diallo,Luca Nardi,P1,10,True,P1,0.6844826638698578,0.3155173361301422,1.5034246575342465,2.9863945578231292,5.034246575342465,1080.7596345294323,Hard
2025-01-13,42828,Facundo Diaz Acosta,Zizou Bergs,P2,10,False,P1,0.30127179622650146,0.6987282037734985,2.9324324324324325,1.5174825174825177,-10.0,1070.7596345294323,Hard
2025-01-13,42829,Cristian Garin,Borna Coric,P2,10,False,P1,0.4207982122898102,0.5792017877101898,2.0634920634920637,1.9402985074626864,-10.0,1060.7596345294323,Hard
2025-01-13,42830,Marcos Giron,Yannick Hanfmann,P2,10,False,P1,0.5632137209177017,0.4367862790822983,1.3099273607748185,4.226562500000001,-10.0,1050.7596345294323,Hard
2025-01-13,42831,Miomir Kecmanovic,Dusan Lajovic,P2,10,False,P1,0.6083666831254959,0.3916333168745041,1.2790178571428572,4.584000000000001,-10.0,1040.7596345294323,Hard
2025-01-13,42832,Mitchell Krueger,Rinky Hijikata,P1,10,True,P1,0.3377832621335983,0.6622167378664017,3.0620689655172413,1.4849498327759196,20.620689655172413,1061.3803241846047,Hard
2025-01-13,42833,Denis Shapovalov,Roberto Bautista Agut,P2,10,False,P1,0.5639528930187225,0.43604710698127747,1.4017595307917887,3.489051094890511,-10.0,1051.3803241846047,Hard
2025-01-13,42834,Lorenzo Sonego,Stan Wawrinka,P2,10,False,P1,0.5016805082559586,0.49831949174404144,1.5138888888888888,2.9459459459459456,-10.0,1041.3803241846047,Hard
2025-01-13,42835,Learner Tien,Camilo Ugo Carabelli,P2,10,False,P1,0.7458813339471817,0.2541186660528183,1.2167577413479054,5.613445378151261,-10.0,1031.3803241846047,Hard
2025-01-13,42836,Jannik Sinner,Nicolas Jarry,P2,10,False,P1,0.9321661666035652,0.06783383339643478,1.0340567612687812,30.362745098039216,-10.0,1021.3803241846047,Hard
2025-01-13,42837,Carlos Alcaraz,Alexander Shevchenko,P2,10,False,P1,0.9112981222569942,0.08870187774300575,1.0290432801822322,35.4313725490196,-10.0,1011.3803241846047,Hard
2025-01-13,42839,Francesco Passaro,Grigor Dimitrov,P1,10,True,P1,0.09368696808815002,0.90631303191185,12.0,1.090909090909091,110.0,1121.3803241846047,Hard
2025-01-13,42840,Alex Michelsen,Stefanos Tsitsipas,P2,10,False,P1,0.35465364158153534,0.6453463584184647,2.4969325153374236,1.668032786885246,-10.0,1111.3803241846047,Hard
2025-01-13,42841,Tommy Paul,Christopher O'Connell,P2,10,False,P1,0.7090713232755661,0.2909286767244339,1.2092198581560285,5.779661016949153,-10.0,1101.3803241846047,Hard
2025-01-13,42842,Jack Draper,Mariano Navone,P2,10,False,P1,0.8681690916419029,0.13183090835809708,1.0971223021582734,11.296296296296296,-10.0,1091.3803241846047,Hard
2025-01-13,42843,Frances Tiafoe,Arthur Rinderknech,P2,10,False,P1,0.6707988381385803,0.3292011618614197,1.3038277511961724,4.291338582677165,-10.0,1081.3803241846047,Hard
2025-01-13,42844,Sebastian Korda,Lukas Klein,P1,10,True,P1,0.8016657680273056,0.1983342319726944,1.3919308357348703,3.551470588235294,3.919308357348703,1085.2996325419533,Hard
2025-01-13,42845,Roberto Carballes Baena,Alejandro Tabilo,P1,10,True,P1,0.5234397500753403,0.47656024992465973,2.86,1.5376344086021503,18.599999999999998,1103.8996325419532,Hard
2025-01-13,42846,Jordan Thompson,Dominik Koepfer,P2,10,False,P1,0.6979702264070511,0.3020297735929489,1.4263803680981593,3.345323741007194,-10.0,1093.8996325419532,Hard
2025-01-13,42847,Arthur Cazaux,Sebastian Baez,P2,10,False,P1,0.6424283683300018,0.35757163166999817,1.4536741214057507,3.2042253521126765,-10.0,1083.8996325419532,Hard
2025-01-13,42848,Felix Auger-Aliassime,Jan-Lennard Struff,P1,10,True,P1,0.6619024723768234,0.3380975276231766,1.5228070175438597,2.9127516778523495,5.228070175438598,1089.127702717392,Hard
2025-01-13,42849,Benjamin Bonzi,David Goffin,P2,10,False,P1,0.48811963200569153,0.5118803679943085,1.6874999999999998,2.454545454545454,-10.0,1079.127702717392,Hard
2025-01-13,42850,Nuno Borges,Alexandre Muller,P2,10,False,P1,0.5453180521726608,0.4546819478273392,1.7391304347826089,2.3529411764705883,-10.0,1069.127702717392,Hard
2025-01-13,42851,Alejandro Davidovich Fokina,Juncheng Shang,P1,10,True,P1,0.5765158534049988,0.4234841465950012,2.14207650273224,1.8755980861244024,11.420765027322402,1080.5484677447143,Hard
2025-01-13,42852,James Duckworth,Dominic Stricker,P2,10,False,P1,0.361846387386322,0.638153612613678,1.879807692307692,2.1366120218579234,-10.0,1070.5484677447143,Hard
2025-01-13,42855,Thanasi Kokkinakis,Roman Safiullin,P1,10,True,P1,0.6128808706998825,0.3871191293001175,1.6874999999999998,2.454545454545454,6.874999999999998,1077.4234677447143,Hard
2025-01-13,42856,Fabian Marozsan,Thiago Seyboth Wild,P2,10,False,P1,0.6829749941825867,0.31702500581741333,1.461290322580645,3.167832167832168,-10.0,1067.4234677447143,Hard
2025-01-13,42858,Jakub Mensik,Nikoloz Basilashvili,P2,10,False,P1,0.8106774985790253,0.18932250142097473,1.1835443037974684,6.448275862068967,-10.0,1057.4234677447143,Hard
2025-01-13,42859,Yoshihito Nishioka,Aziz Dougaz,P2,10,False,P1,0.7830679565668106,0.2169320434331894,1.2081128747795415,5.805084745762714,-10.0,1047.4234677447143,Hard
2025-01-13,42861,Aleksandar Vukic,Damir Dzumhur,P1,10,True,P1,0.7379524260759354,0.26204757392406464,1.3764044943820226,3.656716417910447,3.764044943820226,1051.1875126885345,Hard
2025-01-13,42862,Alexander Zverev,Lucas Pouille,P2,10,False,P1,0.9214697554707527,0.07853024452924728,1.0496864447660397,21.126213592233015,-10.0,1041.1875126885345,Hard
2025-01-13,42863,Casper Ruud,Jaume Munar,P1,10,True,P1,0.8603837490081787,0.1396162509918213,1.2084805653710247,5.796610169491526,2.0848056537102466,1043.2723183422447,Hard
2025-01-13,42865,Arthur Fils,Otto Virtanen,P2,10,False,P1,0.7211059927940369,0.27889400720596313,1.1545827633378933,7.469026548672566,-10.0,1033.2723183422447,Hard
2025-01-13,42866,Jiri Lehecka,Li Tu,P2,10,False,P1,0.866614393889904,0.13338560611009598,1.1353658536585367,8.387387387387387,-10.0,1023.2723183422447,Hard
2025-01-13,42867,Tomas Machac,Sumit Nagal,P2,10,False,P1,0.9059019386768341,0.0940980613231659,1.0836621941594318,12.952830188679243,-10.0,1013.2723183422447,Hard
2025-01-13,42869,Hady Habib,Yunchaokete Bu,P2,10,False,P1,0.23978117853403091,0.7602188214659691,3.4744525547445253,1.4041297935103245,-10.0,1003.2723183422447,Hard
2025-01-13,42870,Quentin Halys,Adam Walton,P1,10,True,P1,0.5836318880319595,0.41636811196804047,2.057894736842105,1.9452736318407962,10.578947368421051,1013.8512657106658,Hard
2025-01-13,42871,Pedro Martinez,Luciano Darderi,P2,10,False,P1,0.5876524746417999,0.4123475253582001,1.6653061224489796,2.503067484662577,-10.0,1003.8512657106658,Hard
2025-01-13,42872,Kei Nishikori,Thiago Monteiro,P1,10,True,P1,0.8412051871418953,0.1587948128581047,1.2531120331950205,4.950819672131147,2.531120331950205,1006.382386042616,Hard
2025-01-13,42875,Taylor Fritz,Cristian Garin,P2,10,False,P1,0.7992745190858841,0.2007254809141159,1.0571428571428572,18.5,-10.0,996.382386042616,Hard
2025-01-13,42876,Learner Tien,Daniil Medvedev,P2,10,False,P1,0.14345061779022217,0.8565493822097778,6.938596491228071,1.168389955686854,-10.0,986.382386042616,Hard
2025-01-13,42878,Holger Rune,Matteo Berrettini,P1,10,True,P1,0.5709335207939148,0.4290664792060852,2.308139534883721,1.7644444444444443,13.08139534883721,999.4637813914532,Hard
2025-01-13,42879,Lorenzo Musetti,Denis Shapovalov,P2,10,False,P1,0.41084541380405426,0.5891545861959457,2.1304347826086953,1.8846153846153846,-10.0,989.4637813914532,Hard
2025-01-13,42880,Fabian Marozsan,Frances Tiafoe,P1,10,True,P1,0.3899407237768173,0.6100592762231827,2.6202531645569613,1.6171874999999998,16.202531645569614,1005.6663130370227,Hard
2025-01-13,42881,Miomir Kecmanovic,Hubert Hurkacz,P1,10,True,P1,0.31790702044963837,0.6820929795503616,3.6074074074074076,1.3835227272727273,26.074074074074076,1031.7403871110969,Hard
2025-01-13,42882,Karen Khachanov,Gabriel Diallo,P1,10,True,P1,0.7977847680449486,0.20221523195505142,1.3402597402597405,3.9389312977099245,3.402597402597405,1035.1429845136943,Hard
2025-01-13,42883,Ben Shelton,Pablo Carreno Busta,P2,10,False,P1,0.600813016295433,0.39918698370456696,1.350132625994695,3.856060606060606,-10.0,1025.1429845136943,Hard
2025-01-13,42884,Francisco Cerundolo,Facundo Diaz Acosta,P2,10,False,P1,0.6121124178171158,0.3878875821828842,1.3908045977011494,3.5588235294117645,-10.0,1015.1429845136943,Hard
2025-01-13,42885,Marcos Giron,Tomas Martin Etcheverry,P1,10,True,P1,0.5051927715539932,0.4948072284460068,2.0471204188481673,1.9549999999999998,10.471204188481673,1025.6141887021759,Hard
2025-01-13,42887,Gael Monfils,Daniel Altmaier,P1,10,True,P1,0.7919539585709572,0.20804604142904282,1.2780269058295963,4.596774193548388,2.7802690582959633,1028.3944577604718,Hard
2025-01-13,42888,Corentin Moutet,Mitchell Krueger,P1,10,True,P1,0.6427665650844574,0.3572334349155426,1.5977011494252877,2.673076923076923,5.977011494252878,1034.3714692547246,Hard
2025-01-13,42889,Lorenzo Sonego,Joao Fonseca,P1,10,True,P1,0.39560753107070923,0.6043924689292908,4.950819672131147,1.2531120331950205,39.50819672131147,1073.879665976036,Hard
2025-01-13,42890,Alexander Zverev,Pedro Martinez,P2,10,False,P1,0.8996560797095299,0.10034392029047012,1.0363247863247862,28.529411764705877,-10.0,1063.879665976036,Hard
2025-01-13,42891,Carlos Alcaraz,Yoshihito Nishioka,P2,10,False,P1,0.8948124423623085,0.1051875576376915,1.0345177664974619,29.970588235294112,-10.0,1053.879665976036,Hard
2025-01-13,42892,Jakub Mensik,Casper Ruud,P2,10,False,P1,0.3428804874420166,0.6571195125579834,2.2191011235955056,1.8202764976958523,-10.0,1043.879665976036,Hard
2025-01-13,42894,Tommy Paul,Kei Nishikori,P2,10,False,P1,0.6136079728603363,0.3863920271396637,1.488215488215488,3.048275862068966,-10.0,1033.879665976036,Hard
2025-01-13,42895,Ugo Humbert,Hady Habib,P2,10,False,P1,0.7703066021203995,0.22969339787960052,1.1537414965986394,7.504424778761061,-10.0,1023.879665976036,Hard
2025-01-13,42896,Jack Draper,Thanasi Kokkinakis,P1,10,True,P1,0.665221095085144,0.33477890491485596,1.5034246575342465,2.9863945578231292,5.034246575342465,1028.9139125513784,Hard
2025-01-13,42897,Arthur Fils,Quentin Halys,P2,10,False,P1,0.6321635246276855,0.36783647537231445,1.2771618625277161,4.608,-10.0,1018.9139125513784,Hard
2025-01-13,42898,Aleksandar Vukic,Sebastian Korda,P1,10,True,P1,0.3238295614719391,0.6761704385280609,4.2421875,1.308433734939759,32.421875,1051.3357875513784,Hard
2025-01-13,42899,Jiri Lehecka,Hugo Gaston,P2,10,False,P1,0.7686785459518433,0.23132145404815674,1.1122554067971164,9.908256880733946,-10.0,1041.3357875513784,Hard
2025-01-13,42900,Tomas Machac,Reilly Opelka,P2,10,False,P1,0.6043827384710312,0.3956172615289688,1.385714285714286,3.592592592592593,-10.0,1031.3357875513784,Hard
2025-01-13,42901,Nuno Borges,Jordan Thompson,P2,10,False,P1,0.39739184081554413,0.6026081591844559,2.0,2.0,-10.0,1021.3357875513784,Hard
2025-01-13,42902,Alejandro Davidovich Fokina,Felix Auger-Aliassime,P1,10,True,P1,0.2680044025182724,0.7319955974817276,3.9312977099236637,1.3411458333333335,29.312977099236637,1050.648764650615,Hard
2025-01-13,42903,Benjamin Bonzi,Francesco Passaro,P2,10,False,P1,0.6848767995834351,0.31512320041656494,1.3121951219512196,4.203125,-10.0,1040.648764650615,Hard
2025-01-13,42904,Roberto Carballes Baena,James Duckworth,P1,10,True,P1,0.7132344245910645,0.28676557540893555,1.6653061224489796,2.503067484662577,6.653061224489796,1047.301825875105,Hard
2025-01-13,42906,Jannik Sinner,Marcos Giron,P2,10,False,P1,0.9497762005776167,0.05022379942238331,1.0312022025084124,33.04901960784313,-10.0,1037.301825875105,Hard
2025-01-13,42907,Gael Monfils,Taylor Fritz,P1,10,True,P1,0.3715490400791168,0.6284509599208832,7.548672566371684,1.1527027027027026,65.48672566371684,1102.7885515388218,Hard
2025-01-13,42908,Alex de Minaur,Francisco Cerundolo,P2,10,False,P1,0.7131519913673401,0.2868480086326599,1.131360946745562,8.61261261261261,-10.0,1092.7885515388218,Hard
2025-01-13,42909,Holger Rune,Miomir Kecmanovic,P1,10,True,P1,0.694499596953392,0.30550040304660797,1.5395683453237412,2.853333333333333,5.395683453237412,1098.1842349920591,Hard
2025-01-13,42910,Ben Shelton,Lorenzo Musetti,P2,10,False,P1,0.5782106667757034,0.42178933322429657,1.670781893004115,2.4907975460122698,-10.0,1088.1842349920591,Hard
2025-01-13,42911,Alex Michelsen,Karen Khachanov,P2,10,False,P1,0.35767318308353424,0.6423268169164658,2.5624999999999996,1.6399999999999997,-10.0,1078.1842349920591,Hard
2025-01-13,42912,Lorenzo Sonego,Fabian Marozsan,P2,10,False,P1,0.4416186511516571,0.5583813488483429,1.8937198067632852,2.1189189189189186,-10.0,1068.1842349920591,Hard
2025-01-13,42913,Learner Tien,Corentin Moutet,P2,10,False,P1,0.43771475553512573,0.5622852444648743,1.974747474747475,2.0259067357512954,-10.0,1058.1842349920591,Hard
2025-01-13,42915,Carlos Alcaraz,Nuno Borges,P2,10,False,P1,0.8973280191421509,0.10267198085784912,1.044017094017094,23.718446601941746,-10.0,1048.1842349920591,Hard
2025-01-13,42916,Novak Djokovic,Tomas Machac,P1,10,True,P1,0.8612472712993622,0.13875272870063782,1.251546391752577,4.975409836065573,2.515463917525771,1050.6996989095849,Hard
2025-01-13,42917,Tommy Paul,Roberto Carballes Baena,P2,10,False,P1,0.7310463041067123,0.26895369589328766,1.1861958266452648,6.370689655172415,-10.0,1040.6996989095849,Hard
2025-01-13,42918,Ugo Humbert,Arthur Fils,P1,10,True,P1,0.7001370638608932,0.29986293613910675,1.6903765690376567,2.4484848484848483,6.9037656903765665,1047.6034645999614,Hard
2025-01-13,42919,Jack Draper,Aleksandar Vukic,P2,10,False,P1,0.7757691815495491,0.2242308184504509,1.2268431001890359,5.408333333333332,-10.0,1037.6034645999614,Hard
2025-01-13,42920,Jiri Lehecka,Benjamin Bonzi,P2,10,False,P1,0.6610158681869507,0.3389841318130493,1.3216957605985038,4.108527131782946,-10.0,1027.6034645999614,Hard
2025-01-13,42921,Alejandro Davidovich Fokina,Jakub Mensik,P1,10,True,P1,0.4945961534976959,0.5054038465023041,2.7096774193548385,1.5849056603773586,17.096774193548384,1044.7002387935097,Hard
2025-01-13,42922,Jannik Sinner,Holger Rune,P2,10,False,P1,0.8291629627346992,0.17083703726530075,1.095280498664292,11.495327102803738,-10.0,1034.7002387935097,Hard
2025-01-13,42923,Alex de Minaur,Alex Michelsen,P2,10,False,P1,0.7202482968568802,0.2797517031431198,1.3106796116504853,4.218749999999999,-10.0,1024.7002387935097,Hard
2025-01-13,42924,Ben Shelton,Gael Monfils,P2,10,False,P1,0.404712975025177,0.595287024974823,1.6399999999999997,2.5624999999999996,-10.0,1014.7002387935097,Hard
2025-01-13,42925,Lorenzo Sonego,Learner Tien,P2,10,False,P1,0.5222345739603043,0.47776542603969574,1.7837837837837835,2.275862068965517,-10.0,1004.7002387935097,Hard
2025-01-13,42926,Alexander Zverev,Ugo Humbert,P2,10,False,P1,0.6161297112703323,0.38387028872966766,1.198641765704584,6.034188034188034,-10.0,994.7002387935097,Hard
2025-01-13,42927,Carlos Alcaraz,Jack Draper,P2,10,False,P1,0.7353191375732422,0.2646808624267578,1.1083499005964215,10.229357798165138,-10.0,984.7002387935097,Hard
2025-01-13,42928,Novak Djokovic,Jiri Lehecka,P1,10,True,P1,0.8491394370794296,0.15086056292057037,1.262820512820513,4.8048780487804885,2.62820512820513,987.3284439217148,Hard
2025-01-13,42929,Tommy Paul,Alejandro Davidovich Fokina,P2,10,False,P1,0.6801863312721252,0.31981366872787476,1.2777777777777775,4.6000000000000005,-10.0,977.3284439217148,Hard
2025-01-13,42930,Jannik Sinner,Alex de Minaur,P1,10,True,P1,0.8628032803535461,0.13719671964645386,1.2228464419475658,5.487394957983193,2.2284644194756575,979.5569083411905,Hard
2025-01-13,42931,Ben Shelton,Lorenzo Sonego,P2,10,False,P1,0.676174059510231,0.323825940489769,1.4347826086956523,3.3000000000000007,-10.0,969.5569083411905,Hard
2025-01-13,42932,Alexander Zverev,Tommy Paul,P2,10,False,P1,0.6866153627634048,0.31338463723659515,1.4,3.4999999999999996,-10.0,959.5569083411905,Hard
2025-01-13,42933,Novak Djokovic,Carlos Alcaraz,P1,10,True,P1,0.6113414317369461,0.3886585682630539,2.6794871794871793,1.5954198473282442,16.794871794871792,976.3517801360623,Hard
2025-01-13,42934,Jannik Sinner,Ben Shelton,P2,10,False,P1,0.8576720505952835,0.1423279494047165,1.1083499005964215,10.229357798165138,-10.0,966.3517801360623,Hard
2025-01-13,42935,Alexander Zverev,Novak Djokovic,P2,10,False,P1,0.29600439965724945,0.7039956003427505,2.503067484662577,1.6653061224489796,-10.0,956.3517801360623,Hard
2025-01-13,42936,Jannik Sinner,Alexander Zverev,P2,10,False,P1,0.7088409960269928,0.2911590039730072,1.372222222222222,3.686567164179104,-10.0,946.3517801360623,Hard
2025-01-27,42937,Aleksandar Kovacevic,David Goffin,P2,10,False,P1,0.2859809547662735,0.7140190452337265,1.6962025316455698,2.436363636363637,-10.0,936.3517801360623,Hard
2025-01-27,42938,Nikoloz Basilashvili,Mikhail Kukushkin,P2,10,False,P1,0.48543597757816315,0.5145640224218369,1.7488986784140967,2.335294117647059,-10.0,926.3517801360623,Hard
2025-01-27,42939,Jesper de Jong,Quentin Halys,P2,10,False,P1,0.3130234032869339,0.6869765967130661,2.66025641025641,1.6023166023166024,-10.0,916.3517801360623,Hard
2025-01-27,42940,Tallon Griekspoor,Botic Van De Zandschulp,P2,10,False,P1,0.5641355514526367,0.4358644485473633,1.7063829787234042,2.41566265060241,-10.0,906.3517801360623,Hard
2025-01-27,42941,Arthur Rinderknech,Harold Mayot,P2,10,False,P1,0.6561713218688965,0.3438286781311035,1.4948805460750851,3.020689655172414,-10.0,896.3517801360623,Hard
2025-01-27,42942,Mattia Bellucci,Lucas Pouille,P2,10,False,P1,0.3693110793828964,0.6306889206171036,2.1027027027027025,1.9068627450980393,-10.0,886.3517801360623,Hard
2025-01-27,42944,Richard Gasquet,Adrian Mannarino,P2,10,False,P1,0.4076851159334183,0.5923148840665817,2.1483516483516483,1.8708133971291872,-10.0,876.3517801360623,Hard
2025-01-27,42945,Constant Lestienne,Borna Coric,P2,10,False,P1,0.24728482961654663,0.7527151703834534,2.0,2.0,-10.0,866.3517801360623,Hard
2025-01-27,42946,Yunchaokete Bu,Daniel Altmaier,P2,10,False,P1,0.5187696218490601,0.48123037815093994,1.7792792792792793,2.2832369942196533,-10.0,856.3517801360623,Hard
2025-01-27,42947,Arthur Cazaux,Stan Wawrinka,P2,10,False,P1,0.47625596821308136,0.5237440317869186,1.6093750000000002,2.641025641025641,-10.0,846.3517801360623,Hard
2025-01-27,42948,Dominik Koepfer,Gregoire Barrere,P1,10,True,P1,0.7081840634346008,0.29181593656539917,2.1027027027027025,1.9068627450980393,11.027027027027025,857.3788071630893,Hard
2025-01-27,42949,Jesper de Jong,Flavio Cobolli,P2,10,False,P1,0.30342158675193787,0.6965784132480621,2.6496815286624202,1.606177606177606,-10.0,847.3788071630893,Hard
2025-01-27,42950,Tallon Griekspoor,Richard Gasquet,P1,10,True,P1,0.6821900904178619,0.31780990958213806,1.4736842105263157,3.1111111111111107,4.7368421052631575,852.1156492683524,Hard
2025-01-27,42951,Nikoloz Basilashvili,Arthur Rinderknech,P2,10,False,P1,0.3669882267713547,0.6330117732286453,2.36094674556213,1.7347826086956524,-10.0,842.1156492683524,Hard
2025-01-27,42952,Aleksandar Kovacevic,Mattia Bellucci,P2,10,False,P1,0.3981066048145294,0.6018933951854706,1.8036529680365299,2.244318181818182,-10.0,832.1156492683524,Hard
2025-01-27,42953,Andrey Rublev,Christopher Eubanks,P2,10,False,P1,0.6311422437429428,0.3688577562570572,1.2937062937062938,4.404761904761904,-10.0,822.1156492683524,Hard
2025-01-27,42954,Felix Auger-Aliassime,Arthur Cazaux,P1,10,True,P1,0.7271636873483658,0.2728363126516342,1.4642857142857142,3.153846153846154,4.642857142857142,826.7585064112095,Hard
2025-01-27,42955,Alexander Bublik,Dominik Koepfer,P2,10,False,P1,0.3566543310880661,0.6433456689119339,1.8119266055045873,2.2316384180790965,-10.0,816.7585064112095,Hard
2025-01-27,42956,Yunchaokete Bu,Constant Lestienne,P1,10,True,P1,0.7790406048297882,0.2209593951702118,1.6465863453815262,2.546583850931677,6.4658634538152615,823.2243698650248,Hard
2025-01-27,42957,Andrey Rublev,Nikoloz Basilashvili,P2,10,False,P1,0.6217607706785202,0.3782392293214798,1.2737306843267107,4.653225806451613,-10.0,813.2243698650248,Hard
2025-01-27,42958,Felix Auger-Aliassime,Yunchaokete Bu,P2,10,False,P1,0.7338433563709259,0.2661566436290741,1.2930232558139536,4.412698412698413,-10.0,803.2243698650248,Hard
2025-01-27,42959,Aleksandar Kovacevic,Alexander Bublik,P2,10,False,P1,0.3839499205350876,0.6160500794649124,2.327485380116959,1.7533039647577093,-10.0,793.2243698650248,Hard
2025-01-27,42960,Jesper de Jong,Tallon Griekspoor,P2,10,False,P1,0.27050599455833435,0.7294940054416656,3.0689655172413794,1.4833333333333332,-10.0,783.2243698650248,Hard
2025-01-27,42961,Aleksandar Kovacevic,Andrey Rublev,P1,10,True,P1,0.3177515119314194,0.6822484880685806,4.0307692307692315,1.3299492385786804,30.307692307692314,813.532062172717,Hard
2025-01-27,42962,Felix Auger-Aliassime,Jesper de Jong,P2,10,False,P1,0.7680764198303223,0.23192358016967773,1.2358674463937622,5.239669421487603,-10.0,803.532062172717,Hard
2025-01-27,42963,Felix Auger-Aliassime,Aleksandar Kovacevic,P1,10,True,P1,0.8125162646174431,0.18748373538255692,1.3241206030150756,4.0852713178294575,3.241206030150756,806.7732682028678,Hard
2025-02-03,43123,Arthur Fils,Constant Lestienne,P1,10,True,P1,0.8728422112762928,0.1271577887237072,1.2536382536382535,4.942622950819672,2.5363825363825354,809.3096507392504,Hard
2025-02-03,43092,Taylor Fritz,Arthur Rinderknech,P2,10,False,P1,0.8417663648724556,0.1582336351275444,1.1479524438573316,7.758928571428571,-10.0,799.3096507392504,Hard
2025-02-03,43093,Tomas Machac,Kei Nishikori,P2,10,False,P1,0.6253207474946976,0.37467925250530243,1.5671641791044775,2.7631578947368425,-10.0,789.3096507392504,Hard
2025-02-03,43094,Michael Mmoh,Roberto Carballes Baena,P2,10,False,P1,0.3825976252555847,0.6174023747444153,2.3952095808383236,1.7167381974248928,-10.0,779.3096507392504,Hard
2025-02-03,43125,Tallon Griekspoor,Matteo Berrettini,P1,10,True,P1,0.39500191807746887,0.6049980819225311,2.6178343949044587,1.6181102362204727,16.17834394904459,795.487994688295,Hard
2025-02-03,43126,Fabian Marozsan,Jan-Lennard Struff,P1,10,True,P1,0.4956246018409729,0.5043753981590271,2.4096385542168677,1.7094017094017095,14.096385542168676,809.5843802304637,Hard
2025-02-03,43095,Jaume Munar,Yunchaokete Bu,P2,10,False,P1,0.34725771844387054,0.6527422815561295,2.436363636363637,1.6962025316455698,-10.0,799.5843802304637,Hard
2025-02-03,43127,Andrea Vavassori,Felix Auger-Aliassime,P2,10,False,P1,0.12248266488313675,0.8775173351168633,8.045045045045043,1.1419437340153453,-10.0,789.5843802304637,Hard
2025-02-03,43096,Yoshihito Nishioka,Brandon Nakashima,P1,10,True,P1,0.550338014960289,0.449661985039711,2.66025641025641,1.6023166023166024,16.602564102564102,806.1869443330278,Hard
2025-02-03,43097,Reilly Opelka,Alexander Shevchenko,P2,10,False,P1,0.5533726662397385,0.44662733376026154,1.4430379746835442,3.2571428571428576,-10.0,796.1869443330278,Hard
2025-02-03,43128,Carlos Alcaraz,Botic Van De Zandschulp,P2,10,False,P1,0.908909734338522,0.09109026566147804,1.0991658943466172,11.084112149532709,-10.0,786.1869443330278,Hard
2025-02-03,43098,Denis Shapovalov,Miomir Kecmanovic,P2,10,False,P1,0.4995238482952118,0.5004761517047882,1.7241379310344829,2.380952380952381,-10.0,776.1869443330278,Hard
2025-02-03,43129,Alex de Minaur,David Goffin,P2,10,False,P1,0.8790964931249619,0.12090350687503815,1.1138975966562175,9.779816513761467,-10.0,766.1869443330278,Hard
2025-02-03,43130,Andrey Rublev,Zhizhen Zhang,P2,10,False,P1,0.5745710581541061,0.42542894184589386,1.28604118993135,4.496,-10.0,756.1869443330278,Hard
2025-02-03,43100,Tommy Paul,Jenson Brooksby,P2,10,False,P1,0.6928545534610748,0.30714544653892517,1.113660062565172,9.79816513761468,-10.0,746.1869443330278,Hard
2025-02-03,43131,Holger Rune,Lorenzo Sonego,P1,10,True,P1,0.7321499884128571,0.26785001158714294,1.3901734104046242,3.562962962962963,3.9017341040462417,750.088678437074,Hard
2025-02-03,43101,Ben Shelton,Aleksandar Vukic,P2,10,False,P1,0.6808424293994904,0.31915757060050964,1.262820512820513,4.8048780487804885,-10.0,740.088678437074,Hard
2025-02-03,43132,Jiri Lehecka,Alexei Popyrin,P2,10,False,P1,0.6417314410209656,0.3582685589790344,1.4533762057877813,3.2056737588652484,-10.0,730.088678437074,Hard
2025-02-03,43133,Pedro Martinez,Roberto Bautista Agut,P2,10,False,P1,0.3372708708047867,0.6627291291952133,2.457317073170732,1.686192468619247,-10.0,720.088678437074,Hard
2025-02-03,43102,Cameron Norrie,Alex Michelsen,P1,10,True,P1,0.3703436106443405,0.6296563893556595,2.7051282051282053,1.586466165413534,17.05128205128205,737.1399604883561,Hard
2025-02-03,43134,Jakub Mensik,Alexander Bublik,P2,10,False,P1,0.6262298673391342,0.3737701326608658,1.4640522875816993,3.154929577464789,-10.0,727.1399604883561,Hard
2025-02-03,43103,Frances Tiafoe,Taro Daniel,P2,10,False,P1,0.7649650126695633,0.2350349873304367,1.2253787878787878,5.436974789915966,-10.0,717.1399604883561,Hard
2025-02-03,43104,Matteo Arnaldi,Christopher Eubanks,P1,10,True,P1,0.6621527671813965,0.3378472328186035,1.8443396226415094,2.1843575418994416,8.443396226415095,725.5833567147712,Hard
2025-02-03,43135,Daniil Medvedev,Stan Wawrinka,P2,10,False,P1,0.7635601982474327,0.2364398017525673,1.1969696969696968,6.0769230769230775,-10.0,715.5833567147712,Hard
2025-02-03,43136,Stefanos Tsitsipas,Harold Mayot,P1,10,True,P1,0.8069944679737091,0.1930055320262909,1.3596730245231607,3.78030303030303,3.5967302452316074,719.1800869600028,Hard
2025-02-03,43137,Hubert Hurkacz,Flavio Cobolli,P2,10,False,P1,0.6803519427776337,0.31964805722236633,1.3606557377049182,3.7727272727272734,-10.0,709.1800869600028,Hard
2025-02-03,43106,Rinky Hijikata,Adrian Mannarino,P2,10,False,P1,0.5083468854427338,0.49165311455726624,1.811059907834101,2.2329545454545454,-10.0,699.1800869600028,Hard
2025-02-03,43139,Carlos Alcaraz,Andrea Vavassori,P1,10,True,P1,0.9494680669158697,0.05053193308413029,1.1518987341772151,7.583333333333331,1.5189873417721511,700.6990743017749,Hard
2025-02-03,43108,Denis Shapovalov,Taylor Fritz,P2,10,False,P1,0.2476225197315216,0.7523774802684784,3.9923076923076914,1.3341902313624678,-10.0,690.6990743017749,Hard
2025-02-03,43140,Alex de Minaur,Jakub Mensik,P1,10,True,P1,0.7630425915122032,0.23695740848779678,1.4242424242424243,3.357142857142857,4.242424242424243,694.9414985441991,Hard
2025-02-03,43109,Casper Ruud,Michael Mmoh,P2,10,False,P1,0.696865975856781,0.303134024143219,1.233140655105973,5.289256198347108,-10.0,684.9414985441991,Hard
2025-02-03,43141,Andrey Rublev,Fabian Marozsan,P2,10,False,P1,0.5858974605798721,0.41410253942012787,1.3091787439613527,4.234375,-10.0,674.9414985441991,Hard
2025-02-03,43111,Jaume Munar,Ben Shelton,P1,10,True,P1,0.16825120151042938,0.8317487984895706,7.910714285714286,1.144702842377261,69.10714285714286,744.048641401342,Hard
2025-02-03,43142,Pedro Martinez,Holger Rune,P2,10,False,P1,0.19652289152145386,0.8034771084785461,4.130081300813009,1.3194805194805195,-10.0,734.048641401342,Hard
2025-02-03,43112,Yoshihito Nishioka,Frances Tiafoe,P1,10,True,P1,0.40497931838035583,0.5950206816196442,2.673076923076923,1.5977011494252877,16.73076923076923,750.7794106321113,Hard
2025-02-03,43143,Stefanos Tsitsipas,Tallon Griekspoor,P1,10,True,P1,0.6236577779054642,0.3763422220945358,1.8240740740740737,2.2134831460674156,8.240740740740737,759.0201513728521,Hard
2025-02-03,43113,Tomas Machac,Rinky Hijikata,P2,10,False,P1,0.7469131723046303,0.2530868276953697,1.1805337519623234,6.539130434782609,-10.0,749.0201513728521,Hard
2025-02-03,43144,Daniel Altmaier,Arthur Fils,P1,10,True,P1,0.23850039392709732,0.7614996060729027,4.568,1.2802690582959642,35.67999999999999,784.700151372852,Hard
2025-02-03,43114,Matteo Arnaldi,Alejandro Davidovich Fokina,P1,10,True,P1,0.4971882700920105,0.5028117299079895,2.333333333333333,1.75,13.33333333333333,798.0334847061854,Hard
2025-02-03,43145,Mattia Bellucci,Daniil Medvedev,P2,10,False,P1,0.2029135599732399,0.7970864400267601,3.7938931297709924,1.3579234972677594,-10.0,788.0334847061854,Hard
2025-02-03,43146,Hubert Hurkacz,Jiri Lehecka,P1,10,True,P1,0.5269103497266769,0.47308965027332306,2.2134831460674156,1.8240740740740737,12.134831460674157,800.1683161668595,Hard
2025-02-03,43115,Reilly Opelka,Cameron Norrie,P2,10,False,P1,0.5024093687534332,0.4975906312465668,1.7882882882882885,2.268571428571429,-10.0,790.1683161668595,Hard
2025-02-03,43116,Casper Ruud,Yoshihito Nishioka,P2,10,False,P1,0.648064985871315,0.351935014128685,1.4320987654320987,3.3142857142857145,-10.0,780.1683161668595,Hard
2025-02-03,43147,Carlos Alcaraz,Pedro Martinez,P1,10,True,P1,0.9254893437027931,0.07451065629720688,1.146938775510204,7.805555555555554,1.4693877551020407,781.6377039219616,Hard
2025-02-03,43148,Alex de Minaur,Daniel Altmaier,P2,10,False,P1,0.83601975440979,0.16398024559020996,1.1031518624641832,10.694444444444443,-10.0,771.6377039219616,Hard
2025-02-03,43117,Tommy Paul,Reilly Opelka,P2,10,False,P1,0.5896251201629639,0.41037487983703613,1.6196078431372551,2.613924050632911,-10.0,761.6377039219616,Hard
2025-02-03,43118,Denis Shapovalov,Tomas Machac,P2,10,False,P1,0.3594020903110504,0.6405979096889496,2.2191011235955056,1.8202764976958523,-10.0,751.6377039219616,Hard
2025-02-03,43149,Hubert Hurkacz,Andrey Rublev,P1,10,True,P1,0.5710072815418243,0.42899271845817566,2.1475409836065573,1.8714285714285714,11.475409836065573,763.1131137580271,Hard
2025-02-03,43119,Jaume Munar,Matteo Arnaldi,P2,10,False,P1,0.33236779272556305,0.667632207274437,2.591194968553459,1.6284584980237156,-10.0,753.1131137580271,Hard
2025-02-03,43150,Mattia Bellucci,Stefanos Tsitsipas,P2,10,False,P1,0.23500391095876694,0.7649960890412331,2.8068965517241384,1.5534351145038168,-10.0,743.1131137580271,Hard
2025-02-03,43120,Casper Ruud,Jaume Munar,P1,10,True,P1,0.7823300361633301,0.21766996383666992,1.4169184290030208,3.3985507246376816,4.169184290030207,747.2822980480573,Hard
2025-02-03,43151,Carlos Alcaraz,Hubert Hurkacz,P1,10,True,P1,0.8599228337407112,0.1400771662592888,1.2889908256880735,4.4603174603174605,2.8899082568807355,750.1722063049381,Hard
2025-02-03,43152,Alex de Minaur,Mattia Bellucci,P1,10,True,P1,0.8574595153331757,0.14254048466682434,1.2285714285714284,5.375,2.2857142857142843,752.4579205906524,Hard
2025-02-03,43121,Denis Shapovalov,Tommy Paul,P2,10,False,P1,0.3237813860177994,0.6762186139822006,2.688311688311688,1.5923076923076922,-10.0,742.4579205906524,Hard
2025-02-03,43153,Carlos Alcaraz,Alex de Minaur,P1,10,True,P1,0.7731656432151794,0.22683435678482056,1.4320987654320987,3.3142857142857145,4.320987654320987,746.7789082449734,Hard
2025-02-03,43122,Denis Shapovalov,Casper Ruud,P2,10,False,P1,0.41340701282024384,0.5865929871797562,1.7456140350877196,2.3411764705882354,-10.0,736.7789082449734,Hard
2025-02-10,43181,Learner Tien,Adam Walton,P2,10,False,P1,0.6049962639808655,0.3950037360191345,1.5157894736842106,2.938775510204082,-10.0,726.7789082449734,Hard
2025-02-10,43208,Diego Schwartzman,Nicolas Jarry,P1,10,True,P1,0.2762468010187149,0.7237531989812851,4.357142857142858,1.297872340425532,33.57142857142858,760.350336816402,Clay
2025-02-10,43155,Pierre-Hugues Herbert,Harold Mayot,P1,10,True,P1,0.5410938113927841,0.4589061886072159,2.0,2.0,10.0,770.350336816402,Hard
2025-02-10,43209,Joao Fonseca,Tomas Martin Etcheverry,P2,10,False,P1,0.46793460845947266,0.5320653915405273,1.8619047619047617,2.160220994475138,-10.0,760.350336816402,Clay
2025-02-10,43182,Alejandro Davidovich Fokina,Taro Daniel,P2,10,False,P1,0.6961733102798462,0.3038266897201538,1.3850574712643677,3.5970149253731343,-10.0,750.350336816402,Hard
2025-02-10,43210,Federico Coria,Hugo Gaston,P2,10,False,P1,0.33789651095867157,0.6621034890413284,1.7304347826086959,2.3690476190476186,-10.0,740.350336816402,Clay
2025-02-10,43156,Nuno Borges,Stan Wawrinka,P2,10,False,P1,0.6002060025930405,0.39979399740695953,1.6360000000000001,2.5723270440251573,-10.0,730.350336816402,Hard
2025-02-10,43183,Arthur Rinderknech,Dmitry Popko,P2,10,False,P1,0.7960062846541405,0.20399371534585953,1.1883333333333335,6.309734513274337,-10.0,720.350336816402,Hard
2025-02-10,43211,Corentin Moutet,Sumit Nagal,P1,10,True,P1,0.7831191718578339,0.21688082814216614,1.483221476510067,3.069444444444444,4.832214765100671,725.1825515815026,Clay
2025-02-10,43184,Yunchaokete Bu,Rinky Hijikata,P2,10,False,P1,0.46219123899936676,0.5378087610006332,1.7599999999999998,2.3157894736842106,-10.0,715.1825515815026,Hard
2025-02-10,43157,Daniel Altmaier,Luca Nardi,P1,10,True,P1,0.6748832017183304,0.3251167982816696,2.1311475409836067,1.8840579710144931,11.311475409836067,726.4940269913386,Hard
2025-02-10,43212,Francisco Cerundolo,Luciano Darderi,P1,10,True,P1,0.7275664359331131,0.2724335640668869,1.4077380952380953,3.4525547445255476,4.077380952380953,730.5714079437196,Clay
2025-02-10,43185,Mackenzie McDonald,Kei Nishikori,P2,10,False,P1,0.3342306762933731,0.6657693237066269,2.745098039215686,1.5730337078651684,-10.0,720.5714079437196,Hard
2025-02-10,43213,Sebastian Baez,Camilo Ugo Carabelli,P1,10,True,P1,0.685370147228241,0.31462985277175903,1.5017182130584192,2.9931506849315066,5.017182130584192,725.5885900743037,Clay
2025-02-10,43159,Alexander Bublik,Richard Gasquet,P2,10,False,P1,0.45571286976337433,0.5442871302366257,1.8027522935779814,2.2457142857142856,-10.0,715.5885900743037,Hard
2025-02-10,43186,Yoshihito Nishioka,Aleksandar Vukic,P1,10,True,P1,0.5495365262031555,0.4504634737968445,1.8232558139534885,2.214689265536723,8.232558139534884,723.8211482138386,Hard
2025-02-10,43160,Jan-Lennard Struff,Manuel Guinard,P2,10,False,P1,0.6629894524812698,0.33701054751873016,1.2650862068965516,4.772357723577235,-10.0,713.8211482138386,Hard
2025-02-10,43187,Reilly Opelka,Christopher Eubanks,P1,10,True,P1,0.6620612889528275,0.33793871104717255,1.5510948905109487,2.814569536423841,5.510948905109487,719.332097118948,Hard
2025-02-10,43215,Pedro Martinez,Damir Dzumhur,P1,10,True,P1,0.7365653663873672,0.26343463361263275,1.4519230769230769,3.2127659574468086,4.519230769230768,723.8513278881787,Clay
2025-02-10,43161,Luca Van Assche,Benjamin Bonzi,P2,10,False,P1,0.322199285030365,0.677800714969635,2.9054054054054053,1.524822695035461,-10.0,713.8513278881787,Hard
2025-02-10,43189,Miomir Kecmanovic,Borna Gojo,P2,10,False,P1,0.5944260209798813,0.4055739790201187,1.4303405572755417,3.3237410071942444,-10.0,703.8513278881787,Hard
2025-02-10,43216,Laslo Djere,Alexandre Muller,P2,10,False,P1,0.5621286332607269,0.43787136673927307,1.6477732793522268,2.54375,-10.0,693.8513278881787,Clay
2025-02-10,43162,Zhizhen Zhang,Quentin Halys,P1,10,True,P1,0.5763294398784637,0.42367056012153625,1.811059907834101,2.2329545454545454,8.11059907834101,701.9619269665197,Hard
2025-02-10,43190,Michael Mmoh,Alexander Shevchenko,P1,10,True,P1,0.5795799940824509,0.42042000591754913,1.9746192893401011,2.0260416666666665,9.74619289340101,711.7081198599208,Hard
2025-02-10,43163,Otto Virtanen,Sebastian Korda,P2,10,False,P1,0.18996918946504593,0.8100308105349541,3.384057971014493,1.4194528875379937,-10.0,701.7081198599208,Hard
2025-02-10,43217,Dusan Lajovic,Roberto Carballes Baena,P1,10,True,P1,0.4652344435453415,0.5347655564546585,2.55,1.6451612903225807,15.499999999999998,717.2081198599208,Clay
2025-02-10,43164,Lorenzo Sonego,Botic Van De Zandschulp,P1,10,True,P1,0.5408341735601425,0.4591658264398575,1.9024390243902443,2.108108108108108,9.024390243902442,726.2325101038232,Hard
2025-02-10,43191,Cameron Norrie,Zachary Svajda,P1,10,True,P1,0.7491850256919861,0.2508149743080139,1.5505617977528088,2.8163265306122445,5.505617977528088,731.7381280813513,Hard
2025-02-10,43218,Mariano Navone,Francisco Comesana,P2,10,False,P1,0.6454797685146332,0.3545202314853668,1.483221476510067,3.069444444444444,-10.0,721.7381280813513,Clay
2025-02-10,43219,Thiago Seyboth Wild,Facundo Diaz Acosta,P1,10,True,P1,0.5151861906051636,0.4848138093948364,2.2514285714285713,1.7990867579908678,12.514285714285712,734.252413795637,Clay
2025-02-10,43193,Taylor Fritz,Yunchaokete Bu,P2,10,False,P1,0.8213422819972038,0.17865771800279617,1.142312579415502,8.026785714285714,-10.0,724.252413795637,Hard
2025-02-10,43166,Daniil Medvedev,Pierre-Hugues Herbert,P2,10,False,P1,0.7876390442252159,0.2123609557747841,1.1870967741935483,6.344827586206898,-10.0,714.252413795637,Hard
2025-02-10,43220,Mariano Navone,Holger Rune,P2,10,False,P1,0.2694425880908966,0.7305574119091034,2.4124999999999996,1.7079646017699115,-10.0,704.252413795637,Clay
2025-02-10,43167,Zhizhen Zhang,Hubert Hurkacz,P1,10,True,P1,0.25565944612026215,0.7443405538797379,4.338582677165355,1.2995283018867927,33.38582677165355,737.6382405672906,Hard
2025-02-10,43221,Lorenzo Musetti,Corentin Moutet,P2,10,False,P1,0.5939242988824844,0.40607570111751556,1.386819484240688,3.585185185185186,-10.0,727.6382405672906,Clay
2025-02-10,43194,Matteo Arnaldi,Learner Tien,P1,10,True,P1,0.629561185836792,0.370438814163208,1.7882882882882885,2.268571428571429,7.8828828828828845,735.5211234501735,Hard
2025-02-10,43222,Joao Fonseca,Federico Coria,P2,10,False,P1,0.7627460062503815,0.23725399374961853,1.204152249134948,5.898305084745763,-10.0,725.5211234501735,Clay
2025-02-10,43168,Zizou Bergs,Nuno Borges,P2,10,False,P1,0.41335436701774597,0.586645632982254,1.8119266055045873,2.2316384180790965,-10.0,715.5211234501735,Hard
2025-02-10,43195,Brandon Nakashima,Reilly Opelka,P2,10,False,P1,0.3787202686071396,0.6212797313928604,2.1189189189189186,1.8937198067632852,-10.0,705.5211234501735,Hard
2025-02-10,43223,Pedro Martinez,Diego Schwartzman,P2,10,False,P1,0.6386792957782745,0.36132070422172546,1.444794952681388,3.24822695035461,-10.0,695.5211234501735,Clay
2025-02-10,43196,Alejandro Davidovich Fokina,Mackenzie McDonald,P2,10,False,P1,0.5304507613182068,0.4695492386817932,1.6399999999999997,2.5624999999999996,-10.0,685.5211234501735,Hard
2025-02-10,43169,Jan-Lennard Struff,Hugo Grenier,P1,10,True,P1,0.7073043137788773,0.29269568622112274,1.4224924012158056,3.3669064748201447,4.224924012158056,689.7460474623315,Hard
2025-02-10,43170,Ugo Humbert,Alexander Bublik,P1,10,True,P1,0.817657008767128,0.182342991232872,1.352,3.840909090909091,3.520000000000001,693.2660474623315,Hard
2025-02-10,43197,Alex Michelsen,Michael Mmoh,P2,10,False,P1,0.5314180850982666,0.4685819149017334,1.3038277511961724,4.291338582677165,-10.0,683.2660474623315,Hard
2025-02-10,43224,Alexander Zverev,Dusan Lajovic,P2,10,False,P1,0.8395419418811798,0.1604580581188202,1.1363636363636365,8.333333333333334,-10.0,673.2660474623315,Clay
2025-02-10,43198,Marcos Giron,Ethan Quinn,P1,10,True,P1,0.6992907226085663,0.3007092773914337,1.4673202614379082,3.13986013986014,4.673202614379082,677.9392500767106,Hard
2025-02-10,43171,Hamad Medjedovic,Karen Khachanov,P2,10,False,P1,0.3230872005224228,0.6769127994775772,2.380952380952381,1.7241379310344829,-10.0,667.9392500767106,Hard
2025-02-10,43225,Laslo Djere,Alejandro Tabilo,P2,10,False,P1,0.5923533737659454,0.40764662623405457,1.6,2.6666666666666665,-10.0,657.9392500767106,Clay
2025-02-10,43199,Miomir Kecmanovic,Yoshihito Nishioka,P2,10,False,P1,0.5465320646762848,0.4534679353237152,1.668032786885246,2.4969325153374236,-10.0,647.9392500767106,Hard
2025-02-10,43172,Lorenzo Sonego,Luca Van Assche,P1,10,True,P1,0.6817614585161209,0.3182385414838791,1.5376344086021503,2.86,5.376344086021502,653.315594162732,Hard
2025-02-10,43226,Francisco Cerundolo,Juan Manuel Cerundolo,P2,10,False,P1,0.7553655505180359,0.2446344494819641,1.2600422832980973,4.845528455284553,-10.0,643.315594162732,Clay
2025-02-10,43173,Daniel Altmaier,Otto Virtanen,P1,10,True,P1,0.5269659161567688,0.4730340838432312,2.25,1.7999999999999998,12.5,655.815594162732,Hard
2025-02-10,43227,Thiago Seyboth Wild,Sebastian Baez,P1,10,True,P1,0.46507397294044495,0.534926027059555,2.8026315789473686,1.554744525547445,18.026315789473685,673.8419099522057,Clay
2025-02-10,43200,Cameron Norrie,Arthur Rinderknech,P2,10,False,P1,0.585178017616272,0.414821982383728,1.4949152542372883,3.02054794520548,-10.0,663.8419099522057,Hard
2025-02-10,43174,Daniil Medvedev,Jan-Lennard Struff,P2,10,False,P1,0.7543378993868828,0.24566210061311722,1.2808988764044942,4.56,-10.0,653.8419099522057,Hard
2025-02-10,43201,Alejandro Davidovich Fokina,Taylor Fritz,P2,10,False,P1,0.16933322697877884,0.8306667730212212,5.647058823529412,1.2151898734177216,-10.0,643.8419099522057,Hard
2025-02-10,43228,Francisco Cerundolo,Alexander Zverev,P2,10,False,P1,0.17808357626199722,0.8219164237380028,3.24822695035461,1.444794952681388,-10.0,633.8419099522057,Clay
2025-02-10,43229,Laslo Djere,Thiago Seyboth Wild,P1,10,True,P1,0.591874971985817,0.40812502801418304,1.8073394495412844,2.2386363636363638,8.073394495412845,641.9153044476185,Clay
2025-02-10,43202,Alex Michelsen,Cameron Norrie,P2,10,False,P1,0.5629852414131165,0.43701475858688354,1.7106382978723402,2.407185628742515,-10.0,631.9153044476185,Hard
2025-02-10,43175,Ugo Humbert,Lorenzo Sonego,P2,10,False,P1,0.6934595555067062,0.30654044449329376,1.4375,3.285714285714286,-10.0,621.9153044476185,Hard
2025-02-10,43203,Matteo Arnaldi,Brandon Nakashima,P1,10,True,P1,0.495674192905426,0.504325807094574,2.347058823529412,1.74235807860262,13.47058823529412,635.3858926829126,Hard
2025-02-10,43176,Zizou Bergs,Zhizhen Zhang,P2,10,False,P1,0.5128786861896515,0.4871213138103485,1.7076271186440675,2.413173652694611,-10.0,625.3858926829126,Hard
2025-02-10,43230,Joao Fonseca,Mariano Navone,P2,10,False,P1,0.5540064424276352,0.4459935575723648,1.6846473029045643,2.460606060606061,-10.0,615.3858926829126,Clay
2025-02-10,43177,Hamad Medjedovic,Daniel Altmaier,P2,10,False,P1,0.6249827444553375,0.3750172555446625,1.4833333333333332,3.0689655172413794,-10.0,605.3858926829126,Hard
2025-02-10,43204,Miomir Kecmanovic,Marcos Giron,P2,10,False,P1,0.4590230882167816,0.5409769117832184,2.1593406593406588,1.862559241706161,-10.0,595.3858926829126,Hard
2025-02-10,43231,Pedro Martinez,Lorenzo Musetti,P1,10,True,P1,0.3619978427886963,0.6380021572113037,3.818181818181818,1.3548387096774193,28.18181818181818,623.5677108647308,Clay
2025-02-10,43232,Francisco Cerundolo,Pedro Martinez,P2,10,False,P1,0.6458084285259247,0.3541915714740753,1.351063829787234,3.8484848484848486,-10.0,613.5677108647308,Clay
2025-02-10,43178,Hamad Medjedovic,Daniil Medvedev,P2,10,False,P1,0.24871744215488434,0.7512825578451157,3.9465648854961826,1.339378238341969,-10.0,603.5677108647308,Hard
2025-02-10,43205,Miomir Kecmanovic,Alex Michelsen,P2,10,False,P1,0.42820508778095245,0.5717949122190475,2.294797687861272,1.7723214285714286,-10.0,593.5677108647308,Hard
2025-02-10,43179,Ugo Humbert,Zizou Bergs,P1,10,True,P1,0.6995983868837357,0.30040161311626434,1.4320987654320987,3.3142857142857145,4.320987654320987,597.8886985190518,Hard
2025-02-10,43206,Alejandro Davidovich Fokina,Matteo Arnaldi,P1,10,True,P1,0.5050289481878281,0.49497105181217194,2.380952380952381,1.7241379310344829,13.80952380952381,611.6982223285756,Hard
2025-02-10,43233,Joao Fonseca,Laslo Djere,P2,10,False,P1,0.49695806205272675,0.5030419379472733,1.7533039647577093,2.327485380116959,-10.0,601.6982223285756,Clay
2025-02-10,43180,Ugo Humbert,Hamad Medjedovic,P2,10,False,P1,0.6726139038801193,0.3273860961198807,1.4433962264150944,3.2553191489361706,-10.0,591.6982223285756,Hard
2025-02-10,43234,Joao Fonseca,Francisco Cerundolo,P2,10,False,P1,0.38137751817703247,0.6186224818229675,2.3668639053254434,1.7316017316017311,-10.0,581.6982223285756,Clay
2025-02-10,43207,Miomir Kecmanovic,Alejandro Davidovich Fokina,P2,10,False,P1,0.5290176272392273,0.4709823727607727,1.8846153846153846,2.1304347826086953,-10.0,571.6982223285756,Hard
2025-02-17,43266,Alexander Zverev,Yunchaokete Bu,P2,10,False,P1,0.9159749373793602,0.0840250626206398,1.0641579272054287,16.58653846153846,-10.0,561.6982223285756,Clay
2025-02-17,43235,Alex de Minaur,Roman Safiullin,P1,10,True,P1,0.8764321208000183,0.12356787919998169,1.1515561569688768,7.598214285714286,1.515561569688768,563.2137838982644,Hard
2025-02-17,43236,Matteo Berrettini,Novak Djokovic,P2,10,False,P1,0.11200465634465218,0.8879953436553478,3.953846153846154,1.3385416666666667,-10.0,553.2137838982644,Hard
2025-02-17,43267,Francisco Cerundolo,Hugo Gaston,P2,10,False,P1,0.7690321281552315,0.23096787184476852,1.2020725388601037,5.94871794871795,-10.0,543.2137838982644,Clay
2025-02-17,43237,Daniil Medvedev,Karen Khachanov,P1,10,True,P1,0.6473349034786224,0.35266509652137756,1.615686274509804,2.6242038216560504,6.1568627450980395,549.3706466433624,Hard
2025-02-17,43238,Andrey Rublev,Alexander Bublik,P2,10,False,P1,0.6242938339710236,0.37570616602897644,1.2937062937062938,4.404761904761904,-10.0,539.3706466433624,Hard
2025-02-17,43269,Camilo Ugo Carabelli,Pedro Martinez,P2,10,False,P1,0.26856571435928345,0.7314342856407166,2.5217391304347827,1.6571428571428568,-10.0,529.3706466433624,Clay
2025-02-17,43270,Tomas Martin Etcheverry,Corentin Moutet,P2,10,False,P1,0.4873797744512558,0.5126202255487442,1.459546925566343,3.176056338028169,-10.0,519.3706466433624,Clay
2025-02-17,43239,Hamad Medjedovic,Stefanos Tsitsipas,P1,10,True,P1,0.4279199540615082,0.5720800459384918,2.8013245033112586,1.5551470588235292,18.013245033112586,537.3838916764751,Hard
2025-02-17,43240,Felix Auger-Aliassime,Quentin Halys,P2,10,False,P1,0.7556599006056786,0.24434009939432144,1.3075060532687652,4.251968503937007,-10.0,527.3838916764751,Hard
2025-02-17,43271,Luciano Darderi,Hugo Dellien,P1,10,True,P1,0.6449324935674667,0.35506750643253326,2.0366492146596857,1.9646464646464645,10.366492146596858,537.750383823072,Clay
2025-02-17,43272,Damir Dzumhur,Dusan Lajovic,P1,10,True,P1,0.366585910320282,0.633414089679718,2.9931506849315066,1.5017182130584192,19.931506849315067,557.681890672387,Clay
2025-02-17,43241,Zizou Bergs,Roberto Bautista Agut,P2,10,False,P1,0.5578848868608475,0.4421151131391525,1.7909090909090908,2.264367816091954,-10.0,547.681890672387,Hard
2025-02-17,43242,Nuno Borges,Otto Virtanen,P2,10,False,P1,0.6437870115041733,0.3562129884958267,1.5034482758620689,2.986301369863013,-10.0,537.681890672387,Hard
2025-02-17,43274,Alexandre Muller,Joao Fonseca,P1,10,True,P1,0.35466761887073517,0.6453323811292648,5.208333333333334,1.2376237623762376,42.08333333333334,579.7652240057204,Clay
2025-02-17,43243,Tallon Griekspoor,Jan-Lennard Struff,P2,10,False,P1,0.5707153230905533,0.4292846769094467,1.6991525423728815,2.43030303030303,-10.0,569.7652240057204,Hard
2025-02-17,43275,Mariano Navone,Roberto Carballes Baena,P2,10,False,P1,0.5086103677749634,0.4913896322250366,1.6598360655737707,2.515527950310559,-10.0,559.7652240057204,Clay
2025-02-17,43244,Luca Nardi,Zhizhen Zhang,P2,10,False,P1,0.18618706613779068,0.8138129338622093,2.4096385542168677,1.7094017094017095,-10.0,549.7652240057204,Hard
2025-02-17,43276,Chun-Hsin Tseng,Alejandro Tabilo,P1,10,True,P1,0.27449704706668854,0.7255029529333115,3.803030303030303,1.3567567567567564,28.03030303030303,577.7955270360234,Clay
2025-02-17,43245,Botic Van De Zandschulp,Abdullah Shelbayh,P2,10,False,P1,0.7730680853128433,0.22693191468715668,1.246938775510204,5.049586776859504,-10.0,567.7955270360234,Hard
2025-02-17,43277,Nicolas Jarry,Juan Manuel Cerundolo,P1,10,True,P1,0.6496854722499847,0.35031452775001526,1.5551470588235292,2.8013245033112586,5.551470588235292,573.3469976242586,Clay
2025-02-17,43246,Carlos Alcaraz,Marin Cilic,P2,10,False,P1,0.923114188015461,0.07688581198453903,1.062612883804937,16.971153846153843,-10.0,563.3469976242586,Hard
2025-02-17,43247,Jiri Lehecka,Grigor Dimitrov,P2,10,False,P1,0.4330792725086212,0.5669207274913788,1.763392857142857,2.309941520467836,-10.0,553.3469976242586,Hard
2025-02-17,43279,Thiago Monteiro,Facundo Diaz Acosta,P2,10,False,P1,0.40724988281726837,0.5927501171827316,2.119565217391304,1.8932038834951457,-10.0,543.3469976242586,Clay
2025-02-17,43248,Jack Draper,Alexei Popyrin,P1,10,True,P1,0.7173299193382263,0.2826700806617737,1.4848484848484849,3.0625000000000004,4.848484848484849,548.1954824727435,Hard
2025-02-17,43249,Fabian Marozsan,Aziz Dougaz,P2,10,False,P1,0.7739103138446808,0.2260896861553192,1.2099644128113878,5.76271186440678,-10.0,538.1954824727435,Hard
2025-02-17,43280,Jaume Munar,Thiago Seyboth Wild,P2,10,False,P1,0.48413294553756714,0.5158670544624329,1.7873303167420815,2.2701149425287355,-10.0,528.1954824727435,Clay
2025-02-17,43281,Alexander Shevchenko,Felipe Meligeni Alves,P1,10,True,P1,0.6462569385766983,0.3537430614233017,2.1843575418994416,1.8443396226415094,11.843575418994416,540.0390578917379,Clay
2025-02-17,43250,Christopher O'Connell,Hady Habib,P2,10,False,P1,0.5180041790008545,0.4819958209991455,1.3924418604651165,3.548148148148148,-10.0,530.0390578917379,Hard
2025-02-17,43282,Francisco Cerundolo,Luciano Darderi,P1,10,True,P1,0.7536815479397774,0.24631845206022263,1.3394736842105264,3.945736434108527,3.3947368421052637,533.4337947338432,Clay
2025-02-17,43251,Carlos Alcaraz,Luca Nardi,P2,10,False,P1,0.9513787105679512,0.0486212894320488,1.0496624879459981,21.135922330097088,-10.0,523.4337947338432,Hard
2025-02-17,43283,Alexandre Muller,Tomas Martin Etcheverry,P1,10,True,P1,0.39834238588809967,0.6016576141119003,2.6794871794871793,1.5954198473282442,16.794871794871792,540.228666528715,Clay
2025-02-17,43252,Alex de Minaur,Botic Van De Zandschulp,P1,10,True,P1,0.8487579822540283,0.15124201774597168,1.193708609271523,6.162393162393162,1.93708609271523,542.1657526214303,Hard
2025-02-17,43253,Daniil Medvedev,Zizou Bergs,P1,10,True,P1,0.7877218127250671,0.21227818727493286,1.3982558139534884,3.5109489051094886,3.982558139534884,546.1483107609652,Hard
2025-02-17,43285,Camilo Ugo Carabelli,Damir Dzumhur,P2,10,False,P1,0.3988587558269501,0.6011412441730499,1.6804979253112031,2.469512195121951,-10.0,536.1483107609652,Clay
2025-02-17,43254,Andrey Rublev,Nuno Borges,P2,10,False,P1,0.5850807875394821,0.4149192124605179,1.344736842105263,3.9007633587786255,-10.0,526.1483107609652,Hard
2025-02-17,43255,Jack Draper,Christopher O'Connell,P2,10,False,P1,0.7652800157666206,0.23471998423337936,1.2689804772234274,4.717741935483872,-10.0,516.1483107609652,Hard
2025-02-17,43286,Alexander Zverev,Alexander Shevchenko,P2,10,False,P1,0.8866426534950733,0.11335734650492668,1.0983606557377048,11.166666666666666,-10.0,506.14831076096516,Clay
2025-02-17,43256,Felix Auger-Aliassime,Hamad Medjedovic,P2,10,False,P1,0.5493758767843246,0.45062412321567535,1.2808988764044942,4.56,-10.0,496.14831076096516,Hard
2025-02-17,43287,Sebastian Baez,Mariano Navone,P1,10,True,P1,0.5135950595140457,0.4864049404859543,2.206703910614525,1.8287037037037037,12.067039106145252,508.21534986711043,Clay
2025-02-17,43288,Francisco Comesana,Nicolas Jarry,P2,10,False,P1,0.22452951222658157,0.7754704877734184,2.546583850931677,1.6465863453815262,-10.0,498.21534986711043,Clay
2025-02-17,43257,Matteo Berrettini,Tallon Griekspoor,P2,10,False,P1,0.5861887186765671,0.4138112813234329,1.5068965517241382,2.972789115646259,-10.0,488.21534986711043,Hard
2025-02-17,43289,Chun-Hsin Tseng,Thiago Monteiro,P1,10,True,P1,0.4377818703651428,0.5622181296348572,2.86,1.5376344086021503,18.599999999999998,506.81534986711046,Clay
2025-02-17,43258,Jiri Lehecka,Fabian Marozsan,P2,10,False,P1,0.69135881960392,0.30864118039608,1.4041297935103245,3.4744525547445253,-10.0,496.81534986711046,Hard
2025-02-17,43259,Jiri Lehecka,Carlos Alcaraz,P2,10,False,P1,0.1738465577363968,0.8261534422636032,4.188976377952756,1.3135802469135802,-10.0,486.81534986711046,Hard
2025-02-17,43290,Francisco Comesana,Alexander Zverev,P2,10,False,P1,0.08683909848332405,0.913160901516676,7.017543859649125,1.1661807580174928,-10.0,476.81534986711046,Clay
2025-02-17,43260,Andrey Rublev,Alex de Minaur,P2,10,False,P1,0.30330412089824677,0.6966958791017532,2.4424242424242424,1.6932773109243697,-10.0,466.81534986711046,Hard
2025-02-17,43291,Alexandre Muller,Francisco Cerundolo,P2,10,False,P1,0.3052784651517868,0.6947215348482132,2.796052631578948,1.5567765567765568,-10.0,456.81534986711046,Clay
2025-02-17,43261,Felix Auger-Aliassime,Daniil Medvedev,P2,10,False,P1,0.31306321918964386,0.6869367808103561,2.834437086092715,1.5451263537906137,-10.0,446.81534986711046,Hard
2025-02-17,43292,Sebastian Baez,Chun-Hsin Tseng,P1,10,True,P1,0.6649598181247711,0.3350401818752289,1.5071942446043167,2.971631205673759,5.071942446043167,451.88729231315364,Clay
2025-02-17,43262,Jack Draper,Matteo Berrettini,P2,10,False,P1,0.5742439776659012,0.4257560223340988,1.7347826086956524,2.36094674556213,-10.0,441.88729231315364,Hard
2025-02-17,43263,Andrey Rublev,Felix Auger-Aliassime,P2,10,False,P1,0.4459430128335953,0.5540569871664047,1.7316017316017311,2.3668639053254434,-10.0,431.88729231315364,Hard
2025-02-17,43294,Sebastian Baez,Camilo Ugo Carabelli,P1,10,True,P1,0.714728906750679,0.285271093249321,1.4433962264150944,3.2553191489361706,4.433962264150944,436.32125457730456,Clay
2025-02-17,43264,Jack Draper,Jiri Lehecka,P1,10,True,P1,0.601402536034584,0.39859746396541595,1.8202764976958523,2.2191011235955056,8.202764976958523,444.5240195542631,Hard
2025-02-17,43295,Alexandre Muller,Francisco Comesana,P1,10,True,P1,0.624125137925148,0.375874862074852,1.6653061224489796,2.503067484662577,6.653061224489796,451.1770807787529,Clay
2025-02-17,43296,Sebastian Baez,Alexandre Muller,P1,10,True,P1,0.6469810754060745,0.3530189245939255,1.8309859154929575,2.2033898305084745,8.309859154929576,459.4869399336825,Clay
2025-02-17,43265,Andrey Rublev,Jack Draper,P2,10,False,P1,0.32873816788196564,0.6712618321180344,2.201117318435754,1.832558139534884,-10.0,449.4869399336825,Hard
2025-02-24,43329,Alexander Zverev,Matteo Arnaldi,P1,10,True,P1,0.8379863575100899,0.16201364248991013,1.3567567567567564,3.803030303030303,3.5675675675675644,453.05450750125004,Hard
2025-02-24,43297,Daniil Medvedev,Jan-Lennard Struff,P2,10,False,P1,0.7603344544768333,0.23966554552316666,1.2380952380952381,5.200000000000001,-10.0,443.05450750125004,Hard
2025-02-24,43330,Holger Rune,Roberto Carballes Baena,P1,10,True,P1,0.73191137611866,0.26808862388134,1.418181818181818,3.391304347826087,4.18181818181818,447.23632568306823,Hard
2025-02-24,43298,Marin Cilic,Alex de Minaur,P1,10,True,P1,0.17301694303750992,0.8269830569624901,7.283185840707964,1.1591549295774648,62.83185840707964,510.0681840901479,Hard
2025-02-24,43331,Frances Tiafoe,Alexandre Muller,P2,10,False,P1,0.5753653347492218,0.4246346652507782,1.3764044943820226,3.656716417910447,-10.0,500.0681840901479,Hard
2025-02-24,43299,Quentin Halys,Andrey Rublev,P2,10,False,P1,0.219627283513546,0.780372716486454,3.976923076923077,1.3359173126614987,-10.0,490.0681840901479,Hard
2025-02-24,43300,Ugo Humbert,Jiri Lehecka,P2,10,False,P1,0.521048367023468,0.478951632976532,1.8660287081339713,2.154696132596685,-10.0,480.0681840901479,Hard
2025-02-24,43333,Alejandro Davidovich Fokina,Mattia Bellucci,P1,10,True,P1,0.6742655336856842,0.3257344663143158,1.6571428571428568,2.5217391304347827,6.571428571428568,486.63961266157645,Hard
2025-02-24,43301,Christopher O'Connell,Grigor Dimitrov,P2,10,False,P1,0.23340609669685364,0.7665939033031464,2.929577464788733,1.5182481751824817,-10.0,476.63961266157645,Hard
2025-02-24,43334,Alex Michelsen,Yunchaokete Bu,P2,10,False,P1,0.6330142766237259,0.3669857233762741,1.4915254237288134,3.03448275862069,-10.0,466.63961266157645,Hard
2025-02-24,43302,Nuno Borges,Arthur Fils,P1,10,True,P1,0.46942371129989624,0.5305762887001038,2.380952380952381,1.7241379310344829,13.80952380952381,480.44913647110025,Hard
2025-02-24,43335,Brandon Nakashima,Benjamin Bonzi,P2,10,False,P1,0.5889283418655396,0.41107165813446045,1.5211267605633803,2.918918918918919,-10.0,470.44913647110025,Hard
2025-02-24,43303,Felix Auger-Aliassime,Alexander Bublik,P1,10,True,P1,0.8341846987605095,0.1658153012394905,1.3274111675126905,4.054263565891473,3.274111675126905,473.72324814622715,Hard
2025-02-24,43304,Matteo Berrettini,Gael Monfils,P2,10,False,P1,0.49700580537319183,0.5029941946268082,1.5751879699248121,2.738562091503268,-10.0,463.72324814622715,Hard
2025-02-24,43336,Rodrigo Pacheco Mendez,Aleksandar Vukic,P1,10,True,P1,0.31198082864284515,0.6880191713571548,4.396825396825396,1.294392523364486,33.96825396825396,497.6915021144811,Hard
2025-02-24,43337,Casper Ruud,Arthur Rinderknech,P2,10,False,P1,0.753438912332058,0.24656108766794205,1.2568421052631578,4.89344262295082,-10.0,487.6915021144811,Hard
2025-02-24,43305,Tallon Griekspoor,Roman Safiullin,P1,10,True,P1,0.6507280319929123,0.3492719680070877,1.8443396226415094,2.1843575418994416,8.443396226415095,496.1348983408962,Hard
2025-02-24,43338,Tommy Paul,Gabriel Diallo,P1,10,True,P1,0.8306519687175751,0.16934803128242493,1.391304347826087,3.555555555555555,3.913043478260869,500.0479418191571,Hard
2025-02-24,43307,Luca Nardi,Marton Fucsovics,P2,10,False,P1,0.27147284150123596,0.728527158498764,2.802721088435374,1.5547169811320756,-10.0,490.0479418191571,Hard
2025-02-24,43339,Ben Shelton,Flavio Cobolli,P2,10,False,P1,0.7130230963230133,0.2869769036769867,1.3502673796791445,3.854961832061069,-10.0,480.0479418191571,Hard
2025-02-24,43340,Tomas Machac,Jakub Mensik,P1,10,True,P1,0.7459865063428879,0.2540134936571121,1.7713004484304933,2.296511627906977,7.713004484304933,487.760946303462,Hard
2025-02-24,43308,Stefanos Tsitsipas,Lorenzo Sonego,P1,10,True,P1,0.6502941995859146,0.3497058004140854,1.5938697318007664,2.6838709677419352,5.938697318007664,493.69964362146965,Hard
2025-02-24,43309,Roberto Bautista Agut,Fabian Marozsan,P1,10,True,P1,0.4687396436929703,0.5312603563070297,2.478527607361963,1.6763485477178421,14.785276073619631,508.4849196950893,Hard
2025-02-24,43341,Daniel Altmaier,Miomir Kecmanovic,P2,10,False,P1,0.2679852545261383,0.7320147454738617,2.722972972972973,1.5803921568627455,-10.0,498.4849196950893,Hard
2025-02-24,43310,Zizou Bergs,Aziz Dougaz,P2,10,False,P1,0.824984572827816,0.175015427172184,1.203125,5.923076923076924,-10.0,488.4849196950893,Hard
2025-02-24,43342,Marcos Giron,Adam Walton,P1,10,True,P1,0.7836821526288986,0.21631784737110138,1.5454545454545454,2.833333333333333,5.454545454545454,493.9394651496347,Hard
2025-02-24,43311,Karen Khachanov,Daniel Evans,P2,10,False,P1,0.7678373232483864,0.23216267675161362,1.2520661157024793,4.967213114754099,-10.0,483.9394651496347,Hard
2025-02-24,43343,David Goffin,Rinky Hijikata,P2,10,False,P1,0.5091574788093567,0.4908425211906433,1.7713004484304933,2.296511627906977,-10.0,473.9394651496347,Hard
2025-02-24,43344,Learner Tien,Cameron Norrie,P2,10,False,P1,0.39727823436260223,0.6027217656373978,2.160220994475138,1.8619047619047617,-10.0,463.9394651496347,Hard
2025-02-24,43312,Giovanni Mpetshi Perricard,Zhizhen Zhang,P1,10,True,P1,0.5625,0.4375,1.8530805687203793,2.1722222222222225,8.530805687203793,472.4702708368385,Hard
2025-02-24,43313,Alexei Popyrin,Hady Habib,P2,10,False,P1,0.5779302716255188,0.4220697283744812,1.5143884892086328,2.9440559440559437,-10.0,462.4702708368385,Hard
2025-02-24,43345,Learner Tien,Alexander Zverev,P2,10,False,P1,0.11885883286595345,0.8811411671340466,4.147286821705426,1.3177339901477834,-10.0,452.4702708368385,Hard
2025-02-24,43314,Daniil Medvedev,Giovanni Mpetshi Perricard,P1,10,True,P1,0.7381839230656624,0.2618160769343376,1.4673202614379082,3.13986013986014,4.673202614379082,457.1434734512176,Hard
2025-02-24,43346,Rodrigo Pacheco Mendez,Casper Ruud,P1,10,True,P1,0.15890104323625565,0.8410989567637444,14.971428571428572,1.0715746421267893,139.71428571428572,596.8577591655032,Hard
2025-02-24,43347,Marcos Giron,Tommy Paul,P1,10,True,P1,0.422314777970314,0.577685222029686,3.3985507246376816,1.4169184290030208,23.985507246376816,620.8432664118801,Hard
2025-02-24,43315,Stefanos Tsitsipas,Karen Khachanov,P2,10,False,P1,0.5045968890190125,0.49540311098098755,1.898058252427185,2.1135135135135137,-10.0,610.8432664118801,Hard
2025-02-24,43316,Tallon Griekspoor,Ugo Humbert,P1,10,True,P1,0.28094150125980377,0.7190584987401962,3.984615384615384,1.3350515463917525,29.84615384615384,640.6894202580339,Hard
2025-02-24,43348,Brandon Nakashima,Holger Rune,P2,10,False,P1,0.3483038991689682,0.6516961008310318,2.308139534883721,1.7644444444444443,-10.0,630.6894202580339,Hard
2025-02-24,43317,Felix Auger-Aliassime,Nuno Borges,P1,10,True,P1,0.6520405262708664,0.3479594737291336,1.5471014492753625,2.827814569536424,5.471014492753625,636.1604347507875,Hard
2025-02-24,43349,David Goffin,Ben Shelton,P1,10,True,P1,0.3220349997282028,0.6779650002717972,3.6074074074074076,1.3835227272727273,26.074074074074076,662.2345088248617,Hard
2025-02-24,43350,Alejandro Davidovich Fokina,Frances Tiafoe,P2,10,False,P1,0.4554077386856079,0.5445922613143921,1.9073170731707316,2.102150537634408,-10.0,652.2345088248617,Hard
2025-02-24,43318,Matteo Berrettini,Christopher O'Connell,P2,10,False,P1,0.7485703825950623,0.25142961740493774,1.3324808184143224,4.007692307692307,-10.0,642.2345088248617,Hard
2025-02-24,43351,Tomas Machac,Daniel Altmaier,P1,10,True,P1,0.7553805187344551,0.2446194812655449,1.3291139240506329,4.038461538461539,3.291139240506329,645.525648065368,Hard
2025-02-24,43319,Marin Cilic,Alexei Popyrin,P1,10,True,P1,0.5776497572660446,0.4223502427339554,2.308139534883721,1.7644444444444443,13.08139534883721,658.6070434142052,Hard
2025-02-24,43352,Denis Shapovalov,Alex Michelsen,P2,10,False,P1,0.5377038568258286,0.46229614317417145,1.6585365853658534,2.518518518518518,-10.0,648.6070434142052,Hard
2025-02-24,43320,Quentin Halys,Roberto Bautista Agut,P2,10,False,P1,0.45628972351551056,0.5437102764844894,1.9215686274509802,2.0851063829787235,-10.0,638.6070434142052,Hard
2025-02-24,43321,Luca Nardi,Zizou Bergs,P2,10,False,P1,0.22944364696741104,0.770556353032589,2.703225806451613,1.5871212121212122,-10.0,628.6070434142052,Hard
2025-02-24,43353,Tomas Machac,Learner Tien,P1,10,True,P1,0.7344866693019867,0.2655133306980133,1.6023166023166024,2.66025641025641,6.0231660231660245,634.6302094373713,Hard
2025-02-24,43354,Denis Shapovalov,Marcos Giron,P2,10,False,P1,0.5351657271385193,0.4648342728614807,1.5645756457564575,2.7712418300653594,-10.0,624.6302094373713,Hard
2025-02-24,43322,Tallon Griekspoor,Daniil Medvedev,P2,10,False,P1,0.23722971975803375,0.7627702802419662,3.999999999999999,1.3333333333333333,-10.0,614.6302094373713,Hard
2025-02-24,43323,Stefanos Tsitsipas,Matteo Berrettini,P1,10,True,P1,0.48583443462848663,0.5141655653715134,2.5849056603773586,1.6309523809523812,15.849056603773587,630.4792660411448,Hard
2025-02-24,43355,Alejandro Davidovich Fokina,Rodrigo Pacheco Mendez,P2,10,False,P1,0.7033915519714355,0.29660844802856445,1.1485411140583555,7.732142857142855,-10.0,620.4792660411448,Hard
2025-02-24,43324,Felix Auger-Aliassime,Marin Cilic,P2,10,False,P1,0.649867981672287,0.350132018327713,1.488215488215488,3.048275862068966,-10.0,610.4792660411448,Hard
2025-02-24,43356,Brandon Nakashima,David Goffin,P1,10,True,P1,0.6389990001916885,0.36100099980831146,1.6491935483870968,2.540372670807453,6.491935483870968,616.9712015250158,Hard
2025-02-24,43325,Quentin Halys,Luca Nardi,P1,10,True,P1,0.5948068797588348,0.40519312024116516,1.9121951219512194,2.096256684491978,9.121951219512194,626.093152744528,Hard
2025-02-24,43357,Tomas Machac,Brandon Nakashima,P1,10,True,P1,0.6426262855529785,0.3573737144470215,1.5893536121673004,2.6967741935483867,5.893536121673004,631.986688866201,Hard
2025-02-24,43326,Stefanos Tsitsipas,Tallon Griekspoor,P1,10,True,P1,0.6285556554794312,0.37144434452056885,1.7106382978723402,2.407185628742515,7.106382978723403,639.0930718449245,Hard
2025-02-24,43358,Alejandro Davidovich Fokina,Denis Shapovalov,P1,10,True,P1,0.45550526678562164,0.5444947332143784,2.5123456790123457,1.6612244897959183,15.123456790123457,654.2165286350479,Hard
2025-02-24,43359,Tomas Machac,Alejandro Davidovich Fokina,P1,10,True,P1,0.6116057336330414,0.3883942663669586,1.7918552036199096,2.262857142857143,7.918552036199095,662.135080671247,Hard
2025-02-24,43327,Felix Auger-Aliassime,Quentin Halys,P2,10,False,P1,0.7079911082983017,0.2920088917016983,1.3129584352078238,4.1953125,-10.0,652.135080671247,Hard
2025-02-24,43328,Stefanos Tsitsipas,Felix Auger-Aliassime,P2,10,False,P1,0.5568391531705856,0.44316084682941437,1.7644444444444443,2.308139534883721,-10.0,642.135080671247,Hard
2025-03-03,43387,Matteo Arnaldi,Aleksandar Kovacevic,P1,10,True,P1,0.7504160851240158,0.2495839148759842,1.4316770186335404,3.3165467625899288,4.316770186335404,646.4518508575824,Hard
2025-03-03,43388,Nuno Borges,Arthur Rinderknech,P2,10,False,P1,0.702613428235054,0.297386571764946,1.4114114114114114,3.430656934306569,-10.0,636.4518508575824,Hard
2025-03-03,43389,Jenson Brooksby,Benjamin Bonzi,P1,10,True,P1,0.5517276972532272,0.44827230274677277,1.9257425742574261,2.0802139037433154,9.257425742574261,645.7092766001566,Hard
2025-03-03,43390,Joao Fonseca,Jacob Fearnley,P2,10,False,P1,0.615040048956871,0.38495995104312897,1.3586956521739129,3.7878787878787876,-10.0,635.7092766001566,Hard
2025-03-03,43391,Hugo Gaston,Luciano Darderi,P2,10,False,P1,0.5816685408353806,0.41833145916461945,1.6070038910505835,2.647435897435897,-10.0,625.7092766001566,Hard
2025-03-03,43393,David Goffin,Lorenzo Sonego,P1,10,True,P1,0.4949823468923569,0.5050176531076431,2.160220994475138,1.8619047619047617,11.60220994475138,637.311486544908,Hard
2025-03-03,43394,Quentin Halys,Pablo Carreno Busta,P1,10,True,P1,0.4618609547615051,0.5381390452384949,2.5723270440251573,1.6360000000000001,15.723270440251573,653.0347569851596,Hard
2025-03-03,43395,Rinky Hijikata,Alexander Shevchenko,P1,10,True,P1,0.4339645802974701,0.5660354197025299,2.329411764705882,1.752212389380531,13.29411764705882,666.3288746322183,Hard
2025-03-03,43396,Dusan Lajovic,Li Tu,P1,10,True,P1,0.6872724741697311,0.31272752583026886,1.9595959595959598,2.0421052631578944,9.595959595959599,675.9248342281779,Hard
2025-03-03,43397,Mackenzie McDonald,Alejandro Davidovich Fokina,P2,10,False,P1,0.23893056064844131,0.7610694393515587,2.87248322147651,1.5340501792114694,-10.0,665.9248342281779,Hard
2025-03-03,43398,Jakub Mensik,Tomas Martin Etcheverry,P2,10,False,P1,0.47634783387184143,0.5236521661281586,1.615686274509804,2.6242038216560504,-10.0,655.9248342281779,Hard
2025-03-03,43399,Gael Monfils,Jan-Lennard Struff,P1,10,True,P1,0.7199099808931351,0.28009001910686493,1.6181102362204727,2.6178343949044587,6.181102362204727,662.1059365903826,Hard
2025-03-03,43400,Mariano Navone,Learner Tien,P1,10,True,P1,0.4163902699947357,0.5836097300052643,3.4999999999999996,1.4,24.999999999999996,687.1059365903826,Hard
2025-03-03,43401,Botic Van De Zandschulp,Nick Kyrgios,P2,10,False,P1,0.24123871326446533,0.7587612867355347,1.4220183486238531,3.369565217391305,-10.0,677.1059365903826,Hard
2025-03-03,43402,Adam Walton,Giulio Zeppieri,P1,10,True,P1,0.6199185848236084,0.3800814151763916,1.7713004484304933,2.296511627906977,7.713004484304933,684.8189410746876,Hard
2025-03-03,43403,Zizou Bergs,Ethan Quinn,P1,10,True,P1,0.7221297770738602,0.27787022292613983,1.6666666666666667,2.5,6.666666666666668,691.4856077413542,Hard
2025-03-03,43405,Yunchaokete Bu,Nishesh Basavareddy,P1,10,True,P1,0.5569334924221039,0.4430665075778961,2.8079470198675502,1.5531135531135531,18.0794701986755,709.5650779400297,Hard
2025-03-03,43406,Gabriel Diallo,Zhizhen Zhang,P2,10,False,P1,0.43640415370464325,0.5635958462953568,2.0,2.0,-10.0,699.5650779400297,Hard
2025-03-03,43407,Damir Dzumhur,Roberto Bautista Agut,P2,10,False,P1,0.37748388946056366,0.6225161105394363,2.296511627906977,1.7713004484304933,-10.0,689.5650779400297,Hard
2025-03-03,43408,Marcos Giron,Nikoloz Basilashvili,P1,10,True,P1,0.764092467725277,0.23590753227472305,1.4416403785488958,3.2642857142857147,4.416403785488958,693.9814817255186,Hard
2025-03-03,43409,Tallon Griekspoor,Miomir Kecmanovic,P1,10,True,P1,0.5214482992887497,0.4785517007112503,2.1311475409836067,1.8840579710144931,11.311475409836067,705.2929571353546,Hard
2025-03-03,43410,Fabian Marozsan,Pedro Martinez,P2,10,False,P1,0.6101473569869995,0.3898526430130005,1.5773584905660376,2.7320261437908493,-10.0,695.2929571353546,Hard
2025-03-03,43411,Corentin Moutet,Jordan Thompson,P2,10,False,P1,0.3888541907072067,0.6111458092927933,1.935323383084577,2.0691489361702122,-10.0,685.2929571353546,Hard
2025-03-03,43412,Kei Nishikori,Jaume Munar,P1,10,True,P1,0.6375068724155426,0.3624931275844574,1.84037558685446,2.189944134078212,8.4037558685446,693.6967130038993,Hard
2025-03-03,43413,Cameron Norrie,Luca Nardi,P1,10,True,P1,0.6267102062702179,0.3732897937297821,1.626984126984127,2.5949367088607596,6.26984126984127,699.9665542737406,Hard
2025-03-03,43414,Christopher O'Connell,Roberto Carballes Baena,P1,10,True,P1,0.5562739670276642,0.4437260329723358,1.875,2.142857142857143,8.75,708.7165542737406,Hard
2025-03-03,43415,Roman Safiullin,Reilly Opelka,P2,10,False,P1,0.39946286380290985,0.6005371361970901,2.0913978494623655,1.9162561576354682,-10.0,698.7165542737406,Hard
2025-03-03,43416,Thiago Seyboth Wild,Alexandre Muller,P2,10,False,P1,0.3569149523973465,0.6430850476026535,2.478527607361963,1.6763485477178421,-10.0,688.7165542737406,Hard
2025-03-03,43418,Yosuke Watanuki,Alexander Bublik,P1,10,True,P1,0.5049514770507812,0.49504852294921875,2.335294117647059,1.7488986784140967,13.35294117647059,702.0694954502112,Hard
2025-03-03,43419,Carlos Alcaraz,Quentin Halys,P1,10,True,P1,0.9135368466377258,0.08646315336227417,1.0948581560283688,11.542056074766354,0.9485815602836878,703.018077010495,Hard
2025-03-03,43421,Botic Van De Zandschulp,Novak Djokovic,P2,10,False,P1,0.10728389397263527,0.8927161060273647,8.207207207207206,1.13875,-10.0,693.018077010495,Hard
2025-03-03,43422,Matteo Arnaldi,Andrey Rublev,P1,10,True,P1,0.3945521116256714,0.6054478883743286,2.965986394557823,1.5086505190311417,19.65986394557823,712.6779409560731,Hard
2025-03-03,43423,Alex de Minaur,David Goffin,P2,10,False,P1,0.7647702395915985,0.2352297604084015,1.2056239015817225,5.863247863247865,-10.0,702.6779409560731,Hard
2025-03-03,43424,Ben Shelton,Mariano Navone,P2,10,False,P1,0.7368909865617752,0.2631090134382248,1.3290816326530615,4.038759689922481,-10.0,692.6779409560731,Hard
2025-03-03,43425,Jack Draper,Joao Fonseca,P1,10,True,P1,0.7786736786365509,0.2213263213634491,1.6451612903225807,2.55,6.451612903225808,699.129553859299,Hard
2025-03-03,43426,Grigor Dimitrov,Nuno Borges,P1,10,True,P1,0.5914933532476425,0.4085066467523575,2.329411764705882,1.752212389380531,13.29411764705882,712.4236715063578,Hard
2025-03-03,43427,Jenson Brooksby,Felix Auger-Aliassime,P1,10,True,P1,0.30642396211624146,0.6935760378837585,3.938461538461538,1.3403141361256545,29.38461538461538,741.8082868909731,Hard
2025-03-03,43428,Hubert Hurkacz,Hugo Gaston,P1,10,True,P1,0.8500740006566048,0.14992599934339523,1.294392523364486,4.396825396825396,2.9439252336448596,744.752212124618,Hard
2025-03-03,43429,Karen Khachanov,Jakub Mensik,P1,10,True,P1,0.5978412926197052,0.4021587073802948,1.8279069767441858,2.207865168539326,8.279069767441857,753.03128189206,Hard
2025-03-03,43430,Gael Monfils,Sebastian Korda,P1,10,True,P1,0.5900525748729706,0.4099474251270294,1.8073394495412844,2.2386363636363638,8.073394495412845,761.1046763874728,Hard
2025-03-03,43431,Francisco Cerundolo,Mackenzie McDonald,P1,10,True,P1,0.6708278059959412,0.32917219400405884,1.8317757009345794,2.202247191011236,8.317757009345794,769.4224333968185,Hard
2025-03-03,43432,Denis Shapovalov,Adam Walton,P1,10,True,P1,0.8004284128546715,0.19957158714532852,1.341207349081365,3.930769230769231,3.4120734908136496,772.8345068876322,Hard
2025-03-03,43433,Alejandro Tabilo,Dusan Lajovic,P2,10,False,P1,0.4317252039909363,0.5682747960090637,2.1483516483516483,1.8708133971291872,-10.0,762.8345068876322,Hard
2025-03-03,43434,Brandon Nakashima,Rinky Hijikata,P2,10,False,P1,0.6843936145305634,0.31560638546943665,1.2999999999999998,4.333333333333333,-10.0,752.8345068876322,Hard
2025-03-03,43435,Tallon Griekspoor,Alexander Zverev,P2,10,False,P1,0.24301573634147644,0.7569842636585236,3.870229007633588,1.3484042553191489,-10.0,742.8345068876322,Hard
2025-03-03,43436,Marcos Giron,Casper Ruud,P1,10,True,P1,0.43023623526096344,0.5697637647390366,2.5217391304347827,1.6571428571428568,15.217391304347828,758.0518981919801,Hard
2025-03-03,43437,Daniil Medvedev,Yunchaokete Bu,P1,10,True,P1,0.791680358350277,0.20831964164972305,1.2792792792792793,4.580645161290324,2.792792792792793,760.8446909847728,Hard
2025-03-03,43438,Stefanos Tsitsipas,Thiago Seyboth Wild,P1,10,True,P1,0.8178696781396866,0.18213032186031342,1.2999999999999998,4.333333333333333,2.9999999999999982,763.8446909847728,Hard
2025-03-03,43440,Holger Rune,Corentin Moutet,P2,10,False,P1,0.6220013946294785,0.37799860537052155,1.45016077170418,3.2214285714285715,-10.0,753.8446909847728,Hard
2025-03-03,43441,Lorenzo Musetti,Roman Safiullin,P1,10,True,P1,0.5909310728311539,0.40906892716884613,1.9211822660098525,2.085561497326203,9.211822660098525,763.0565136448713,Hard
2025-03-03,43442,Frances Tiafoe,Damir Dzumhur,P2,10,False,P1,0.7058725506067276,0.2941274493932724,1.3067632850241546,4.259842519685039,-10.0,753.0565136448713,Hard
2025-03-03,43443,Ugo Humbert,Kei Nishikori,P1,10,True,P1,0.7043357640504837,0.2956642359495163,1.4276923076923078,3.3381294964028783,4.276923076923078,757.3334367217943,Hard
2025-03-03,43444,Yosuke Watanuki,Tomas Machac,P1,10,True,P1,0.23821038007736206,0.7617896199226379,4.3809523809523805,1.295774647887324,33.8095238095238,791.1429605313182,Hard
2025-03-03,43445,Arthur Fils,Gabriel Diallo,P1,10,True,P1,0.6411221325397491,0.35887786746025085,1.722943722943723,2.3832335329341316,7.22943722943723,798.3723977607555,Hard
2025-03-03,43446,Cameron Norrie,Jiri Lehecka,P2,10,False,P1,0.3316088020801544,0.6683911979198456,2.4723926380368098,1.6791666666666667,-10.0,788.3723977607555,Hard
2025-03-03,43447,Alexei Popyrin,Zizou Bergs,P2,10,False,P1,0.3669043332338333,0.6330956667661667,1.9746192893401011,2.0260416666666665,-10.0,778.3723977607555,Hard
2025-03-03,43448,Matteo Berrettini,Christopher O'Connell,P2,10,False,P1,0.7482682466506958,0.2517317533493042,1.262820512820513,4.8048780487804885,-10.0,768.3723977607555,Hard
2025-03-03,43449,Giovanni Mpetshi Perricard,Fabian Marozsan,P1,10,True,P1,0.5245215743780136,0.4754784256219864,2.202247191011236,1.8317757009345794,12.02247191011236,780.3948696708678,Hard
2025-03-03,43451,Carlos Alcaraz,Denis Shapovalov,P2,10,False,P1,0.8139572441577911,0.18604275584220886,1.2084805653710247,5.796610169491526,-10.0,770.3948696708678,Hard
2025-03-03,43452,Taylor Fritz,Alejandro Tabilo,P2,10,False,P1,0.8094210848212242,0.1905789151787758,1.1755725190839694,6.695652173913044,-10.0,760.3948696708678,Hard
2025-03-03,43453,Alex de Minaur,Hubert Hurkacz,P2,10,False,P1,0.574307769536972,0.42569223046302795,1.5666666666666667,2.7647058823529416,-10.0,750.3948696708678,Hard
2025-03-03,43454,Ben Shelton,Karen Khachanov,P2,10,False,P1,0.5345612466335297,0.46543875336647034,1.7599999999999998,2.3157894736842106,-10.0,740.3948696708678,Hard
2025-03-03,43455,Jack Draper,Jenson Brooksby,P1,10,True,P1,0.8145645707845688,0.1854354292154312,1.2645161290322582,4.7804878048780495,2.645161290322582,743.0400309611904,Hard
2025-03-03,43456,Grigor Dimitrov,Gael Monfils,P1,10,True,P1,0.5026519596576691,0.49734804034233093,2.052631578947368,1.9499999999999997,10.526315789473681,753.566346750664,Hard
2025-03-03,43457,Francisco Cerundolo,Botic Van De Zandschulp,P1,10,True,P1,0.6022193878889084,0.3977806121110916,1.7198275862068966,2.389221556886228,7.198275862068966,760.764622612733,Hard
2025-03-03,43458,Brandon Nakashima,Matteo Arnaldi,P1,10,True,P1,0.5353792607784271,0.4646207392215729,2.036458333333334,1.964824120603015,10.36458333333334,771.1292059460663,Hard
2025-03-03,43459,Daniil Medvedev,Alex Michelsen,P1,10,True,P1,0.7600991278886795,0.2399008721113205,1.3743016759776538,3.6716417910447765,3.7430167597765385,774.8722227058429,Hard
2025-03-03,43460,Stefanos Tsitsipas,Matteo Berrettini,P1,10,True,P1,0.5405134558677673,0.45948654413223267,2.079787234042553,1.9261083743842367,10.79787234042553,785.6700950462684,Hard
2025-03-03,43461,Tommy Paul,Cameron Norrie,P2,10,False,P1,0.6572052091360092,0.3427947908639908,1.344736842105263,3.9007633587786255,-10.0,775.6700950462684,Hard
2025-03-03,43462,Holger Rune,Ugo Humbert,P2,10,False,P1,0.37459349632263184,0.6254065036773682,2.079787234042553,1.9261083743842367,-10.0,765.6700950462684,Hard
2025-03-03,43463,Arthur Fils,Lorenzo Musetti,P2,10,False,P1,0.5360533893108368,0.4639466106891632,1.8450704225352113,2.183333333333333,-10.0,755.6700950462684,Hard
2025-03-03,43464,Yosuke Watanuki,Frances Tiafoe,P1,10,True,P1,0.3627108931541443,0.6372891068458557,3.1608391608391604,1.4627831715210353,21.608391608391603,777.27848665466,Hard
2025-03-03,43465,Marcos Giron,Alexei Popyrin,P1,10,True,P1,0.5824970453977585,0.4175029546022415,1.8073394495412844,2.2386363636363638,8.073394495412845,785.3518811500728,Hard
2025-03-03,43466,Tallon Griekspoor,Giovanni Mpetshi Perricard,P2,10,False,P1,0.5264623612165451,0.4735376387834549,1.7644444444444443,2.308139534883721,-10.0,775.3518811500728,Hard
2025-03-03,43467,Carlos Alcaraz,Grigor Dimitrov,P2,10,False,P1,0.7970359325408936,0.20296406745910645,1.1414141414141414,8.071428571428571,-10.0,765.3518811500728,Hard
2025-03-03,43468,Jack Draper,Taylor Fritz,P2,10,False,P1,0.42564573884010315,0.5743542611598969,1.8846153846153846,2.1304347826086953,-10.0,755.3518811500728,Hard
2025-03-03,43469,Francisco Cerundolo,Alex de Minaur,P1,10,True,P1,0.24505466222763062,0.7549453377723694,4.116279069767441,1.3208955223880599,31.16279069767441,786.5146718477472,Hard
2025-03-03,43470,Ben Shelton,Brandon Nakashima,P2,10,False,P1,0.590996190905571,0.409003809094429,1.6171874999999998,2.6202531645569613,-10.0,776.5146718477472,Hard
2025-03-03,43471,Daniil Medvedev,Tommy Paul,P1,10,True,P1,0.604301705956459,0.39569829404354095,1.898058252427185,2.1135135135135137,8.980582524271849,785.4952543720191,Hard
2025-03-03,43472,Holger Rune,Stefanos Tsitsipas,P2,10,False,P1,0.37505148351192474,0.6249485164880753,2.475609756097561,1.6776859504132233,-10.0,775.4952543720191,Hard
2025-03-03,43473,Arthur Fils,Marcos Giron,P2,10,False,P1,0.4418467730283737,0.5581532269716263,1.6585365853658534,2.518518518518518,-10.0,765.4952543720191,Hard
2025-03-03,43474,Tallon Griekspoor,Yosuke Watanuki,P2,10,False,P1,0.6361397951841354,0.36386020481586456,1.4849498327759196,3.0620689655172413,-10.0,755.4952543720191,Hard
2025-03-03,43475,Carlos Alcaraz,Francisco Cerundolo,P1,10,True,P1,0.9136056639254093,0.08639433607459068,1.101123595505618,10.888888888888888,1.01123595505618,756.5064903270753,Hard
2025-03-03,43476,Daniil Medvedev,Arthur Fils,P1,10,True,P1,0.759482741355896,0.240517258644104,1.4119402985074627,3.427536231884058,4.119402985074627,760.62589331215,Hard
2025-03-03,43477,Jack Draper,Ben Shelton,P1,10,True,P1,0.6455736011266708,0.35442639887332916,1.5666666666666667,2.7647058823529416,5.666666666666666,766.2925599788166,Hard
2025-03-03,43478,Holger Rune,Tallon Griekspoor,P2,10,False,P1,0.5408945977687836,0.45910540223121643,1.668032786885246,2.4969325153374236,-10.0,756.2925599788166,Hard
2025-03-03,43479,Jack Draper,Carlos Alcaraz,P2,10,False,P1,0.23779664933681488,0.7622033506631851,3.7669172932330826,1.3614130434782608,-10.0,746.2925599788166,Hard
2025-03-03,43480,Holger Rune,Daniil Medvedev,P2,10,False,P1,0.28355374932289124,0.7164462506771088,2.6858974358974357,1.5931558935361219,-10.0,736.2925599788166,Hard
2025-03-03,43481,Jack Draper,Holger Rune,P1,10,True,P1,0.6276558041572571,0.3723441958427429,1.5977011494252877,2.673076923076923,5.977011494252878,742.2695714730695,Hard
2025-03-17,43482,Matteo Arnaldi,Yibing Wu,P2,10,False,P1,0.725340262055397,0.27465973794460297,1.2893518518518519,4.456,-10.0,732.2695714730695,Hard
2025-03-17,43483,Zizou Bergs,Nuno Borges,P1,10,True,P1,0.4635676145553589,0.5364323854446411,2.1722222222222225,1.8530805687203793,11.722222222222225,743.9917936952917,Hard
2025-03-17,43484,Yunchaokete Bu,Cameron Norrie,P2,10,False,P1,0.41111908853054047,0.5888809114694595,2.3491124260355027,1.7412280701754383,-10.0,733.9917936952917,Hard
2025-03-17,43485,Luciano Darderi,Pedro Martinez,P1,10,True,P1,0.38943107426166534,0.6105689257383347,2.66025641025641,1.6023166023166024,16.602564102564102,750.5943577978558,Hard
2025-03-17,43486,Alejandro Davidovich Fokina,Jan-Lennard Struff,P1,10,True,P1,0.7121367305517197,0.28786326944828033,1.686192468619247,2.457317073170732,6.861924686192471,757.4562824840482,Hard
2025-03-17,43487,Gabriel Diallo,Tomas Martin Etcheverry,P2,10,False,P1,0.409605011343956,0.590394988656044,2.0918918918918914,1.9158415841584158,-10.0,747.4562824840482,Hard
2025-03-17,43488,Jacob Fearnley,Benjamin Bonzi,P2,10,False,P1,0.46316520869731903,0.536834791302681,1.5211267605633803,2.918918918918919,-10.0,737.4562824840482,Hard
2025-03-17,43489,Joao Fonseca,Learner Tien,P2,10,False,P1,0.5575303286314011,0.44246967136859894,1.3976608187134503,3.514705882352941,-10.0,727.4562824840482,Hard
2025-03-17,43490,Hugo Gaston,Yoshihito Nishioka,P2,10,False,P1,0.34242387115955353,0.6575761288404465,2.4121212121212126,1.7081545064377686,-10.0,717.4562824840482,Hard
2025-03-17,43491,Jakub Mensik,Roberto Bautista Agut,P2,10,False,P1,0.5926869809627533,0.4073130190372467,1.4848484848484849,3.0625000000000004,-10.0,707.4562824840482,Hard
2025-03-17,43492,Reilly Opelka,Christopher Eubanks,P1,10,True,P1,0.6523350179195404,0.3476649820804596,1.6477732793522268,2.54375,6.477732793522268,713.9340152775704,Hard
2025-03-17,43493,Roman Safiullin,Jenson Brooksby,P2,10,False,P1,0.38337476551532745,0.6166252344846725,1.9162561576354682,2.0913978494623655,-10.0,703.9340152775704,Hard
2025-03-17,43494,Lorenzo Sonego,Mariano Navone,P2,10,False,P1,0.5578536093235016,0.4421463906764984,1.5708955223880594,2.7516339869281046,-10.0,693.9340152775704,Hard
2025-03-17,43495,Jordan Thompson,Marcos Giron,P1,10,True,P1,0.4327233284711838,0.5672766715288162,2.6838709677419352,1.5938697318007664,16.838709677419352,710.7727249549898,Hard
2025-03-17,43496,Thiago Agustin Tirante,Flavio Cobolli,P1,10,True,P1,0.4267275333404541,0.5732724666595459,2.41566265060241,1.7063829787234042,14.1566265060241,724.9293514610139,Hard
2025-03-17,43497,Coleman Wong,Daniel Altmaier,P1,10,True,P1,0.4420054703950882,0.5579945296049118,3.485294117647059,1.4023668639053255,24.852941176470587,749.7822926374845,Hard
2025-03-17,43498,Alexander Bublik,Sebastian Baez,P2,10,False,P1,0.4179711937904358,0.5820288062095642,1.5884615384615381,2.699346405228758,-10.0,739.7822926374845,Hard
2025-03-17,43499,Roberto Carballes Baena,Christopher O'Connell,P1,10,True,P1,0.37972405552864075,0.6202759444713593,2.6623376623376624,1.6015625,16.623376623376625,756.4056692608611,Hard
2025-03-17,43501,David Goffin,Aleksandar Vukic,P2,10,False,P1,0.5364698767662048,0.46353012323379517,1.686192468619247,2.457317073170732,-10.0,746.4056692608611,Hard
2025-03-17,43502,Quentin Halys,Thiago Seyboth Wild,P2,10,False,P1,0.560401126742363,0.439598873257637,1.686192468619247,2.457317073170732,-10.0,736.4056692608611,Hard
2025-03-17,43503,Rinky Hijikata,Hamad Medjedovic,P2,10,False,P1,0.30388227105140686,0.6961177289485931,3.2056737588652484,1.4533762057877813,-10.0,726.4056692608611,Hard
2025-03-17,43504,Miomir Kecmanovic,Aleksandar Kovacevic,P1,10,True,P1,0.6949156671762466,0.30508433282375336,1.6425702811244978,2.5562500000000004,6.425702811244978,732.8313720721061,Hard
2025-03-17,43505,Nick Kyrgios,Mackenzie McDonald,P1,10,True,P1,0.7509563565254211,0.24904364347457886,3.069444444444444,1.483221476510067,20.694444444444443,753.5258165165505,Hard
2025-03-17,43506,Gael Monfils,Fabian Marozsan,P1,10,True,P1,0.7176388502120972,0.28236114978790283,1.4999999999999998,2.9999999999999996,4.999999999999998,758.5258165165505,Hard
2025-03-17,43509,Jaume Munar,Arthur Rinderknech,P2,10,False,P1,0.5359806567430496,0.4640193432569504,1.7063829787234042,2.41566265060241,-10.0,748.5258165165505,Hard
2025-03-17,43512,Chun-Hsin Tseng,Mattia Bellucci,P2,10,False,P1,0.3155505657196045,0.6844494342803955,2.9591836734693877,1.5104166666666667,-10.0,738.5258165165505,Hard
2025-03-17,43513,Camilo Ugo Carabelli,Brandon Holt,P1,10,True,P1,0.6035050302743912,0.3964949697256088,2.4096385542168677,1.7094017094017095,14.096385542168676,752.6222020587193,Hard
2025-03-17,43514,Alexander Zverev,Jacob Fearnley,P1,10,True,P1,0.8276278451085091,0.17237215489149094,1.2099644128113878,5.76271186440678,2.099644128113878,754.7218461868331,Hard
2025-03-17,43515,Taylor Fritz,Lorenzo Sonego,P2,10,False,P1,0.8266314640641212,0.17336853593587875,1.1946308724832213,6.137931034482758,-10.0,744.7218461868331,Hard
2025-03-17,43516,Jakub Mensik,Jack Draper,P2,10,False,P1,0.19727175682783127,0.8027282431721687,3.930769230769231,1.341207349081365,-10.0,734.7218461868331,Hard
2025-03-17,43517,Zizou Bergs,Andrey Rublev,P1,10,True,P1,0.38371381163597107,0.6162861883640289,3.7368421052631584,1.3653846153846154,27.368421052631582,762.0902672394647,Hard
2025-03-17,43518,Alex de Minaur,Yunchaokete Bu,P2,10,False,P1,0.7662807255983353,0.23371927440166473,1.2173112338858196,5.601694915254238,-10.0,752.0902672394647,Hard
2025-03-17,43519,Reilly Opelka,Holger Rune,P1,10,True,P1,0.425255611538887,0.574744388461113,2.9931506849315066,1.5017182130584192,19.931506849315067,772.0217740887797,Hard
2025-03-17,43520,Coleman Wong,Ben Shelton,P1,10,True,P1,0.22884148359298706,0.7711585164070129,8.108108108108109,1.140684410646388,71.0810810810811,843.1028551698607,Hard
2025-03-17,43521,Frances Tiafoe,Alejandro Davidovich Fokina,P2,10,False,P1,0.4106239378452301,0.5893760621547699,2.2203389830508478,1.8194444444444444,-10.0,833.1028551698607,Hard
2025-03-17,43522,Arthur Fils,Gabriel Diallo,P1,10,True,P1,0.7091718763113022,0.2908281236886978,1.6015625,2.6623376623376624,6.015625,839.1184801698607,Hard
2025-03-17,43523,Joao Fonseca,Ugo Humbert,P2,10,False,P1,0.27925214171409607,0.7207478582859039,2.3431952662721893,1.7444933920704846,-10.0,829.1184801698607,Hard
2025-03-17,43524,Tomas Machac,Matteo Arnaldi,P2,10,False,P1,0.628327950835228,0.37167204916477203,1.5671641791044775,2.7631578947368425,-10.0,819.1184801698607,Hard
2025-03-17,43525,Roman Safiullin,Alexei Popyrin,P1,10,True,P1,0.5284237563610077,0.4715762436389923,2.119565217391304,1.8932038834951457,11.195652173913043,830.3141323437737,Hard
2025-03-17,43526,Denis Shapovalov,Thiago Agustin Tirante,P2,10,False,P1,0.7287637889385223,0.27123621106147766,1.2590233545647558,4.860655737704918,-10.0,820.3141323437737,Hard
2025-03-17,43527,Jordan Thompson,Giovanni Mpetshi Perricard,P1,10,True,P1,0.5743470042943954,0.42565299570560455,1.9846938775510201,2.0155440414507773,9.846938775510202,830.161071119284,Hard
2025-03-17,43528,Matteo Berrettini,Hugo Gaston,P2,10,False,P1,0.8101087883114815,0.18989121168851852,1.179127725856698,6.5826086956521745,-10.0,820.161071119284,Hard
2025-03-17,43529,Adam Walton,Luciano Darderi,P2,10,False,P1,0.5292518436908722,0.4707481563091278,1.6330645161290323,2.579617834394904,-10.0,810.161071119284,Hard
2025-03-17,43530,David Goffin,Carlos Alcaraz,P1,10,True,P1,0.08784352988004684,0.9121564701199532,18.04807692307692,1.0586576424139875,170.4807692307692,980.6418403500531,Hard
2025-03-17,43531,Novak Djokovic,Rinky Hijikata,P1,10,True,P1,0.8923230320215225,0.10767696797847748,1.139622641509434,8.162162162162161,1.3962264150943393,982.0380667651475,Hard
2025-03-17,43532,Casper Ruud,Miomir Kecmanovic,P2,10,False,P1,0.5486900359392166,0.4513099640607834,1.7909090909090908,2.264367816091954,-10.0,972.0380667651475,Hard
2025-03-17,43533,Jaume Munar,Daniil Medvedev,P2,10,False,P1,0.14685439318418503,0.853145606815815,5.593220338983051,1.2177121771217714,-10.0,962.0380667651475,Hard
2025-03-17,43534,Stefanos Tsitsipas,Chun-Hsin Tseng,P1,10,True,P1,0.9057410657405853,0.09425893425941467,1.1401515151515151,8.135135135135133,1.4015151515151514,963.4395819166626,Hard
2025-03-17,43535,Tommy Paul,Alexander Bublik,P1,10,True,P1,0.8019262179732323,0.19807378202676773,1.2900232018561486,4.448,2.900232018561486,966.3398139352241,Hard
2025-03-17,43537,Lorenzo Musetti,Quentin Halys,P2,10,False,P1,0.5846260786056519,0.41537392139434814,1.6360000000000001,2.5723270440251573,-10.0,956.3398139352241,Hard
2025-03-17,43539,Karen Khachanov,Nick Kyrgios,P2,10,False,P1,0.36661334335803986,0.6333866566419601,1.438871473354232,3.278571428571428,-10.0,946.3398139352241,Hard
2025-03-17,43540,Francisco Cerundolo,Alexandre Muller,P1,10,True,P1,0.6837586611509323,0.3162413388490677,1.616600790513834,2.6217948717948714,6.16600790513834,952.5058218403625,Hard
2025-03-17,43542,Gael Monfils,Jiri Lehecka,P1,10,True,P1,0.5756168365478516,0.42438316345214844,2.264367816091954,1.7909090909090908,12.64367816091954,965.149500001282,Hard
2025-03-17,43543,Alejandro Tabilo,Corentin Moutet,P2,10,False,P1,0.41046611964702606,0.5895338803529739,2.296511627906977,1.7713004484304933,-10.0,955.149500001282,Hard
2025-03-17,43544,Brandon Nakashima,Roberto Carballes Baena,P2,10,False,P1,0.674396201968193,0.32560379803180695,1.3616438356164382,3.7651515151515156,-10.0,945.149500001282,Hard
2025-03-17,43545,Camilo Ugo Carabelli,Alex Michelsen,P1,10,True,P1,0.3333960920572281,0.6666039079427719,4.983606557377049,1.251028806584362,39.8360655737705,984.9855655750525,Hard
2025-03-17,43546,Alexander Zverev,Jordan Thompson,P2,10,False,P1,0.7360779643058777,0.2639220356941223,1.2179487179487178,5.588235294117647,-10.0,974.9855655750525,Hard
2025-03-17,43547,Taylor Fritz,Denis Shapovalov,P1,10,True,P1,0.6902179270982742,0.30978207290172577,1.4784053156146177,3.0902777777777772,4.784053156146177,979.7696187311988,Hard
2025-03-17,43548,Alex de Minaur,Joao Fonseca,P1,10,True,P1,0.7410761564970016,0.25892384350299835,1.8119266055045873,2.2316384180790965,8.119266055045873,987.8888847862446,Hard
2025-03-17,43549,Arthur Fils,Frances Tiafoe,P1,10,True,P1,0.5455176681280136,0.4544823318719864,1.898058252427185,2.1135135135135137,8.980582524271849,996.8694673105165,Hard
2025-03-17,43550,Tomas Machac,Reilly Opelka,P1,10,True,P1,0.6483672857284546,0.3516327142715454,1.5687732342007437,2.758169934640523,5.687732342007436,1002.5571996525239,Hard
2025-03-17,43551,Matteo Berrettini,Zizou Bergs,P1,10,True,P1,0.7388313710689545,0.26116862893104553,1.4462025316455696,3.24113475177305,4.462025316455696,1007.0192249689795,Hard
2025-03-17,43552,Jakub Mensik,Roman Safiullin,P1,10,True,P1,0.6385397762060165,0.36146022379398346,1.5789473684210527,2.7272727272727275,5.7894736842105265,1012.80869865319,Hard
2025-03-17,43553,Adam Walton,Coleman Wong,P2,10,False,P1,0.42413216829299927,0.5758678317070007,1.5893536121673004,2.6967741935483867,-10.0,1002.80869865319,Hard
2025-03-17,43554,Novak Djokovic,Camilo Ugo Carabelli,P1,10,True,P1,0.9191203191876411,0.08087968081235886,1.106614017769003,10.37962962962963,1.0661401776900292,1003.8748388308801,Hard
2025-03-17,43555,Casper Ruud,Alejandro Tabilo,P1,10,True,P1,0.7146370559930801,0.28536294400691986,1.4107142857142858,3.4347826086956528,4.107142857142858,1007.981981688023,Hard
2025-03-17,43556,Sebastian Korda,Stefanos Tsitsipas,P2,10,False,P1,0.37867371737957,0.62132628262043,2.3668639053254434,1.7316017316017311,-10.0,997.981981688023,Hard
2025-03-17,43557,Francisco Cerundolo,Tommy Paul,P1,10,True,P1,0.43561887741088867,0.5643811225891113,2.7712418300653594,1.5645756457564575,17.712418300653596,1015.6943999886765,Hard
2025-03-17,43558,Grigor Dimitrov,Karen Khachanov,P1,10,True,P1,0.5607912391424179,0.4392087608575821,1.8497652582159625,2.1767955801104972,8.497652582159624,1024.1920525708363,Hard
2025-03-17,43559,Lorenzo Musetti,Felix Auger-Aliassime,P1,10,True,P1,0.4094376116991043,0.5905623883008957,2.5849056603773586,1.6309523809523812,15.849056603773587,1040.0411091746098,Hard
2025-03-17,43560,Brandon Nakashima,David Goffin,P2,10,False,P1,0.5752928555011749,0.4247071444988251,1.5138888888888888,2.9459459459459456,-10.0,1030.0411091746098,Hard
2025-03-17,43561,Gael Monfils,Jaume Munar,P1,10,True,P1,0.7713961154222488,0.22860388457775116,1.5490909090909089,2.821192052980132,5.4909090909090885,1035.532018265519,Hard
2025-03-17,43562,Arthur Fils,Alexander Zverev,P2,10,False,P1,0.19977457076311111,0.8002254292368889,3.932330827067668,1.341025641025641,-10.0,1025.532018265519,Hard
2025-03-17,43563,Taylor Fritz,Adam Walton,P2,10,False,P1,0.8806817345321178,0.11931826546788216,1.1083249749247743,10.231481481481481,-10.0,1015.5320182655189,Hard
2025-03-17,43564,Novak Djokovic,Lorenzo Musetti,P1,10,True,P1,0.871517226099968,0.12848277390003204,1.372222222222222,3.686567164179104,3.72222222222222,1019.2542404877411,Hard
2025-03-17,43565,Francisco Cerundolo,Casper Ruud,P2,10,False,P1,0.506985068321228,0.493014931678772,1.8119266055045873,2.2316384180790965,-10.0,1009.2542404877411,Hard
2025-03-17,43566,Matteo Berrettini,Alex de Minaur,P1,10,True,P1,0.45601941645145416,0.5439805835485458,2.4424242424242424,1.6932773109243697,14.424242424242424,1023.6784829119835,Hard
2025-03-17,43567,Grigor Dimitrov,Brandon Nakashima,P2,10,False,P1,0.5521483868360519,0.44785161316394806,1.7179487179487178,2.392857142857143,-10.0,1013.6784829119835,Hard
2025-03-17,43568,Jakub Mensik,Tomas Machac,P2,10,False,P1,0.3213525712490082,0.6786474287509918,2.1483516483516483,1.8708133971291872,-10.0,1003.6784829119835,Hard
2025-03-17,43569,Sebastian Korda,Gael Monfils,P2,10,False,P1,0.48031309247016907,0.5196869075298309,1.7954545454545456,2.257142857142857,-10.0,993.6784829119835,Hard
2025-03-17,43570,Taylor Fritz,Matteo Berrettini,P1,10,True,P1,0.6861832737922668,0.31381672620773315,1.5157894736842106,2.938775510204082,5.157894736842106,998.8363776488255,Hard
2025-03-17,43571,Novak Djokovic,Sebastian Korda,P1,10,True,P1,0.784090556204319,0.215909443795681,1.2930232558139536,4.412698412698413,2.930232558139536,1001.7666102069651,Hard
2025-03-17,43572,Jakub Mensik,Arthur Fils,P2,10,False,P1,0.41215793788433075,0.5878420621156693,2.0471204188481673,1.9549999999999998,-10.0,991.7666102069651,Hard
2025-03-17,43573,Grigor Dimitrov,Francisco Cerundolo,P1,10,True,P1,0.5861180126667023,0.41388198733329773,1.9261083743842367,2.079787234042553,9.261083743842367,1001.0276939508075,Hard
2025-03-17,43574,Jakub Mensik,Taylor Fritz,P2,10,False,P1,0.21951451897621155,0.7804854810237885,3.4817518248175183,1.4029411764705884,-10.0,991.0276939508075,Hard
2025-03-17,43575,Novak Djokovic,Grigor Dimitrov,P1,10,True,P1,0.8442706018686295,0.15572939813137054,1.3009478672985784,4.322834645669291,3.0094786729857836,994.0371726237933,Hard
2025-03-17,43576,Jakub Mensik,Novak Djokovic,P2,10,False,P1,0.1187303215265274,0.8812696784734726,4.299212598425197,1.3031026252983295,-10.0,984.0371726237933,Hard
2025-03-31,43577,Ethan Quinn,Jordan Thompson,P2,10,False,P1,0.3122599571943283,0.6877400428056717,2.515527950310559,1.6598360655737707,-10.0,974.0371726237933,Clay
2025-03-31,43631,Roberto Bautista Agut,Yunchaokete Bu,P2,10,False,P1,0.4937731623649597,0.5062268376350403,1.8279069767441858,2.207865168539326,-10.0,964.0371726237933,Clay
2025-03-31,43632,Camilo Ugo Carabelli,Radu Albot,P2,10,False,P1,0.7100370824337006,0.28996291756629944,1.2950819672131146,4.388888888888888,-10.0,954.0371726237933,Clay
2025-03-31,43578,Kei Nishikori,Mitchell Krueger,P1,10,True,P1,0.806163914501667,0.19383608549833298,1.2985781990521326,4.349206349206349,2.9857819905213256,957.0229546143146,Clay
2025-03-31,43605,Vit Kopriva,Borna Gojo,P2,10,False,P1,0.41664640605449677,0.5833535939455032,1.7051282051282053,2.4181818181818184,-10.0,947.0229546143146,Clay
2025-03-31,43579,Christopher Eubanks,Rinky Hijikata,P2,10,False,P1,0.4927457869052887,0.5072542130947113,2.0,2.0,-10.0,937.0229546143146,Clay
2025-03-31,43606,Kamil Majchrzak,Jaume Munar,P2,10,False,P1,0.29483282566070557,0.7051671743392944,3.125874125874126,1.470394736842105,-10.0,927.0229546143146,Clay
2025-03-31,43633,Francisco Comesana,Martin Klizan,P2,10,False,P1,0.7133457660675049,0.2866542339324951,1.3616438356164382,3.7651515151515156,-10.0,917.0229546143146,Clay
2025-03-31,43607,Mattia Bellucci,Pavel Kotov,P1,10,True,P1,0.5408805757761002,0.45911942422389984,2.154696132596685,1.8660287081339713,11.546961325966851,928.5699159402815,Clay
2025-03-31,43634,Gabriel Diallo,Chun-Hsin Tseng,P1,10,True,P1,0.5268165320158005,0.4731834679841995,2.389221556886228,1.7198275862068966,13.892215568862278,942.4621315091438,Clay
2025-03-31,43580,Adrian Mannarino,Yannick Hanfmann,P2,10,False,P1,0.27871236205101013,0.7212876379489899,2.909722222222222,1.5236363636363635,-10.0,932.4621315091438,Clay
2025-03-31,43635,Damir Dzumhur,Valentin Vacherot,P2,10,False,P1,0.5359419286251068,0.4640580713748932,1.6991525423728815,2.43030303030303,-10.0,922.4621315091438,Clay
2025-03-31,43581,Mackenzie McDonald,Daniel Elahi Galan,P1,10,True,P1,0.5780348181724548,0.42196518182754517,2.4096385542168677,1.7094017094017095,14.096385542168676,936.5585170513125,Clay
2025-03-31,43636,Marton Fucsovics,Luca Nardi,P1,10,True,P1,0.757198840379715,0.24280115962028503,1.5912698412698414,2.691275167785235,5.912698412698414,942.4712154640109,Clay
2025-03-31,43609,Jesper de Jong,Elliot Benchetrit,P2,10,False,P1,0.5431003123521805,0.4568996876478195,1.1088709677419355,10.185185185185183,-10.0,932.4712154640109,Clay
2025-03-31,43637,Filip Misolic,Alexander Shevchenko,P2,10,False,P1,0.45691175758838654,0.5430882424116135,1.9068627450980393,2.1027027027027025,-10.0,922.4712154640109,Clay
2025-03-31,43610,Hugo Gaston,Juan Manuel Cerundolo,P1,10,True,P1,0.657850906252861,0.342149093747139,2.108108108108108,1.9024390243902443,11.081081081081079,933.552296545092,Clay
2025-03-31,43583,Adam Walton,Michael Mmoh,P1,10,True,P1,0.6085991412401199,0.39140085875988007,2.3491124260355027,1.7412280701754383,13.491124260355027,947.043420805447,Clay
2025-03-31,43638,Christopher O'Connell,Dusan Lajovic,P2,10,False,P1,0.4035498648881912,0.5964501351118088,2.43030303030303,1.6991525423728815,-10.0,937.043420805447,Clay
2025-03-31,43611,Pierre-Hugues Herbert,Federico Coria,P1,10,True,P1,0.5762833058834076,0.4237166941165924,2.5949367088607596,1.626984126984127,15.949367088607595,952.9927878940546,Clay
2025-03-31,43584,Alex Michelsen,Learner Tien,P1,10,True,P1,0.5284308344125748,0.47156916558742523,2.0260416666666665,1.9746192893401011,10.260416666666664,963.2532045607212,Clay
2025-03-31,43639,Stan Wawrinka,Timofey Skatov,P2,10,False,P1,0.5671673119068146,0.4328326880931854,1.6890756302521008,2.451219512195122,-10.0,953.2532045607212,Clay
2025-03-31,43585,Aleksandar Kovacevic,Tomas Martin Etcheverry,P1,10,True,P1,0.2919336259365082,0.7080663740634918,3.5703703703703704,1.3890489913544668,25.703703703703702,978.9569082644249,Clay
2025-03-31,43612,Otto Virtanen,Daniel Altmaier,P1,10,True,P1,0.44113171100616455,0.5588682889938354,3.847328244274809,1.351206434316354,28.47328244274809,1007.430190707173,Clay
2025-03-31,43640,Mariano Navone,Laslo Djere,P1,10,True,P1,0.47697900235652924,0.5230209976434708,2.1027027027027025,1.9068627450980393,11.027027027027025,1018.4572177342,Clay
2025-03-31,43586,Jenson Brooksby,Taro Daniel,P2,10,False,P1,0.5124661922454834,0.4875338077545166,1.4101796407185627,3.4379562043795615,-10.0,1008.4572177342,Clay
2025-03-31,43641,Richard Gasquet,Botic Van De Zandschulp,P1,10,True,P1,0.3420962989330292,0.6579037010669708,3.9461538461538463,1.3394255874673628,29.461538461538463,1037.9187561957385,Clay
2025-03-31,43615,Hugo Dellien,Aleksandar Vukic,P2,10,False,P1,0.3728097826242447,0.6271902173757553,1.6598360655737707,2.515527950310559,-10.0,1027.9187561957385,Clay
2025-03-31,43588,Cristian Garin,Alexander Ritschard,P1,10,True,P1,0.7431035041809082,0.2568964958190918,1.5961538461538458,2.6774193548387095,5.961538461538458,1033.880294657277,Clay
2025-03-31,43643,Pedro Martinez,Stan Wawrinka,P2,10,False,P1,0.3635004162788391,0.6364995837211609,1.9024390243902443,2.108108108108108,-10.0,1023.8802946572771,Clay
2025-03-31,43589,Frances Tiafoe,Adam Walton,P2,10,False,P1,0.5707851201295853,0.42921487987041473,1.339378238341969,3.9465648854961826,-10.0,1013.8802946572771,Clay
2025-03-31,43616,Tallon Griekspoor,Pablo Carreno Busta,P2,10,False,P1,0.46299563348293304,0.537004366517067,1.811059907834101,2.2329545454545454,-10.0,1003.8802946572771,Clay
2025-03-31,43644,Christopher O'Connell,Nicolas Jarry,P2,10,False,P1,0.48010018467903137,0.5198998153209686,1.964824120603015,2.036458333333334,-10.0,993.8802946572771,Clay
2025-03-31,43590,Brandon Nakashima,Mackenzie McDonald,P1,10,True,P1,0.6947948485612869,0.3052051514387131,1.5051546391752577,2.9795918367346936,5.051546391752577,998.9318410490297,Clay
2025-03-31,43617,Vit Kopriva,Lorenzo Sonego,P2,10,False,P1,0.3281545341014862,0.6718454658985138,2.4096385542168677,1.7094017094017095,-10.0,988.9318410490297,Clay
2025-03-31,43645,Marton Fucsovics,Mariano Navone,P1,10,True,P1,0.46913251280784607,0.5308674871921539,2.643312101910828,1.6085271317829455,16.43312101910828,1005.364962068138,Clay
2025-03-31,43618,Luciano Darderi,Hugo Gaston,P2,10,False,P1,0.5018360912799835,0.4981639087200165,1.6334661354581674,2.5786163522012573,-10.0,995.364962068138,Clay
2025-03-31,43591,Alex Michelsen,Adrian Mannarino,P2,10,False,P1,0.7013528496026993,0.2986471503973007,1.1740458015267177,6.74561403508772,-10.0,985.364962068138,Clay
2025-03-31,43619,Mattia Bellucci,Pierre-Hugues Herbert,P2,10,False,P1,0.47952839732170105,0.520471602678299,1.6598360655737707,2.515527950310559,-10.0,975.364962068138,Clay
2025-03-31,43592,Christopher Eubanks,Kei Nishikori,P1,10,True,P1,0.3091356009244919,0.6908643990755081,4.4523809523809526,1.289655172413793,34.523809523809526,1009.8887715919475,Clay
2025-03-31,43647,Sebastian Baez,Gabriel Diallo,P2,10,False,P1,0.6610271632671356,0.3389728367328644,1.3824362606232292,3.6148148148148143,-10.0,999.8887715919475,Clay
2025-03-31,43593,Tommy Paul,Cristian Garin,P2,10,False,P1,0.6562490612268448,0.3437509387731552,1.4041297935103245,3.4744525547445253,-10.0,989.8887715919475,Clay
2025-03-31,43620,Alexandre Muller,Hugo Dellien,P1,10,True,P1,0.6704983115196228,0.3295016884803772,1.5650557620817847,2.7697368421052633,5.650557620817846,995.5393292127653,Clay
2025-03-31,43594,Jenson Brooksby,Alejandro Tabilo,P1,10,True,P1,0.4885408282279968,0.5114591717720032,2.188888888888889,1.841121495327103,11.888888888888891,1007.4282181016542,Clay
2025-03-31,43648,Flavio Cobolli,Richard Gasquet,P2,10,False,P1,0.5032477676868439,0.49675223231315613,1.5246478873239437,2.906040268456376,-10.0,997.4282181016542,Clay
2025-03-31,43649,Francisco Comesana,Roberto Bautista Agut,P2,10,False,P1,0.4661059081554413,0.5338940918445587,1.7644444444444443,2.308139534883721,-10.0,987.4282181016542,Clay
2025-03-31,43622,Roberto Carballes Baena,Otto Virtanen,P2,10,False,P1,0.5955660194158554,0.4044339805841446,1.4477124183006536,3.233576642335766,-10.0,977.4282181016542,Clay
2025-03-31,43650,Filip Misolic,Camilo Ugo Carabelli,P1,10,True,P1,0.4878665506839752,0.5121334493160248,2.834437086092715,1.5451263537906137,18.34437086092715,995.7725889625814,Clay
2025-03-31,43623,Kamil Majchrzak,Jesper de Jong,P2,10,False,P1,0.5294229984283447,0.4705770015716553,1.8840579710144931,2.1311475409836067,-10.0,985.7725889625814,Clay
2025-03-31,43624,Tallon Griekspoor,Mattia Bellucci,P2,10,False,P1,0.6098252534866333,0.3901747465133667,1.4965986394557824,3.0136986301369864,-10.0,975.7725889625814,Clay
2025-03-31,43651,Sebastian Baez,Francisco Comesana,P1,10,True,P1,0.7201537638902664,0.2798462361097336,1.5246478873239437,2.906040268456376,5.246478873239438,981.0190678358208,Clay
2025-03-31,43625,Kamil Majchrzak,Alexandre Muller,P1,10,True,P1,0.5110196769237518,0.48898032307624817,2.3668639053254434,1.7316017316017311,13.668639053254434,994.6877068890752,Clay
2025-03-31,43652,Damir Dzumhur,Pedro Martinez,P1,10,True,P1,0.518825501203537,0.481174498796463,2.1712707182320443,1.8537735849056602,11.712707182320443,1006.4004140713956,Clay
2025-03-31,43598,Frances Tiafoe,Alex Michelsen,P2,10,False,P1,0.5214027017354965,0.4785972982645035,1.5708955223880594,2.7516339869281046,-10.0,996.4004140713956,Clay
2025-03-31,43599,Brandon Nakashima,Christopher Eubanks,P2,10,False,P1,0.704566702246666,0.29543329775333405,1.338753387533875,3.951999999999999,-10.0,986.4004140713956,Clay
2025-03-31,43626,Roberto Carballes Baena,Nuno Borges,P2,10,False,P1,0.4648376703262329,0.5351623296737671,2.0471204188481673,1.9549999999999998,-10.0,976.4004140713956,Clay
2025-03-31,43653,Flavio Cobolli,Filip Misolic,P2,10,False,P1,0.4397018998861313,0.5602981001138687,1.7644444444444443,2.308139534883721,-10.0,966.4004140713956,Clay
2025-03-31,43600,Jenson Brooksby,Aleksandar Kovacevic,P1,10,True,P1,0.6333544552326202,0.36664554476737976,1.7837837837837835,2.275862068965517,7.837837837837835,974.2382519092334,Clay
2025-03-31,43627,Luciano Darderi,Vit Kopriva,P1,10,True,P1,0.6314544975757599,0.3685455024242401,1.6196078431372551,2.613924050632911,6.196078431372552,980.434330340606,Clay
2025-03-31,43654,Marton Fucsovics,Christopher O'Connell,P2,10,False,P1,0.6053188294172287,0.3946811705827713,1.5789473684210527,2.7272727272727275,-10.0,970.434330340606,Clay
2025-03-31,43655,Sebastian Baez,Marton Fucsovics,P1,10,True,P1,0.6140452921390533,0.38595470786094666,1.8714285714285714,2.1475409836065573,8.714285714285715,979.1486160548917,Clay
2025-03-31,43628,Tallon Griekspoor,Kamil Majchrzak,P2,10,False,P1,0.5591578930616379,0.4408421069383621,1.7316017316017311,2.3668639053254434,-10.0,969.1486160548917,Clay
2025-03-31,43601,Jenson Brooksby,Tommy Paul,P1,10,True,P1,0.3425854742527008,0.6574145257472992,4.2109375,1.311435523114355,32.109375,1001.2579910548917,Clay
2025-03-31,43656,Flavio Cobolli,Damir Dzumhur,P2,10,False,P1,0.543802410364151,0.456197589635849,1.7179487179487178,2.392857142857143,-10.0,991.2579910548917,Clay
2025-03-31,43629,Luciano Darderi,Roberto Carballes Baena,P1,10,True,P1,0.5187003165483475,0.4812996834516525,2.0851063829787235,1.9215686274509802,10.851063829787236,1002.1090548846789,Clay
2025-03-31,43602,Frances Tiafoe,Brandon Nakashima,P2,10,False,P1,0.4996822774410248,0.5003177225589752,1.8846153846153846,2.1304347826086953,-10.0,992.1090548846789,Clay
2025-03-31,43657,Flavio Cobolli,Sebastian Baez,P2,10,False,P1,0.36983054876327515,0.6301694512367249,2.575,1.6349206349206347,-10.0,982.1090548846789,Clay
2025-03-31,43603,Jenson Brooksby,Frances Tiafoe,P1,10,True,P1,0.403068870306015,0.596931129693985,2.827814569536424,1.5471014492753625,18.278145695364238,1000.3872005800432,Clay
2025-03-31,43630,Luciano Darderi,Tallon Griekspoor,P2,10,False,P1,0.32835039496421814,0.6716496050357819,2.36094674556213,1.7347826086956524,-10.0,990.3872005800432,Clay
2025-04-07,43658,Nuno Borges,Holger Rune,P1,10,True,P1,0.31200869381427765,0.6879913061857224,3.3165467625899288,1.4316770186335404,23.16546762589929,1013.5526682059425,Clay
2025-04-07,43659,Arthur Fils,Tallon Griekspoor,P2,10,False,P1,0.41284728050231934,0.5871527194976807,1.5551470588235292,2.8013245033112586,-10.0,1003.5526682059425,Clay
2025-04-07,43660,Frances Tiafoe,Miomir Kecmanovic,P1,10,True,P1,0.5490570068359375,0.4509429931640625,2.738562091503268,1.5751879699248121,17.385620915032682,1020.9382891209751,Clay
2025-04-07,43661,Grigor Dimitrov,Nicolas Jarry,P2,10,False,P1,0.6137605607509613,0.3862394392490387,1.420731707317073,3.3768115942028993,-10.0,1010.9382891209751,Clay
2025-04-07,43662,Roberto Bautista Agut,Brandon Nakashima,P2,10,False,P1,0.37654930353164673,0.6234506964683533,2.3550295857988166,1.737991266375546,-10.0,1000.9382891209751,Clay
2025-04-07,43663,Flavio Cobolli,Dusan Lajovic,P1,10,True,P1,0.5821063071489334,0.4178936928510666,1.9547738693467334,2.0473684210526315,9.547738693467334,1010.4860278144424,Clay
2025-04-07,43664,Tomas Martin Etcheverry,Corentin Moutet,P2,10,False,P1,0.5335373282432556,0.4664626717567444,1.7873303167420815,2.2701149425287355,-10.0,1000.4860278144424,Clay
2025-04-07,43665,Tomas Machac,Sebastian Baez,P1,10,True,P1,0.5899514555931091,0.41004854440689087,1.8840579710144931,2.1311475409836067,8.840579710144931,1009.3266075245873,Clay
2025-04-07,43666,Pedro Martinez,Lorenzo Sonego,P1,10,True,P1,0.41477829217910767,0.5852217078208923,2.707792207792208,1.5855513307984792,17.07792207792208,1026.4045296025095,Clay
2025-04-07,43667,Alexei Popyrin,Ugo Humbert,P2,10,False,P1,0.3252651244401932,0.6747348755598068,2.3216374269005846,1.756637168141593,-10.0,1016.4045296025095,Clay
2025-04-07,43668,Daniil Medvedev,Karen Khachanov,P1,10,True,P1,0.6389333158731461,0.36106668412685394,2.0,2.0,10.0,1026.4045296025095,Clay
2025-04-07,43669,Alejandro Davidovich Fokina,Ben Shelton,P2,10,False,P1,0.43443265557289124,0.5655673444271088,1.6763485477178421,2.478527607361963,-10.0,1016.4045296025095,Clay
2025-04-07,43670,Lorenzo Musetti,Yunchaokete Bu,P2,10,False,P1,0.7562120854854584,0.24378791451454163,1.2633832976445396,4.796747967479675,-10.0,1006.4045296025095,Clay
2025-04-07,43671,Daniel Altmaier,Felix Auger-Aliassime,P2,10,False,P1,0.17599159479141235,0.8240084052085876,2.52258064516129,1.6567796610169492,-10.0,996.4045296025095,Clay
2025-04-07,43672,Matteo Berrettini,Mariano Navone,P1,10,True,P1,0.8130924254655838,0.1869075745344162,1.5833333333333335,2.7142857142857144,5.833333333333335,1002.2378629358428,Clay
2025-04-07,43673,Francisco Cerundolo,Fabio Fognini,P2,10,False,P1,0.7774898335337639,0.22251016646623611,1.1799687010954618,6.556521739130435,-10.0,992.2378629358428,Clay
2025-04-07,43674,Marcos Giron,Denis Shapovalov,P1,10,True,P1,0.3532196134328842,0.6467803865671158,2.9054054054054053,1.524822695035461,19.054054054054053,1011.2919169898969,Clay
2025-04-07,43675,Jiri Lehecka,Sebastian Korda,P2,10,False,P1,0.3641197830438614,0.6358802169561386,1.6666666666666667,2.5,-10.0,1001.2919169898969,Clay
2025-04-07,43676,Gael Monfils,Fabian Marozsan,P1,10,True,P1,0.6517273038625717,0.3482726961374283,2.2399999999999998,1.8064516129032258,12.399999999999999,1013.6919169898969,Clay
2025-04-07,43677,Alexandre Muller,Camilo Ugo Carabelli,P1,10,True,P1,0.5893447250127792,0.41065527498722076,2.0582010582010586,1.945,10.582010582010586,1024.2739275719075,Clay
2025-04-07,43678,Alejandro Tabilo,Stan Wawrinka,P2,10,False,P1,0.47732070088386536,0.5226792991161346,1.7412280701754383,2.3491124260355027,-10.0,1014.2739275719075,Clay
2025-04-07,43679,Richard Gasquet,Matteo Arnaldi,P1,10,True,P1,0.35344697535037994,0.6465530246496201,4.275590551181103,1.3052884615384617,32.75590551181103,1047.0298330837186,Clay
2025-04-07,43680,Jordan Thompson,Giovanni Mpetshi Perricard,P1,10,True,P1,0.5408009737730026,0.4591990262269974,2.43030303030303,1.6991525423728815,14.303030303030301,1061.3328633867488,Clay
2025-04-07,43681,Valentin Vacherot,Jan-Lennard Struff,P1,10,True,P1,0.37971775233745575,0.6202822476625443,2.9054054054054053,1.524822695035461,19.054054054054053,1080.3869174408028,Clay
2025-04-07,43682,Carlos Alcaraz,Francisco Cerundolo,P1,10,True,P1,0.7837611362338066,0.2162388637661934,1.4895104895104894,3.0428571428571427,4.895104895104893,1085.2820223359076,Clay
2025-04-07,43683,Alejandro Tabilo,Novak Djokovic,P2,10,False,P1,0.11610249429941177,0.8838975057005882,3.951999999999999,1.338753387533875,-10.0,1075.2820223359076,Clay
2025-04-07,43684,Casper Ruud,Roberto Bautista Agut,P2,10,False,P1,0.6947283148765564,0.3052716851234436,1.2679738562091503,4.7317073170731705,-10.0,1065.2820223359076,Clay
2025-04-07,43685,Andrey Rublev,Gael Monfils,P2,10,False,P1,0.4886820465326309,0.5113179534673691,1.5588235294117647,2.789473684210527,-10.0,1055.2820223359076,Clay
2025-04-07,43686,Alex de Minaur,Tomas Machac,P1,10,True,P1,0.5782967209815979,0.4217032790184021,1.780269058295964,2.2816091954022983,7.80269058295964,1063.0847129188674,Clay
2025-04-07,43687,Daniil Medvedev,Alexandre Muller,P1,10,True,P1,0.8090587183833122,0.19094128161668777,1.6796536796536794,2.471337579617834,6.7965367965367935,1069.8812497154042,Clay
2025-04-07,43688,Arthur Fils,Flavio Cobolli,P2,10,False,P1,0.6314095556735992,0.36859044432640076,1.5246478873239437,2.906040268456376,-10.0,1059.8812497154042,Clay
2025-04-07,43689,Lorenzo Musetti,Jiri Lehecka,P2,10,False,P1,0.47851037979125977,0.5214896202087402,1.7456140350877196,2.3411764705882354,-10.0,1049.8812497154042,Clay
2025-04-07,43690,Alexei Popyrin,Frances Tiafoe,P2,10,False,P1,0.3962419480085373,0.6037580519914627,1.780269058295964,2.2816091954022983,-10.0,1039.8812497154042,Clay
2025-04-07,43691,Grigor Dimitrov,Valentin Vacherot,P2,10,False,P1,0.7783775627613068,0.22162243723869324,1.2469135802469138,5.050000000000002,-10.0,1029.8812497154042,Clay
2025-04-07,43692,Daniel Altmaier,Richard Gasquet,P2,10,False,P1,0.44419392943382263,0.5558060705661774,1.526501766784452,2.8993288590604025,-10.0,1019.8812497154042,Clay
2025-04-07,43693,Nuno Borges,Pedro Martinez,P1,10,True,P1,0.645986333489418,0.35401366651058197,1.5767790262172285,2.7337662337662336,5.767790262172285,1025.6490399775764,Clay
2025-04-07,43694,Alejandro Davidovich Fokina,Tomas Martin Etcheverry,P1,10,True,P1,0.6106872707605362,0.3893127292394638,1.6558704453441293,2.524691358024691,6.558704453441293,1032.2077444310178,Clay
2025-04-07,43695,Matteo Berrettini,Alexander Zverev,P1,10,True,P1,0.4289121925830841,0.5710878074169159,2.4969325153374236,1.668032786885246,14.969325153374236,1047.177069584392,Clay
2025-04-07,43696,Jack Draper,Marcos Giron,P2,10,False,P1,0.7225675731897354,0.2774324268102646,1.311435523114355,4.2109375,-10.0,1037.177069584392,Clay
2025-04-07,43697,Stefanos Tsitsipas,Jordan Thompson,P2,10,False,P1,0.7188908159732819,0.28110918402671814,1.168141592920354,6.947368421052633,-10.0,1027.177069584392,Clay
2025-04-07,43698,Carlos Alcaraz,Daniel Altmaier,P1,10,True,P1,0.9053924158215523,0.09460758417844772,1.2104283054003724,5.752212389380531,2.104283054003724,1029.2813526383957,Clay
2025-04-07,43699,Alexei Popyrin,Casper Ruud,P1,10,True,P1,0.3069857209920883,0.6930142790079117,4.861788617886178,1.2589473684210526,38.61788617886178,1067.8992388172574,Clay
2025-04-07,43700,Alejandro Davidovich Fokina,Jack Draper,P1,10,True,P1,0.37477341294288635,0.6252265870571136,2.7096774193548385,1.5849056603773586,17.096774193548384,1084.9960130108057,Clay
2025-04-07,43701,Stefanos Tsitsipas,Nuno Borges,P2,10,False,P1,0.7308168113231659,0.2691831886768341,1.3333333333333333,4.0,-10.0,1074.9960130108057,Clay
2025-04-07,43702,Arthur Fils,Andrey Rublev,P2,10,False,P1,0.507047563791275,0.492952436208725,1.8036529680365299,2.244318181818182,-10.0,1064.9960130108057,Clay
2025-04-07,43703,Alex de Minaur,Daniil Medvedev,P2,10,False,P1,0.42317458987236023,0.5768254101276398,1.668032786885246,2.4969325153374236,-10.0,1054.9960130108057,Clay
2025-04-07,43704,Lorenzo Musetti,Matteo Berrettini,P2,10,False,P1,0.2804368883371353,0.7195631116628647,2.1712707182320443,1.8537735849056602,-10.0,1044.9960130108057,Clay
2025-04-07,43705,Grigor Dimitrov,Alejandro Tabilo,P1,10,True,P1,0.6343211084604263,0.36567889153957367,1.6491935483870968,2.540372670807453,6.491935483870968,1051.4879484946766,Clay
2025-04-07,43706,Carlos Alcaraz,Arthur Fils,P1,10,True,P1,0.8636762946844101,0.1363237053155899,1.4536741214057507,3.2042253521126765,4.536741214057507,1056.024689708734,Clay
2025-04-07,43707,Lorenzo Musetti,Stefanos Tsitsipas,P2,10,False,P1,0.29779118299484253,0.7022088170051575,2.188888888888889,1.841121495327103,-10.0,1046.024689708734,Clay
2025-04-07,43708,Alex de Minaur,Grigor Dimitrov,P1,10,True,P1,0.6171633154153824,0.3828366845846176,1.6374501992031876,2.5687499999999996,6.374501992031876,1052.3991917007659,Clay
2025-04-07,43709,Alejandro Davidovich Fokina,Alexei Popyrin,P2,10,False,P1,0.5645778626203537,0.4354221373796463,1.6171874999999998,2.6202531645569613,-10.0,1042.3991917007659,Clay
2025-04-07,43710,Carlos Alcaraz,Alejandro Davidovich Fokina,P1,10,True,P1,0.8860458396375179,0.11395416036248207,1.2617021276595746,4.821138211382114,2.6170212765957457,1045.0162129773616,Clay
2025-04-07,43711,Lorenzo Musetti,Alex de Minaur,P2,10,False,P1,0.24561509490013123,0.7543849050998688,2.201117318435754,1.832558139534884,-10.0,1035.0162129773616,Clay
2025-04-07,43712,Carlos Alcaraz,Lorenzo Musetti,P1,10,True,P1,0.8652231395244598,0.13477686047554016,1.2695652173913043,4.709677419354838,2.6956521739130435,1037.7118651512747,Clay
2025-04-14,43713,Carlos Alcaraz,Ethan Quinn,P2,10,False,P1,0.9373737461864948,0.06262625381350517,1.052204764318297,20.15533980582524,-10.0,1027.7118651512747,Clay
2025-04-14,43744,Mariano Navone,Felix Auger-Aliassime,P2,10,False,P1,0.3650982230901718,0.6349017769098282,2.2457142857142856,1.8027522935779814,-10.0,1017.7118651512747,Clay
2025-04-14,43714,Casper Ruud,Daniel Elahi Galan,P2,10,False,P1,0.8547860980033875,0.14521390199661255,1.1693907875185734,6.9035087719298245,-10.0,1007.7118651512747,Clay
2025-04-14,43745,Ugo Humbert,Nicolas Jarry,P1,10,True,P1,0.6699834167957306,0.3300165832042694,1.8619047619047617,2.160220994475138,8.619047619047617,1016.3309127703222,Clay
2025-04-14,43746,Francisco Cerundolo,Jan-Lennard Struff,P2,10,False,P1,0.6888073086738586,0.31119269132614136,1.3577235772357723,3.7954545454545445,-10.0,1006.3309127703222,Clay
2025-04-14,43715,Stefanos Tsitsipas,Reilly Opelka,P1,10,True,P1,0.8492699936032295,0.15073000639677048,1.1892332789559545,6.28448275862069,1.8923327895595454,1008.2232455598818,Clay
2025-04-14,43716,Alex de Minaur,Tomas Martin Etcheverry,P1,10,True,P1,0.8105792701244354,0.18942072987556458,1.4353312302839116,3.297101449275363,4.353312302839116,1012.5765578627208,Clay
2025-04-14,43747,Yannick Hanfmann,Jakub Mensik,P1,10,True,P1,0.4178742915391922,0.5821257084608078,3.50735294117647,1.3988269794721404,25.073529411764703,1037.6500872744855,Clay
2025-04-14,43717,Arthur Fils,Pablo Carreno Busta,P2,10,False,P1,0.6550032645463943,0.34499673545360565,1.2893518518518519,4.456,-10.0,1027.6500872744855,Clay
2025-04-14,43718,Jaume Munar,Frances Tiafoe,P2,10,False,P1,0.3690875321626663,0.6309124678373337,1.7599999999999998,2.3157894736842106,-10.0,1017.6500872744855,Clay
2025-04-14,43749,Zizou Bergs,Alexander Bublik,P2,10,False,P1,0.5166573822498322,0.48334261775016785,1.5629629629629629,2.776315789473684,-10.0,1007.6500872744855,Clay
2025-04-14,43719,Sebastian Baez,Damir Dzumhur,P2,10,False,P1,0.6887212693691254,0.31127873063087463,1.3616438356164382,3.7651515151515156,-10.0,997.6500872744855,Clay
2025-04-14,43720,Alejandro Davidovich Fokina,Stan Wawrinka,P2,10,False,P1,0.7104271054267883,0.28957289457321167,1.2735229759299782,4.656000000000001,-10.0,987.6500872744855,Clay
2025-04-14,43752,Alexander Shevchenko,Flavio Cobolli,P1,10,True,P1,0.2520836889743805,0.7479163110256195,4.054263565891473,1.3274111675126905,30.54263565891473,1018.1927229334002,Clay
2025-04-14,43721,Laslo Djere,Arthur Rinderknech,P2,10,False,P1,0.6755266785621643,0.3244733214378357,1.341207349081365,3.930769230769231,-10.0,1008.1927229334002,Clay
2025-04-14,43753,Botic Van De Zandschulp,Roberto Bautista Agut,P2,10,False,P1,0.45974504947662354,0.5402549505233765,1.7094017094017095,2.4096385542168677,-10.0,998.1927229334002,Clay
2025-04-14,43722,Karen Khachanov,Cameron Norrie,P1,10,True,P1,0.6197908818721771,0.3802091181278229,1.6735537190082643,2.4846625766871164,6.735537190082644,1004.9282601234828,Clay
2025-04-14,43754,Alexander Zverev,Alexandre Muller,P1,10,True,P1,0.8374628350138664,0.16253716498613358,1.216117216117216,5.627118644067797,2.16117216117216,1007.089432284655,Clay
2025-04-14,43723,Andrey Rublev,Jesper de Jong,P1,10,True,P1,0.7404119893908501,0.25958801060914993,1.4402515723270441,3.2714285714285714,4.402515723270442,1011.4919480079254,Clay
2025-04-14,43755,Ben Shelton,Borna Gojo,P1,10,True,P1,0.6636708974838257,0.3363291025161743,1.5229681978798588,2.9121621621621623,5.229681978798588,1016.721629986724,Clay
2025-04-14,43724,Holger Rune,Albert Ramos-Vinolas,P2,10,False,P1,0.8217869326472282,0.17821306735277176,1.1892332789559545,6.28448275862069,-10.0,1006.721629986724,Clay
2025-04-14,43725,Jacob Fearnley,Roberto Carballes Baena,P1,10,True,P1,0.34851647913455963,0.6514835208654404,5.116666666666667,1.242914979757085,41.16666666666667,1047.8882966533906,Clay
2025-04-14,43756,Daniel Altmaier,Chun-Hsin Tseng,P2,10,False,P1,0.5898422449827194,0.4101577550172806,1.5510948905109487,2.814569536423841,-10.0,1037.8882966533906,Clay
2025-04-14,43757,David Goffin,Billy Harris,P2,10,False,P1,0.6892658770084381,0.3107341229915619,1.3828571428571428,3.6119402985074625,-10.0,1027.8882966533906,Clay
2025-04-14,43726,Sebastian Korda,Matteo Arnaldi,P1,10,True,P1,0.5743167102336884,0.42568328976631165,2.2906976744186047,1.7747747747747746,12.906976744186046,1040.7952733975767,Clay
2025-04-14,43727,Pedro Martinez,Brandon Nakashima,P2,10,False,P1,0.39248085021972656,0.6075191497802734,2.2514285714285713,1.7990867579908678,-10.0,1030.7952733975767,Clay
2025-04-14,43758,Tallon Griekspoor,Learner Tien,P1,10,True,P1,0.8140959963202477,0.18590400367975235,1.4375,3.285714285714286,4.375,1035.1702733975767,Clay
2025-04-14,43759,Miomir Kecmanovic,Marcos Giron,P2,10,False,P1,0.5675603598356247,0.4324396401643753,1.4948805460750851,3.020689655172414,-10.0,1025.1702733975767,Clay
2025-04-14,43728,Hamad Medjedovic,Giovanni Mpetshi Perricard,P2,10,False,P1,0.5290056020021439,0.47099439799785614,1.5017182130584192,2.9931506849315066,-10.0,1015.1702733975767,Clay
2025-04-14,43760,Fabian Marozsan,Ugo Humbert,P2,10,False,P1,0.31070324778556824,0.6892967522144318,1.9215686274509802,2.0851063829787235,-10.0,1005.1702733975767,Clay
2025-04-14,43729,Carlos Alcaraz,Laslo Djere,P1,10,True,P1,0.9295677207410336,0.07043227925896645,1.1085427135678392,10.212962962962962,1.0854271356783918,1006.2557005332551,Clay
2025-04-14,43761,Francisco Cerundolo,Alexander Shevchenko,P2,10,False,P1,0.8132813647389412,0.1867186352610588,1.142857142857143,8.0,-10.0,996.2557005332551,Clay
2025-04-14,43730,Alejandro Davidovich Fokina,Andrey Rublev,P1,10,True,P1,0.5105797350406647,0.4894202649593353,2.090909090909091,1.9166666666666667,10.909090909090908,1007.164791442346,Clay
2025-04-14,43731,Alex de Minaur,Jacob Fearnley,P2,10,False,P1,0.8683818429708481,0.13161815702915192,1.1142857142857143,9.749999999999998,-10.0,997.164791442346,Clay
2025-04-14,43763,David Goffin,Mariano Navone,P1,10,True,P1,0.475352019071579,0.524647980928421,3.0620689655172413,1.4849498327759196,20.620689655172413,1017.7854810975184,Clay
2025-04-14,43732,Karen Khachanov,Jaume Munar,P1,10,True,P1,0.6963956952095032,0.3036043047904968,1.7918552036199096,2.262857142857143,7.918552036199095,1025.7040331337175,Clay
2025-04-14,43764,Alexander Zverev,Daniel Altmaier,P1,10,True,P1,0.8486883640289307,0.15131163597106934,1.1880064829821717,6.318965517241379,1.880064829821717,1027.5840979635393,Clay
2025-04-14,43733,Casper Ruud,Hamad Medjedovic,P2,10,False,P1,0.6847467571496964,0.31525324285030365,1.4224924012158056,3.3669064748201447,-10.0,1017.5840979635393,Clay
2025-04-14,43734,Stefanos Tsitsipas,Sebastian Korda,P2,10,False,P1,0.6434564888477325,0.35654351115226746,1.3420365535248042,3.9236641221374047,-10.0,1007.5840979635393,Clay
2025-04-14,43765,Ben Shelton,Botic Van De Zandschulp,P1,10,True,P1,0.5686461627483368,0.4313538372516632,1.8714285714285714,2.1475409836065573,8.714285714285715,1016.298383677825,Clay
2025-04-14,43735,Holger Rune,Sebastian Baez,P1,10,True,P1,0.5725890696048737,0.42741093039512634,1.7837837837837835,2.275862068965517,7.837837837837835,1024.1362215156628,Clay
2025-04-14,43766,Luciano Darderi,Miomir Kecmanovic,P2,10,False,P1,0.4881497025489807,0.5118502974510193,1.8537735849056602,2.1712707182320443,-10.0,1014.1362215156628,Clay
2025-04-14,43736,Arthur Fils,Pedro Martinez,P1,10,True,P1,0.8055322617292404,0.19446773827075958,1.2617021276595746,4.821138211382114,2.6170212765957457,1016.7532427922586,Clay
2025-04-14,43767,Tallon Griekspoor,Yannick Hanfmann,P2,10,False,P1,0.6457177549600601,0.3542822450399399,1.4144144144144142,3.4130434782608696,-10.0,1006.7532427922586,Clay
2025-04-14,43768,Alexander Zverev,Tallon Griekspoor,P1,10,True,P1,0.7685209661722183,0.23147903382778168,1.32,4.125,3.2000000000000006,1009.9532427922586,Clay
2025-04-14,43737,Carlos Alcaraz,Alex de Minaur,P1,10,True,P1,0.8060842007398605,0.19391579926013947,1.2771618625277161,4.608,2.7716186252771613,1012.7248614175357,Clay
2025-04-14,43738,Holger Rune,Casper Ruud,P1,10,True,P1,0.44478802382946014,0.5552119761705399,2.5624999999999996,1.6399999999999997,15.624999999999996,1028.3498614175357,Clay
2025-04-14,43769,Ben Shelton,Luciano Darderi,P1,10,True,P1,0.6199999004602432,0.3800000995397568,2.3668639053254434,1.7316017316017311,13.668639053254434,1042.0185004707903,Clay
2025-04-14,43739,Arthur Fils,Stefanos Tsitsipas,P2,10,False,P1,0.32129400968551636,0.6787059903144836,1.8537735849056602,2.1712707182320443,-10.0,1032.0185004707903,Clay
2025-04-14,43770,Francisco Cerundolo,David Goffin,P2,10,False,P1,0.689936563372612,0.310063436627388,1.2066549912434326,5.8389830508474585,-10.0,1022.0185004707903,Clay
2025-04-14,43740,Karen Khachanov,Alejandro Davidovich Fokina,P1,10,True,P1,0.5026356875896454,0.4973643124103546,2.7516339869281046,1.5708955223880594,17.516339869281047,1039.5348403400712,Clay
2025-04-14,43771,Fabian Marozsan,Zizou Bergs,P2,10,False,P1,0.5178004950284958,0.4821995049715042,1.7837837837837835,2.275862068965517,-10.0,1029.5348403400712,Clay
2025-04-14,43741,Carlos Alcaraz,Arthur Fils,P1,10,True,P1,0.8575339764356613,0.14246602356433868,1.3743016759776538,3.6716417910447765,3.7430167597765385,1033.2778570998478,Clay
2025-04-14,43772,Alexander Zverev,Fabian Marozsan,P1,10,True,P1,0.8574933856725693,0.14250661432743073,1.2464646464646465,5.057377049180328,2.464646464646465,1035.7425035644942,Clay
2025-04-14,43773,Ben Shelton,Francisco Cerundolo,P1,10,True,P1,0.3838675767183304,0.6161324232816696,3.592592592592593,1.385714285714286,25.92592592592593,1061.66842949042,Clay
2025-04-14,43742,Holger Rune,Karen Khachanov,P2,10,False,P1,0.4583723098039627,0.5416276901960373,1.6374501992031876,2.5687499999999996,-10.0,1051.66842949042,Clay
2025-04-14,43743,Holger Rune,Carlos Alcaraz,P2,10,False,P1,0.13074584305286407,0.8692541569471359,5.316666666666666,1.2316602316602316,-10.0,1041.66842949042,Clay
2025-04-14,43774,Alexander Zverev,Ben Shelton,P2,10,False,P1,0.7502324283123016,0.24976757168769836,1.2469635627530362,5.049180327868852,-10.0,1031.66842949042,Clay
2025-04-21,43775,Matteo Arnaldi,Borna Coric,P1,10,True,P1,0.7061778604984283,0.29382213950157166,1.8530805687203793,2.1722222222222225,8.530805687203793,1040.199235177624,Clay
2025-04-21,43776,Luciano Darderi,Quentin Halys,P2,10,False,P1,0.6205663979053497,0.37943360209465027,1.4416403785488958,3.2642857142857147,-10.0,1030.199235177624,Clay
2025-04-21,43777,Gabriel Diallo,Zizou Bergs,P1,10,True,P1,0.4104083627462387,0.5895916372537613,2.670967741935484,1.5984555984555984,16.70967741935484,1046.9089125969788,Clay
2025-04-21,43778,Damir Dzumhur,Mattia Bellucci,P2,10,False,P1,0.4074321836233139,0.5925678163766861,2.0,2.0,-10.0,1036.9089125969788,Clay
2025-04-21,43779,Tomas Martin Etcheverry,Hamad Medjedovic,P1,10,True,P1,0.4470897912979126,0.5529102087020874,2.3157894736842106,1.7599999999999998,13.157894736842106,1050.0668073338209,Clay
2025-04-21,43780,Jacob Fearnley,Yunchaokete Bu,P1,10,True,P1,0.5548272281885147,0.4451727718114853,1.8840579710144931,2.1311475409836067,8.840579710144931,1058.9073870439659,Clay
2025-04-21,43782,Marcos Giron,Learner Tien,P1,10,True,P1,0.6556247174739838,0.34437528252601624,1.84037558685446,2.189944134078212,8.4037558685446,1067.3111429125104,Clay
2025-04-21,43783,Tallon Griekspoor,Vit Kopriva,P1,10,True,P1,0.8567155003547668,0.14328449964523315,1.351206434316354,3.847328244274809,3.512064343163539,1070.8232072556739,Clay
2025-04-21,43784,Nicolas Jarry,Daniel Altmaier,P1,10,True,P1,0.5555532425642014,0.44444675743579865,2.3491124260355027,1.7412280701754383,13.491124260355027,1084.314331516029,Clay
2025-04-21,43785,Alexandre Muller,David Goffin,P2,10,False,P1,0.4332462549209595,0.5667537450790405,1.8317757009345794,2.202247191011236,-10.0,1074.314331516029,Clay
2025-04-21,43786,Kei Nishikori,Aleksandar Vukic,P1,10,True,P1,0.7148395478725433,0.28516045212745667,1.4533762057877813,3.2056737588652484,4.533762057877812,1078.8480935739067,Clay
2025-04-21,43787,Cameron Norrie,Martin Landaluce,P1,10,True,P1,0.865217313170433,0.13478268682956696,1.3421052631578947,3.9230769230769225,3.421052631578947,1082.2691462054856,Clay
2025-04-21,43788,Reilly Opelka,Rinky Hijikata,P1,10,True,P1,0.7383127361536026,0.2616872638463974,1.483221476510067,3.069444444444444,4.832214765100671,1087.1013609705863,Clay
2025-04-21,43789,Lorenzo Sonego,Miomir Kecmanovic,P2,10,False,P1,0.3615941256284714,0.6384058743715286,2.375,1.7272727272727275,-10.0,1077.1013609705863,Clay
2025-04-21,43790,Jan-Lennard Struff,Botic Van De Zandschulp,P1,10,True,P1,0.41732996702194214,0.5826700329780579,2.5,1.6666666666666667,15.0,1092.1013609705863,Clay
2025-04-21,43791,Roberto Bautista Agut,Jaume Munar,P1,10,True,P1,0.5447242259979248,0.4552757740020752,2.8013245033112586,1.5551470588235292,18.013245033112586,1110.1146060036988,Clay
2025-04-21,43792,Benjamin Bonzi,Marin Cilic,P1,10,True,P1,0.406500980257988,0.593499019742012,3.7954545454545445,1.3577235772357723,27.954545454545446,1138.0691514582443,Clay
2025-04-21,43793,Nuno Borges,Pablo Carreno Busta,P2,10,False,P1,0.49228517711162567,0.5077148228883743,1.7412280701754383,2.3491124260355027,-10.0,1128.0691514582443,Clay
2025-04-21,43794,Alexander Bublik,Alex Michelsen,P2,10,False,P1,0.4793289601802826,0.5206710398197174,2.0529100529100535,1.9497487437185932,-10.0,1118.0691514582443,Clay
2025-04-21,43795,Juan Manuel Cerundolo,Aleksandar Kovacevic,P2,10,False,P1,0.48775625228881836,0.5122437477111816,1.686192468619247,2.457317073170732,-10.0,1108.0691514582443,Clay
2025-04-21,43797,Flavio Cobolli,Fabian Marozsan,P1,10,True,P1,0.5083082914352417,0.4916917085647583,2.436363636363637,1.6962025316455698,14.36363636363637,1122.4327878218805,Clay
2025-04-21,43798,Francisco Comesana,Pedro Martinez,P2,10,False,P1,0.41386547684669495,0.586134523153305,1.945,2.0582010582010586,-10.0,1112.4327878218805,Clay
2025-04-21,43799,Laslo Djere,Fabio Fognini,P2,10,False,P1,0.7235901653766632,0.2764098346233368,1.2767857142857142,4.612903225806452,-10.0,1102.4327878218805,Clay
2025-04-21,43800,Harold Mayot,Corentin Moutet,P2,10,False,P1,0.3079317510128021,0.6920682489871979,2.5949367088607596,1.626984126984127,-10.0,1092.4327878218805,Clay
2025-04-21,43801,Gael Monfils,Borna Gojo,P1,10,True,P1,0.6974285989999771,0.3025714010000229,1.7167381974248928,2.3952095808383236,7.1673819742489275,1099.6001697961294,Clay
2025-04-21,43802,Mariano Navone,Giovanni Mpetshi Perricard,P2,10,False,P1,0.5340935289859772,0.4659064710140228,1.6735537190082643,2.4846625766871164,-10.0,1089.6001697961294,Clay
2025-04-21,43803,Christopher O'Connell,Camilo Ugo Carabelli,P1,10,True,P1,0.4746355563402176,0.5253644436597824,2.296511627906977,1.7713004484304933,12.965116279069768,1102.565286075199,Clay
2025-04-21,43804,Sebastian Ofner,Hugo Gaston,P1,10,True,P1,0.4283936023712158,0.5716063976287842,2.460122699386503,1.684873949579832,14.60122699386503,1117.1665130690642,Clay
2025-04-21,43805,Ethan Quinn,Dusan Lajovic,P1,10,True,P1,0.39839044213294983,0.6016095578670502,2.6774193548387095,1.5961538461538458,16.774193548387096,1133.9407066174513,Clay
2025-04-21,43806,Arthur Rinderknech,Roman Safiullin,P1,10,True,P1,0.4478791356086731,0.5521208643913269,2.5886075949367084,1.6294820717131475,15.886075949367084,1149.8267825668183,Clay
2025-04-21,43807,Matteo Arnaldi,Novak Djokovic,P2,10,False,P1,0.1142338290810585,0.8857661709189415,4.0703125,1.3256997455470738,-10.0,1139.8267825668183,Clay
2025-04-21,43808,Jack Draper,Tallon Griekspoor,P2,10,False,P1,0.5894188582897186,0.41058114171028137,1.6196078431372551,2.613924050632911,-10.0,1129.8267825668183,Clay
2025-04-21,43809,Alex de Minaur,Lorenzo Sonego,P1,10,True,P1,0.8332025706768036,0.1667974293231964,1.2173112338858196,5.601694915254238,2.1731123388581963,1131.9998949056765,Clay
2025-04-21,43810,Lorenzo Musetti,Tomas Martin Etcheverry,P2,10,False,P1,0.6629351377487183,0.33706486225128174,1.4965986394557824,3.0136986301369864,-10.0,1121.9998949056765,Clay
2025-04-21,43811,Tommy Paul,Joao Fonseca,P1,10,True,P1,0.6018029898405075,0.3981970101594925,2.673076923076923,1.5977011494252877,16.73076923076923,1138.7306641364457,Clay
2025-04-21,43812,Grigor Dimitrov,Nicolas Jarry,P1,10,True,P1,0.6678426861763,0.33215731382369995,1.6399999999999997,2.5624999999999996,6.399999999999997,1145.1306641364458,Clay
2025-04-21,43813,Frances Tiafoe,Luciano Darderi,P1,10,True,P1,0.44995681941509247,0.5500431805849075,2.347058823529412,1.74235807860262,13.47058823529412,1158.60125237174,Clay
2025-04-21,43814,Stefanos Tsitsipas,Jan-Lennard Struff,P1,10,True,P1,0.7671293020248413,0.2328706979751587,1.3135802469135802,4.188976377952756,3.135802469135802,1161.7370548408758,Clay
2025-04-21,43815,Jacob Fearnley,Tomas Machac,P2,10,False,P1,0.27732783555984497,0.722672164440155,3.302158273381295,1.4343749999999997,-10.0,1151.7370548408758,Clay
2025-04-21,43816,Alexandre Muller,Ugo Humbert,P2,10,False,P1,0.33332517743110657,0.6666748225688934,2.036458333333334,1.964824120603015,-10.0,1141.7370548408758,Clay
2025-04-21,43817,Karen Khachanov,Reilly Opelka,P2,10,False,P1,0.6005951464176178,0.3994048535823822,1.376770538243626,3.6541353383458643,-10.0,1131.7370548408758,Clay
2025-04-21,43818,Cameron Norrie,Jiri Lehecka,P1,10,True,P1,0.41635817289352417,0.5836418271064758,3.24113475177305,1.4462025316455696,22.4113475177305,1154.1484023586063,Clay
2025-04-21,43819,Denis Shapovalov,Kei Nishikori,P2,10,False,P1,0.49720653891563416,0.5027934610843658,1.8537735849056602,2.1712707182320443,-10.0,1144.1484023586063,Clay
2025-04-21,43820,Matteo Berrettini,Marcos Giron,P2,10,False,P1,0.7470155507326126,0.2529844492673874,1.2230483271375465,5.483333333333333,-10.0,1134.1484023586063,Clay
2025-04-21,43821,Damir Dzumhur,Sebastian Baez,P1,10,True,P1,0.3115847557783127,0.6884152442216873,4.10236220472441,1.322335025380711,31.023622047244103,1165.1720244058504,Clay
2025-04-21,43822,Gabriel Diallo,Kamil Majchrzak,P2,10,False,P1,0.45729590952396393,0.5427040904760361,2.079787234042553,1.9261083743842367,-10.0,1155.1720244058504,Clay
2025-04-21,43823,Alexander Zverev,Roberto Bautista Agut,P2,10,False,P1,0.8743379786610603,0.12566202133893967,1.1322115384615383,8.563636363636364,-10.0,1145.1720244058504,Clay
2025-04-21,43824,Taylor Fritz,Christopher O'Connell,P1,10,True,P1,0.7782336473464966,0.22176635265350342,1.32,4.125,3.2000000000000006,1148.3720244058504,Clay
2025-04-21,43825,Andrey Rublev,Gael Monfils,P2,10,False,P1,0.4754541516304016,0.5245458483695984,1.4169184290030208,3.3985507246376816,-10.0,1138.3720244058504,Clay
2025-04-21,43826,Flavio Cobolli,Holger Rune,P2,10,False,P1,0.264232873916626,0.735767126083374,3.3142857142857145,1.4320987654320987,-10.0,1128.3720244058504,Clay
2025-04-21,43827,Daniil Medvedev,Laslo Djere,P1,10,True,P1,0.7322085797786713,0.26779142022132874,1.6804979253112031,2.469512195121951,6.804979253112031,1135.1770036589623,Clay
2025-04-21,43828,Ben Shelton,Mariano Navone,P1,10,True,P1,0.6179239153862,0.38207608461380005,1.862559241706161,2.1593406593406588,8.62559241706161,1143.802596076024,Clay
2025-04-21,43829,Francisco Comesana,Arthur Fils,P2,10,False,P1,0.18197883665561676,0.8180211633443832,5.386554621848739,1.2279693486590038,-10.0,1133.802596076024,Clay
2025-04-21,43830,Casper Ruud,Arthur Rinderknech,P2,10,False,P1,0.7630993574857712,0.23690064251422882,1.17351598173516,6.763157894736843,-10.0,1123.802596076024,Clay
2025-04-21,43831,Juan Manuel Cerundolo,Felix Auger-Aliassime,P2,10,False,P1,0.21216140687465668,0.7878385931253433,3.8636363636363633,1.3492063492063493,-10.0,1113.802596076024,Clay
2025-04-21,43832,Francisco Cerundolo,Harold Mayot,P1,10,True,P1,0.865868978202343,0.134131021797657,1.1551246537396123,7.44642857142857,1.5512465373961226,1115.35384261342,Clay
2025-04-21,43833,Jakub Mensik,Ethan Quinn,P2,10,False,P1,0.6911129355430603,0.3088870644569397,1.4299065420560748,3.3260869565217397,-10.0,1105.35384261342,Clay
2025-04-21,43835,Alexander Bublik,Alexei Popyrin,P2,10,False,P1,0.38544347882270813,0.6145565211772919,2.518518518518518,1.6585365853658534,-10.0,1095.35384261342,Clay
2025-04-21,43836,Benjamin Bonzi,Hubert Hurkacz,P2,10,False,P1,0.2541995197534561,0.7458004802465439,2.9459459459459456,1.5138888888888888,-10.0,1085.35384261342,Clay
2025-04-21,43837,Alejandro Davidovich Fokina,Nuno Borges,P2,10,False,P1,0.5865047872066498,0.4134952127933502,1.4522292993630572,3.211267605633803,-10.0,1075.35384261342,Clay
2025-04-21,43838,Brandon Nakashima,Sebastian Ofner,P1,10,True,P1,0.609464630484581,0.390535369515419,1.7106382978723402,2.407185628742515,7.106382978723403,1082.4602255921434,Clay
2025-04-21,43839,Jack Draper,Matteo Berrettini,P2,10,False,P1,0.4336956888437271,0.5663043111562729,1.6374501992031876,2.5687499999999996,-10.0,1072.4602255921434,Clay
2025-04-21,43840,Alex de Minaur,Denis Shapovalov,P2,10,False,P1,0.7682109400629997,0.23178905993700027,1.2837528604118993,4.524193548387097,-10.0,1062.4602255921434,Clay
2025-04-21,43841,Lorenzo Musetti,Stefanos Tsitsipas,P2,10,False,P1,0.2685573995113373,0.7314426004886627,2.1135135135135137,1.898058252427185,-10.0,1052.4602255921434,Clay
2025-04-21,43842,Tommy Paul,Karen Khachanov,P2,10,False,P1,0.4578744024038315,0.5421255975961685,1.8202764976958523,2.2191011235955056,-10.0,1042.4602255921434,Clay
2025-04-21,43843,Frances Tiafoe,Alexandre Muller,P1,10,True,P1,0.577366441488266,0.422633558511734,1.75,2.333333333333333,7.5,1049.9602255921434,Clay
2025-04-21,43844,Gabriel Diallo,Cameron Norrie,P2,10,False,P1,0.3911435902118683,0.6088564097881317,2.1189189189189186,1.8937198067632852,-10.0,1039.9602255921434,Clay
2025-04-21,43845,Grigor Dimitrov,Jacob Fearnley,P2,10,False,P1,0.6538059413433075,0.3461940586566925,1.3711911357340723,3.6940298507462686,-10.0,1029.9602255921434,Clay
2025-04-21,43846,Matteo Arnaldi,Damir Dzumhur,P2,10,False,P1,0.5839103907346725,0.41608960926532745,1.4476190476190474,3.234042553191489,-10.0,1019.9602255921434,Clay
2025-04-21,43847,Alexander Zverev,Alejandro Davidovich Fokina,P1,10,True,P1,0.8333775699138641,0.16662243008613586,1.3594594594594593,3.781954887218045,3.5945945945945934,1023.554820186738,Clay
2025-04-21,43848,Taylor Fritz,Benjamin Bonzi,P2,10,False,P1,0.7943659350275993,0.20563406497240067,1.1679049034175333,6.95575221238938,-10.0,1013.554820186738,Clay
2025-04-21,43849,Alexander Bublik,Andrey Rublev,P1,10,True,P1,0.30371350049972534,0.6962864995002747,4.448818897637795,1.2899543378995435,34.488188976377955,1048.043009163116,Clay
2025-04-21,43850,Daniil Medvedev,Juan Manuel Cerundolo,P1,10,True,P1,0.8311764970421791,0.1688235029578209,1.3636363636363635,3.749999999999999,3.6363636363636354,1051.6793727994798,Clay
2025-04-21,43851,Jakub Mensik,Ben Shelton,P2,10,False,P1,0.44247445464134216,0.5575255453586578,1.7723214285714286,2.294797687861272,-10.0,1041.6793727994798,Clay
2025-04-21,43852,Casper Ruud,Sebastian Korda,P2,10,False,P1,0.4786748141050339,0.5213251858949661,1.4169184290030208,3.3985507246376816,-10.0,1031.6793727994798,Clay
2025-04-21,43853,Francisco Cerundolo,Francisco Comesana,P1,10,True,P1,0.8018103539943695,0.1981896460056305,1.2927400468384076,4.416,2.927400468384076,1034.606773267864,Clay
2025-04-21,43854,Brandon Nakashima,Flavio Cobolli,P1,10,True,P1,0.45087888836860657,0.5491211116313934,2.6369426751592355,1.6108949416342413,16.369426751592357,1050.9762000194562,Clay
2025-04-21,43855,Jack Draper,Tommy Paul,P2,10,False,P1,0.5767926126718521,0.4232073873281479,1.6465863453815262,2.546583850931677,-10.0,1040.9762000194562,Clay
2025-04-21,43856,Lorenzo Musetti,Alex de Minaur,P2,10,False,P1,0.2502176836133003,0.7497823163866997,2.333333333333333,1.75,-10.0,1030.9762000194562,Clay
2025-04-21,43857,Gabriel Diallo,Grigor Dimitrov,P2,10,False,P1,0.2729561924934387,0.7270438075065613,3.4057971014492754,1.4156626506024097,-10.0,1020.9762000194562,Clay
2025-04-21,43858,Matteo Arnaldi,Frances Tiafoe,P2,10,False,P1,0.48957890272140503,0.510421097278595,1.832558139534884,2.201117318435754,-10.0,1010.9762000194562,Clay
2025-04-21,43859,Francisco Cerundolo,Alexander Zverev,P2,10,False,P1,0.2646452784538269,0.7353547215461731,2.7337662337662336,1.5767790262172285,-10.0,1000.9762000194562,Clay
2025-04-21,43860,Casper Ruud,Taylor Fritz,P2,10,False,P1,0.42072057723999023,0.5792794227600098,1.74235807860262,2.347058823529412,-10.0,990.9762000194562,Clay
2025-04-21,43861,Daniil Medvedev,Brandon Nakashima,P1,10,True,P1,0.6881240606307983,0.31187593936920166,1.461290322580645,3.167832167832168,4.61290322580645,995.5891032452627,Clay
2025-04-21,43862,Jakub Mensik,Alexander Bublik,P2,10,False,P1,0.6235930770635605,0.3764069229364395,1.3753501400560222,3.6641791044776113,-10.0,985.5891032452627,Clay
2025-04-21,43863,Jack Draper,Matteo Arnaldi,P2,10,False,P1,0.7439472675323486,0.25605273246765137,1.3438320209973753,3.9083969465648853,-10.0,975.5891032452627,Clay
2025-04-21,43864,Casper Ruud,Daniil Medvedev,P2,10,False,P1,0.5567843019962311,0.4432156980037689,1.5357142857142856,2.8666666666666667,-10.0,965.5891032452627,Clay
2025-04-21,43865,Lorenzo Musetti,Gabriel Diallo,P2,10,False,P1,0.6780823320150375,0.32191766798496246,1.2484725050916494,5.024590163934427,-10.0,955.5891032452627,Clay
2025-04-21,43866,Francisco Cerundolo,Jakub Mensik,P1,10,True,P1,0.64474917948246,0.35525082051754,1.7210300429184548,2.3869047619047614,7.2103004291845485,962.7994036744473,Clay
2025-04-21,43867,Jack Draper,Lorenzo Musetti,P2,10,False,P1,0.5333697497844696,0.4666302502155304,1.6220472440944884,2.6075949367088613,-10.0,952.7994036744473,Clay
2025-04-21,43868,Casper Ruud,Francisco Cerundolo,P2,10,False,P1,0.44164159893989563,0.5583584010601044,1.979695431472081,2.0207253886010363,-10.0,942.7994036744473,Clay
2025-04-21,43869,Casper Ruud,Jack Draper,P1,10,True,P1,0.40968114137649536,0.5903188586235046,2.9863945578231292,1.5034246575342465,19.86394557823129,962.6633492526786,Clay
2025-05-05,43870,Roberto Bautista Agut,Matteo Arnaldi,P1,10,True,P1,0.36391982436180115,0.6360801756381989,4.67741935483871,1.2719298245614037,36.7741935483871,999.4375428010657,Clay
2025-05-05,43871,Alexander Bublik,Roman Safiullin,P1,10,True,P1,0.5376152396202087,0.46238476037979126,2.0366492146596857,1.9646464646464645,10.366492146596858,1009.8040349476626,Clay
2025-05-05,43872,Jesper de Jong,Alexander Shevchenko,P2,10,False,P1,0.5163121670484543,0.4836878329515457,1.6666666666666667,2.5,-10.0,999.8040349476626,Clay
2025-05-05,43873,Jacob Fearnley,Fabio Fognini,P2,10,False,P1,0.6298773735761642,0.37012262642383575,1.4688524590163936,3.132867132867133,-10.0,989.8040349476626,Clay
2025-05-05,43875,Marcos Giron,Gabriel Diallo,P1,10,True,P1,0.4339795708656311,0.5660204291343689,2.630573248407643,1.61328125,16.30573248407643,1006.109767431739,Clay
2025-05-05,43876,Nicolas Jarry,Hugo Gaston,P2,10,False,P1,0.590270608663559,0.40972939133644104,1.5916030534351142,2.690322580645161,-10.0,996.109767431739,Clay
2025-05-05,43877,Fabian Marozsan,Joao Fonseca,P1,10,True,P1,0.41430261731147766,0.5856973826885223,3.2198581560283692,1.450479233226837,22.198581560283692,1018.3083489920227,Clay
2025-05-05,43878,Pedro Martinez,Mattia Bellucci,P2,10,False,P1,0.43258124589920044,0.5674187541007996,1.763392857142857,2.309941520467836,-10.0,1008.3083489920227,Clay
2025-05-05,43879,Jaume Munar,Tomas Barrios Vera,P1,10,True,P1,0.6819318532943726,0.31806814670562744,1.6451612903225807,2.55,6.451612903225808,1014.7599618952486,Clay
2025-05-05,43880,Luca Nardi,Flavio Cobolli,P2,10,False,P1,0.21716780960559845,0.7828321903944016,3.369565217391305,1.4220183486238531,-10.0,1004.7599618952486,Clay
2025-05-05,43882,Sebastian Ofner,Roberto Carballes Baena,P2,10,False,P1,0.4932585060596466,0.5067414939403534,1.7589285714285714,2.317647058823529,-10.0,994.7599618952486,Clay
2025-05-05,43883,Thiago Seyboth Wild,Nuno Borges,P2,10,False,P1,0.2860745042562485,0.7139254957437515,2.1722222222222225,1.8530805687203793,-10.0,984.7599618952486,Clay
2025-05-05,43884,Learner Tien,Reilly Opelka,P2,10,False,P1,0.3331388831138611,0.6668611168861389,1.9746192893401011,2.0260416666666665,-10.0,974.7599618952486,Clay
2025-05-05,43885,Aleksandar Vukic,Nicolas Moreno De Alboran,P1,10,True,P1,0.4986540228128433,0.5013459771871567,2.3216374269005846,1.756637168141593,13.216374269005847,987.9763361642545,Clay
2025-05-05,43887,Francisco Comesana,Daniel Altmaier,P1,10,True,P1,0.6238965094089508,0.3761034905910492,1.8232558139534885,2.214689265536723,8.232558139534884,996.2088943037893,Clay
2025-05-05,43888,Luciano Darderi,Yunchaokete Bu,P2,10,False,P1,0.6608515977859497,0.3391484022140503,1.4233128834355828,3.3623188405797104,-10.0,986.2088943037893,Clay
2025-05-05,43889,Laslo Djere,Tomas Martin Etcheverry,P1,10,True,P1,0.5683452188968658,0.43165478110313416,1.9646464646464645,2.0366492146596857,9.646464646464645,995.855358950254,Clay
2025-05-05,43891,Tallon Griekspoor,Miomir Kecmanovic,P1,10,True,P1,0.6165978014469147,0.3834021985530853,1.6791666666666667,2.4723926380368098,6.791666666666667,1002.6470256169206,Clay
2025-05-05,43892,Vit Kopriva,Quentin Halys,P2,10,False,P1,0.30692724883556366,0.6930727511644363,1.5855513307984792,2.707792207792208,-10.0,992.6470256169206,Clay
2025-05-05,43893,Dusan Lajovic,Yoshihito Nishioka,P2,10,False,P1,0.5102352797985077,0.4897647202014923,1.2792792792792793,4.580645161290324,-10.0,982.6470256169206,Clay
2025-05-05,43894,Corentin Moutet,Rinky Hijikata,P2,10,False,P1,0.6379211992025375,0.36207880079746246,1.3256997455470738,4.0703125,-10.0,972.6470256169206,Clay
2025-05-05,43895,Alexandre Muller,Jiri Lehecka,P2,10,False,P1,0.3342226594686508,0.6657773405313492,2.5949367088607596,1.626984126984127,-10.0,962.6470256169206,Clay
2025-05-05,43896,Cameron Norrie,Christopher O'Connell,P1,10,True,P1,0.642736092209816,0.357263907790184,1.7272727272727275,2.375,7.272727272727275,969.9197528896478,Clay
2025-05-05,43897,Francesco Passaro,Chun-Hsin Tseng,P2,10,False,P1,0.33813248574733734,0.6618675142526627,2.647435897435897,1.6070038910505835,-10.0,959.9197528896478,Clay
2025-05-05,43898,Carlos Taberner,Aleksandar Kovacevic,P2,10,False,P1,0.26500266045331955,0.7349973395466805,1.6571428571428568,2.5217391304347827,-10.0,949.9197528896478,Clay
2025-05-05,43899,Jordan Thompson,Giovanni Mpetshi Perricard,P2,10,False,P1,0.5183471292257309,0.4816528707742691,1.7990867579908678,2.2514285714285713,-10.0,939.9197528896478,Clay
2025-05-05,43900,Camilo Ugo Carabelli,Pablo Carreno Busta,P2,10,False,P1,0.35192692279815674,0.6480730772018433,1.9846938775510201,2.0155440414507773,-10.0,929.9197528896478,Clay
2025-05-05,43901,Otto Virtanen,Hamad Medjedovic,P1,10,True,P1,0.3020075857639313,0.6979924142360687,4.26771653543307,1.306024096385542,32.677165354330704,962.5969182439785,Clay
2025-05-05,43902,Jannik Sinner,Mariano Navone,P2,10,False,P1,0.8500411286950111,0.14995887130498886,1.1120246659815005,9.926605504587156,-10.0,952.5969182439785,Clay
2025-05-05,43903,Marcos Giron,Taylor Fritz,P1,10,True,P1,0.23844990134239197,0.761550098657608,6.129310344827586,1.1949579831932773,51.293103448275865,1003.8900216922543,Clay
2025-05-05,43904,Casper Ruud,Alexander Bublik,P2,10,False,P1,0.7510688155889511,0.2489311844110489,1.2181146025878005,5.584745762711864,-10.0,993.8900216922543,Clay
2025-05-05,43905,Alex de Minaur,Luca Nardi,P1,10,True,P1,0.9260782040655613,0.0739217959344387,1.1333333333333333,8.5,1.333333333333333,995.2233550255877,Clay
2025-05-05,43906,Tommy Paul,Roberto Bautista Agut,P2,10,False,P1,0.6488802433013916,0.3511197566986084,1.2713347921225382,4.685483870967742,-10.0,985.2233550255877,Clay
2025-05-05,43907,Jaume Munar,Ben Shelton,P2,10,False,P1,0.32831844687461853,0.6716815531253815,2.268571428571429,1.7882882882882885,-10.0,975.2233550255877,Clay
2025-05-05,43908,Sebastian Ofner,Frances Tiafoe,P2,10,False,P1,0.3556671589612961,0.6443328410387039,2.294797687861272,1.7723214285714286,-10.0,965.2233550255877,Clay
2025-05-05,43909,Fabian Marozsan,Andrey Rublev,P2,10,False,P1,0.4115908294916153,0.5884091705083847,2.1712707182320443,1.8537735849056602,-10.0,955.2233550255877,Clay
2025-05-05,43910,Francisco Cerundolo,Nicolas Jarry,P2,10,False,P1,0.7428443729877472,0.2571556270122528,1.2474645030425964,5.0409836065573765,-10.0,945.2233550255877,Clay
2025-05-05,43911,Tomas Machac,Learner Tien,P1,10,True,P1,0.7939737513661385,0.20602624863386154,1.3482849604221636,3.8712121212121207,3.482849604221636,948.7062046298093,Clay
2025-05-05,43913,Sebastian Korda,Aleksandar Vukic,P1,10,True,P1,0.7669875249266624,0.23301247507333755,1.4053254437869822,3.4671532846715327,4.053254437869822,952.7594590676791,Clay
2025-05-05,43914,Jesper de Jong,Alejandro Davidovich Fokina,P1,10,True,P1,0.25510771572589874,0.7448922842741013,4.108527131782946,1.3216957605985038,31.08527131782946,983.8447303855086,Clay
2025-05-05,43915,Matteo Berrettini,Jacob Fearnley,P1,10,True,P1,0.7321169525384903,0.2678830474615097,1.3753501400560222,3.6641791044776113,3.753501400560222,987.5982317860688,Clay
2025-05-05,43916,Hubert Hurkacz,Pedro Martinez,P1,10,True,P1,0.6984390616416931,0.3015609383583069,1.7644444444444443,2.308139534883721,7.644444444444442,995.2426762305132,Clay
2025-05-05,43917,Hugo Dellien,Thiago Seyboth Wild,P2,10,False,P1,0.3268865793943405,0.6731134206056595,2.7828947368421053,1.5608856088560885,-10.0,985.2426762305132,Clay
2025-05-05,43918,Alexander Zverev,Camilo Ugo Carabelli,P2,10,False,P1,0.8716223537921906,0.12837764620780945,1.125866050808314,8.944954128440367,-10.0,975.2426762305132,Clay
2025-05-05,43919,Carlos Alcaraz,Dusan Lajovic,P2,10,False,P1,0.9250727109611034,0.07492728903889656,1.0708024275118004,15.123809523809523,-10.0,965.2426762305132,Clay
2025-05-05,43920,Jack Draper,Luciano Darderi,P2,10,False,P1,0.7366152852773666,0.26338471472263336,1.2765486725663715,4.616,-10.0,955.2426762305132,Clay
2025-05-05,43921,Lorenzo Musetti,Otto Virtanen,P2,10,False,P1,0.8484624549746513,0.15153754502534866,1.112382934443288,9.898148148148145,-10.0,945.2426762305132,Clay
2025-05-05,43922,Holger Rune,Francisco Comesana,P1,10,True,P1,0.7293016016483307,0.2706983983516693,1.3824362606232292,3.6148148148148143,3.824362606232292,949.0670388367455,Clay
2025-05-05,43923,Daniil Medvedev,Cameron Norrie,P2,10,False,P1,0.6521280258893967,0.34787197411060333,1.3614130434782608,3.7669172932330826,-10.0,939.0670388367455,Clay
2025-05-05,43924,Arthur Fils,Tallon Griekspoor,P2,10,False,P1,0.5480419397354126,0.4519580602645874,1.5645756457564575,2.7712418300653594,-10.0,929.0670388367455,Clay
2025-05-05,43925,Francesco Passaro,Grigor Dimitrov,P2,10,False,P1,0.18879204988479614,0.8112079501152039,4.218749999999999,1.3106796116504853,-10.0,919.0670388367455,Clay
2025-05-05,43926,Stefanos Tsitsipas,Alexandre Muller,P1,10,True,P1,0.7686475217342377,0.23135247826576233,1.337696335078534,3.9612403100775198,3.3769633507853403,922.4440021875308,Clay
2025-05-05,43929,Alexei Popyrin,Carlos Taberner,P1,10,True,P1,0.7280538529157639,0.27194614708423615,1.569811320754717,2.754966887417219,5.698113207547171,928.142115395078,Clay
2025-05-05,43930,Vilius Gaubas,Denis Shapovalov,P2,10,False,P1,0.2964676767587662,0.7035323232412338,2.8666666666666667,1.5357142857142856,-10.0,918.142115395078,Clay
2025-05-05,43931,Brandon Nakashima,Jordan Thompson,P2,10,False,P1,0.5450840294361115,0.45491597056388855,1.4237804878048779,3.3597122302158278,-10.0,908.142115395078,Clay
2025-05-05,43932,Laslo Djere,Alex Michelsen,P1,10,True,P1,0.7157164961099625,0.28428350389003754,1.4688524590163936,3.132867132867133,4.6885245901639365,912.830639985242,Clay
2025-05-05,43933,Vit Kopriva,Sebastian Baez,P2,10,False,P1,0.30164338648319244,0.6983566135168076,2.834437086092715,1.5451263537906137,-10.0,902.830639985242,Clay
2025-05-05,43934,Jannik Sinner,Jesper de Jong,P2,10,False,P1,0.8940003290772438,0.1059996709227562,1.0651629072681703,16.346153846153847,-10.0,892.830639985242,Clay
2025-05-05,43935,Casper Ruud,Matteo Berrettini,P2,10,False,P1,0.5020140409469604,0.49798595905303955,1.670781893004115,2.4907975460122698,-10.0,882.830639985242,Clay
2025-05-05,43936,Alex de Minaur,Hugo Dellien,P2,10,False,P1,0.9088505804538727,0.09114941954612732,1.061904761904762,17.153846153846153,-10.0,872.830639985242,Clay
2025-05-05,43937,Tommy Paul,Tomas Machac,P2,10,False,P1,0.48458272218704224,0.5154172778129578,1.7533039647577093,2.327485380116959,-10.0,862.830639985242,Clay
2025-05-05,43938,Francisco Cerundolo,Sebastian Ofner,P2,10,False,P1,0.7890845239162445,0.2109154760837555,1.2104316546762588,5.752136752136751,-10.0,852.830639985242,Clay
2025-05-05,43939,Jakub Mensik,Fabian Marozsan,P1,10,True,P1,0.6143112480640411,0.38568875193595886,1.74235807860262,2.347058823529412,7.4235807860262,860.2542207712681,Clay
2025-05-05,43940,Jaume Munar,Sebastian Korda,P2,10,False,P1,0.2932443469762802,0.7067556530237198,2.1712707182320443,1.8537735849056602,-10.0,850.2542207712681,Clay
2025-05-05,43941,Hubert Hurkacz,Marcos Giron,P2,10,False,P1,0.6421862989664078,0.3578137010335922,1.5376344086021503,2.86,-10.0,840.2542207712681,Clay
2025-05-05,43942,Alexander Zverev,Vilius Gaubas,P2,10,False,P1,0.9126320704817772,0.08736792951822281,1.0863895680521598,12.575471698113207,-10.0,830.2542207712681,Clay
2025-05-05,43943,Carlos Alcaraz,Laslo Djere,P1,10,True,P1,0.9148830287158489,0.08511697128415108,1.1181525241675616,9.463636363636363,1.1815252416756161,831.4357460129438,Clay
2025-05-05,43944,Jack Draper,Vit Kopriva,P1,10,True,P1,0.8808043599128723,0.11919564008712769,1.1559888579387188,7.410714285714286,1.5598885793871875,832.995634592331,Clay
2025-05-05,43945,Lorenzo Musetti,Brandon Nakashima,P2,10,False,P1,0.7172368913888931,0.2827631086111069,1.2173112338858196,5.601694915254238,-10.0,822.995634592331,Clay
2025-05-05,43946,Corentin Moutet,Holger Rune,P1,10,True,P1,0.3102507144212723,0.6897492855787277,5.183333333333333,1.2390438247011952,41.83333333333333,864.8289679256644,Clay
2025-05-05,43947,Daniil Medvedev,Alexei Popyrin,P1,10,True,P1,0.7478281334042549,0.2521718665957451,1.3896848137535818,3.566176470588235,3.8968481375358177,868.7258160632002,Clay
2025-05-05,43948,Arthur Fils,Stefanos Tsitsipas,P2,10,False,P1,0.3815166503190994,0.6184833496809006,1.841121495327103,2.188888888888889,-10.0,858.7258160632002,Clay
2025-05-05,43949,Karen Khachanov,Francesco Passaro,P1,10,True,P1,0.7240710705518723,0.27592892944812775,1.488215488215488,3.048275862068966,4.882154882154881,863.6079709453551,Clay
2025-05-05,43950,Casper Ruud,Jaume Munar,P1,10,True,P1,0.8153431043028831,0.18465689569711685,1.2707423580786024,4.693548387096774,2.7074235807860236,866.3153945261411,Clay
2025-05-05,43951,Jannik Sinner,Francisco Cerundolo,P1,10,True,P1,0.7967779859900475,0.20322201400995255,1.3225000000000002,4.10077519379845,3.2250000000000023,869.5403945261411,Clay
2025-05-05,43952,Alexander Zverev,Arthur Fils,P1,10,True,P1,0.7822452783584595,0.21775472164154053,1.606177606177606,2.6496815286624202,6.061776061776061,875.6021705879172,Clay
2025-05-05,43953,Carlos Alcaraz,Karen Khachanov,P1,10,True,P1,0.9178618863224983,0.08213811367750168,1.1027857829010566,10.728971962616821,1.0278578290105655,876.6300284169278,Clay
2025-05-05,43954,Jack Draper,Corentin Moutet,P2,10,False,P1,0.791175127029419,0.20882487297058105,1.1549100968188104,7.455357142857143,-10.0,866.6300284169278,Clay
2025-05-05,43955,Tommy Paul,Alex de Minaur,P2,10,False,P1,0.29119502007961273,0.7088049799203873,2.789473684210527,1.5588235294117647,-10.0,856.6300284169278,Clay
2025-05-05,43956,Lorenzo Musetti,Daniil Medvedev,P2,10,False,P1,0.5173678249120712,0.48263217508792877,1.581132075471698,2.72077922077922,-10.0,846.6300284169278,Clay
2025-05-05,43957,Hubert Hurkacz,Jakub Mensik,P1,10,True,P1,0.6316079497337341,0.36839205026626587,3.048275862068966,1.488215488215488,20.48275862068966,867.1127870376174,Clay
2025-05-05,43958,Jannik Sinner,Casper Ruud,P1,10,True,P1,0.819782167673111,0.18021783232688904,1.3193069306930691,4.1317829457364335,3.1930693069306915,870.3058563445481,Clay
2025-05-05,43959,Tommy Paul,Hubert Hurkacz,P2,10,False,P1,0.46845151484012604,0.531548485159874,1.4522292993630572,3.211267605633803,-10.0,860.3058563445481,Clay
2025-05-05,43960,Lorenzo Musetti,Alexander Zverev,P2,10,False,P1,0.34248073399066925,0.6575192660093307,2.4277108433734944,1.7004219409282701,-10.0,850.3058563445481,Clay
2025-05-05,43961,Carlos Alcaraz,Jack Draper,P1,10,True,P1,0.8270372077822685,0.17296279221773148,1.3942028985507247,3.536764705882353,3.9420289855072466,854.2478853300554,Clay
2025-05-05,43962,Jannik Sinner,Tommy Paul,P2,10,False,P1,0.8789830282330513,0.1210169717669487,1.1204819277108433,9.3,-10.0,844.2478853300554,Clay
2025-05-05,43963,Carlos Alcaraz,Lorenzo Musetti,P1,10,True,P1,0.809179998934269,0.19082000106573105,1.4017595307917887,3.489051094890511,4.017595307917887,848.2654806379733,Clay
2025-05-05,43964,Carlos Alcaraz,Jannik Sinner,P1,10,True,P1,0.5855423510074615,0.41445764899253845,2.4907975460122698,1.670781893004115,14.907975460122698,863.1734560980959,Clay
2025-05-19,43965,Frances Tiafoe,Yunchaokete Bu,P1,10,True,P1,0.6684120893478394,0.33158791065216064,1.5773584905660376,2.7320261437908493,5.7735849056603765,868.9470410037563,Clay
2025-05-19,43996,Hubert Hurkacz,Arthur Cazaux,P1,10,True,P1,0.9097564071416855,0.09024359285831451,1.2731277533039649,4.661290322580646,2.731277533039649,871.678318536796,Clay
2025-05-19,43966,Alejandro Davidovich Fokina,Gael Monfils,P2,10,False,P1,0.4355318397283554,0.5644681602716446,1.4233128834355828,3.3623188405797104,-10.0,861.678318536796,Clay
2025-05-19,43967,Felix Auger-Aliassime,Daniel Altmaier,P1,10,True,P1,0.7476909011602402,0.2523090988397598,1.7599999999999998,2.3157894736842106,7.599999999999998,869.2783185367961,Clay
2025-05-19,43998,Arthur Rinderknech,Miomir Kecmanovic,P1,10,True,P1,0.36616720259189606,0.6338327974081039,2.9054054054054053,1.524822695035461,19.054054054054053,888.3323725908501,Clay
2025-05-19,43999,Matteo Arnaldi,Hugo Gaston,P1,10,True,P1,0.7457323670387268,0.2542676329612732,1.4065281899109792,3.4598540145985406,4.065281899109792,892.3976544899599,Clay
2025-05-19,43968,Camilo Ugo Carabelli,Sebastian Baez,P2,10,False,P1,0.3355012387037277,0.6644987612962723,2.457317073170732,1.686192468619247,-10.0,882.3976544899599,Clay
2025-05-19,44000,Jacob Fearnley,Dusan Lajovic,P1,10,True,P1,0.5642391443252563,0.43576085567474365,1.9547738693467334,2.0473684210526315,9.547738693467334,891.9453931834272,Clay
2025-05-19,44001,Marton Fucsovics,Zizou Bergs,P2,10,False,P1,0.5591166615486145,0.4408833384513855,1.763392857142857,2.309941520467836,-10.0,881.9453931834272,Clay
2025-05-19,43970,Tomas Martin Etcheverry,Francisco Comesana,P1,10,True,P1,0.4532923400402069,0.5467076599597931,2.2701149425287355,1.7873303167420815,12.701149425287355,894.6465426087145,Clay
2025-05-19,44002,Quentin Halys,Jaume Munar,P1,10,True,P1,0.41915462911129,0.58084537088871,3.0902777777777772,1.4784053156146177,20.90277777777777,915.5493203864924,Clay
2025-05-19,43971,Giovanni Mpetshi Perricard,Alexander Bublik,P1,10,True,P1,0.47171343863010406,0.5282865613698959,2.1777777777777776,1.8490566037735847,11.777777777777775,927.3270981642702,Clay
2025-05-19,43972,Alexander Zverev,Aleksandar Kovacevic,P2,10,False,P1,0.9257169589400291,0.07428304105997086,1.0675675675675675,15.799999999999999,-10.0,917.3270981642702,Clay
2025-05-19,44003,Kei Nishikori,Learner Tien,P1,10,True,P1,0.6747682392597198,0.32523176074028015,1.8840579710144931,2.1311475409836067,8.840579710144931,926.1676778744151,Clay
2025-05-19,44004,Cameron Norrie,Dominic Stricker,P2,10,False,P1,0.717258021235466,0.282741978764534,1.3764044943820226,3.656716417910447,-10.0,916.1676778744151,Clay
2025-05-19,43973,Andrey Rublev,Damir Dzumhur,P2,10,False,P1,0.6950556337833405,0.30494436621665955,1.2284069097888677,5.378151260504202,-10.0,906.1676778744151,Clay
2025-05-19,44006,Alexei Popyrin,Nicolas Jarry,P2,10,False,P1,0.49422380328178406,0.5057761967182159,2.0,2.0,-10.0,896.1676778744151,Clay
2025-05-19,43975,Roberto Bautista Agut,Marcos Giron,P2,10,False,P1,0.41394734382629395,0.586052656173706,1.9746192893401011,2.0260416666666665,-10.0,886.1676778744151,Clay
2025-05-19,44007,Nuno Borges,Alex Michelsen,P1,10,True,P1,0.6461033374071121,0.3538966625928879,1.7488986784140967,2.335294117647059,7.488986784140968,893.656664658556,Clay
2025-05-19,43977,Jiri Lehecka,Borna Gojo,P1,10,True,P1,0.699021115899086,0.300978884100914,1.4799999999999998,3.083333333333333,4.799999999999997,898.456664658556,Clay
2025-05-19,44008,Taylor Fritz,Quentin Halys,P2,10,False,P1,0.7186545729637146,0.2813454270362854,1.270152505446623,4.701612903225806,-10.0,888.456664658556,Clay
2025-05-19,43978,Alexandre Muller,Elias Ymer,P1,10,True,P1,0.7216155976057053,0.27838440239429474,1.438871473354232,3.278571428571428,4.3887147335423204,892.8453793920983,Clay
2025-05-19,44009,Novak Djokovic,Marton Fucsovics,P1,10,True,P1,0.8576667308807373,0.1423332691192627,1.3177339901477834,4.147286821705426,3.1773399014778336,896.0227192935761,Clay
2025-05-19,44010,Cameron Norrie,Tomas Machac,P2,10,False,P1,0.3541242331266403,0.6458757668733597,2.6794871794871793,1.5954198473282442,-10.0,886.0227192935761,Clay
2025-05-19,43979,Francisco Cerundolo,Pedro Martinez,P2,10,False,P1,0.7898648828268051,0.21013511717319489,1.2122302158273381,5.711864406779661,-10.0,876.0227192935761,Clay
2025-05-19,44011,Alexei Popyrin,Jacob Fearnley,P1,10,True,P1,0.5264488756656647,0.4735511243343353,1.989795918367347,2.010309278350516,9.897959183673471,885.9206784772496,Clay
2025-05-19,44012,Hubert Hurkacz,Arthur Rinderknech,P1,10,True,P1,0.7981181219220161,0.20188187807798386,1.3896848137535818,3.566176470588235,3.8968481375358177,889.8175266147854,Clay
2025-05-19,43981,Alexandre Muller,Alexander Zverev,P2,10,False,P1,0.11052670702338219,0.8894732929766178,8.124999999999998,1.1403508771929822,-10.0,879.8175266147854,Clay
2025-05-19,44013,Matteo Arnaldi,Fabian Marozsan,P1,10,True,P1,0.5086170434951782,0.4913829565048218,2.201117318435754,1.832558139534884,12.011173184357542,891.8286997991429,Clay
2025-05-19,43982,Roberto Bautista Agut,Frances Tiafoe,P1,10,True,P1,0.4243677854537964,0.5756322145462036,2.643312101910828,1.6085271317829455,16.43312101910828,908.2618208182512,Clay
2025-05-19,44014,Sebastian Ofner,Nuno Borges,P2,10,False,P1,0.4838007241487503,0.5161992758512497,1.9158415841584158,2.0918918918918914,-10.0,898.2618208182512,Clay
2025-05-19,44015,Karen Khachanov,Kei Nishikori,P2,10,False,P1,0.6111098676919937,0.3888901323080063,1.3947368421052633,3.533333333333333,-10.0,888.2618208182512,Clay
2025-05-19,43984,Jiri Lehecka,Francisco Cerundolo,P2,10,False,P1,0.30026935040950775,0.6997306495904922,3.13986013986014,1.4673202614379082,-10.0,878.2618208182512,Clay
2025-05-19,43985,Flavio Cobolli,Alejandro Davidovich Fokina,P1,10,True,P1,0.3391309827566147,0.6608690172433853,3.146853146853146,1.4657980456026056,21.468531468531463,899.7303522867826,Clay
2025-05-19,44016,Hubert Hurkacz,Taylor Fritz,P1,10,True,P1,0.4329083263874054,0.5670916736125946,2.392857142857143,1.7179487179487178,13.928571428571427,913.658923715354,Clay
2025-05-19,44017,Novak Djokovic,Matteo Arnaldi,P1,10,True,P1,0.8620977029204369,0.13790229707956314,1.3411458333333335,3.9312977099236637,3.411458333333335,917.0703820486874,Clay
2025-05-19,43986,Felix Auger-Aliassime,Giovanni Mpetshi Perricard,P2,10,False,P1,0.5903038531541824,0.40969614684581757,1.4932432432432434,3.0273972602739727,-10.0,907.0703820486874,Clay
2025-05-19,43987,Luciano Darderi,Brandon Nakashima,P2,10,False,P1,0.5160043686628342,0.48399563133716583,1.7533039647577093,2.327485380116959,-10.0,897.0703820486874,Clay
2025-05-19,44018,Sebastian Ofner,Karen Khachanov,P2,10,False,P1,0.2890600860118866,0.7109399139881134,2.865771812080537,1.535971223021583,-10.0,887.0703820486874,Clay
2025-05-19,43988,Tomas Martin Etcheverry,Camilo Ugo Carabelli,P1,10,True,P1,0.566114068031311,0.43388593196868896,1.780269058295964,2.2816091954022983,7.80269058295964,894.873072631647,Clay
2025-05-19,44019,Cameron Norrie,Alexei Popyrin,P1,10,True,P1,0.5274301618337631,0.4725698381662369,2.2134831460674156,1.8240740740740737,12.134831460674157,907.0079040923212,Clay
2025-05-19,43989,Andrey Rublev,Luciano Darderi,P2,10,False,P1,0.5840092748403549,0.4159907251596451,1.5319148936170213,2.8799999999999994,-10.0,897.0079040923212,Clay
2025-05-19,44020,Novak Djokovic,Cameron Norrie,P1,10,True,P1,0.8969665206968784,0.10303347930312157,1.2367906066536203,5.22314049586777,2.367906066536203,899.3758101588573,Clay
2025-05-19,43990,Felix Auger-Aliassime,Alexandre Muller,P2,10,False,P1,0.5984033495187759,0.40159665048122406,1.488215488215488,3.048275862068966,-10.0,889.3758101588573,Clay
2025-05-19,44021,Hubert Hurkacz,Sebastian Ofner,P1,10,True,P1,0.7399981021881104,0.26000189781188965,1.5246478873239437,2.906040268456376,5.246478873239438,894.6222890320968,Clay
2025-05-19,43991,Flavio Cobolli,Roberto Bautista Agut,P2,10,False,P1,0.5043990761041641,0.4956009238958359,1.7076271186440675,2.413173652694611,-10.0,884.6222890320968,Clay
2025-05-19,44022,Novak Djokovic,Hubert Hurkacz,P1,10,True,P1,0.7492576688528061,0.2507423311471939,1.3919308357348703,3.551470588235294,3.919308357348703,888.5415973894454,Clay
2025-05-19,43992,Tomas Martin Etcheverry,Jiri Lehecka,P2,10,False,P1,0.3687504827976227,0.6312495172023773,2.6369426751592355,1.6108949416342413,-10.0,878.5415973894454,Clay
2025-05-19,43993,Andrey Rublev,Felix Auger-Aliassime,P2,10,False,P1,0.4926595836877823,0.5073404163122177,1.8240740740740737,2.2134831460674156,-10.0,868.5415973894454,Clay
2025-05-19,43994,Flavio Cobolli,Tomas Martin Etcheverry,P1,10,True,P1,0.5252673923969269,0.4747326076030731,2.201117318435754,1.832558139534884,12.011173184357542,880.552770573803,Clay
2025-05-19,43995,Flavio Cobolli,Andrey Rublev,P1,10,True,P1,0.3852590173482895,0.6147409826517105,3.2624113475177303,1.4420062695924765,22.624113475177303,903.1768840489802,Clay
2025-05-26,44023,Alexander Zverev,Learner Tien,P2,10,False,P1,0.9188462682068348,0.0811537317931652,1.0788880540946655,13.676190476190476,-10.0,893.1768840489802,Clay
2025-05-26,44024,Jack Draper,Mattia Bellucci,P2,10,False,P1,0.8432292118668556,0.15677078813314438,1.0413122721749697,25.205882352941174,-10.0,883.1768840489802,Clay
2025-05-26,44025,Novak Djokovic,Mackenzie McDonald,P2,10,False,P1,0.9500212222337723,0.04997877776622772,1.0462165835976438,22.637254901960784,-10.0,873.1768840489802,Clay
2025-05-26,44026,Alex de Minaur,Laslo Djere,P2,10,False,P1,0.7583531066775322,0.2416468933224678,1.2731277533039649,4.661290322580646,-10.0,863.1768840489802,Clay
2025-05-26,44027,Cameron Norrie,Daniil Medvedev,P1,10,True,P1,0.32959769666194916,0.6704023033380508,4.544,1.2821670428893905,35.44,898.6168840489802,Clay
2025-05-26,44029,Andrey Rublev,Lloyd Harris,P2,10,False,P1,0.8681476563215256,0.13185234367847443,1.1054158607350097,10.486238532110091,-10.0,888.6168840489802,Clay
2025-05-26,44030,Jakub Mensik,Alexandre Muller,P2,10,False,P1,0.6535543501377106,0.34644564986228943,1.4375,3.285714285714286,-10.0,878.6168840489802,Clay
2025-05-26,44031,Matteo Arnaldi,Felix Auger-Aliassime,P2,10,False,P1,0.4424476623535156,0.5575523376464844,2.096256684491978,1.9121951219512194,-10.0,868.6168840489802,Clay
2025-05-26,44032,Joao Fonseca,Hubert Hurkacz,P2,10,False,P1,0.25604481250047684,0.7439551874995232,1.8937198067632852,2.1189189189189186,-10.0,858.6168840489802,Clay
2025-05-26,44033,Alexander Bublik,James Duckworth,P2,10,False,P1,0.6833667308092117,0.31663326919078827,1.199658703071672,6.0085470085470085,-10.0,848.6168840489802,Clay
2025-05-26,44034,Flavio Cobolli,Marin Cilic,P2,10,False,P1,0.619470089673996,0.38052991032600403,1.4536741214057507,3.2042253521126765,-10.0,838.6168840489802,Clay
2025-05-26,44035,Jesper de Jong,Francesco Passaro,P2,10,False,P1,0.5701701641082764,0.42982983589172363,1.5645756457564575,2.7712418300653594,-10.0,828.6168840489802,Clay
2025-05-26,44037,Pierre-Hugues Herbert,Benjamin Bonzi,P1,10,True,P1,0.4793305993080139,0.5206694006919861,2.5687499999999996,1.6374501992031876,15.687499999999996,844.3043840489802,Clay
2025-05-26,44038,Gael Monfils,Hugo Dellien,P1,10,True,P1,0.8098041340708733,0.19019586592912674,1.3743016759776538,3.6716417910447765,3.7430167597765385,848.0474008087567,Clay
2025-05-26,44041,Alexander Shevchenko,Dusan Lajovic,P1,10,True,P1,0.4077506363391876,0.5922493636608124,2.952702702702703,1.5121107266435987,19.52702702702703,867.5744278357838,Clay
2025-05-26,44042,Adam Walton,Maximilian Marterer,P1,10,True,P1,0.5171605348587036,0.4828394651412964,3.999999999999999,1.3333333333333333,29.999999999999993,897.5744278357838,Clay
2025-05-26,44043,Jannik Sinner,Arthur Rinderknech,P2,10,False,P1,0.9476682152599096,0.05233178474009037,1.0253196289796942,40.4950495049505,-10.0,887.5744278357838,Clay
2025-05-26,44044,Carlos Alcaraz,Giulio Zeppieri,P2,10,False,P1,0.9600138757377863,0.03998612426221371,1.0185525349008082,54.9009900990099,-10.0,877.5744278357838,Clay
2025-05-26,44045,Daniel Altmaier,Taylor Fritz,P2,10,False,P1,0.1395767629146576,0.8604232370853424,3.8333333333333335,1.352941176470588,-10.0,867.5744278357838,Clay
2025-05-26,44046,Casper Ruud,Albert Ramos-Vinolas,P2,10,False,P1,0.907919779419899,0.09208022058010101,1.0577456968350916,18.317307692307693,-10.0,857.5744278357838,Clay
2025-05-26,44047,Holger Rune,Roberto Bautista Agut,P2,10,False,P1,0.6719209402799606,0.32807905972003937,1.2081128747795415,5.805084745762714,-10.0,847.5744278357838,Clay
2025-05-26,44048,Arthur Fils,Nicolas Jarry,P2,10,False,P1,0.7789948359131813,0.2210051640868187,1.197635135135135,6.0598290598290605,-10.0,837.5744278357838,Clay
2025-05-26,44049,Gabriel Diallo,Francisco Cerundolo,P1,10,True,P1,0.23264077305793762,0.7673592269420624,8.252252252252253,1.137888198757764,72.52252252252254,910.0969503583063,Clay
2025-05-26,44050,Stefanos Tsitsipas,Tomas Martin Etcheverry,P2,10,False,P1,0.7598992586135864,0.24010074138641357,1.2637130801687761,4.792,-10.0,900.0969503583063,Clay
2025-05-26,44051,Ugo Humbert,Christopher O'Connell,P1,10,True,P1,0.6651965379714966,0.3348034620285034,1.5977011494252877,2.673076923076923,5.977011494252878,906.0739618525593,Clay
2025-05-26,44052,Sebastian Korda,Luciano Darderi,P1,10,True,P1,0.5799780040979385,0.42002199590206146,2.010309278350516,1.989795918367347,10.103092783505158,916.1770546360644,Clay
2025-05-26,44053,Karen Khachanov,Aleksandar Vukic,P2,10,False,P1,0.8208906203508377,0.1791093796491623,1.1204819277108433,9.3,-10.0,906.1770546360644,Clay
2025-05-26,44054,Alexei Popyrin,Yoshihito Nishioka,P2,10,False,P1,0.5223173052072525,0.4776826947927475,1.2187499999999998,5.571428571428571,-10.0,896.1770546360644,Clay
2025-05-26,44056,Denis Shapovalov,Pedro Martinez,P1,10,True,P1,0.6500773131847382,0.34992268681526184,1.6220472440944884,2.6075949367088613,6.220472440944884,902.3975270770093,Clay
2025-05-26,44057,Jacob Fearnley,Stan Wawrinka,P2,10,False,P1,0.5666406899690628,0.4333593100309372,1.5138888888888888,2.9459459459459456,-10.0,892.3975270770093,Clay
2025-05-26,44058,Richard Gasquet,Terence Atmane,P1,10,True,P1,0.6103634834289551,0.3896365165710449,2.613924050632911,1.6196078431372551,16.13924050632911,908.5367675833384,Clay
2025-05-26,44060,Tallon Griekspoor,Marcos Giron,P2,10,False,P1,0.5925487130880356,0.4074512869119644,1.3341902313624678,3.9923076923076914,-10.0,898.5367675833384,Clay
2025-05-26,44061,Miomir Kecmanovic,Sebastian Baez,P1,10,True,P1,0.4681832641363144,0.5318167358636856,2.262857142857143,1.7918552036199096,12.62857142857143,911.1653390119097,Clay
2025-05-26,44062,Jiri Lehecka,Jordan Thompson,P2,10,False,P1,0.630655825138092,0.36934417486190796,1.1969696969696968,6.0769230769230775,-10.0,901.1653390119097,Clay
2025-05-26,44063,Filip Misolic,Yunchaokete Bu,P2,10,False,P1,0.5295860916376114,0.4704139083623886,1.6612244897959183,2.5123456790123457,-10.0,891.1653390119097,Clay
2025-05-26,44064,Jaume Munar,Camilo Ugo Carabelli,P1,10,True,P1,0.6063955724239349,0.39360442757606506,1.7316017316017311,2.3668639053254434,7.316017316017311,898.4813563279271,Clay
2025-05-26,44065,Sebastian Ofner,Jan-Lennard Struff,P2,10,False,P1,0.6061864495277405,0.3938135504722595,1.4433962264150944,3.2553191489361706,-10.0,888.4813563279271,Clay
2025-05-26,44066,Alejandro Tabilo,Arthur Cazaux,P2,10,False,P1,0.6092345118522644,0.3907654881477356,1.6349206349206347,2.575,-10.0,878.4813563279271,Clay
2025-05-26,44067,Lorenzo Musetti,Yannick Hanfmann,P2,10,False,P1,0.8269132003188133,0.17308679968118668,1.0808543096872618,13.367924528301886,-10.0,868.4813563279271,Clay
2025-05-26,44069,Ben Shelton,Lorenzo Sonego,P1,10,True,P1,0.6804666221141815,0.3195333778858185,1.6171874999999998,2.6202531645569613,6.171874999999998,874.6532313279271,Clay
2025-05-26,44070,Frances Tiafoe,Roman Safiullin,P2,10,False,P1,0.6292984485626221,0.37070155143737793,1.5138888888888888,2.9459459459459456,-10.0,864.6532313279271,Clay
2025-05-26,44071,Quentin Halys,Tomas Machac,P1,10,True,P1,0.39193807542324066,0.6080619245767593,3.3142857142857145,1.4320987654320987,23.142857142857146,887.7960884707842,Clay
2025-05-26,44072,Mariano Navone,Brandon Nakashima,P2,10,False,P1,0.4817543476819992,0.5182456523180008,1.5246478873239437,2.906040268456376,-10.0,877.7960884707842,Clay
2025-05-26,44073,Giovanni Mpetshi Perricard,Zizou Bergs,P1,10,True,P1,0.5359872579574585,0.4640127420425415,1.9261083743842367,2.079787234042553,9.261083743842367,887.0571722146266,Clay
2025-05-26,44074,Juan Manuel Cerundolo,Alex Michelsen,P2,10,False,P1,0.43723873794078827,0.5627612620592117,1.9261083743842367,2.079787234042553,-10.0,877.0571722146266,Clay
2025-05-26,44076,Jenson Brooksby,Jaime Faria,P1,10,True,P1,0.6679954677820206,0.33200453221797943,1.6874999999999998,2.454545454545454,6.874999999999998,883.9321722146266,Clay
2025-05-26,44077,Pablo Carreno Busta,Francisco Comesana,P1,10,True,P1,0.6341523677110672,0.3658476322889328,2.7337662337662336,1.5767790262172285,17.337662337662337,901.2698345522889,Clay
2025-05-26,44078,Damir Dzumhur,Thiago Agustin Tirante,P2,10,False,P1,0.470536544919014,0.529463455080986,1.7837837837837835,2.275862068965517,-10.0,891.2698345522889,Clay
2025-05-26,44079,Marton Fucsovics,Tristan Schoolkate,P2,10,False,P1,0.6916087418794632,0.3083912581205368,1.124153498871332,9.054545454545453,-10.0,881.2698345522889,Clay
2025-05-26,44082,Vit Kopriva,Thiago Monteiro,P2,10,False,P1,0.48466870188713074,0.5153312981128693,1.4522292993630572,3.211267605633803,-10.0,871.2698345522889,Clay
2025-05-26,44083,Fabian Marozsan,Luca Nardi,P2,10,False,P1,0.7530507072806358,0.24694929271936417,1.2765486725663715,4.616,-10.0,861.2698345522889,Clay
2025-05-26,44084,Hamad Medjedovic,Kamil Majchrzak,P2,10,False,P1,0.47747868299484253,0.5225213170051575,1.6612244897959183,2.5123456790123457,-10.0,851.2698345522889,Clay
2025-05-26,44085,Emilio Nava,Botic Van De Zandschulp,P2,10,False,P1,0.2163306400179863,0.7836693599820137,2.2316384180790965,1.8119266055045873,-10.0,841.2698345522889,Clay
2025-05-26,44086,Reilly Opelka,Rinky Hijikata,P1,10,True,P1,0.7144562005996704,0.2855437994003296,1.5034246575342465,2.9863945578231292,5.034246575342465,846.3040811276313,Clay
2025-05-26,44087,Jannik Sinner,Richard Gasquet,P2,10,False,P1,0.9497468676418066,0.0502531323581934,1.0256150139487699,40.039603960396036,-10.0,836.3040811276313,Clay
2025-05-26,44088,Alexander Zverev,Jesper de Jong,P2,10,False,P1,0.8617937490344048,0.13820625096559525,1.0610328638497653,17.384615384615383,-10.0,826.3040811276313,Clay
2025-05-26,44089,Jack Draper,Gael Monfils,P2,10,False,P1,0.7320690006017685,0.2679309993982315,1.1656976744186047,7.035087719298246,-10.0,816.3040811276313,Clay
2025-05-26,44090,Novak Djokovic,Corentin Moutet,P1,10,True,P1,0.9220091253519058,0.07799087464809418,1.1159574468085105,9.623853211009173,1.159574468085105,817.4636555957164,Clay
2025-05-26,44091,Alexander Bublik,Alex de Minaur,P1,10,True,P1,0.19312120229005814,0.8068787977099419,9.072727272727274,1.123873873873874,80.72727272727275,898.1909283229892,Clay
2025-05-26,44092,Arthur Fils,Jaume Munar,P2,10,False,P1,0.7659696489572525,0.2340303510427475,1.2159709618874772,5.630252100840336,-10.0,888.1909283229892,Clay
2025-05-26,44093,Andrey Rublev,Adam Walton,P2,10,False,P1,0.7853799611330032,0.21462003886699677,1.0515361744301288,20.40384615384615,-10.0,878.1909283229892,Clay
2025-05-26,44095,Jacob Fearnley,Ugo Humbert,P1,10,True,P1,0.49344801902770996,0.50655198097229,2.275862068965517,1.7837837837837835,12.758620689655169,890.9495490126443,Clay
2025-05-26,44096,Jiri Lehecka,Alejandro Davidovich Fokina,P1,10,True,P1,0.5118980407714844,0.4881019592285156,2.1475409836065573,1.8714285714285714,11.475409836065573,902.4249588487098,Clay
2025-05-26,44097,Filip Misolic,Denis Shapovalov,P2,10,False,P1,0.38619814813137054,0.6138018518686295,2.475609756097561,1.6776859504132233,-10.0,892.4249588487098,Clay
2025-05-26,44098,Flavio Cobolli,Matteo Arnaldi,P2,10,False,P1,0.5087921619415283,0.4912078380584717,1.9166666666666667,2.090909090909091,-10.0,882.4249588487098,Clay
2025-05-26,44099,Joao Fonseca,Pierre-Hugues Herbert,P2,10,False,P1,0.6605633795261383,0.3394366204738617,1.0737359550561798,14.56190476190476,-10.0,872.4249588487098,Clay
2025-05-26,44100,Tallon Griekspoor,Gabriel Diallo,P1,10,True,P1,0.6196337938308716,0.3803662061691284,1.6465863453815262,2.546583850931677,6.4658634538152615,878.8908223025251,Clay
2025-05-26,44102,Ethan Quinn,Alexander Shevchenko,P1,10,True,P1,0.5203402936458588,0.47965970635414124,2.2816091954022983,1.780269058295964,12.816091954022983,891.7069142565481,Clay
2025-05-26,44103,Carlos Alcaraz,Fabian Marozsan,P2,10,False,P1,0.9386939853429794,0.06130601465702057,1.05378590078329,19.592233009708735,-10.0,881.7069142565481,Clay
2025-05-26,44104,Nuno Borges,Casper Ruud,P1,10,True,P1,0.2215680554509163,0.7784319445490837,9.91743119266055,1.1121399176954734,89.1743119266055,970.8812261831536,Clay
2025-05-26,44105,Lorenzo Musetti,Daniel Elahi Galan,P2,10,False,P1,0.9101220592856407,0.08987794071435928,1.0525517938352704,20.02884615384615,-10.0,960.8812261831536,Clay
2025-05-26,44106,Holger Rune,Emilio Nava,P2,10,False,P1,0.8626791015267372,0.1373208984732628,1.1485411140583555,7.732142857142855,-10.0,950.8812261831536,Clay
2025-05-26,44107,Tommy Paul,Marton Fucsovics,P2,10,False,P1,0.6837895214557648,0.31621047854423523,1.2454728370221329,5.073770491803279,-10.0,940.8812261831536,Clay
2025-05-26,44108,Ben Shelton,Hugo Gaston,P2,10,False,P1,0.6348790973424911,0.36512090265750885,1.4536741214057507,3.2042253521126765,-10.0,930.8812261831536,Clay
2025-05-26,44109,Frances Tiafoe,Pablo Carreno Busta,P2,10,False,P1,0.49866676330566406,0.5013332366943359,1.6585365853658534,2.518518518518518,-10.0,920.8812261831536,Clay
2025-05-26,44111,Sebastian Korda,Jenson Brooksby,P2,10,False,P1,0.5708463490009308,0.4291536509990692,1.38135593220339,3.6222222222222222,-10.0,910.8812261831536,Clay
2025-05-26,44112,Karen Khachanov,Sebastian Ofner,P2,10,False,P1,0.6436820477247238,0.3563179522752762,1.4565916398713825,3.1901408450704225,-10.0,900.8812261831536,Clay
2025-05-26,44113,Alexei Popyrin,Alejandro Tabilo,P2,10,False,P1,0.5359388589859009,0.4640611410140991,1.6023166023166024,2.66025641025641,-10.0,890.8812261831536,Clay
2025-05-26,44114,Damir Dzumhur,Giovanni Mpetshi Perricard,P2,10,False,P1,0.3552247881889343,0.6447752118110657,2.6075949367088613,1.6220472440944884,-10.0,880.8812261831536,Clay
2025-05-26,44115,Daniel Altmaier,Vit Kopriva,P2,10,False,P1,0.3890093117952347,0.6109906882047653,1.6108949416342413,2.6369426751592355,-10.0,870.8812261831536,Clay
2025-05-26,44116,Quentin Halys,Miomir Kecmanovic,P1,10,True,P1,0.5448490530252457,0.45515094697475433,2.4277108433734944,1.7004219409282701,14.277108433734945,885.1583346168885,Clay
2025-05-26,44117,Hamad Medjedovic,Juan Manuel Cerundolo,P2,10,False,P1,0.5662322640419006,0.43376773595809937,1.4965986394557824,3.0136986301369864,-10.0,875.1583346168885,Clay
2025-05-26,44118,Mariano Navone,Reilly Opelka,P2,10,False,P1,0.5163912028074265,0.48360879719257355,1.2783964365256124,4.5920000000000005,-10.0,865.1583346168885,Clay
2025-05-26,44119,Jannik Sinner,Jiri Lehecka,P2,10,False,P1,0.9057912044227123,0.09420879557728767,1.0775988286969251,13.886792452830186,-10.0,855.1583346168885,Clay
2025-05-26,44120,Alexander Zverev,Flavio Cobolli,P1,10,True,P1,0.8473391234874725,0.15266087651252747,1.235408560311284,5.247933884297521,2.354085603112841,857.5124202200013,Clay
2025-05-26,44121,Jack Draper,Joao Fonseca,P1,10,True,P1,0.7610772997140884,0.23892270028591156,1.4673202614379082,3.13986013986014,4.673202614379082,862.1856228343804,Clay
2025-05-26,44122,Novak Djokovic,Filip Misolic,P1,10,True,P1,0.9172632545232773,0.08273674547672272,1.0988909426987061,11.11214953271028,0.9889094269870613,863.1745322613675,Clay
2025-05-26,44123,Andrey Rublev,Arthur Fils,P2,10,False,P1,0.4852652847766876,0.5147347152233124,1.7241379310344829,2.380952380952381,-10.0,853.1745322613675,Clay
2025-05-26,44125,Tallon Griekspoor,Ethan Quinn,P2,10,False,P1,0.7629750743508339,0.2370249256491661,1.2179487179487178,5.588235294117647,-10.0,843.1745322613675,Clay
2025-05-26,44126,Cameron Norrie,Jacob Fearnley,P1,10,True,P1,0.6814034879207611,0.3185965120792389,1.8537735849056602,2.1712707182320443,8.537735849056602,851.7122681104241,Clay
2025-05-26,44127,Carlos Alcaraz,Damir Dzumhur,P2,10,False,P1,0.9554673936218023,0.04453260637819767,1.0110705192073508,91.33,-10.0,841.7122681104241,Clay
2025-05-26,44128,Lorenzo Musetti,Mariano Navone,P2,10,False,P1,0.844701774418354,0.15529822558164597,1.147562582345191,7.776785714285713,-10.0,831.7122681104241,Clay
2025-05-26,44129,Holger Rune,Quentin Halys,P2,10,False,P1,0.7124989181756973,0.2875010818243027,1.2077464788732395,5.813559322033899,-10.0,821.7122681104241,Clay
2025-05-26,44130,Tommy Paul,Karen Khachanov,P1,10,True,P1,0.5307575166225433,0.46924248337745667,2.183333333333333,1.8450704225352113,11.833333333333332,833.5456014437575,Clay
2025-05-26,44131,Ben Shelton,Matteo Gigante,P1,10,True,P1,0.6432969272136688,0.3567030727863312,1.5588235294117647,2.789473684210527,5.588235294117647,839.1338367378752,Clay
2025-05-26,44132,Frances Tiafoe,Sebastian Korda,P2,10,False,P1,0.3926156312227249,0.6073843687772751,2.096256684491978,1.9121951219512194,-10.0,829.1338367378752,Clay
2025-05-26,44133,Alexei Popyrin,Nuno Borges,P2,10,False,P1,0.519559234380722,0.48044076561927795,1.8714285714285714,2.1475409836065573,-10.0,819.1338367378752,Clay
2025-05-26,44134,Daniel Altmaier,Hamad Medjedovic,P2,10,False,P1,0.3765408992767334,0.6234591007232666,2.546583850931677,1.6465863453815262,-10.0,809.1338367378752,Clay
2025-05-26,44135,Jannik Sinner,Andrey Rublev,P2,10,False,P1,0.8285939618945122,0.17140603810548782,1.082877247849883,13.066037735849052,-10.0,799.1338367378752,Clay
2025-05-26,44136,Alexander Zverev,Tallon Griekspoor,P2,10,False,P1,0.7944487482309341,0.20555125176906586,1.17774343122102,6.62608695652174,-10.0,789.1338367378752,Clay
2025-05-26,44137,Alexander Bublik,Jack Draper,P1,10,True,P1,0.20080554485321045,0.7991944551467896,10.361111111111109,1.1068249258160237,93.61111111111109,882.7449478489863,Clay
2025-05-26,44138,Novak Djokovic,Cameron Norrie,P2,10,False,P1,0.8825015462934971,0.11749845370650291,1.0872756933115824,12.457943925233645,-10.0,872.7449478489863,Clay
2025-05-26,44139,Carlos Alcaraz,Ben Shelton,P2,10,False,P1,0.9205553084611893,0.07944469153881073,1.0756484149855907,14.219047619047616,-10.0,862.7449478489863,Clay
2025-05-26,44140,Lorenzo Musetti,Holger Rune,P2,10,False,P1,0.5792787373065948,0.42072126269340515,1.5228070175438597,2.9127516778523495,-10.0,852.7449478489863,Clay
2025-05-26,44141,Tommy Paul,Alexei Popyrin,P1,10,True,P1,0.634143203496933,0.365856796503067,1.7076271186440675,2.413173652694611,7.076271186440675,859.8212190354269,Clay
2025-05-26,44142,Frances Tiafoe,Daniel Altmaier,P1,10,True,P1,0.7235995382070541,0.27640046179294586,1.5789473684210527,2.7272727272727275,5.7894736842105265,865.6106927196374,Clay
2025-05-26,44143,Jannik Sinner,Alexander Bublik,P2,10,False,P1,0.9153992310166359,0.0846007689833641,1.060304449648712,17.58252427184466,-10.0,855.6106927196374,Clay
2025-05-26,44144,Novak Djokovic,Alexander Zverev,P1,10,True,P1,0.5899329781532288,0.41006702184677124,2.010309278350516,1.989795918367347,10.103092783505158,865.7137855031426,Clay
2025-05-26,44145,Carlos Alcaraz,Tommy Paul,P2,10,False,P1,0.8543397262692451,0.14566027373075485,1.143222506393862,7.982142857142857,-10.0,855.7137855031426,Clay
2025-05-26,44146,Lorenzo Musetti,Frances Tiafoe,P2,10,False,P1,0.6408758014440536,0.35912419855594635,1.2494887525562373,5.008196721311475,-10.0,845.7137855031426,Clay
2025-05-26,44147,Jannik Sinner,Novak Djokovic,P2,10,False,P1,0.5111830830574036,0.48881691694259644,1.3038277511961724,4.291338582677165,-10.0,835.7137855031426,Clay
2025-05-26,44148,Carlos Alcaraz,Lorenzo Musetti,P2,10,False,P1,0.8042230010032654,0.19577699899673462,1.1742424242424243,6.739130434782609,-10.0,825.7137855031426,Clay
2025-05-26,44149,Carlos Alcaraz,Jannik Sinner,P1,10,True,P1,0.6073007583618164,0.3926992416381836,2.079787234042553,1.9261083743842367,10.79787234042553,836.5116578435682,Clay
2025-06-09,44177,Hubert Hurkacz,Roberto Bautista Agut,P1,10,True,P1,0.7582272589206696,0.24177274107933044,1.3924418604651165,3.548148148148148,3.9244186046511653,840.4360764482193,Grass
2025-06-09,44150,Arthur Rinderknech,Denis Shapovalov,P1,10,True,P1,0.3348141461610794,0.6651858538389206,3.069444444444444,1.483221476510067,20.694444444444443,861.1305208926638,Grass
2025-06-09,44178,Daniel Evans,Rinky Hijikata,P1,10,True,P1,0.47890350222587585,0.5210964977741241,2.707792207792208,1.5855513307984792,17.07792207792208,878.2084429705858,Grass
2025-06-09,44151,Alex Michelsen,Gael Monfils,P2,10,False,P1,0.31864258646965027,0.6813574135303497,1.9068627450980393,2.1027027027027025,-10.0,868.2084429705858,Grass
2025-06-09,44153,Marton Fucsovics,Yannick Hanfmann,P1,10,True,P1,0.6429062634706497,0.3570937365293503,1.5833333333333335,2.7142857142857144,5.833333333333335,874.0417763039192,Grass
2025-06-09,44180,Adrian Mannarino,Christopher O'Connell,P2,10,False,P1,0.5443956851959229,0.45560431480407715,1.7488986784140967,2.335294117647059,-10.0,864.0417763039192,Grass
2025-06-09,44154,Quentin Halys,Lorenzo Sonego,P2,10,False,P1,0.5555024892091751,0.4444975107908249,1.6598360655737707,2.515527950310559,-10.0,854.0417763039192,Grass
2025-06-09,44155,Pierre-Hugues Herbert,Damir Dzumhur,P2,10,False,P1,0.5759166181087494,0.4240833818912506,1.5395683453237412,2.853333333333333,-10.0,844.0417763039192,Grass
2025-06-09,44182,Mackenzie McDonald,Mattia Bellucci,P2,10,False,P1,0.5790169388055801,0.42098306119441986,1.6962025316455698,2.436363636363637,-10.0,834.0417763039192,Grass
2025-06-09,44156,Corentin Moutet,Fabio Fognini,P2,10,False,P1,0.587021216750145,0.41297878324985504,1.3715083798882683,3.691729323308271,-10.0,824.0417763039192,Grass
2025-06-09,44183,Reilly Opelka,Jesper de Jong,P1,10,True,P1,0.5684070885181427,0.4315929114818573,1.7873303167420815,2.2701149425287355,7.873303167420815,831.9150794713399,Grass
2025-06-09,44157,Learner Tien,Yoshihito Nishioka,P2,10,False,P1,0.5113002210855484,0.4886997789144516,1.5034482758620689,2.986301369863013,-10.0,821.9150794713399,Grass
2025-06-09,44184,Otto Virtanen,Tomas Martin Etcheverry,P2,10,False,P1,0.5371399819850922,0.46286001801490784,1.626984126984127,2.5949367088607596,-10.0,811.9150794713399,Grass
2025-06-09,44158,Brandon Nakashima,Jacob Fearnley,P2,10,False,P1,0.5014588832855225,0.49854111671447754,1.9547738693467334,2.0473684210526315,-10.0,801.9150794713399,Grass
2025-06-09,44185,Jordan Thompson,Aleksandar Kovacevic,P1,10,True,P1,0.7147741615772247,0.28522583842277527,1.4735099337748345,3.1118881118881125,4.735099337748345,806.6501788090883,Grass
2025-06-09,44186,Nuno Borges,Nishesh Basavareddy,P1,10,True,P1,0.6358751952648163,0.3641248047351837,1.6425702811244978,2.5562500000000004,6.425702811244978,813.0758816203332,Grass
2025-06-09,44159,Jiri Lehecka,Benjamin Bonzi,P2,10,False,P1,0.6642028838396072,0.33579711616039276,1.4688524590163936,3.132867132867133,-10.0,803.0758816203332,Grass
2025-06-09,44187,Nicolas Jarry,Luciano Darderi,P2,10,False,P1,0.5232771784067154,0.4767228215932846,1.626984126984127,2.5949367088607596,-10.0,793.0758816203332,Grass
2025-06-09,44160,Giovanni Mpetshi Perricard,Roman Safiullin,P2,10,False,P1,0.5201384872198105,0.4798615127801895,1.6556016597510372,2.5253164556962022,-10.0,783.0758816203332,Grass
2025-06-09,44161,Jan-Lennard Struff,Matteo Arnaldi,P2,10,False,P1,0.45650699734687805,0.543493002653122,2.0366492146596857,1.9646464646464645,-10.0,773.0758816203332,Grass
2025-06-09,44188,Gabriel Diallo,Aleksandar Vukic,P2,10,False,P1,0.4679742604494095,0.5320257395505905,1.686192468619247,2.457317073170732,-10.0,763.0758816203332,Grass
2025-06-09,44162,Alexander Zverev,Corentin Moutet,P2,10,False,P1,0.786577008664608,0.213422991335392,1.1102123356926188,10.073394495412844,-10.0,753.0758816203332,Grass
2025-06-09,44189,Daniil Medvedev,Adrian Mannarino,P1,10,True,P1,0.7696578428149223,0.23034215718507767,1.341207349081365,3.930769230769231,3.4120734908136496,756.4879551111469,Grass
2025-06-09,44190,Ugo Humbert,Daniel Evans,P2,10,False,P1,0.7038693428039551,0.2961306571960449,1.3653846153846154,3.7368421052631584,-10.0,746.4879551111469,Grass
2025-06-09,44163,Felix Auger-Aliassime,Giovanni Mpetshi Perricard,P1,10,True,P1,0.5859682559967041,0.4140317440032959,1.7488986784140967,2.335294117647059,7.488986784140968,753.9769418952878,Grass
2025-06-09,44191,Zizou Bergs,Alexei Popyrin,P1,10,True,P1,0.4425077587366104,0.5574922412633896,2.333333333333333,1.75,13.33333333333333,767.3102752286212,Grass
2025-06-09,44164,Brandon Nakashima,Learner Tien,P2,10,False,P1,0.6089356243610382,0.3910643756389618,1.4334365325077403,3.307142857142857,-10.0,757.3102752286212,Grass
2025-06-09,44193,Reilly Opelka,Nicolas Jarry,P1,10,True,P1,0.5629934668540955,0.43700653314590454,1.8364485981308412,2.195530726256983,8.364485981308412,765.6747612099297,Grass
2025-06-09,44166,Taylor Fritz,Quentin Halys,P2,10,False,P1,0.6712928414344788,0.32870715856552124,1.4536741214057507,3.2042253521126765,-10.0,755.6747612099297,Grass
2025-06-09,44194,Karen Khachanov,Mackenzie McDonald,P2,10,False,P1,0.6152391135692596,0.38476088643074036,1.5319148936170213,2.8799999999999994,-10.0,745.6747612099297,Grass
2025-06-09,44167,Ben Shelton,Pierre-Hugues Herbert,P2,10,False,P1,0.6314544081687927,0.3685455918312073,1.3633879781420766,3.7518796992481214,-10.0,735.6747612099297,Grass
2025-06-09,44195,Gabriel Diallo,Jordan Thompson,P2,10,False,P1,0.37527473270893097,0.624725267291069,2.6496815286624202,1.606177606177606,-10.0,725.6747612099297,Grass
2025-06-09,44168,Jiri Lehecka,Jan-Lennard Struff,P2,10,False,P1,0.6483592092990875,0.3516407907009125,1.5338078291814947,2.873333333333333,-10.0,715.6747612099297,Grass
2025-06-09,44169,Marton Fucsovics,Arthur Rinderknech,P1,10,True,P1,0.6626449376344681,0.3373550623655319,1.5687732342007437,2.758169934640523,5.687732342007436,721.3624935519371,Grass
2025-06-09,44196,Nuno Borges,Otto Virtanen,P2,10,False,P1,0.45222173631191254,0.5477782636880875,1.6046511627906976,2.6538461538461537,-10.0,711.3624935519371,Grass
2025-06-09,44170,Alexander Zverev,Brandon Nakashima,P1,10,True,P1,0.7935765311121941,0.20642346888780594,1.3438320209973753,3.9083969465648853,3.438320209973753,714.8008137619108,Grass
2025-06-09,44197,Reilly Opelka,Daniil Medvedev,P2,10,False,P1,0.2428516447544098,0.7571483552455902,3.840909090909091,1.352,-10.0,704.8008137619108,Grass
2025-06-09,44171,Taylor Fritz,Marton Fucsovics,P2,10,False,P1,0.6440161168575287,0.3559838831424713,1.4131736526946106,3.420289855072464,-10.0,694.8008137619108,Grass
2025-06-09,44198,Ugo Humbert,Nuno Borges,P2,10,False,P1,0.6333322674036026,0.3666677325963974,1.4433962264150944,3.2553191489361706,-10.0,684.8008137619108,Grass
2025-06-09,44172,Ben Shelton,Jiri Lehecka,P2,10,False,P1,0.4824141263961792,0.5175858736038208,1.979695431472081,2.0207253886010363,-10.0,674.8008137619108,Grass
2025-06-09,44199,Gabriel Diallo,Karen Khachanov,P2,10,False,P1,0.2950623333454132,0.7049376666545868,2.475609756097561,1.6776859504132233,-10.0,664.8008137619108,Grass
2025-06-09,44200,Zizou Bergs,Mark Lajal,P2,10,False,P1,0.4596758335828781,0.5403241664171219,1.8755980861244024,2.14207650273224,-10.0,654.8008137619108,Grass
2025-06-09,44201,Gabriel Diallo,Ugo Humbert,P1,10,True,P1,0.43640731275081635,0.5635926872491837,2.673076923076923,1.5977011494252877,16.73076923076923,671.5315829926801,Grass
2025-06-09,44174,Alexander Zverev,Ben Shelton,P1,10,True,P1,0.7506693303585052,0.24933066964149475,1.6491935483870968,2.540372670807453,6.491935483870968,678.0235184765511,Grass
2025-06-09,44175,Taylor Fritz,Felix Auger-Aliassime,P1,10,True,P1,0.6381025314331055,0.36189746856689453,1.6465863453815262,2.546583850931677,6.4658634538152615,684.4893819303663,Grass
2025-06-09,44202,Zizou Bergs,Reilly Opelka,P1,10,True,P1,0.43671660125255585,0.5632833987474442,2.36094674556213,1.7347826086956524,13.6094674556213,698.0988493859876,Grass
2025-06-09,44176,Taylor Fritz,Alexander Zverev,P2,10,False,P1,0.40992288291454315,0.5900771170854568,2.413173652694611,1.7076271186440675,-10.0,688.0988493859876,Grass
2025-06-09,44203,Gabriel Diallo,Zizou Bergs,P2,10,False,P1,0.5762853473424911,0.42371465265750885,1.6,2.6666666666666665,-10.0,678.0988493859876,Grass
2025-06-16,44235,Alexander Zverev,Marcos Giron,P1,10,True,P1,0.8590038865804672,0.14099611341953278,1.1701492537313434,6.877192982456142,1.7014925373134338,679.8003419233011,Grass
2025-06-16,44204,Carlos Alcaraz,Adam Walton,P2,10,False,P1,0.9371161125600338,0.0628838874399662,1.036234458259325,28.598039215686274,-10.0,669.8003419233011,Grass
2025-06-16,44236,Karen Khachanov,Zizou Bergs,P1,10,True,P1,0.6490046381950378,0.35099536180496216,1.5751879699248121,2.738562091503268,5.751879699248121,675.5522216225492,Grass
2025-06-16,44205,Jack Draper,Jenson Brooksby,P2,10,False,P1,0.8081296682357788,0.1918703317642212,1.1002811621368325,10.97196261682243,-10.0,665.5522216225492,Grass
2025-06-16,44237,Jannik Sinner,Yannick Hanfmann,P2,10,False,P1,0.8884356692433357,0.11156433075666428,1.0423764021603656,24.598039215686274,-10.0,655.5522216225492,Grass
2025-06-16,44206,Corentin Moutet,Taylor Fritz,P1,10,True,P1,0.20398709923028946,0.7960129007697105,6.28448275862069,1.1892332789559545,52.844827586206904,708.397049208756,Grass
2025-06-16,44238,Andrey Rublev,Sebastian Ofner,P1,10,True,P1,0.6777647733688354,0.32223522663116455,1.5321428571428573,2.879194630872483,5.321428571428573,713.7184777801846,Grass
2025-06-16,44207,Jiri Lehecka,Alex de Minaur,P1,10,True,P1,0.41230906546115875,0.5876909345388412,3.234042553191489,1.4476190476190474,22.340425531914892,736.0589033120995,Grass
2025-06-16,44239,Alex Michelsen,Francisco Cerundolo,P2,10,False,P1,0.3934086412191391,0.6065913587808609,1.9547738693467334,2.0473684210526315,-10.0,726.0589033120995,Grass
2025-06-16,44208,Arthur Rinderknech,Ben Shelton,P1,10,True,P1,0.2851433902978897,0.7148566097021103,4.796747967479675,1.2633832976445396,37.96747967479675,764.0263829868962,Grass
2025-06-16,44240,Denis Shapovalov,Ugo Humbert,P2,10,False,P1,0.3933961093425751,0.6066038906574249,2.3491124260355027,1.7412280701754383,-10.0,754.0263829868962,Grass
2025-06-16,44209,Gabriel Diallo,Billy Harris,P1,10,True,P1,0.7492254972457886,0.2507745027542114,1.4898648648648647,3.0413793103448277,4.898648648648647,758.9250316355449,Grass
2025-06-16,44210,Jaume Munar,Jordan Thompson,P2,10,False,P1,0.2833346128463745,0.7166653871536255,3.50735294117647,1.3988269794721404,-10.0,748.9250316355449,Grass
2025-06-16,44241,Tomas Machac,Jesper de Jong,P2,10,False,P1,0.5616430789232254,0.4383569210767746,1.4719471947194718,3.118881118881119,-10.0,738.9250316355449,Grass
2025-06-16,44211,Brandon Nakashima,Giovanni Mpetshi Perricard,P2,10,False,P1,0.524826169013977,0.47517383098602295,1.61328125,2.630573248407643,-10.0,728.9250316355449,Grass
2025-06-16,44242,Felix Auger-Aliassime,Laslo Djere,P2,10,False,P1,0.7031749784946442,0.29682502150535583,1.3577235772357723,3.7954545454545445,-10.0,718.9250316355449,Grass
2025-06-16,44243,Flavio Cobolli,Joao Fonseca,P1,10,True,P1,0.5004683434963226,0.49953165650367737,2.707792207792208,1.5855513307984792,17.07792207792208,736.0029537134669,Grass
2025-06-16,44212,Reilly Opelka,Camilo Ugo Carabelli,P2,10,False,P1,0.7315123677253723,0.2684876322746277,1.2307692307692306,5.333333333333333,-10.0,726.0029537134669,Grass
2025-06-16,44244,Tomas Martin Etcheverry,Pedro Martinez,P1,10,True,P1,0.7020996361970901,0.29790036380290985,1.4367088607594936,3.2898550724637685,4.367088607594935,730.3700423210619,Grass
2025-06-16,44213,Alexei Popyrin,Aleksandar Vukic,P2,10,False,P1,0.5216670036315918,0.4783329963684082,1.6962025316455698,2.436363636363637,-10.0,720.3700423210619,Grass
2025-06-16,44214,Holger Rune,Christopher O'Connell,P1,10,True,P1,0.8025268688797951,0.19747313112020493,1.2799097065462754,4.572580645161291,2.7990970654627545,723.1691393865246,Grass
2025-06-16,44245,Lorenzo Sonego,Jan-Lennard Struff,P1,10,True,P1,0.4643994867801666,0.5356005132198334,2.2514285714285713,1.7990867579908678,12.514285714285712,735.6834251008104,Grass
2025-06-16,44246,Daniil Medvedev,Daniel Altmaier,P1,10,True,P1,0.9186278805136681,0.08137211948633194,1.2279693486590038,5.386554621848739,2.2796934865900376,737.9631185874005,Grass
2025-06-16,44215,Daniel Evans,Frances Tiafoe,P1,10,True,P1,0.24552588164806366,0.7544741183519363,4.26771653543307,1.306024096385542,32.677165354330704,770.6402839417311,Grass
2025-06-16,44247,Alexander Bublik,Alexandre Muller,P2,10,False,P1,0.6150352507829666,0.3849647492170334,1.3918128654970758,3.5522388059701484,-10.0,760.6402839417311,Grass
2025-06-16,44216,Jakub Mensik,Cameron Norrie,P1,10,True,P1,0.5796860456466675,0.4203139543533325,1.7304347826086959,2.3690476190476186,7.304347826086959,767.9446317678181,Grass
2025-06-16,44248,Quentin Halys,Benjamin Bonzi,P2,10,False,P1,0.5031165480613708,0.49688345193862915,1.7336244541484718,2.3630952380952377,-10.0,757.9446317678181,Grass
2025-06-16,44217,Roberto Bautista Agut,Nuno Borges,P1,10,True,P1,0.6300958395004272,0.36990416049957275,1.7909090909090908,2.264367816091954,7.909090909090908,765.853722676909,Grass
2025-06-16,44218,Jacob Fearnley,Alex Bolt,P2,10,False,P1,0.6559387743473053,0.3440612256526947,1.450479233226837,3.2198581560283692,-10.0,755.853722676909,Grass
2025-06-16,44249,Fabian Marozsan,Miomir Kecmanovic,P2,10,False,P1,0.3823421150445938,0.6176578849554062,2.0,2.0,-10.0,745.853722676909,Grass
2025-06-16,44250,Stefanos Tsitsipas,Luciano Darderi,P2,10,False,P1,0.7292642146348953,0.2707357853651047,1.3350515463917525,3.984615384615384,-10.0,735.853722676909,Grass
2025-06-16,44219,Mackenzie McDonald,Gael Monfils,P2,10,False,P1,0.4185675382614136,0.5814324617385864,2.1366120218579234,1.879807692307692,-10.0,725.853722676909,Grass
2025-06-16,44251,Alexander Bublik,Jannik Sinner,P2,10,False,P1,0.11257846280932426,0.8874215371906757,6.629310344827586,1.1776416539050536,-10.0,715.853722676909,Grass
2025-06-16,44220,Carlos Alcaraz,Jaume Munar,P2,10,False,P1,0.9373108558356762,0.0626891441643238,1.054535920293655,19.336538461538463,-10.0,705.853722676909,Grass
2025-06-16,44252,Alexander Zverev,Lorenzo Sonego,P2,10,False,P1,0.8574731573462486,0.14252684265375137,1.14526588845655,7.88392857142857,-10.0,695.853722676909,Grass
2025-06-16,44221,Jacob Fearnley,Corentin Moutet,P2,10,False,P1,0.4483213722705841,0.5516786277294159,1.6558704453441293,2.524691358024691,-10.0,685.853722676909,Grass
2025-06-16,44222,Jiri Lehecka,Gabriel Diallo,P2,10,False,P1,0.6119314283132553,0.3880685716867447,1.5977011494252877,2.673076923076923,-10.0,675.853722676909,Grass
2025-06-16,44253,Tomas Martin Etcheverry,Andrey Rublev,P1,10,True,P1,0.2281220182776451,0.7718779817223549,4.616,1.2765486725663715,36.16,712.013722676909,Grass
2025-06-16,44223,Arthur Rinderknech,Reilly Opelka,P2,10,False,P1,0.38185398280620575,0.6181460171937943,2.183333333333333,1.8450704225352113,-10.0,702.013722676909,Grass
2025-06-16,44254,Tomas Machac,Fabian Marozsan,P1,10,True,P1,0.6271030008792877,0.3728969991207123,1.9073170731707316,2.102150537634408,9.073170731707316,711.0868934086163,Grass
2025-06-16,44224,Jack Draper,Alexei Popyrin,P2,10,False,P1,0.7694113552570343,0.2305886447429657,1.1794071762870515,6.573913043478262,-10.0,701.0868934086163,Grass
2025-06-16,44255,Karen Khachanov,Felix Auger-Aliassime,P1,10,True,P1,0.4726789742708206,0.5273210257291794,2.413173652694611,1.7076271186440675,14.131736526946108,715.2186299355625,Grass
2025-06-16,44225,Holger Rune,Mackenzie McDonald,P2,10,False,P1,0.702333003282547,0.297666996717453,1.4212121212121214,3.3741007194244608,-10.0,705.2186299355625,Grass
2025-06-16,44256,Flavio Cobolli,Denis Shapovalov,P1,10,True,P1,0.4713887870311737,0.5286112129688263,2.4424242424242424,1.6932773109243697,14.424242424242424,719.6428723598049,Grass
2025-06-16,44257,Daniil Medvedev,Quentin Halys,P1,10,True,P1,0.7332652807235718,0.2667347192764282,1.5051546391752577,2.9795918367346936,5.051546391752577,724.6944187515575,Grass
2025-06-16,44226,Roberto Bautista Agut,Jakub Mensik,P1,10,True,P1,0.42342837154865265,0.5765716284513474,2.7712418300653594,1.5645756457564575,17.712418300653596,742.406837052211,Grass
2025-06-16,44258,Alex Michelsen,Stefanos Tsitsipas,P2,10,False,P1,0.30766917765140533,0.6923308223485947,1.7999999999999998,2.25,-10.0,732.406837052211,Grass
2025-06-16,44227,Brandon Nakashima,Daniel Evans,P2,10,False,P1,0.663922980427742,0.336077019572258,1.444794952681388,3.24822695035461,-10.0,722.406837052211,Grass
2025-06-16,44228,Carlos Alcaraz,Arthur Rinderknech,P1,10,True,P1,0.9441656190901995,0.05583438090980053,1.1426735218508997,8.009009009009008,1.4267352185089965,723.83357227072,Grass
2025-06-16,44259,Alexander Zverev,Flavio Cobolli,P2,10,False,P1,0.8431447818875313,0.15685521811246872,1.1619318181818181,7.175438596491228,-10.0,713.83357227072,Grass
2025-06-16,44260,Daniil Medvedev,Alex Michelsen,P1,10,True,P1,0.7827612683176994,0.21723873168230057,1.4673202614379082,3.13986013986014,4.673202614379082,718.506774885099,Grass
2025-06-16,44229,Jack Draper,Brandon Nakashima,P2,10,False,P1,0.7288003414869308,0.27119965851306915,1.2381889763779528,5.198347107438017,-10.0,708.506774885099,Grass
2025-06-16,44230,Roberto Bautista Agut,Holger Rune,P1,10,True,P1,0.34920430183410645,0.6507956981658936,3.7014925373134324,1.3701657458563536,27.014925373134325,735.5217002582334,Grass
2025-06-16,44261,Alexander Bublik,Tomas Machac,P2,10,False,P1,0.5101606249809265,0.4898393750190735,1.606177606177606,2.6496815286624202,-10.0,725.5217002582334,Grass
2025-06-16,44262,Karen Khachanov,Tomas Martin Etcheverry,P1,10,True,P1,0.7507414594292641,0.24925854057073593,1.3965014577259474,3.5220588235294117,3.9650145772594736,729.4867148354929,Grass
2025-06-16,44231,Jiri Lehecka,Jacob Fearnley,P1,10,True,P1,0.6533066779375076,0.34669332206249237,1.554744525547445,2.8026315789473686,5.54744525547445,735.0341600909674,Grass
2025-06-16,44232,Carlos Alcaraz,Roberto Bautista Agut,P1,10,True,P1,0.9174313917756081,0.08256860822439194,1.140880503144654,8.098214285714285,1.4088050314465406,736.4429651224139,Grass
2025-06-16,44263,Daniil Medvedev,Alexander Zverev,P2,10,False,P1,0.3991030901670456,0.6008969098329544,2.25,1.7999999999999998,-10.0,726.4429651224139,Grass
2025-06-16,44233,Jiri Lehecka,Jack Draper,P1,10,True,P1,0.39430126547813416,0.6056987345218658,2.8026315789473686,1.554744525547445,18.026315789473685,744.4692809118875,Grass
2025-06-16,44264,Alexander Bublik,Karen Khachanov,P2,10,False,P1,0.40154971182346344,0.5984502881765366,1.6491935483870968,2.540372670807453,-10.0,734.4692809118875,Grass
2025-06-16,44234,Carlos Alcaraz,Jiri Lehecka,P1,10,True,P1,0.8613226637244225,0.13867733627557755,1.2808988764044942,4.56,2.808988764044942,737.2782696759324,Grass
2025-06-16,44265,Alexander Bublik,Daniil Medvedev,P2,10,False,P1,0.254844069480896,0.745155930519104,2.4424242424242424,1.6932773109243697,-10.0,727.2782696759324,Grass
2025-06-23,44293,Jacob Fearnley,Flavio Cobolli,P2,10,False,P1,0.4152996987104416,0.5847003012895584,1.763392857142857,2.309941520467836,-10.0,717.2782696759324,Grass
2025-06-23,44266,Roberto Bautista Agut,Tomas Martin Etcheverry,P1,10,True,P1,0.656422957777977,0.343577042222023,1.6451612903225807,2.55,6.451612903225808,723.7298825791582,Grass
2025-06-23,44267,Brandon Holt,Benjamin Bonzi,P2,10,False,P1,0.39788587391376495,0.602114126086235,2.3157894736842106,1.7599999999999998,-10.0,713.7298825791582,Grass
2025-06-23,44295,Jenson Brooksby,Francisco Comesana,P1,10,True,P1,0.6791452765464783,0.32085472345352173,1.5514705882352942,2.8133333333333335,5.514705882352942,719.2445884615112,Grass
2025-06-23,44268,Bernard Tomic,Rinky Hijikata,P2,10,False,P1,0.3413669019937515,0.6586330980062485,2.6242038216560504,1.615686274509804,-10.0,709.2445884615112,Grass
2025-06-23,44269,Roman Safiullin,Alexandre Muller,P2,10,False,P1,0.5225401073694229,0.4774598926305771,1.6791666666666667,2.4723926380368098,-10.0,699.2445884615112,Grass
2025-06-23,44296,James Duckworth,Aleksandar Vukic,P2,10,False,P1,0.34620025753974915,0.6537997424602509,2.7973856209150325,1.5563636363636362,-10.0,689.2445884615112,Grass
2025-06-23,44297,Marcos Giron,Luciano Darderi,P2,10,False,P1,0.5231224745512009,0.47687752544879913,1.6360000000000001,2.5723270440251573,-10.0,679.2445884615112,Grass
2025-06-23,44270,Gabriel Diallo,Jaume Munar,P1,10,True,P1,0.6688622832298279,0.3311377167701721,1.6763485477178421,2.478527607361963,6.763485477178421,686.0080739386896,Grass
2025-06-23,44298,Billy Harris,Cameron Norrie,P1,10,True,P1,0.30412186682224274,0.6958781331777573,3.4379562043795615,1.4101796407185627,24.379562043795616,710.3876359824852,Grass
2025-06-23,44271,Hamad Medjedovic,Nishesh Basavareddy,P2,10,False,P1,0.5205072462558746,0.47949275374412537,1.7304347826086959,2.3690476190476186,-10.0,700.3876359824852,Grass
2025-06-23,44272,Corentin Moutet,Pedro Martinez,P1,10,True,P1,0.7736155986785889,0.22638440132141113,1.3350515463917525,3.984615384615384,3.350515463917525,703.7381514464028,Grass
2025-06-23,44300,Alejandro Davidovich Fokina,Chun-Hsin Tseng,P2,10,False,P1,0.6300200074911118,0.36997999250888824,1.3764044943820226,3.656716417910447,-10.0,693.7381514464028,Grass
2025-06-23,44273,Ethan Quinn,Camilo Ugo Carabelli,P2,10,False,P1,0.49914130568504333,0.5008586943149567,1.450479233226837,3.2198581560283692,-10.0,683.7381514464028,Grass
2025-06-23,44274,Arthur Rinderknech,Damir Dzumhur,P2,10,False,P1,0.648918867111206,0.35108113288879395,1.3465608465608467,3.8854961832061066,-10.0,673.7381514464028,Grass
2025-06-23,44301,Mattia Bellucci,Quentin Halys,P2,10,False,P1,0.35100726783275604,0.648992732167244,2.335294117647059,1.7488986784140967,-10.0,663.7381514464028,Grass
2025-06-23,44302,Daniel Evans,Miomir Kecmanovic,P1,10,True,P1,0.45349863171577454,0.5465013682842255,2.3550295857988166,1.737991266375546,13.550295857988166,677.288447304391,Grass
2025-06-23,44303,Joao Fonseca,Zizou Bergs,P2,10,False,P1,0.567443922162056,0.43255607783794403,1.5833333333333335,2.7142857142857144,-10.0,667.288447304391,Grass
2025-06-23,44276,Daniel Altmaier,Fabio Fognini,P2,10,False,P1,0.4210979640483856,0.5789020359516144,1.5340501792114694,2.87248322147651,-10.0,657.288447304391,Grass
2025-06-23,44304,Lorenzo Sonego,Fabian Marozsan,P2,10,False,P1,0.527665764093399,0.47233423590660095,1.7272727272727275,2.375,-10.0,647.288447304391,Grass
2025-06-23,44277,Laslo Djere,Yunchaokete Bu,P2,10,False,P1,0.5537193864583969,0.4462806135416031,1.7828054298642535,2.277456647398844,-10.0,637.288447304391,Grass
2025-06-23,44305,Taylor Fritz,Joao Fonseca,P1,10,True,P1,0.706405520439148,0.29359447956085205,1.4433962264150944,3.2553191489361706,4.433962264150944,641.7224095685419,Grass
2025-06-23,44278,Learner Tien,Ben Shelton,P1,10,True,P1,0.3872082531452179,0.6127917468547821,3.9465648854961826,1.339378238341969,29.465648854961827,671.1880584235038,Grass
2025-06-23,44306,Daniel Evans,Tommy Paul,P2,10,False,P1,0.29446886479854584,0.7055311352014542,3.3597122302158278,1.4237804878048779,-10.0,661.1880584235038,Grass
2025-06-23,44279,Alex Michelsen,Brandon Holt,P2,10,False,P1,0.6349253356456757,0.36507466435432434,1.3402597402597405,3.9389312977099245,-10.0,651.1880584235038,Grass
2025-06-23,44280,Roberto Bautista Agut,Bernard Tomic,P2,10,False,P1,0.7400285601615906,0.2599714398384094,1.262820512820513,4.8048780487804885,-10.0,641.1880584235038,Grass
2025-06-23,44307,Jakub Mensik,Reilly Opelka,P2,10,False,P1,0.5495850592851639,0.4504149407148361,1.5471014492753625,2.827814569536424,-10.0,631.1880584235038,Grass
2025-06-23,44308,Ugo Humbert,Lorenzo Sonego,P2,10,False,P1,0.5436827689409256,0.4563172310590744,1.7033898305084747,2.421686746987952,-10.0,621.1880584235038,Grass
2025-06-23,44281,Corentin Moutet,Daniel Altmaier,P1,10,True,P1,0.691357433795929,0.30864256620407104,1.5228070175438597,2.9127516778523495,5.228070175438598,626.4161285989424,Grass
2025-06-23,44309,Alejandro Davidovich Fokina,James Duckworth,P2,10,False,P1,0.6599167287349701,0.3400832712650299,1.5086505190311417,2.965986394557823,-10.0,616.4161285989424,Grass
2025-06-23,44282,Felix Auger-Aliassime,Arthur Rinderknech,P2,10,False,P1,0.6338100582361221,0.36618994176387787,1.4005847953216373,3.496350364963503,-10.0,606.4161285989424,Grass
2025-06-23,44283,Tallon Griekspoor,Ethan Quinn,P1,10,True,P1,0.7140329927206039,0.28596700727939606,1.6023166023166024,2.66025641025641,6.0231660231660245,612.4392946221084,Grass
2025-06-23,44310,Jenson Brooksby,Nuno Borges,P1,10,True,P1,0.5655318945646286,0.4344681054353714,2.1135135135135137,1.898058252427185,11.135135135135137,623.5744297572435,Grass
2025-06-23,44284,Gabriel Diallo,Laslo Djere,P2,10,False,P1,0.6270715147256851,0.3729284852743149,1.4736842105263157,3.1111111111111107,-10.0,613.5744297572435,Grass
2025-06-23,44311,Marcos Giron,Jacob Fearnley,P1,10,True,P1,0.47064077854156494,0.5293592214584351,2.906040268456376,1.5246478873239437,19.060402684563762,632.6348324418072,Grass
2025-06-23,44285,Hamad Medjedovic,Roman Safiullin,P2,10,False,P1,0.5181401669979095,0.48185983300209045,1.8364485981308412,2.195530726256983,-10.0,622.6348324418072,Grass
2025-06-23,44312,Billy Harris,Mattia Bellucci,P1,10,True,P1,0.4665367156267166,0.5334632843732834,2.575,1.6349206349206347,15.750000000000002,638.3848324418072,Grass
2025-06-23,44313,Taylor Fritz,Marcos Giron,P2,10,False,P1,0.766161598265171,0.23383840173482895,1.2828054298642535,4.5360000000000005,-10.0,628.3848324418072,Grass
2025-06-23,44286,Felix Auger-Aliassime,Hamad Medjedovic,P2,10,False,P1,0.6667368412017822,0.3332631587982178,1.4865771812080535,3.055172413793103,-10.0,618.3848324418072,Grass
2025-06-23,44314,Alejandro Davidovich Fokina,Jakub Mensik,P1,10,True,P1,0.40549351274967194,0.5945064872503281,2.7647058823529416,1.5666666666666667,17.647058823529417,636.0318912653366,Grass
2025-06-23,44287,Alex Michelsen,Roberto Bautista Agut,P2,10,False,P1,0.39310555160045624,0.6068944483995438,2.0418848167539267,1.959798994974874,-10.0,626.0318912653366,Grass
2025-06-23,44288,Tallon Griekspoor,Gabriel Diallo,P1,10,True,P1,0.5548994094133377,0.4451005905866623,2.036458333333334,1.964824120603015,10.36458333333334,636.39647459867,Grass
2025-06-23,44315,Ugo Humbert,Billy Harris,P2,10,False,P1,0.6791716068983078,0.3208283931016922,1.2967289719626167,4.37007874015748,-10.0,626.39647459867,Grass
2025-06-23,44316,Jenson Brooksby,Daniel Evans,P1,10,True,P1,0.5334340184926987,0.46656598150730133,1.8840579710144931,2.1311475409836067,8.840579710144931,635.2370543088149,Grass
2025-06-23,44289,Corentin Moutet,Learner Tien,P1,10,True,P1,0.5275341421365738,0.4724658578634262,2.2191011235955056,1.8202764976958523,12.191011235955056,647.42806554477,Grass
2025-06-23,44317,Taylor Fritz,Alejandro Davidovich Fokina,P1,10,True,P1,0.7524020820856094,0.24759791791439056,1.4065281899109792,3.4598540145985406,4.065281899109792,651.4933474438798,Grass
2025-06-23,44290,Tallon Griekspoor,Felix Auger-Aliassime,P1,10,True,P1,0.5494311898946762,0.4505688101053238,2.36094674556213,1.7347826086956524,13.6094674556213,665.102814899501,Grass
2025-06-23,44318,Jenson Brooksby,Ugo Humbert,P1,10,True,P1,0.4235522001981735,0.5764477998018265,2.93918918918919,1.515679442508711,19.3918918918919,684.4947067913929,Grass
2025-06-23,44291,Corentin Moutet,Alex Michelsen,P1,10,True,P1,0.4888712614774704,0.5111287385225296,2.575,1.6349206349206347,15.750000000000002,700.2447067913929,Grass
2025-06-23,44292,Tallon Griekspoor,Corentin Moutet,P1,10,True,P1,0.6301601678133011,0.3698398321866989,1.6463414634146345,2.547169811320755,6.4634146341463445,706.7081214255393,Grass
2025-06-23,44319,Taylor Fritz,Jenson Brooksby,P1,10,True,P1,0.7668038532137871,0.23319614678621292,1.3341902313624678,3.9923076923076914,3.3419023136246784,710.050023739164,Grass
2025-06-30,44320,Jannik Sinner,Luca Nardi,P1,10,True,P1,0.9546895641833544,0.04531043581664562,1.0776923076923077,13.87128712871287,0.7769230769230773,710.826946816087,Grass
2025-06-30,44321,Jack Draper,Sebastian Baez,P2,10,False,P1,0.9201962724328041,0.07980372756719589,1.068,15.70588235294118,-10.0,700.826946816087,Grass
2025-06-30,44322,Novak Djokovic,Alexandre Muller,P2,10,False,P1,0.8883611522614956,0.11163884773850441,1.042161277118297,24.718446601941746,-10.0,690.826946816087,Grass
2025-06-30,44323,Nikoloz Basilashvili,Lorenzo Musetti,P2,10,False,P1,0.16804958879947662,0.8319504112005234,4.023255813953488,1.330769230769231,-10.0,680.826946816087,Grass
2025-06-30,44324,Ben Shelton,Alex Bolt,P2,10,False,P1,0.7138287425041199,0.2861712574958801,1.3248730964467006,4.078125000000001,-10.0,670.826946816087,Grass
2025-06-30,44325,Alex de Minaur,Roberto Carballes Baena,P1,10,True,P1,0.9279956966638565,0.0720043033361435,1.0776923076923077,13.87128712871287,0.7769230769230773,671.60386989301,Grass
2025-06-30,44327,Jakub Mensik,Hugo Gaston,P2,10,False,P1,0.7874592766165733,0.21254072338342667,1.1043478260869564,10.583333333333332,-10.0,661.60386989301,Grass
2025-06-30,44328,Gael Monfils,Ugo Humbert,P1,10,True,P1,0.39493224024772644,0.6050677597522736,3.6268656716417906,1.3806818181818183,26.268656716417908,687.872526609428,Grass
2025-06-30,44329,Grigor Dimitrov,Yoshihito Nishioka,P2,10,False,P1,0.6800257116556168,0.31997428834438324,1.2449392712550609,5.082644628099174,-10.0,677.872526609428,Grass
2025-06-30,44330,Tomas Machac,Damir Dzumhur,P2,10,False,P1,0.7052972316741943,0.29470276832580566,1.2531120331950205,4.950819672131147,-10.0,667.872526609428,Grass
2025-06-30,44331,Flavio Cobolli,Beibit Zhukayev,P1,10,True,P1,0.753931313753128,0.24606868624687195,1.341207349081365,3.930769230769231,3.4120734908136496,671.2846001002416,Grass
2025-06-30,44332,Mariano Navone,Denis Shapovalov,P1,10,True,P1,0.3134883642196655,0.6865116357803345,6.426086956521741,1.184294871794872,54.260869565217405,725.545469665459,Grass
2025-06-30,44333,Jaume Munar,Alexander Bublik,P1,10,True,P1,0.24690862745046616,0.7530913725495338,4.901639344262295,1.2563025210084033,39.016393442622956,764.561863108082,Grass
2025-06-30,44334,Brandon Nakashima,Yunchaokete Bu,P2,10,False,P1,0.7562287822365761,0.24377121776342392,1.1785714285714286,6.600000000000001,-10.0,754.561863108082,Grass
2025-06-30,44335,Miomir Kecmanovic,Alex Michelsen,P1,10,True,P1,0.4005621671676636,0.5994378328323364,2.918918918918919,1.5211267605633803,19.18918918918919,773.7510522972711,Grass
2025-06-30,44336,Arthur Cazaux,Adam Walton,P2,10,False,P1,0.3928004950284958,0.6071995049715042,1.6023166023166024,2.66025641025641,-10.0,763.7510522972711,Grass
2025-06-30,44338,Jesper de Jong,Christopher Eubanks,P2,10,False,P1,0.46457043290138245,0.5354295670986176,1.7167381974248928,2.3952095808383236,-10.0,753.7510522972711,Grass
2025-06-30,44339,Daniel Evans,Jay Clarke,P2,10,False,P1,0.8051409050822258,0.1948590949177742,1.2279693486590038,5.386554621848739,-10.0,743.7510522972711,Grass
2025-06-30,44340,Marton Fucsovics,Aleksandar Kovacevic,P2,10,False,P1,0.6682959049940109,0.3317040950059891,1.330769230769231,4.023255813953488,-10.0,733.7510522972711,Grass
2025-06-30,44341,Marcos Giron,Camilo Ugo Carabelli,P2,10,False,P1,0.7748809680342674,0.22511903196573257,1.1036468330134357,10.648148148148147,-10.0,723.7510522972711,Grass
2025-06-30,44342,Rinky Hijikata,David Goffin,P2,10,False,P1,0.5140829831361771,0.48591701686382294,1.6694214876033058,2.493827160493827,-10.0,713.7510522972711,Grass
2025-06-30,44346,Corentin Moutet,Francisco Comesana,P2,10,False,P1,0.6442200988531113,0.35577990114688873,1.5490909090909089,2.821192052980132,-10.0,703.7510522972711,Grass
2025-06-30,44347,Sebastian Ofner,Hamad Medjedovic,P1,10,True,P1,0.3974791020154953,0.6025208979845047,2.7320261437908493,1.5773584905660376,17.320261437908492,721.0713137351796,Grass
2025-06-30,44348,Reilly Opelka,Alexander Shevchenko,P1,10,True,P1,0.7412381023168564,0.2587618976831436,1.386819484240688,3.585185185185186,3.86819484240688,724.9395085775865,Grass
2025-06-30,44350,Lorenzo Sonego,Jaime Faria,P2,10,False,P1,0.6603380441665649,0.33966195583343506,1.330769230769231,4.023255813953488,-10.0,714.9395085775865,Grass
2025-06-30,44351,Aleksandar Vukic,Chun-Hsin Tseng,P2,10,False,P1,0.5844182074069977,0.4155817925930023,1.297872340425532,4.357142857142858,-10.0,704.9395085775865,Grass
2025-06-30,44352,Carlos Alcaraz,Fabio Fognini,P1,10,True,P1,0.9513006806373596,0.04869931936264038,1.0594117647058825,17.831683168316832,0.594117647058825,705.5336262246453,Grass
2025-06-30,44353,Arthur Rinderknech,Alexander Zverev,P1,10,True,P1,0.17426779121160507,0.8257322087883949,8.581818181818182,1.13189448441247,75.81818181818181,781.3518080428271,Grass
2025-06-30,44354,Taylor Fritz,Giovanni Mpetshi Perricard,P2,10,False,P1,0.8185749650001526,0.1814250349998474,1.2122302158273381,5.711864406779661,-10.0,771.3518080428271,Grass
2025-06-30,44355,Nicolas Jarry,Holger Rune,P2,10,False,P1,0.24776093661785126,0.7522390633821487,3.8923076923076922,1.3457446808510638,-10.0,761.3518080428271,Grass
2025-06-30,44356,Benjamin Bonzi,Daniil Medvedev,P1,10,True,P1,0.13843511044979095,0.861564889550209,9.28440366972477,1.1207087486157254,82.84403669724769,844.1958447400748,Grass
2025-06-30,44357,Frances Tiafoe,Elmer Moller,P2,10,False,P1,0.7235437035560608,0.2764562964439392,1.085209003215434,12.735849056603772,-10.0,834.1958447400748,Grass
2025-06-30,44358,Andrey Rublev,Laslo Djere,P2,10,False,P1,0.666621521115303,0.33337847888469696,1.294392523364486,4.396825396825396,-10.0,824.1958447400748,Grass
2025-06-30,44359,Nuno Borges,Francisco Cerundolo,P2,10,False,P1,0.2913575619459152,0.7086424380540848,2.566037735849057,1.63855421686747,-10.0,814.1958447400748,Grass
2025-06-30,44360,Karen Khachanov,Mackenzie McDonald,P2,10,False,P1,0.7182907164096832,0.2817092835903168,1.2464358452138493,5.0578512396694215,-10.0,804.1958447400748,Grass
2025-06-30,44362,Jiri Lehecka,Hugo Dellien,P2,10,False,P1,0.9055330790579319,0.0944669209420681,1.068,15.70588235294118,-10.0,794.1958447400748,Grass
2025-06-30,44364,Felix Auger-Aliassime,James Duckworth,P1,10,True,P1,0.8194439336657524,0.1805560663342476,1.2371541501976284,5.216666666666667,2.371541501976284,796.567386242051,Grass
2025-06-30,44365,Alejandro Davidovich Fokina,Brandon Holt,P2,10,False,P1,0.7299287170171738,0.27007128298282623,1.2685589519650655,4.723577235772358,-10.0,786.567386242051,Grass
2025-06-30,44366,Jenson Brooksby,Tallon Griekspoor,P1,10,True,P1,0.3718292564153671,0.6281707435846329,2.776315789473684,1.5629629629629629,17.763157894736842,804.3305441367879,Grass
2025-06-30,44367,Kamil Majchrzak,Matteo Berrettini,P1,10,True,P1,0.24492935836315155,0.7550706416368484,7.353982300884955,1.1573816155988859,63.53982300884955,867.8703671456375,Grass
2025-06-30,44369,Luciano Darderi,Roman Safiullin,P1,10,True,P1,0.41719822585582733,0.5828017741441727,3.1619718309859155,1.462540716612378,21.619718309859156,889.4900854554967,Grass
2025-06-30,44370,Gabriel Diallo,Daniel Altmaier,P2,10,False,P1,0.7131378054618835,0.28686219453811646,1.2307692307692306,5.333333333333333,-10.0,879.4900854554967,Grass
2025-06-30,44371,Joao Fonseca,Jacob Fearnley,P2,10,False,P1,0.5202914327383041,0.47970856726169586,1.5340501792114694,2.87248322147651,-10.0,869.4900854554967,Grass
2025-06-30,44373,Billy Harris,Dusan Lajovic,P1,10,True,P1,0.6766951680183411,0.32330483198165894,1.5157894736842106,2.938775510204082,5.157894736842106,874.6479801923388,Grass
2025-06-30,44374,Lloyd Harris,Zizou Bergs,P1,10,True,P1,0.38261421024799347,0.6173857897520065,2.641025641025641,1.6093750000000002,16.41025641025641,891.0582366025951,Grass
2025-06-30,44375,Adrian Mannarino,Christopher O'Connell,P2,10,False,P1,0.6197240054607391,0.38027599453926086,1.4719471947194718,3.118881118881119,-10.0,881.0582366025951,Grass
2025-06-30,44376,Shintaro Mochizuki,Giulio Zeppieri,P2,10,False,P1,0.3924887925386429,0.6075112074613571,1.5531135531135531,2.8079470198675502,-10.0,871.0582366025951,Grass
2025-06-30,44377,Cameron Norrie,Roberto Bautista Agut,P2,10,False,P1,0.43005961179733276,0.5699403882026672,1.9646464646464645,2.0366492146596857,-10.0,861.0582366025951,Grass
2025-06-30,44379,Jan-Lennard Struff,Filip Misolic,P2,10,False,P1,0.5363287627696991,0.4636712372303009,1.6991525423728815,2.43030303030303,-10.0,851.0582366025951,Grass
2025-06-30,44381,Jordan Thompson,Vit Kopriva,P1,10,True,P1,0.7364228963851929,0.26357710361480713,1.4719471947194718,3.118881118881119,4.719471947194718,855.7777085497898,Grass
2025-06-30,44382,Learner Tien,Nishesh Basavareddy,P1,10,True,P1,0.6390371024608612,0.3609628975391388,1.5855513307984792,2.707792207792208,5.855513307984792,861.6332218577746,Grass
2025-06-30,44383,Botic Van De Zandschulp,Matteo Arnaldi,P2,10,False,P1,0.40505900979042053,0.5949409902095795,2.389221556886228,1.7198275862068966,-10.0,851.6332218577746,Grass
2025-06-30,44384,Jannik Sinner,Aleksandar Vukic,P2,10,False,P1,0.9375865925103426,0.0624134074896574,1.0594117647058825,17.831683168316832,-10.0,841.6332218577746,Grass
2025-06-30,44385,Marin Cilic,Jack Draper,P1,10,True,P1,0.3049716055393219,0.6950283944606781,7.548672566371684,1.1527027027027026,65.48672566371684,907.1199475214914,Grass
2025-06-30,44386,Novak Djokovic,Daniel Evans,P2,10,False,P1,0.9264476448297501,0.07355235517024994,1.0761494252873562,14.132075471698112,-10.0,897.1199475214914,Grass
2025-06-30,44387,Ben Shelton,Rinky Hijikata,P2,10,False,P1,0.6587693691253662,0.3412306308746338,1.288329519450801,4.468253968253968,-10.0,887.1199475214914,Grass
2025-06-30,44388,Alex de Minaur,Arthur Cazaux,P2,10,False,P1,0.7894918695092201,0.21050813049077988,1.1277584204413473,8.827272727272726,-10.0,877.1199475214914,Grass
2025-06-30,44389,Sebastian Ofner,Tommy Paul,P1,10,True,P1,0.26866522431373596,0.731334775686264,6.431034482758621,1.1841269841269841,54.310344827586206,931.4302923490776,Grass
2025-06-30,44390,Jakub Mensik,Marcos Giron,P2,10,False,P1,0.5744626373052597,0.4255373626947403,1.6284584980237156,2.591194968553459,-10.0,921.4302923490776,Grass
2025-06-30,44391,Grigor Dimitrov,Corentin Moutet,P2,10,False,P1,0.5509491860866547,0.44905081391334534,1.6974789915966384,2.4337349397590358,-10.0,911.4302923490776,Grass
2025-06-30,44392,August Holmgren,Tomas Machac,P1,10,True,P1,0.3148704767227173,0.6851295232772827,6.929824561403509,1.168639053254438,59.298245614035096,970.7285379631127,Grass
2025-06-30,44394,Brandon Nakashima,Reilly Opelka,P2,10,False,P1,0.5422285050153732,0.45777149498462677,1.4522292993630572,3.211267605633803,-10.0,960.7285379631127,Grass
2025-06-30,44395,Marton Fucsovics,Gael Monfils,P2,10,False,P1,0.48278939723968506,0.5172106027603149,1.989795918367347,2.010309278350516,-10.0,950.7285379631127,Grass
2025-06-30,44396,Miomir Kecmanovic,Jesper de Jong,P2,10,False,P1,0.5283898413181305,0.4716101586818695,1.444794952681388,3.24822695035461,-10.0,940.7285379631127,Grass
2025-06-30,44397,Pedro Martinez,Mariano Navone,P2,10,False,P1,0.33306464552879333,0.6669353544712067,2.7712418300653594,1.5645756457564575,-10.0,930.7285379631127,Grass
2025-06-30,44398,Jaume Munar,Fabian Marozsan,P2,10,False,P1,0.47356803715229034,0.5264319628477097,1.7999999999999998,2.25,-10.0,920.7285379631127,Grass
2025-06-30,44399,Lorenzo Sonego,Nikoloz Basilashvili,P2,10,False,P1,0.5877329558134079,0.4122670441865921,1.4833333333333332,3.0689655172413794,-10.0,910.7285379631127,Grass
2025-06-30,44401,Taylor Fritz,Gabriel Diallo,P1,10,True,P1,0.7696425914764404,0.23035740852355957,1.351063829787234,3.8484848484848486,3.5106382978723394,914.239176260985,Grass
2025-06-30,44402,Cameron Norrie,Frances Tiafoe,P1,10,True,P1,0.46891286969184875,0.5310871303081512,2.6496815286624202,1.606177606177606,16.4968152866242,930.7359915476092,Grass
2025-06-30,44403,Andrey Rublev,Lloyd Harris,P2,10,False,P1,0.6859451830387115,0.31405481696128845,1.3438320209973753,3.9083969465648853,-10.0,920.7359915476092,Grass
2025-06-30,44404,Karen Khachanov,Shintaro Mochizuki,P1,10,True,P1,0.8827134817838669,0.11728651821613312,1.168639053254438,6.929824561403509,1.6863905325443795,922.4223820801535,Grass
2025-06-30,44405,Mattia Bellucci,Jiri Lehecka,P1,10,True,P1,0.26884371787309647,0.7311562821269035,5.165289256198348,1.2400793650793653,41.652892561983485,964.075274642137,Grass
2025-06-30,44406,Jan-Lennard Struff,Felix Auger-Aliassime,P1,10,True,P1,0.311270609498024,0.688729390501976,3.4671532846715327,1.4053254437869822,24.671532846715326,988.7468074888523,Grass
2025-06-30,44407,Alejandro Davidovich Fokina,Botic Van De Zandschulp,P2,10,False,P1,0.6212597340345383,0.37874026596546173,1.3633879781420766,3.7518796992481214,-10.0,978.7468074888523,Grass
2025-06-30,44408,Nuno Borges,Billy Harris,P2,10,False,P1,0.46867556869983673,0.5313244313001633,1.6171874999999998,2.6202531645569613,-10.0,968.7468074888523,Grass
2025-06-30,44410,Joao Fonseca,Jenson Brooksby,P2,10,False,P1,0.4613879472017288,0.5386120527982712,1.4833333333333332,3.0689655172413794,-10.0,958.7468074888523,Grass
2025-06-30,44411,Nicolas Jarry,Learner Tien,P2,10,False,P1,0.4481944441795349,0.5518055558204651,1.7999999999999998,2.25,-10.0,948.7468074888523,Grass
2025-06-30,44412,Kamil Majchrzak,Ethan Quinn,P1,10,True,P1,0.5190552324056625,0.48094476759433746,2.3139534883720927,1.7610619469026547,13.139534883720927,961.8863423725732,Grass
2025-06-30,44414,Arthur Rinderknech,Cristian Garin,P2,10,False,P1,0.49059465527534485,0.5094053447246552,1.7918552036199096,2.262857142857143,-10.0,951.8863423725732,Grass
2025-06-30,44415,Jordan Thompson,Benjamin Bonzi,P1,10,True,P1,0.5521176010370255,0.44788239896297455,2.518518518518518,1.6585365853658534,15.185185185185182,967.0715275577584,Grass
2025-06-30,44416,Jannik Sinner,Pedro Martinez,P2,10,False,P1,0.9309792034327984,0.06902079656720161,1.024520514688031,41.78217821782177,-10.0,957.0715275577584,Grass
2025-06-30,44417,Novak Djokovic,Miomir Kecmanovic,P2,10,False,P1,0.9174825139343739,0.08251748606562614,1.0682704811443433,15.647619047619047,-10.0,947.0715275577584,Grass
2025-06-30,44418,Ben Shelton,Marton Fucsovics,P2,10,False,P1,0.5845576226711273,0.4154423773288727,1.350132625994695,3.856060606060606,-10.0,937.0715275577584,Grass
2025-06-30,44419,Alex de Minaur,August Holmgren,P2,10,False,P1,0.7431796491146088,0.25682035088539124,1.100371747211896,10.96296296296296,-10.0,927.0715275577584,Grass
2025-06-30,44420,Flavio Cobolli,Jakub Mensik,P1,10,True,P1,0.3888159990310669,0.6111840009689331,2.7337662337662336,1.5767790262172285,17.337662337662337,944.4091898954207,Grass
2025-06-30,44421,Grigor Dimitrov,Sebastian Ofner,P2,10,False,P1,0.6511103063821793,0.34888969361782074,1.3420365535248042,3.9236641221374047,-10.0,934.4091898954207,Grass
2025-06-30,44422,Lorenzo Sonego,Brandon Nakashima,P1,10,True,P1,0.4199903756380081,0.5800096243619919,2.8026315789473686,1.554744525547445,18.026315789473685,952.4355056848943,Grass
2025-06-30,44423,Marin Cilic,Jaume Munar,P1,10,True,P1,0.691692590713501,0.308307409286499,1.6196078431372551,2.613924050632911,6.196078431372552,958.6315841162669,Grass
2025-06-30,44424,Carlos Alcaraz,Jan-Lennard Struff,P2,10,False,P1,0.919093381613493,0.08090661838650703,1.0676110753380554,15.790476190476188,-10.0,948.6315841162669,Grass
2025-06-30,44425,Taylor Fritz,Alejandro Davidovich Fokina,P1,10,True,P1,0.7961836233735085,0.20381637662649155,1.3316326530612246,4.015384615384614,3.316326530612246,951.9479106468792,Grass
2025-06-30,44426,Andrey Rublev,Adrian Mannarino,P2,10,False,P1,0.6975698918104172,0.3024301081895828,1.3282828282828285,4.046153846153846,-10.0,941.9479106468792,Grass
2025-06-30,44427,Karen Khachanov,Nuno Borges,P2,10,False,P1,0.6746571958065033,0.3253428041934967,1.4752475247524752,3.104166666666667,-10.0,931.9479106468792,Grass
2025-06-30,44428,Nicolas Jarry,Joao Fonseca,P1,10,True,P1,0.4125577211380005,0.5874422788619995,3.132867132867133,1.4688524590163936,21.32867132867133,953.2765819755506,Grass
2025-06-30,44429,Kamil Majchrzak,Arthur Rinderknech,P1,10,True,P1,0.5134350955486298,0.48656490445137024,2.1189189189189186,1.8937198067632852,11.189189189189186,964.4657711647397,Grass
2025-06-30,44430,Cameron Norrie,Mattia Bellucci,P2,10,False,P1,0.5729812979698181,0.4270187020301819,1.6399999999999997,2.5624999999999996,-10.0,954.4657711647397,Grass
2025-06-30,44431,Jordan Thompson,Luciano Darderi,P1,10,True,P1,0.5819461643695831,0.41805383563041687,1.832558139534884,2.201117318435754,8.32558139534884,962.7913525600886,Grass
2025-06-30,44432,Jannik Sinner,Grigor Dimitrov,P2,10,False,P1,0.8508098274469376,0.14919017255306244,1.0570321151716502,18.533980582524272,-10.0,952.7913525600886,Grass
2025-06-30,44433,Novak Djokovic,Alex de Minaur,P1,10,True,P1,0.8720762133598328,0.12792378664016724,1.2298850574712643,5.35,2.298850574712643,955.0902031348013,Grass
2025-06-30,44434,Ben Shelton,Lorenzo Sonego,P2,10,False,P1,0.5747720748186111,0.42522792518138885,1.351063829787234,3.8484848484848486,-10.0,945.0902031348013,Grass
2025-06-30,44435,Flavio Cobolli,Marin Cilic,P2,10,False,P1,0.4536505788564682,0.5463494211435318,1.9261083743842367,2.079787234042553,-10.0,935.0902031348013,Grass
2025-06-30,44436,Carlos Alcaraz,Andrey Rublev,P2,10,False,P1,0.848631277680397,0.15136872231960297,1.1283547257876314,8.790909090909091,-10.0,925.0902031348013,Grass
2025-06-30,44437,Taylor Fritz,Jordan Thompson,P2,10,False,P1,0.7643652930855751,0.2356347069144249,1.180817610062893,6.530434782608697,-10.0,915.0902031348013,Grass
2025-06-30,44438,Karen Khachanov,Kamil Majchrzak,P2,10,False,P1,0.6770000159740448,0.3229999840259552,1.4107142857142858,3.4347826086956528,-10.0,905.0902031348013,Grass
2025-06-30,44439,Cameron Norrie,Nicolas Jarry,P1,10,True,P1,0.5398046523332596,0.4601953476667404,1.9166666666666667,2.090909090909091,9.166666666666668,914.2568698014679,Grass
2025-06-30,44440,Jannik Sinner,Ben Shelton,P1,10,True,P1,0.873024083673954,0.126975916326046,1.366666666666667,3.727272727272728,3.666666666666669,917.9235364681346,Grass
2025-06-30,44441,Novak Djokovic,Flavio Cobolli,P1,10,True,P1,0.9039117656648159,0.0960882343351841,1.1332533013205284,8.504504504504505,1.3325330132052837,919.2560694813399,Grass
2025-06-30,44442,Carlos Alcaraz,Cameron Norrie,P1,10,True,P1,0.9306937009096146,0.06930629909038544,1.098255280073462,11.177570093457946,0.9825528007346196,920.2386222820745,Grass
2025-06-30,44443,Taylor Fritz,Karen Khachanov,P2,10,False,P1,0.6843800991773605,0.31561990082263947,1.3177339901477834,4.147286821705426,-10.0,910.2386222820745,Grass
2025-06-30,44444,Jannik Sinner,Novak Djokovic,P2,10,False,P1,0.2848359942436218,0.7151640057563782,1.5017064846416384,2.993197278911565,-10.0,900.2386222820745,Grass
2025-06-30,44445,Carlos Alcaraz,Taylor Fritz,P2,10,False,P1,0.7985163033008575,0.20148369669914246,1.233918128654971,5.275,-10.0,890.2386222820745,Grass
2025-06-30,44446,Jannik Sinner,Carlos Alcaraz,P2,10,False,P1,0.31512951850891113,0.6848704814910889,1.8937198067632852,2.1189189189189186,-10.0,880.2386222820745,Grass
2025-07-14,44447,Daniel Altmaier,Mitchell Krueger,P2,10,False,P1,0.6166511327028275,0.38334886729717255,1.5395683453237412,2.853333333333333,-10.0,870.2386222820745,Hard
2025-07-14,44474,David Goffin,Martin Landaluce,P1,10,True,P1,0.7221887856721878,0.2778112143278122,2.41566265060241,1.7063829787234042,14.1566265060241,884.3952487880986,Clay
2025-07-14,44501,Filip Misolic,Elmer Moller,P2,10,False,P1,0.6113857924938202,0.3886142075061798,1.5395683453237412,2.853333333333333,-10.0,874.3952487880986,Clay
2025-07-14,44502,Mariano Navone,Tomas Barrios Vera,P1,10,True,P1,0.8176252841949463,0.1823747158050537,1.2821670428893905,4.544,2.8216704288939054,877.2169192169924,Clay
2025-07-14,44475,Francisco Comesana,Marco Trungelliti,P1,10,True,P1,0.6872031092643738,0.3127968907356262,1.6666666666666667,2.5,6.666666666666668,883.8835858836591,Clay
2025-07-14,44449,Adam Walton,Rodrigo Pacheco Mendez,P2,10,False,P1,0.5137049406766891,0.48629505932331085,1.5877862595419847,2.7012987012987018,-10.0,873.8835858836591,Hard
2025-07-14,44503,Camilo Ugo Carabelli,Cristian Garin,P2,10,False,P1,0.2745208293199539,0.7254791706800461,2.3550295857988166,1.737991266375546,-10.0,863.8835858836591,Clay
2025-07-14,44476,Francesco Passaro,Arthur Rinderknech,P2,10,False,P1,0.33469632267951965,0.6653036773204803,2.0,2.0,-10.0,853.8835858836591,Clay
2025-07-14,44477,Roberto Carballes Baena,Carlos Taberner,P1,10,True,P1,0.711513563990593,0.28848643600940704,1.879807692307692,2.1366120218579234,8.79807692307692,862.681662806736,Clay
2025-07-14,44504,Damir Dzumhur,Sebastian Ofner,P2,10,False,P1,0.34174375236034393,0.6582562476396561,2.5,1.6666666666666667,-10.0,852.681662806736,Clay
2025-07-14,44451,Nishesh Basavareddy,Nicolas Mejia,P2,10,False,P1,0.6376363635063171,0.36236363649368286,1.3901734104046242,3.562962962962963,-10.0,842.681662806736,Hard
2025-07-14,44478,Juan Manuel Cerundolo,Jan-Lennard Struff,P2,10,False,P1,0.29852813482284546,0.7014718651771545,2.436363636363637,1.6962025316455698,-10.0,832.681662806736,Clay
2025-07-14,44505,Vit Kopriva,Hugo Dellien,P1,10,True,P1,0.5982066839933395,0.40179331600666046,1.6763485477178421,2.478527607361963,6.763485477178421,839.4451482839144,Clay
2025-07-14,44452,James Duckworth,Adrian Mannarino,P2,10,False,P1,0.31857194006443024,0.6814280599355698,1.9024390243902443,2.108108108108108,-10.0,829.4451482839144,Hard
2025-07-14,44480,Alexander Shevchenko,Stan Wawrinka,P1,10,True,P1,0.5056871324777603,0.4943128675222397,2.0103626943005177,1.9897435897435893,10.103626943005178,839.5487752269196,Clay
2025-07-14,44507,Hugo Gaston,Chun-Hsin Tseng,P1,10,True,P1,0.6170202791690826,0.38297972083091736,2.41566265060241,1.7063829787234042,14.1566265060241,853.7054017329436,Clay
2025-07-14,44454,Tristan Schoolkate,Yibing Wu,P1,10,True,P1,0.4512108713388443,0.5487891286611557,2.707792207792208,1.5855513307984792,17.07792207792208,870.7833238108657,Hard
2025-07-14,44455,Aleksandar Kovacevic,Hady Habib,P2,10,False,P1,0.5259816646575928,0.4740183353424072,1.420731707317073,3.3768115942028993,-10.0,860.7833238108657,Hard
2025-07-14,44509,Botic Van De Zandschulp,Mikael Ymer,P1,10,True,P1,0.7121288776397705,0.2878711223602295,1.4750830564784052,3.104895104895105,4.750830564784052,865.5341543756497,Clay
2025-07-14,44483,Arthur Cazaux,Nikoloz Basilashvili,P2,10,False,P1,0.4360932558774948,0.5639067441225052,1.7990867579908678,2.2514285714285713,-10.0,855.5341543756497,Clay
2025-07-14,44484,Kamil Majchrzak,Terence Atmane,P1,10,True,P1,0.7524780482053757,0.24752195179462433,1.381766381766382,3.6194029850746268,3.817663817663819,859.3518181933135,Clay
2025-07-14,44485,Dominic Stricker,Pierre-Hugues Herbert,P2,10,False,P1,0.4543057978153229,0.5456942021846771,1.7272727272727275,2.375,-10.0,849.3518181933135,Clay
2025-07-14,44458,Emilio Nava,Aleksandar Vukic,P2,10,False,P1,0.20358207821846008,0.7964179217815399,2.1366120218579234,1.879807692307692,-10.0,839.3518181933135,Hard
2025-07-14,44486,Alexander Bublik,Alexander Shevchenko,P1,10,True,P1,0.7258356809616089,0.2741643190383911,1.5671641791044775,2.7631578947368425,5.671641791044775,845.0234599843583,Clay
2025-07-14,44513,Francisco Cerundolo,Mariano Navone,P2,10,False,P1,0.5298319607973099,0.4701680392026901,1.84037558685446,2.189944134078212,-10.0,835.0234599843583,Clay
2025-07-14,44487,Arthur Cazaux,Tomas Martin Etcheverry,P1,10,True,P1,0.4573919326066971,0.5426080673933029,2.821192052980132,1.5490909090909089,18.211920529801322,853.2353805141596,Clay
2025-07-14,44460,James Duckworth,Alejandro Davidovich Fokina,P2,10,False,P1,0.18792232871055603,0.812077671289444,4.629032258064517,1.2755555555555556,-10.0,843.2353805141596,Hard
2025-07-14,44514,Filip Misolic,Nuno Borges,P1,10,True,P1,0.46997958421707153,0.5300204157829285,2.2329545454545454,1.811059907834101,12.329545454545453,855.5649259687051,Clay
2025-07-14,44515,Camilo Ugo Carabelli,Botic Van De Zandschulp,P2,10,False,P1,0.33452387154102325,0.6654761284589767,2.085561497326203,1.9211822660098525,-10.0,845.5649259687051,Clay
2025-07-14,44488,Francisco Comesana,Roberto Carballes Baena,P2,10,False,P1,0.4731849730014801,0.5268150269985199,1.5211267605633803,2.918918918918919,-10.0,835.5649259687051,Clay
2025-07-14,44516,Damir Dzumhur,Hugo Gaston,P2,10,False,P1,0.513805165886879,0.48619483411312103,1.9024390243902443,2.108108108108108,-10.0,825.5649259687051,Clay
2025-07-14,44490,Casper Ruud,Dominic Stricker,P2,10,False,P1,0.735715925693512,0.26428407430648804,1.3367875647668395,3.9692307692307685,-10.0,815.5649259687051,Clay
2025-07-14,44463,Tristan Schoolkate,Daniel Altmaier,P1,10,True,P1,0.4779854863882065,0.5220145136117935,2.4634146341463414,1.6833333333333333,14.634146341463413,830.1990723101685,Hard
2025-07-14,44491,Juan Manuel Cerundolo,David Goffin,P2,10,False,P1,0.4284868836402893,0.5715131163597107,1.7272727272727275,2.375,-10.0,820.1990723101685,Clay
2025-07-14,44464,Emilio Nava,Yunchaokete Bu,P2,10,False,P1,0.3964732438325882,0.6035267561674118,2.207865168539326,1.8279069767441858,-10.0,810.1990723101685,Hard
2025-07-14,44519,Luciano Darderi,Elias Ymer,P2,10,False,P1,0.7418685406446457,0.2581314593553543,1.2761692650334076,4.620967741935484,-10.0,800.1990723101685,Clay
2025-07-14,44520,Jesper de Jong,Vit Kopriva,P1,10,True,P1,0.5800468474626541,0.4199531525373459,2.0913978494623655,1.9162561576354682,10.913978494623656,811.1130508047921,Clay
2025-07-14,44466,Adam Walton,Nishesh Basavareddy,P1,10,True,P1,0.485640749335289,0.514359250664711,2.527950310559006,1.6544715447154474,15.279503105590063,826.3925539103822,Hard
2025-07-14,44467,Andrey Rublev,Emilio Nava,P1,10,True,P1,0.8576568812131882,0.14234311878681183,1.225988700564972,5.425,2.259887005649719,828.6524409160319,Hard
2025-07-14,44494,Juan Manuel Cerundolo,Casper Ruud,P1,10,True,P1,0.22424039244651794,0.7757596075534821,4.758064516129033,1.2660944206008584,37.58064516129033,866.2330860773222,Clay
2025-07-14,44521,Francisco Cerundolo,Damir Dzumhur,P2,10,False,P1,0.6817192882299423,0.3182807117700577,1.2415169660678644,5.140495867768595,-10.0,856.2330860773222,Clay
2025-07-14,44495,Alexander Bublik,Francisco Comesana,P1,10,True,P1,0.6812886297702789,0.31871137022972107,1.7076271186440675,2.413173652694611,7.076271186440675,863.3093572637629,Clay
2025-07-14,44522,Jesper de Jong,Tallon Griekspoor,P2,10,False,P1,0.39229142665863037,0.6077085733413696,2.3869047619047614,1.7210300429184548,-10.0,853.3093572637629,Clay
2025-07-14,44468,Denis Shapovalov,Tristan Schoolkate,P2,10,False,P1,0.6984269917011261,0.3015730082988739,1.3942028985507247,3.536764705882353,-10.0,843.3093572637629,Hard
2025-07-14,44523,Luciano Darderi,Sebastian Baez,P2,10,False,P1,0.5135298073291779,0.48647019267082214,1.7918552036199096,2.262857142857143,-10.0,833.3093572637629,Clay
2025-07-14,44470,Adam Walton,James Duckworth,P2,10,False,P1,0.5523175597190857,0.4476824402809143,1.7241379310344829,2.380952380952381,-10.0,823.3093572637629,Hard
2025-07-14,44524,Camilo Ugo Carabelli,Filip Misolic,P2,10,False,P1,0.3321324437856674,0.6678675562143326,2.0259067357512954,1.974747474747475,-10.0,813.3093572637629,Clay
2025-07-14,44471,Aleksandar Kovacevic,Andrey Rublev,P1,10,True,P1,0.2394922450184822,0.7605077549815178,4.362204724409449,1.2974238875878221,33.62204724409449,846.9314045078573,Hard
2025-07-14,44498,Alexander Bublik,Arthur Cazaux,P2,10,False,P1,0.6405922174453735,0.35940778255462646,1.4169184290030208,3.3985507246376816,-10.0,836.9314045078573,Clay
2025-07-14,44525,Luciano Darderi,Francisco Cerundolo,P2,10,False,P1,0.3591390699148178,0.6408609300851822,2.524691358024691,1.6558704453441293,-10.0,826.9314045078573,Clay
2025-07-14,44472,Denis Shapovalov,Adam Walton,P2,10,False,P1,0.6660244464874268,0.33397555351257324,1.3846153846153846,3.5999999999999996,-10.0,816.9314045078573,Hard
2025-07-14,44526,Jesper de Jong,Camilo Ugo Carabelli,P1,10,True,P1,0.6346230059862137,0.3653769940137863,1.8755980861244024,2.14207650273224,8.755980861244023,825.6873853691013,Clay
2025-07-14,44473,Denis Shapovalov,Aleksandar Kovacevic,P1,10,True,P1,0.7027778029441833,0.29722219705581665,1.4250764525993882,3.3525179856115113,4.2507645259938815,829.9381498950952,Hard
2025-07-14,44527,Luciano Darderi,Jesper de Jong,P2,10,False,P1,0.5431423783302307,0.4568576216697693,1.6349206349206347,2.575,-10.0,819.9381498950952,Clay
2025-07-14,44500,Alexander Bublik,Juan Manuel Cerundolo,P2,10,False,P1,0.665471538901329,0.33452846109867096,1.350132625994695,3.856060606060606,-10.0,809.9381498950952,Clay
2025-07-21,44582,Yunchaokete Bu,David Goffin,P2,10,False,P1,0.3967593014240265,0.6032406985759735,1.5961538461538458,2.6774193548387095,-10.0,799.9381498950952,Hard
2025-07-21,44555,Filip Misolic,Tomas Martin Etcheverry,P1,10,True,P1,0.5413940995931625,0.45860590040683746,1.9547738693467334,2.0473684210526315,9.547738693467334,809.4858885885625,Clay
2025-07-21,44583,Aleksandar Kovacevic,Quentin Halys,P2,10,False,P1,0.5091327130794525,0.4908672869205475,1.9547738693467334,2.0473684210526315,-10.0,799.4858885885625,Hard
2025-07-21,44556,Arthur Cazaux,Ignacio Buse,P2,10,False,P1,0.47779108583927155,0.5222089141607285,2.0473684210526315,1.9547738693467334,-10.0,789.4858885885625,Clay
2025-07-21,44529,Dino Prizmic,Elmer Moller,P2,10,False,P1,0.2995690852403641,0.7004309147596359,1.7713004484304933,2.296511627906977,-10.0,779.4858885885625,Clay
2025-07-21,44584,Jaume Munar,Marcos Giron,P2,10,False,P1,0.3422323763370514,0.6577676236629486,2.160220994475138,1.8619047619047617,-10.0,769.4858885885625,Hard
2025-07-21,44530,Mariano Navone,Tomas Barrios Vera,P1,10,True,P1,0.794810950756073,0.205189049243927,1.295774647887324,4.3809523809523805,2.95774647887324,772.4436350674357,Clay
2025-07-21,44585,Zachary Svajda,Miomir Kecmanovic,P2,10,False,P1,0.24150148034095764,0.7584985196590424,2.647435897435897,1.6070038910505835,-10.0,762.4436350674357,Hard
2025-07-21,44531,Nikoloz Basilashvili,Roberto Carballes Baena,P2,10,False,P1,0.48213836550712585,0.5178616344928741,1.7990867579908678,2.2514285714285713,-10.0,752.4436350674357,Clay
2025-07-21,44559,Jan-Lennard Struff,Sebastian Ofner,P1,10,True,P1,0.5219261199235916,0.4780738800764084,2.264367816091954,1.7909090909090908,12.64367816091954,765.0873132283552,Clay
2025-07-21,44586,Yibing Wu,Gael Monfils,P2,10,False,P1,0.3297734707593918,0.6702265292406082,2.814569536423841,1.5510948905109487,-10.0,755.0873132283552,Hard
2025-07-21,44533,Terence Atmane,Dusan Lajovic,P1,10,True,P1,0.42678841948509216,0.5732115805149078,2.9121621621621623,1.5229681978798588,19.12162162162162,774.2089348499769,Clay
2025-07-21,44560,Thiago Agustin Tirante,Jaime Faria,P2,10,False,P1,0.567439615726471,0.43256038427352905,1.6294820717131475,2.5886075949367084,-10.0,764.2089348499769,Clay
2025-07-21,44587,Matteo Arnaldi,Daniel Altmaier,P1,10,True,P1,0.6374548971652985,0.36254510283470154,1.7488986784140967,2.335294117647059,7.488986784140968,771.6979216341178,Hard
2025-07-21,44561,Botic Van De Zandschulp,Nicolas Jarry,P1,10,True,P1,0.5089026689529419,0.4910973310470581,2.5949367088607596,1.626984126984127,15.949367088607595,787.6472887227254,Clay
2025-07-21,44588,Daniel Evans,Zizou Bergs,P1,10,True,P1,0.4260086566209793,0.5739913433790207,2.436363636363637,1.6962025316455698,14.36363636363637,802.0109250863618,Hard
2025-07-21,44589,Fabian Marozsan,Benjamin Bonzi,P2,10,False,P1,0.5761141330003738,0.42388586699962616,1.6991525423728815,2.43030303030303,-10.0,792.0109250863618,Hard
2025-07-21,44562,Arthur Rinderknech,Facundo Bagnis,P1,10,True,P1,0.7211290001869202,0.27887099981307983,1.5730337078651684,2.745098039215686,5.730337078651684,797.7412621650135,Clay
2025-07-21,44535,Carlos Taberner,Pierre-Hugues Herbert,P2,10,False,P1,0.3760015368461609,0.6239984631538391,1.5855513307984792,2.707792207792208,-10.0,787.7412621650135,Clay
2025-07-21,44536,Chun-Hsin Tseng,Giulio Zeppieri,P1,10,True,P1,0.4833613932132721,0.5166386067867279,2.1731843575418996,1.8523809523809525,11.731843575418996,799.4731057404325,Clay
2025-07-21,44591,Alexandre Muller,Beibit Zhukayev,P2,10,False,P1,0.46502791345119476,0.5349720865488052,1.4816053511705687,3.076388888888889,-10.0,789.4731057404325,Hard
2025-07-21,44592,Yoshihito Nishioka,Jenson Brooksby,P1,10,True,P1,0.3880026638507843,0.6119973361492157,3.4160583941605838,1.4138972809667674,24.160583941605836,813.6336896820384,Hard
2025-07-21,44565,Norbert Gombos,Hugo Gaston,P2,10,False,P1,0.29698216915130615,0.7030178308486938,2.6178343949044587,1.6181102362204727,-10.0,803.6336896820384,Clay
2025-07-21,44566,Alexander Shevchenko,Daniel Elahi Galan,P1,10,True,P1,0.6508818715810776,0.3491181284189224,1.7167381974248928,2.3952095808383236,7.1673819742489275,810.8010716562873,Clay
2025-07-21,44593,Cameron Norrie,Billy Harris,P2,10,False,P1,0.7815386652946472,0.21846133470535278,1.269736842105263,4.7073170731707314,-10.0,800.8010716562873,Hard
2025-07-21,44540,Carlos Taberner,Francisco Cerundolo,P1,10,True,P1,0.19368654489517212,0.8063134551048279,5.529411764705882,1.2207792207792207,45.294117647058826,846.095189303346,Clay
2025-07-21,44567,Alexander Bublik,Thiago Agustin Tirante,P1,10,True,P1,0.6710355579853058,0.3289644420146942,1.5650557620817847,2.7697368421052633,5.650557620817846,851.7457469241639,Clay
2025-07-21,44595,Ethan Quinn,Christopher O'Connell,P2,10,False,P1,0.4189298152923584,0.5810701847076416,1.6046511627906976,2.6538461538461537,-10.0,841.7457469241639,Hard
2025-07-21,44541,Luciano Darderi,Chun-Hsin Tseng,P1,10,True,P1,0.7609727159142494,0.23902728408575058,1.4194528875379937,3.384057971014493,4.1945288753799375,845.9402757995438,Clay
2025-07-21,44568,Yannick Hanfmann,Sebastian Baez,P1,10,True,P1,0.5987196862697601,0.40128031373023987,2.074468085106383,1.9306930693069304,10.744680851063828,856.6849566506075,Clay
2025-07-21,44542,Damir Dzumhur,Stan Wawrinka,P2,10,False,P1,0.5391013771295547,0.46089862287044525,1.5708955223880594,2.7516339869281046,-10.0,846.6849566506075,Clay
2025-07-21,44569,Jan-Lennard Struff,Pedro Martinez,P1,10,True,P1,0.6818306297063828,0.31816937029361725,1.4999999999999998,2.9999999999999996,4.999999999999998,851.6849566506075,Clay
2025-07-21,44596,Learner Tien,Emilio Nava,P2,10,False,P1,0.5574173033237457,0.4425826966762543,1.7272727272727275,2.375,-10.0,841.6849566506075,Hard
2025-07-21,44570,Thiago Seyboth Wild,Roberto Bautista Agut,P2,10,False,P1,0.40194764733314514,0.5980523526668549,1.8932038834951457,2.119565217391304,-10.0,831.6849566506075,Clay
2025-07-21,44597,Aleksandar Vukic,Giovanni Mpetshi Perricard,P2,10,False,P1,0.35826294124126434,0.6417370587587357,2.5,1.6666666666666667,-10.0,821.6849566506075,Hard
2025-07-21,44543,Jesper de Jong,Mariano Navone,P1,10,True,P1,0.5259947776794434,0.47400522232055664,3.0625000000000004,1.4848484848484849,20.625000000000004,842.3099566506075,Clay
2025-07-21,44598,Taylor Fritz,Aleksandar Vukic,P1,10,True,P1,0.8574242293834686,0.14257577061653137,1.1666666666666665,7.0,1.6666666666666652,843.9766233172742,Hard
2025-07-21,44571,Arthur Rinderknech,Norbert Gombos,P2,10,False,P1,0.6334444433450699,0.3665555566549301,1.5434782608695654,2.84,-10.0,833.9766233172742,Clay
2025-07-21,44572,Arthur Cazaux,Francisco Comesana,P1,10,True,P1,0.549884170293808,0.450115829706192,2.9591836734693877,1.5104166666666667,19.591836734693878,853.568460051968,Clay
2025-07-21,44599,Learner Tien,Andrey Rublev,P2,10,False,P1,0.28893476724624634,0.7110652327537537,2.873333333333333,1.5338078291814947,-10.0,843.568460051968,Hard
2025-07-21,44545,Dino Prizmic,Nikoloz Basilashvili,P2,10,False,P1,0.4070059210062027,0.5929940789937973,1.5671641791044775,2.7631578947368425,-10.0,833.568460051968,Clay
2025-07-21,44546,Camilo Ugo Carabelli,Francesco Passaro,P2,10,False,P1,0.4702553153038025,0.5297446846961975,1.935323383084577,2.0691489361702122,-10.0,823.568460051968,Clay
2025-07-21,44573,Alexander Shevchenko,Marton Fucsovics,P2,10,False,P1,0.3772904723882675,0.6227095276117325,2.4846625766871164,1.6735537190082643,-10.0,813.568460051968,Clay
2025-07-21,44600,Frances Tiafoe,Aleksandar Kovacevic,P2,10,False,P1,0.6176342517137527,0.38236574828624725,1.4752475247524752,3.104166666666667,-10.0,803.568460051968,Hard
2025-07-21,44574,Botic Van De Zandschulp,Filip Misolic,P1,10,True,P1,0.48187507688999176,0.5181249231100082,2.478527607361963,1.6763485477178421,14.785276073619631,818.3537361255877,Clay
2025-07-21,44601,Alex de Minaur,Yunchaokete Bu,P2,10,False,P1,0.765486903488636,0.23451309651136398,1.1904761904761905,6.25,-10.0,808.3537361255877,Hard
2025-07-21,44547,Pablo Llamas Ruiz,Terence Atmane,P2,10,False,P1,0.5871794074773788,0.41282059252262115,1.5302491103202847,2.885906040268457,-10.0,798.3537361255877,Clay
2025-07-21,44602,Daniil Medvedev,Reilly Opelka,P2,10,False,P1,0.6813634634017944,0.31863653659820557,1.3438320209973753,3.9083969465648853,-10.0,788.3537361255877,Hard
2025-07-21,44548,Luciano Darderi,Dino Prizmic,P1,10,True,P1,0.6969315409660339,0.30306845903396606,1.737991266375546,2.3550295857988166,7.379912663755459,795.7336487893432,Clay
2025-07-21,44575,Alexander Bublik,Alexander Shevchenko,P2,10,False,P1,0.7213699817657471,0.27863001823425293,1.3557951482479784,3.810606060606061,-10.0,785.7336487893432,Clay
2025-07-21,44603,Flavio Cobolli,Yoshihito Nishioka,P2,10,False,P1,0.5847959816455841,0.4152040183544159,1.4433962264150944,3.2553191489361706,-10.0,775.7336487893432,Hard
2025-07-21,44549,Camilo Ugo Carabelli,Pablo Llamas Ruiz,P1,10,True,P1,0.5369330644607544,0.4630669355392456,2.1366120218579234,1.879807692307692,11.366120218579233,787.0997690079224,Clay
2025-07-21,44576,Arthur Rinderknech,Yannick Hanfmann,P2,10,False,P1,0.439065083861351,0.560934916138649,2.244318181818182,1.8036529680365299,-10.0,777.0997690079224,Clay
2025-07-21,44604,Yibing Wu,Alexei Popyrin,P1,10,True,P1,0.48534463346004486,0.5146553665399551,2.1189189189189186,1.8937198067632852,11.189189189189186,788.2889581971116,Hard
2025-07-21,44577,Arthur Cazaux,Jan-Lennard Struff,P1,10,True,P1,0.4148814231157303,0.5851185768842697,2.475609756097561,1.6776859504132233,14.75609756097561,803.0450557580872,Clay
2025-07-21,44551,Carlos Taberner,Jesper de Jong,P2,10,False,P1,0.2573057562112808,0.7426942437887192,3.2198581560283692,1.450479233226837,-10.0,793.0450557580872,Clay
2025-07-21,44605,Jiri Lehecka,Zachary Svajda,P1,10,True,P1,0.8646465018391609,0.13535349816083908,1.4420062695924765,3.2624113475177303,4.420062695924765,797.465118454012,Hard
2025-07-21,44578,Botic Van De Zandschulp,Thiago Seyboth Wild,P2,10,False,P1,0.5482945740222931,0.4517054259777069,1.8232558139534885,2.214689265536723,-10.0,787.465118454012,Clay
2025-07-21,44552,Luciano Darderi,Camilo Ugo Carabelli,P2,10,False,P1,0.62614606320858,0.37385393679142,1.3701657458563536,3.7014925373134324,-10.0,777.465118454012,Clay
2025-07-21,44606,Alejandro Davidovich Fokina,Jaume Munar,P1,10,True,P1,0.602437749505043,0.39756225049495697,1.8240740740740737,2.2134831460674156,8.240740740740737,785.7058591947527,Hard
2025-07-21,44579,Alexander Bublik,Botic Van De Zandschulp,P2,10,False,P1,0.635875016450882,0.36412498354911804,1.3701657458563536,3.7014925373134324,-10.0,775.7058591947527,Clay
2025-07-21,44553,Carlos Taberner,Damir Dzumhur,P2,10,False,P1,0.37541869282722473,0.6245813071727753,2.14207650273224,1.8755980861244024,-10.0,765.7058591947527,Clay
2025-07-21,44580,Arthur Cazaux,Arthur Rinderknech,P2,10,False,P1,0.5038146376609802,0.4961853623390198,1.6962025316455698,2.436363636363637,-10.0,755.7058591947527,Clay
2025-07-21,44607,Matteo Arnaldi,Lorenzo Sonego,P2,10,False,P1,0.4653456211090088,0.5346543788909912,2.0418848167539267,1.959798994974874,-10.0,745.7058591947527,Hard
2025-07-21,44608,Cameron Norrie,Lorenzo Musetti,P2,10,False,P1,0.31062963604927063,0.6893703639507294,2.275862068965517,1.7837837837837835,-10.0,735.7058591947527,Hard
2025-07-21,44554,Luciano Darderi,Carlos Taberner,P1,10,True,P1,0.6740035265684128,0.3259964734315872,1.5017064846416384,2.993197278911565,5.017064846416384,740.7229240411691,Clay
2025-07-21,44581,Alexander Bublik,Arthur Cazaux,P2,10,False,P1,0.6970226466655731,0.3029773533344269,1.3604336043360434,3.774436090225563,-10.0,730.7229240411691,Clay
2025-07-21,44609,Ben Shelton,Mackenzie McDonald,P2,10,False,P1,0.6846537292003632,0.31534627079963684,1.3076923076923077,4.250000000000001,-10.0,720.7229240411691,Hard
2025-07-21,44610,Daniel Evans,Alex Michelsen,P1,10,True,P1,0.4466504752635956,0.5533495247364044,3.5999999999999996,1.3846153846153846,25.999999999999996,746.7229240411691,Hard
2025-07-21,44611,Brandon Nakashima,Ethan Quinn,P1,10,True,P1,0.7330140322446823,0.2669859677553177,1.5017064846416384,2.993197278911565,5.017064846416384,751.7399888875855,Hard
2025-07-21,44612,Gabriel Diallo,Fabian Marozsan,P2,10,False,P1,0.48843926191329956,0.5115607380867004,1.670781893004115,2.4907975460122698,-10.0,741.7399888875855,Hard
2025-07-21,44613,Corentin Moutet,Alexandre Muller,P1,10,True,P1,0.5140068233013153,0.4859931766986847,2.0155440414507773,1.9846938775510201,10.155440414507773,751.8954293020932,Hard
2025-07-21,44614,Taylor Fritz,Matteo Arnaldi,P2,10,False,P1,0.8216704204678535,0.17832957953214645,1.1904761904761905,6.25,-10.0,741.8954293020932,Hard
2025-07-21,44615,Ben Shelton,Gabriel Diallo,P1,10,True,P1,0.6562679708003998,0.3437320291996002,1.5849056603773586,2.7096774193548385,5.849056603773586,747.7444859058668,Hard
2025-07-21,44616,Frances Tiafoe,Flavio Cobolli,P2,10,False,P1,0.4436446875333786,0.5563553124666214,1.8240740740740737,2.2134831460674156,-10.0,737.7444859058668,Hard
2025-07-21,44617,Alex de Minaur,Jiri Lehecka,P2,10,False,P1,0.5419889539480209,0.45801104605197906,1.5877862595419847,2.7012987012987018,-10.0,727.7444859058668,Hard
2025-07-21,44618,Daniil Medvedev,Yibing Wu,P1,10,True,P1,0.8023027703166008,0.1976972296833992,1.2985781990521326,4.349206349206349,2.9857819905213256,730.7302678963881,Hard
2025-07-21,44619,Alejandro Davidovich Fokina,Learner Tien,P1,10,True,P1,0.6181038618087769,0.38189613819122314,1.6666666666666667,2.5,6.666666666666668,737.3969345630547,Hard
2025-07-21,44620,Brandon Nakashima,Cameron Norrie,P2,10,False,P1,0.5070054233074188,0.4929945766925812,1.9073170731707316,2.102150537634408,-10.0,727.3969345630547,Hard
2025-07-21,44621,Corentin Moutet,Daniel Evans,P2,10,False,P1,0.5265469700098038,0.47345302999019623,1.5138888888888888,2.9459459459459456,-10.0,717.3969345630547,Hard
2025-07-21,44622,Alejandro Davidovich Fokina,Taylor Fritz,P2,10,False,P1,0.21363355964422226,0.7863664403557777,3.856060606060606,1.350132625994695,-10.0,707.3969345630547,Hard
2025-07-21,44623,Ben Shelton,Frances Tiafoe,P2,10,False,P1,0.5714415460824966,0.42855845391750336,1.5051546391752577,2.9795918367346936,-10.0,697.3969345630547,Hard
2025-07-21,44624,Alex de Minaur,Brandon Nakashima,P2,10,False,P1,0.6037770211696625,0.3962229788303375,1.524822695035461,2.9054054054054053,-10.0,687.3969345630547,Hard
2025-07-21,44625,Corentin Moutet,Daniil Medvedev,P1,10,True,P1,0.2602672278881073,0.7397327721118927,4.5280000000000005,1.2834467120181405,35.28,722.6769345630547,Hard
2025-07-21,44626,Alejandro Davidovich Fokina,Ben Shelton,P1,10,True,P1,0.4126257300376892,0.5873742699623108,3.729323308270676,1.3663911845730026,27.29323308270676,749.9701676457614,Hard
2025-07-21,44627,Alex de Minaur,Corentin Moutet,P2,10,False,P1,0.681633323431015,0.318366676568985,1.2187499999999998,5.571428571428571,-10.0,739.9701676457614,Hard
2025-07-21,44628,Alex de Minaur,Alejandro Davidovich Fokina,P1,10,True,P1,0.7024858444929123,0.2975141555070877,1.4799999999999998,3.083333333333333,4.799999999999997,744.7701676457614,Hard
2025-07-27,44629,Corentin Moutet,Jenson Brooksby,P1,10,True,P1,0.5643137544393539,0.43568624556064606,1.811059907834101,2.2329545454545454,8.11059907834101,752.8807667241024,Hard
2025-07-27,44631,Yunchaokete Bu,Vit Kopriva,P2,10,False,P1,0.6710340529680252,0.3289659470319748,1.459546925566343,3.176056338028169,-10.0,742.8807667241024,Hard
2025-07-27,44632,Roberto Carballes Baena,Camilo Ugo Carabelli,P2,10,False,P1,0.40983104705810547,0.5901689529418945,2.264367816091954,1.7909090909090908,-10.0,732.8807667241024,Hard
2025-07-27,44634,Francisco Comesana,Damir Dzumhur,P2,10,False,P1,0.47972093522548676,0.5202790647745132,1.6023166023166024,2.66025641025641,-10.0,722.8807667241024,Hard
2025-07-27,44636,Hugo Gaston,Mattia Bellucci,P1,10,True,P1,0.46848130226135254,0.5315186977386475,2.8079470198675502,1.5531135531135531,18.0794701986755,740.9602369227779,Hard
2025-07-27,44637,Matteo Gigante,Borna Coric,P1,10,True,P1,0.5135392844676971,0.48646071553230286,2.0691489361702122,1.935323383084577,10.691489361702121,751.65172628448,Hard
2025-07-27,44638,Adrian Mannarino,Marcos Giron,P1,10,True,P1,0.3305496871471405,0.6694503128528595,3.1478873239436616,1.4655737704918033,21.478873239436616,773.1305995239167,Hard
2025-07-27,44639,Fabian Marozsan,Hugo Dellien,P2,10,False,P1,0.8018974289298058,0.19810257107019424,1.1578212290502792,7.336283185840708,-10.0,763.1305995239167,Hard
2025-07-27,44640,Mackenzie McDonald,David Goffin,P2,10,False,P1,0.5247947126626968,0.47520528733730316,1.686192468619247,2.457317073170732,-10.0,753.1305995239167,Hard
2025-07-27,44642,Christopher O'Connell,Chun-Hsin Tseng,P1,10,True,P1,0.6145975440740585,0.38540245592594147,1.7444933920704846,2.3431952662721893,7.444933920704846,760.5755334446216,Hard
2025-07-27,44643,Ethan Quinn,Yoshihito Nishioka,P2,10,False,P1,0.3573084622621536,0.6426915377378464,1.9068627450980393,2.1027027027027025,-10.0,750.5755334446216,Hard
2025-07-27,44644,Tristan Schoolkate,Joao Fonseca,P1,10,True,P1,0.346951887011528,0.653048112988472,4.0625,1.3265306122448979,30.625,781.2005334446216,Hard
2025-07-27,44646,Aleksandar Vukic,Pedro Martinez,P2,10,False,P1,0.6299326717853546,0.3700673282146454,1.3988269794721404,3.50735294117647,-10.0,771.2005334446216,Hard
2025-07-27,44647,Yosuke Watanuki,Daniel Altmaier,P1,10,True,P1,0.5600658506155014,0.4399341493844986,2.5534591194968552,1.6437246963562753,15.534591194968552,786.7351246395901,Hard
2025-07-27,44649,Facundo Bagnis,Vasek Pospisil,P2,10,False,P1,0.34502601623535156,0.6549739837646484,1.2006920415224913,5.982758620689657,-10.0,776.7351246395901,Hard
2025-07-27,44650,Tomas Barrios Vera,Gael Monfils,P1,10,True,P1,0.24299266189336777,0.7570073381066322,4.2,1.3125,32.0,808.7351246395901,Hard
2025-07-27,44651,James Duckworth,Juncheng Shang,P2,10,False,P1,0.42853596806526184,0.5714640319347382,1.6007751937984493,2.6645161290322577,-10.0,798.7351246395901,Hard
2025-07-27,44652,Tomas Martin Etcheverry,Pierre-Hugues Herbert,P2,10,False,P1,0.5610277652740479,0.43897223472595215,1.5769230769230766,2.733333333333333,-10.0,788.7351246395901,Hard
2025-07-27,44654,Miomir Kecmanovic,Quentin Halys,P2,10,False,P1,0.5781635046005249,0.4218364953994751,1.624505928853755,2.60126582278481,-10.0,778.7351246395901,Hard
2025-07-27,44655,Giovanni Mpetshi Perricard,Shintaro Mochizuki,P1,10,True,P1,0.6901313364505768,0.3098686635494232,1.5333333333333337,2.8750000000000004,5.333333333333337,784.0684579729235,Hard
2025-07-27,44656,Emilio Nava,Zizou Bergs,P1,10,True,P1,0.41923172771930695,0.580768272280693,2.4242424242424243,1.702127659574468,14.242424242424242,798.3108822153478,Hard
2025-07-27,44657,Reilly Opelka,Sebastian Ofner,P2,10,False,P1,0.5907686948776245,0.4092313051223755,1.5735849056603772,2.7434210526315783,-10.0,788.3108822153478,Hard
2025-07-27,44660,Adam Walton,Benjamin Bonzi,P2,10,False,P1,0.4269275963306427,0.5730724036693573,1.9897435897435893,2.0103626943005177,-10.0,778.3108822153478,Hard
2025-07-27,44661,Taylor Fritz,Roberto Carballes Baena,P2,10,False,P1,0.8757784217596054,0.12422157824039459,1.0795198799699925,13.575471698113207,-10.0,768.3108822153478,Hard
2025-07-27,44662,Ben Shelton,Adrian Mannarino,P2,10,False,P1,0.8087752908468246,0.19122470915317535,1.2183486238532109,5.579831932773109,-10.0,758.3108822153478,Hard
2025-07-27,44663,Andrey Rublev,Hugo Gaston,P2,10,False,P1,0.7008253186941147,0.2991746813058853,1.1366995073891626,8.315315315315313,-10.0,748.3108822153478,Hard
2025-07-27,44664,Frances Tiafoe,Yosuke Watanuki,P2,10,False,P1,0.6396527290344238,0.36034727096557617,1.4237804878048779,3.3597122302158278,-10.0,738.3108822153478,Hard
2025-07-27,44665,Alex de Minaur,Francisco Comesana,P2,10,False,P1,0.8707796856760979,0.12922031432390213,1.1222222222222222,9.181818181818182,-10.0,728.3108822153478,Hard
2025-07-27,44668,Arthur Fils,Pablo Carreno Busta,P2,10,False,P1,0.6066903620958328,0.3933096379041672,1.4307692307692306,3.3214285714285707,-10.0,718.3108822153478,Hard
2025-07-27,44669,Jiri Lehecka,Mackenzie McDonald,P1,10,True,P1,0.7164518386125565,0.28354816138744354,1.4005847953216373,3.496350364963503,4.005847953216373,722.3167301685642,Hard
2025-07-27,44670,Alejandro Davidovich Fokina,Corentin Moutet,P2,10,False,P1,0.5549790412187576,0.44502095878124237,1.7076271186440675,2.413173652694611,-10.0,712.3167301685642,Hard
2025-07-27,44671,Fabian Marozsan,Felix Auger-Aliassime,P2,10,False,P1,0.3738292157649994,0.6261707842350006,2.546583850931677,1.6465863453815262,-10.0,702.3167301685642,Hard
2025-07-27,44672,Christopher O'Connell,Stefanos Tsitsipas,P1,10,True,P1,0.31640106439590454,0.6835989356040955,3.1901408450704225,1.4565916398713825,21.901408450704224,724.2181386192684,Hard
2025-07-27,44673,Brandon Nakashima,Ethan Quinn,P1,10,True,P1,0.7286580353975296,0.2713419646024704,1.4522292993630572,3.211267605633803,4.522292993630572,728.740431612899,Hard
2025-07-27,44674,Gabriel Diallo,Matteo Gigante,P2,10,False,P1,0.5103115737438202,0.4896884262561798,1.3557951482479784,3.810606060606061,-10.0,718.740431612899,Hard
2025-07-27,44675,Lorenzo Sonego,Yunchaokete Bu,P1,10,True,P1,0.5318545699119568,0.4681454300880432,1.8937198067632852,2.1189189189189186,8.937198067632853,727.6776296805318,Hard
2025-07-27,44676,Aleksandar Vukic,Cameron Norrie,P2,10,False,P1,0.312959685921669,0.687040314078331,3.13986013986014,1.4673202614379082,-10.0,717.6776296805318,Hard
2025-07-27,44677,Alexander Zverev,Adam Walton,P2,10,False,P1,0.8275268450379372,0.17247315496206284,1.1473684210526316,7.785714285714286,-10.0,707.6776296805318,Hard
2025-07-27,44678,Lorenzo Musetti,James Duckworth,P1,10,True,P1,0.7905478626489639,0.20945213735103607,1.3623978201634879,3.7593984962406015,3.6239782016348787,711.3016078821666,Hard
2025-07-27,44679,Holger Rune,Giovanni Mpetshi Perricard,P1,10,True,P1,0.6745948642492294,0.32540513575077057,1.6544715447154474,2.527950310559006,6.544715447154474,717.8463233293211,Hard
2025-07-27,44680,Casper Ruud,Roman Safiullin,P1,10,True,P1,0.7172041833400726,0.28279581665992737,1.5138888888888888,2.9459459459459456,5.138888888888888,722.98521221821,Hard
2025-07-27,44683,Francisco Cerundolo,Jaume Munar,P1,10,True,P1,0.6522911936044693,0.3477088063955307,1.959798994974874,2.0418848167539267,9.59798994974874,732.5832021679587,Hard
2025-07-27,44684,Reilly Opelka,Tomas Machac,P1,10,True,P1,0.42546260356903076,0.5745373964309692,2.4484848484848483,1.6903765690376567,14.484848484848483,747.0680506528072,Hard
2025-07-27,44686,Learner Tien,Denis Shapovalov,P2,10,False,P1,0.34046925604343414,0.6595307439565659,2.4907975460122698,1.670781893004115,-10.0,737.0680506528072,Hard
2025-07-27,44687,Tomas Martin Etcheverry,Tallon Griekspoor,P1,10,True,P1,0.35657738149166107,0.6434226185083389,2.9324324324324325,1.5174825174825177,19.324324324324323,756.3923749771316,Hard
2025-07-27,44688,Alex Michelsen,Tomas Barrios Vera,P2,10,False,P1,0.7553648501634598,0.24463514983654022,1.254697286012526,4.926229508196722,-10.0,746.3923749771316,Hard
2025-07-27,44689,Alexandre Muller,Miomir Kecmanovic,P2,10,False,P1,0.3334151357412338,0.6665848642587662,2.738562091503268,1.5751879699248121,-10.0,736.3923749771316,Hard
2025-07-27,44690,Nuno Borges,Facundo Bagnis,P2,10,False,P1,0.643293023109436,0.35670697689056396,1.1883116883116882,6.310344827586207,-10.0,726.3923749771316,Hard
2025-07-27,44691,Matteo Arnaldi,Tristan Schoolkate,P1,10,True,P1,0.6063462346792221,0.3936537653207779,1.6932773109243697,2.4424242424242424,6.932773109243698,733.3251480863753,Hard
2025-07-27,44693,Taylor Fritz,Gabriel Diallo,P1,10,True,P1,0.7772913724184036,0.22270862758159637,1.4416403785488958,3.2642857142857147,4.416403785488958,737.7415518718642,Hard
2025-07-27,44694,Ben Shelton,Brandon Nakashima,P2,10,False,P1,0.6445785462856293,0.3554214537143707,1.459546925566343,3.176056338028169,-10.0,727.7415518718642,Hard
2025-07-27,44695,Andrey Rublev,Lorenzo Sonego,P2,10,False,P1,0.6127317100763321,0.3872682899236679,1.4627831715210353,3.1608391608391604,-10.0,717.7415518718642,Hard
2025-07-27,44696,Frances Tiafoe,Aleksandar Vukic,P2,10,False,P1,0.6577370166778564,0.34226298332214355,1.4375,3.285714285714286,-10.0,707.7415518718642,Hard
2025-07-27,44697,Alejandro Davidovich Fokina,Jakub Mensik,P1,10,True,P1,0.6164119392633438,0.3835880607366562,2.0,2.0,10.0,717.7415518718642,Hard
2025-07-27,44698,Flavio Cobolli,Fabian Marozsan,P1,10,True,P1,0.554633617401123,0.44536638259887695,2.102150537634408,1.9073170731707316,11.02150537634408,728.7630572482083,Hard
2025-07-27,44699,Jiri Lehecka,Arthur Fils,P1,10,True,P1,0.6177690625190735,0.3822309374809265,1.7456140350877196,2.3411764705882354,7.456140350877196,736.2191975990854,Hard
2025-07-27,44700,Alexander Zverev,Matteo Arnaldi,P1,10,True,P1,0.8197528421878815,0.18024715781211853,1.2531120331950205,4.950819672131147,2.531120331950205,738.7503179310356,Hard
2025-07-27,44701,Alex Michelsen,Lorenzo Musetti,P2,10,False,P1,0.3336247354745865,0.6663752645254135,2.643312101910828,1.6085271317829455,-10.0,728.7503179310356,Hard
2025-07-27,44702,Holger Rune,Alexandre Muller,P1,10,True,P1,0.8042389377951622,0.1957610622048378,1.3045563549160673,4.283464566929133,3.0455635491606725,731.7958814801963,Hard
2025-07-27,44703,Casper Ruud,Nuno Borges,P2,10,False,P1,0.6380697041749954,0.3619302958250046,1.5645756457564575,2.7712418300653594,-10.0,721.7958814801963,Hard
2025-07-27,44704,Alexei Popyrin,Daniil Medvedev,P1,10,True,P1,0.253136470913887,0.746863529086113,4.322834645669291,1.3009478672985784,33.228346456692904,755.0242279368891,Hard
2025-07-27,44705,Karen Khachanov,Emilio Nava,P1,10,True,P1,0.7619739472866058,0.23802605271339417,1.3456464379947228,3.893129770992366,3.4564643799472283,758.4806923168363,Hard
2025-07-27,44706,Francisco Cerundolo,Tomas Martin Etcheverry,P2,10,False,P1,0.5961185544729233,0.4038814455270767,1.5666666666666667,2.7647058823529416,-10.0,748.4806923168363,Hard
2025-07-27,44707,Alex de Minaur,Christopher O'Connell,P2,10,False,P1,0.8792913295328617,0.12070867046713829,1.1152614727854857,9.675925925925924,-10.0,738.4806923168363,Hard
2025-07-27,44708,Learner Tien,Reilly Opelka,P2,10,False,P1,0.41834756731987,0.58165243268013,1.780269058295964,2.2816091954022983,-10.0,728.4806923168363,Hard
2025-07-27,44709,Taylor Fritz,Jiri Lehecka,P2,10,False,P1,0.6365949362516403,0.3634050637483597,1.3764044943820226,3.656716417910447,-10.0,718.4806923168363,Hard
2025-07-27,44710,Ben Shelton,Flavio Cobolli,P2,10,False,P1,0.6412118375301361,0.3587881624698639,1.4721311475409837,3.1180555555555554,-10.0,708.4806923168363,Hard
2025-07-27,44711,Andrey Rublev,Alejandro Davidovich Fokina,P2,10,False,P1,0.4358960837125778,0.5641039162874222,2.2316384180790965,1.8119266055045873,-10.0,698.4806923168363,Hard
2025-07-27,44712,Alex de Minaur,Frances Tiafoe,P2,10,False,P1,0.761190265417099,0.238809734582901,1.3121951219512196,4.203125,-10.0,688.4806923168363,Hard
2025-07-27,44713,Alexander Zverev,Francisco Cerundolo,P1,10,True,P1,0.8218563795089722,0.17814362049102783,1.3333333333333333,3.999999999999999,3.3333333333333326,691.8140256501697,Hard
2025-07-27,44714,Alexei Popyrin,Holger Rune,P2,10,False,P1,0.2774427980184555,0.7225572019815445,2.9324324324324325,1.5174825174825177,-10.0,681.8140256501697,Hard
2025-07-27,44715,Karen Khachanov,Casper Ruud,P2,10,False,P1,0.5335653126239777,0.46643468737602234,1.8202764976958523,2.2191011235955056,-10.0,671.8140256501697,Hard
2025-07-27,44716,Alex Michelsen,Learner Tien,P1,10,True,P1,0.5279517024755478,0.4720482975244522,2.0259067357512954,1.974747474747475,10.259067357512954,682.0730930076827,Hard
2025-07-27,44717,Taylor Fritz,Andrey Rublev,P1,10,True,P1,0.7389044463634491,0.2610955536365509,1.5174825174825177,2.9324324324324325,5.174825174825177,687.2479181825079,Hard
2025-07-27,44718,Ben Shelton,Alex de Minaur,P2,10,False,P1,0.35375386476516724,0.6462461352348328,2.454545454545454,1.6874999999999998,-10.0,677.2479181825079,Hard
2025-07-27,44719,Alexander Zverev,Alexei Popyrin,P1,10,True,P1,0.8070561960339546,0.19294380396604538,1.3701657458563536,3.7014925373134324,3.7016574585635365,680.9495756410714,Hard
2025-07-27,44720,Karen Khachanov,Alex Michelsen,P2,10,False,P1,0.6482723951339722,0.35172760486602783,1.4721311475409837,3.1180555555555554,-10.0,670.9495756410714,Hard
2025-07-27,44721,Karen Khachanov,Alexander Zverev,P2,10,False,P1,0.3277127891778946,0.6722872108221054,2.9795918367346936,1.5051546391752577,-10.0,660.9495756410714,Hard
2025-07-27,44722,Ben Shelton,Taylor Fritz,P1,10,True,P1,0.4000299423933029,0.5999700576066971,2.5624999999999996,1.6399999999999997,15.624999999999996,676.5745756410714,Hard
2025-07-27,44723,Ben Shelton,Karen Khachanov,P2,10,False,P1,0.513309046626091,0.486690953373909,1.5954198473282442,2.6794871794871793,-10.0,666.5745756410714,Hard
2025-08-07,44733,Luca Nardi,Thiago Agustin Tirante,P2,10,False,P1,0.29374244809150696,0.706257551908493,2.436363636363637,1.6962025316455698,-10.0,656.5745756410714,Hard
2025-08-07,44751,Pedro Martinez,Nicolas Jarry,P1,10,True,P1,0.3252849280834198,0.6747150719165802,3.749999999999999,1.3636363636363635,27.499999999999993,684.0745756410714,Hard
2025-08-18,44843,Giovanni Mpetshi Perricard,Pedro Martinez,P2,10,False,P1,0.6158409416675568,0.38415905833244324,1.5629629629629629,2.776315789473684,-10.0,674.0745756410714,Hard
2025-08-18,44844,Jaume Munar,Mattia Bellucci,P2,10,False,P1,0.46183711290359497,0.538162887096405,1.7412280701754383,2.3491124260355027,-10.0,664.0745756410714,Hard
2025-08-18,44845,Miomir Kecmanovic,Aleksandar Kovacevic,P1,10,True,P1,0.6130367964506149,0.38696320354938507,1.7818181818181815,2.2790697674418605,7.818181818181815,671.8927574592533,Hard
2025-08-18,44846,Roberto Bautista Agut,Christopher O'Connell,P1,10,True,P1,0.6874107867479324,0.31258921325206757,1.6230158730158732,2.605095541401274,6.230158730158733,678.122916189412,Hard
2025-08-18,44850,Yunchaokete Bu,Stefanos Tsitsipas,P2,10,False,P1,0.3182031363248825,0.6817968636751175,2.8079470198675502,1.5531135531135531,-10.0,668.122916189412,Hard
2025-08-18,44851,Miomir Kecmanovic,Luciano Darderi,P2,10,False,P1,0.5744049102067947,0.42559508979320526,1.5510948905109487,2.814569536423841,-10.0,658.122916189412,Hard
2025-08-18,44852,Hamad Medjedovic,Gabriel Diallo,P1,10,True,P1,0.6048406958580017,0.3951593041419983,2.2329545454545454,1.811059907834101,12.329545454545453,670.4524616439575,Hard
2025-08-18,44853,Jaume Munar,Lorenzo Sonego,P2,10,False,P1,0.3814464658498764,0.6185535341501236,1.7336244541484718,2.3630952380952377,-10.0,660.4524616439575,Hard
2025-08-18,44854,Giovanni Mpetshi Perricard,Alexandre Muller,P1,10,True,P1,0.563709020614624,0.436290979385376,1.935323383084577,2.0691489361702122,9.35323383084577,669.8056954748032,Hard
2025-08-18,44855,Botic Van De Zandschulp,Sebastian Baez,P2,10,False,P1,0.6056089401245117,0.3943910598754883,1.4816053511705687,3.076388888888889,-10.0,659.8056954748032,Hard
2025-08-18,44856,Sebastian Korda,Kamil Majchrzak,P1,10,True,P1,0.7120511531829834,0.2879488468170166,1.7713004484304933,2.296511627906977,7.713004484304933,667.5186999591082,Hard
2025-08-18,44857,Marton Fucsovics,Roberto Bautista Agut,P2,10,False,P1,0.4954182803630829,0.5045817196369171,1.7873303167420815,2.2701149425287355,-10.0,657.5186999591082,Hard
2025-08-18,44858,Yunchaokete Bu,Mariano Navone,P2,10,False,P1,0.5013521015644073,0.49864789843559265,1.7589285714285714,2.317647058823529,-10.0,647.5186999591082,Hard
2025-08-18,44859,Sebastian Korda,Miomir Kecmanovic,P1,10,True,P1,0.7180156707763672,0.2819843292236328,1.8846153846153846,2.1304347826086953,8.846153846153847,656.364853805262,Hard
2025-08-18,44860,Marton Fucsovics,Jaume Munar,P1,10,True,P1,0.5474575310945511,0.4525424689054489,2.333333333333333,1.75,13.33333333333333,669.6981871385954,Hard
2025-08-18,44863,Marton Fucsovics,Sebastian Korda,P2,10,False,P1,0.27995359897613525,0.7200464010238647,2.7516339869281046,1.5708955223880594,-10.0,659.6981871385954,Hard
2025-08-18,44861,Giovanni Mpetshi Perricard,Hamad Medjedovic,P1,10,True,P1,0.3695903867483139,0.6304096132516861,3.0136986301369864,1.4965986394557824,20.136986301369863,679.8351734399653,Hard
2025-08-18,44864,Botic Van De Zandschulp,Giovanni Mpetshi Perricard,P1,10,True,P1,0.5015393197536469,0.49846068024635315,2.4096385542168677,1.7094017094017095,14.096385542168676,693.931558982134,Hard
2025-08-18,44865,Marton Fucsovics,Botic Van De Zandschulp,P2,10,False,P1,0.48994243144989014,0.5100575685501099,1.8450704225352113,2.183333333333333,-10.0,683.931558982134,Hard
2025-08-18,44847,Hamad Medjedovic,Jacob Fearnley,P1,10,True,P1,0.7545905187726021,0.24540948122739792,1.5340501792114694,2.87248322147651,5.340501792114694,689.2720607742486,Hard
2025-08-18,44848,Mariano Navone,Marcos Giron,P1,10,True,P1,0.4293627589941025,0.5706372410058975,2.357142857142857,1.7368421052631582,13.571428571428573,702.8434893456772,Hard
2025-08-18,44840,Gabriel Diallo,Nishesh Basavareddy,P1,10,True,P1,0.6087067872285843,0.3912932127714157,1.6820083682008369,2.4662576687116564,6.820083682008368,709.6635730276855,Hard
2025-08-18,44862,Botic Van De Zandschulp,Yunchaokete Bu,P1,10,True,P1,0.5978094190359116,0.40219058096408844,2.0529100529100535,1.9497487437185932,10.529100529100536,720.1926735567861,Hard
2025-08-18,44819,Yunchaokete Bu,Chun-Hsin Tseng,P2,10,False,P1,0.6964220404624939,0.3035779595375061,1.330769230769231,4.023255813953488,-10.0,710.1926735567861,Hard
2025-08-18,44820,Pablo Carreno Busta,Yoshihito Nishioka,P1,10,True,P1,0.6184380203485489,0.3815619796514511,1.7272727272727275,2.375,7.272727272727275,717.4654008295133,Hard
2025-08-18,44821,Vit Kopriva,Sebastian Ofner,P2,10,False,P1,0.3647805154323578,0.6352194845676422,2.515527950310559,1.6598360655737707,-10.0,707.4654008295133,Hard
2025-08-18,44822,Kamil Majchrzak,Nicolas Jarry,P1,10,True,P1,0.5202560573816299,0.47974394261837006,1.9897435897435893,2.0103626943005177,9.897435897435894,717.3628367269492,Hard
2025-08-18,44823,Pedro Martinez,David Goffin,P2,10,False,P1,0.431423157453537,0.568576842546463,2.1843575418994416,1.8443396226415094,-10.0,707.3628367269492,Hard
2025-08-18,44824,Mackenzie McDonald,Brandon Holt,P1,10,True,P1,0.7599994316697121,0.24000056833028793,1.4533762057877813,3.2056737588652484,4.533762057877812,711.896598784827,Hard
2025-08-18,44825,Hamad Medjedovic,Arthur Rinderknech,P1,10,True,P1,0.6289346367120743,0.3710653632879257,1.6031128404669261,2.6580645161290324,6.0311284046692615,717.9277271894963,Hard
2025-08-18,44826,Botic Van De Zandschulp,Adam Walton,P1,10,True,P1,0.5526279211044312,0.44737207889556885,2.202247191011236,1.8317757009345794,12.02247191011236,729.9501990996087,Hard
2025-08-18,44827,Nishesh Basavareddy,Raphael Collignon,P2,10,False,P1,0.6325028538703918,0.36749714612960815,1.3976608187134503,3.514705882352941,-10.0,719.9501990996087,Hard
2025-08-18,44829,Marton Fucsovics,Hugo Gaston,P2,10,False,P1,0.6675402969121933,0.3324597030878067,1.4915254237288134,3.03448275862069,-10.0,709.9501990996087,Hard
2025-08-18,44830,Christopher O'Connell,Roman Safiullin,P1,10,True,P1,0.3786347210407257,0.6213652789592743,2.7697368421052633,1.5650557620817847,17.697368421052634,727.6475675206613,Hard
2025-08-18,44831,Aleksandar Kovacevic,Filip Misolic,P2,10,False,P1,0.4660263955593109,0.5339736044406891,1.686192468619247,2.457317073170732,-10.0,717.6475675206613,Hard
2025-08-18,44833,Mattia Bellucci,Francisco Comesana,P1,10,True,P1,0.4627051204442978,0.5372948795557022,2.2203389830508478,1.8194444444444444,12.203389830508478,729.8509573511698,Hard
2025-08-18,44835,Sebastian Korda,Vit Kopriva,P1,10,True,P1,0.7081841081380844,0.2918158918619156,1.4915254237288134,3.03448275862069,4.915254237288133,734.7662115884578,Hard
2025-08-18,44836,Kamil Majchrzak,Nuno Borges,P1,10,True,P1,0.4828404039144516,0.5171595960855484,2.1787709497206706,1.8483412322274884,11.787709497206706,746.5539210856646,Hard
2025-08-18,44837,Sebastian Baez,Pablo Carreno Busta,P2,10,False,P1,0.2811494767665863,0.7188505232334137,2.9999999999999996,1.4999999999999998,-10.0,736.5539210856646,Hard
2025-08-18,44838,Marton Fucsovics,Tallon Griekspoor,P2,10,False,P1,0.42051905393600464,0.5794809460639954,2.2528735632183907,1.7981651376146788,-10.0,726.5539210856646,Hard
2025-08-18,44839,Luciano Darderi,Mackenzie McDonald,P2,10,False,P1,0.3515142649412155,0.6484857350587845,2.1311475409836067,1.8840579710144931,-10.0,716.5539210856646,Hard
2025-08-18,44841,Botic Van De Zandschulp,Matteo Arnaldi,P1,10,True,P1,0.49659572541713715,0.5034042745828629,2.160220994475138,1.8619047619047617,11.60220994475138,728.156131030416,Hard
2025-08-24,44923,Nuno Borges,Brandon Holt,P1,10,True,P1,0.7171719074249268,0.28282809257507324,1.403560830860534,3.477941176470588,4.03560830860534,732.1917393390213,Hard
2025-08-24,44939,Arthur Rinderknech,Alejandro Davidovich Fokina,P1,10,True,P1,0.25295791029930115,0.7470420897006989,5.4033613445378155,1.2270992366412212,44.03361344537815,776.2253527843994,Hard
2025-08-24,44940,Cameron Norrie,Francisco Comesana,P1,10,True,P1,0.6533215641975403,0.3466784358024597,1.5767790262172285,2.7337662337662336,5.767790262172285,781.9931430465717,Hard
2025-08-24,44943,Ben Shelton,Pablo Carreno Busta,P2,10,False,P1,0.7658587694168091,0.23414123058319092,1.1238532110091743,9.074074074074074,-10.0,771.9931430465717,Hard
2025-08-24,44944,Carlos Alcaraz,Mattia Bellucci,P2,10,False,P1,0.8879234530031681,0.1120765469968319,1.0569239189928845,18.567307692307693,-10.0,761.9931430465717,Hard
2025-08-24,44945,Jan-Lennard Struff,Holger Rune,P1,10,True,P1,0.28332455456256866,0.7166754454374313,3.6716417910447765,1.3743016759776538,26.716417910447767,788.7095609570194,Hard
2025-08-24,44946,Adrian Mannarino,Jordan Thompson,P2,10,False,P1,0.5127433240413666,0.4872566759586334,1.6085271317829455,2.643312101910828,-10.0,778.7095609570194,Hard
2025-08-24,44947,Lorenzo Musetti,David Goffin,P2,10,False,P1,0.7131269872188568,0.2868730127811432,1.1847133757961785,6.413793103448277,-10.0,768.7095609570194,Hard
2025-08-24,44948,Andrey Rublev,Tristan Boyer,P2,10,False,P1,0.7817929834127426,0.21820701658725739,1.0858995137763372,12.641509433962263,-10.0,758.7095609570194,Hard
2025-08-24,44949,Coleman Wong,Adam Walton,P1,10,True,P1,0.4581957906484604,0.5418042093515396,2.469512195121951,1.6804979253112031,14.695121951219509,773.404682908239,Hard
2025-08-24,44950,Jannik Sinner,Alexei Popyrin,P2,10,False,P1,0.9115240424871445,0.08847595751285553,1.0485714285714285,21.588235294117645,-10.0,763.404682908239,Hard
2025-08-24,44951,Kamil Majchrzak,Karen Khachanov,P1,10,True,P1,0.2836674898862839,0.7163325101137161,4.967213114754099,1.2520661157024793,39.67213114754099,803.07681405578,Hard
2025-08-24,44952,Leandro Riedi,Francisco Cerundolo,P2,10,False,P1,0.2546936869621277,0.7453063130378723,2.834437086092715,1.5451263537906137,-10.0,793.07681405578,Hard
2025-08-24,44953,Flavio Cobolli,Jenson Brooksby,P2,10,False,P1,0.4603487402200699,0.5396512597799301,1.6491935483870968,2.540372670807453,-10.0,783.07681405578,Hard
2025-08-24,44955,Alexander Bublik,Tristan Schoolkate,P2,10,False,P1,0.6729688942432404,0.32703110575675964,1.2505133470225873,4.991803278688525,-10.0,773.07681405578,Hard
2025-08-24,44956,Jaume Munar,Gabriel Diallo,P2,10,False,P1,0.5329460650682449,0.46705393493175507,1.8497652582159625,2.1767955801104972,-10.0,763.07681405578,Hard
2025-08-24,44957,Alex de Minaur,Shintaro Mochizuki,P2,10,False,P1,0.9183534868061543,0.08164651319384575,1.0667951188182403,15.971153846153848,-10.0,753.07681405578,Hard
2025-08-24,44958,Tommy Paul,Nuno Borges,P2,10,False,P1,0.6627841740846634,0.3372158259153366,1.3208020050125313,4.1171875,-10.0,743.07681405578,Hard
2025-08-24,44959,Alexander Zverev,Jacob Fearnley,P2,10,False,P1,0.852784737944603,0.14721526205539703,1.112159329140461,9.91588785046729,-10.0,733.07681405578,Hard
2025-08-24,44960,Felix Auger-Aliassime,Roman Safiullin,P2,10,False,P1,0.6238990426063538,0.37610095739364624,1.4065281899109792,3.4598540145985406,-10.0,723.07681405578,Hard
2025-08-24,44961,Daniel Altmaier,Stefanos Tsitsipas,P2,10,False,P1,0.24955563992261887,0.7504443600773811,3.8712121212121207,1.3482849604221636,-10.0,713.07681405578,Hard
2025-08-24,44962,Jiri Lehecka,Raphael Collignon,P2,10,False,P1,0.7890375107526779,0.21096248924732208,1.1550068587105626,7.45132743362832,-10.0,703.07681405578,Hard
2025-08-24,44963,Arthur Rinderknech,Benjamin Bonzi,P2,10,False,P1,0.4761932045221329,0.5238067954778671,2.057894736842105,1.9452736318407962,-10.0,693.07681405578,Hard
2025-08-24,44964,Carlos Alcaraz,Luciano Darderi,P2,10,False,P1,0.9045033194124699,0.09549668058753014,1.038846153846154,26.742574257425744,-10.0,683.07681405578,Hard
2025-08-24,44965,Adrian Mannarino,Ben Shelton,P1,10,True,P1,0.20451920479536057,0.7954807952046394,6.465517241379311,1.1829652996845426,54.65517241379311,737.7319864695731,Hard
2025-08-24,44966,Jan-Lennard Struff,Frances Tiafoe,P1,10,True,P1,0.35816381871700287,0.6418361812829971,3.4130434782608696,1.4144144144144142,24.130434782608695,761.8624212521819,Hard
2025-08-24,44968,Novak Djokovic,Cameron Norrie,P1,10,True,P1,0.8939264863729477,0.10607351362705231,1.1237345331833521,9.081818181818182,1.2373453318335215,763.0997665840154,Hard
2025-08-24,44970,Lorenzo Musetti,Flavio Cobolli,P2,10,False,P1,0.6455661952495575,0.3544338047504425,1.4053254437869822,3.4671532846715327,-10.0,753.0997665840154,Hard
2025-08-24,44971,Jannik Sinner,Denis Shapovalov,P2,10,False,P1,0.8652677163481712,0.13473228365182877,1.0485714285714285,21.588235294117645,-10.0,743.0997665840154,Hard
2025-08-24,44972,Alex de Minaur,Daniel Altmaier,P2,10,False,P1,0.7884663790464401,0.21153362095355988,1.072513812154696,14.79047619047619,-10.0,733.0997665840154,Hard
2025-08-24,44973,Andrey Rublev,Coleman Wong,P2,10,False,P1,0.7275737524032593,0.2724262475967407,1.1146161934805467,9.724770642201833,-10.0,723.0997665840154,Hard
2025-08-24,44975,Leandro Riedi,Kamil Majchrzak,P2,10,False,P1,0.4118337333202362,0.5881662666797638,2.36094674556213,1.7347826086956524,-10.0,713.0997665840154,Hard
2025-08-24,44976,Felix Auger-Aliassime,Alexander Zverev,P1,10,True,P1,0.26041895151138306,0.7395810484886169,4.171874999999999,1.315270935960591,31.718749999999993,744.8185165840154,Hard
2025-08-24,44977,Alexander Bublik,Tommy Paul,P2,10,False,P1,0.41318875551223755,0.5868112444877625,1.964824120603015,2.036458333333334,-10.0,734.8185165840154,Hard
2025-08-24,44978,Jiri Lehecka,Adrian Mannarino,P2,10,False,P1,0.6847255378961563,0.3152744621038437,1.4005847953216373,3.496350364963503,-10.0,724.8185165840154,Hard
2025-08-24,44979,Carlos Alcaraz,Arthur Rinderknech,P2,10,False,P1,0.9313240926712751,0.06867590732872486,1.0439130434782609,23.772277227722775,-10.0,714.8185165840154,Hard
2025-08-24,44980,Taylor Fritz,Tomas Machac,P2,10,False,P1,0.6591819822788239,0.34081801772117615,1.4224924012158056,3.3669064748201447,-10.0,704.8185165840154,Hard
2025-08-24,44981,Novak Djokovic,Jan-Lennard Struff,P1,10,True,P1,0.9148284792900085,0.08517152070999146,1.2108108108108107,5.743589743589743,2.1081081081081066,706.9266246921235,Hard
2025-08-24,44982,Alex de Minaur,Leandro Riedi,P2,10,False,P1,0.7815847918391228,0.21841520816087723,1.0968325791855205,11.327102803738319,-10.0,696.9266246921235,Hard
2025-08-24,44983,Lorenzo Musetti,Jaume Munar,P1,10,True,P1,0.7227382510900497,0.27726174890995026,1.5086505190311417,2.965986394557823,5.086505190311417,702.0131298824349,Hard
2025-08-24,44984,Felix Auger-Aliassime,Andrey Rublev,P2,10,False,P1,0.43926945328712463,0.5607305467128754,2.1538461538461537,1.8666666666666667,-10.0,692.0131298824349,Hard
2025-08-24,44985,Jannik Sinner,Alexander Bublik,P2,10,False,P1,0.8516253083944321,0.14837469160556793,1.1216517857142858,9.220183486238533,-10.0,682.0131298824349,Hard
2025-08-24,44986,Carlos Alcaraz,Jiri Lehecka,P2,10,False,P1,0.8178338930010796,0.18216610699892044,1.0831372549019609,13.028301886792452,-10.0,672.0131298824349,Hard
2025-08-24,44987,Novak Djokovic,Taylor Fritz,P1,10,True,P1,0.7911612614989281,0.20883873850107193,1.5687732342007437,2.758169934640523,5.687732342007436,677.7008622244423,Hard
2025-08-24,44988,Felix Auger-Aliassime,Alex de Minaur,P2,10,False,P1,0.38192102313041687,0.6180789768695831,2.413173652694611,1.7076271186440675,-10.0,667.7008622244423,Hard
2025-08-24,44989,Jannik Sinner,Lorenzo Musetti,P2,10,False,P1,0.8768228888511658,0.12317711114883423,1.065584009993754,16.247619047619047,-10.0,657.7008622244423,Hard
2025-08-24,44990,Carlos Alcaraz,Novak Djokovic,P2,10,False,P1,0.47045934200286865,0.5295406579971313,1.3200992555831266,4.124031007751938,-10.0,647.7008622244423,Hard
2025-08-24,44991,Jannik Sinner,Felix Auger-Aliassime,P2,10,False,P1,0.8095627129077911,0.19043728709220886,1.069398545935228,15.40952380952381,-10.0,637.7008622244423,Hard
2025-08-24,44992,Carlos Alcaraz,Jannik Sinner,P1,10,True,P1,0.4945809245109558,0.5054190754890442,2.1712707182320443,1.8537735849056602,11.712707182320443,649.4135694067627,Hard
2025-08-24,44866,Alejandro Davidovich Fokina,Alexander Shevchenko,P2,10,False,P1,0.8106213137507439,0.18937868624925613,1.21996303142329,5.546218487394958,-10.0,639.4135694067627,Hard
2025-08-24,44868,Ben Shelton,Ignacio Buse,P2,10,False,P1,0.8775161951780319,0.12248380482196808,1.0605882352941176,17.50485436893204,-10.0,629.4135694067627,Hard
2025-08-24,44869,Jakub Mensik,Nicolas Jarry,P2,10,False,P1,0.6610224843025208,0.33897751569747925,1.4533762057877813,3.2056737588652484,-10.0,619.4135694067627,Hard
2025-08-24,44870,Luciano Darderi,Rinky Hijikata,P2,10,False,P1,0.5394138395786285,0.46058616042137146,1.6932773109243697,2.4424242424242424,-10.0,609.4135694067627,Hard
2025-08-24,44871,Arthur Rinderknech,Roberto Carballes Baena,P2,10,False,P1,0.5866197049617767,0.41338029503822327,1.5415162454873648,2.8466666666666667,-10.0,599.4135694067627,Hard
2025-08-24,44872,Tomas Machac,Luca Nardi,P1,10,True,P1,0.7617755606770515,0.23822443932294846,1.483221476510067,3.069444444444444,4.832214765100671,604.2457841718633,Hard
2025-08-24,44875,Jiri Lehecka,Borna Coric,P1,10,True,P1,0.8511444926261902,0.14885550737380981,1.1943048576214408,6.1465517241379315,1.9430485762144079,606.1888327480777,Hard
2025-08-24,44876,Adrian Mannarino,Tallon Griekspoor,P2,10,False,P1,0.3997243791818619,0.6002756208181381,2.436363636363637,1.6962025316455698,-10.0,596.1888327480777,Hard
2025-08-24,44877,Pablo Carreno Busta,Pablo Llamas Ruiz,P1,10,True,P1,0.735377237200737,0.264622762799263,1.5877862595419847,2.7012987012987018,5.877862595419847,602.0666953434976,Hard
2025-08-24,44878,Tomas Martin Etcheverry,Camilo Ugo Carabelli,P2,10,False,P1,0.5687036067247391,0.4312963932752609,1.4246153846153846,3.355072463768116,-10.0,592.0666953434976,Hard
2025-08-24,44879,Zachary Svajda,Zsombor Piros,P2,10,False,P1,0.5804034173488617,0.4195965826511383,1.4640522875816993,3.154929577464789,-10.0,582.0666953434976,Hard
2025-08-24,44881,Jordan Thompson,Corentin Moutet,P1,10,True,P1,0.4379902482032776,0.5620097517967224,3.5407407407407407,1.3935860058309035,25.40740740740741,607.474102750905,Hard
2025-08-24,44882,Novak Djokovic,Learner Tien,P1,10,True,P1,0.8834672570228577,0.11653274297714233,1.185483870967742,6.391304347826088,1.85483870967742,609.3289414605824,Hard
2025-08-24,44883,Benjamin Bonzi,Daniil Medvedev,P1,10,True,P1,0.28277452290058136,0.7172254770994186,4.715447154471544,1.2691466083150986,37.15447154471544,646.4834130052978,Hard
2025-08-24,44884,Brandon Nakashima,Jesper de Jong,P2,10,False,P1,0.5826483070850372,0.41735169291496277,1.3376623376623378,3.9615384615384617,-10.0,636.4834130052978,Hard
2025-08-24,44885,Marcos Giron,Mariano Navone,P1,10,True,P1,0.5377996265888214,0.4622003734111786,2.108108108108108,1.9024390243902443,11.081081081081079,647.5644940863789,Hard
2025-08-24,44886,Zizou Bergs,Chun-Hsin Tseng,P2,10,False,P1,0.6814394891262054,0.31856051087379456,1.4640522875816993,3.154929577464789,-10.0,637.5644940863789,Hard
2025-08-24,44888,Lloyd Harris,Sebastian Baez,P2,10,False,P1,0.46730758249759674,0.5326924175024033,1.5916030534351142,2.690322580645161,-10.0,627.5644940863789,Hard
2025-08-24,44889,Cameron Norrie,Sebastian Korda,P2,10,False,P1,0.2677574008703232,0.7322425991296768,2.7631578947368425,1.5671641791044775,-10.0,617.5644940863789,Hard
2025-08-24,44890,Coleman Wong,Aleksandar Kovacevic,P1,10,True,P1,0.5137488096952438,0.48625119030475616,2.3491124260355027,1.7412280701754383,13.491124260355027,631.0556183467339,Hard
2025-08-24,44891,Adam Walton,Ugo Humbert,P2,10,False,P1,0.2868601381778717,0.7131398618221283,3.125874125874126,1.470394736842105,-10.0,621.0556183467339,Hard
2025-08-24,44893,Francisco Comesana,Alex Michelsen,P1,10,True,P1,0.3412012904882431,0.6587987095117569,3.699248120300752,1.370473537604457,26.992481203007518,648.0480995497414,Hard
2025-08-24,44894,Raphael Collignon,Daniel Elahi Galan,P2,10,False,P1,0.40064191818237305,0.599358081817627,1.8073394495412844,2.2386363636363638,-10.0,638.0480995497414,Hard
2025-08-24,44895,Joao Fonseca,Miomir Kecmanovic,P2,10,False,P1,0.4963557720184326,0.5036442279815674,1.7412280701754383,2.3491124260355027,-10.0,628.0480995497414,Hard
2025-08-24,44896,Frances Tiafoe,Yoshihito Nishioka,P2,10,False,P1,0.7138895094394684,0.2861104905605316,1.1408629441624367,8.0990990990991,-10.0,618.0480995497414,Hard
2025-08-24,44897,Flavio Cobolli,Francesco Passaro,P2,10,False,P1,0.7508288025856018,0.2491711974143982,1.257383966244726,4.885245901639346,-10.0,608.0480995497414,Hard
2025-08-24,44898,Mattia Bellucci,Juncheng Shang,P2,10,False,P1,0.4912916421890259,0.5087083578109741,1.7167381974248928,2.3952095808383236,-10.0,598.0480995497414,Hard
2025-08-24,44899,Jaume Munar,Jaime Faria,P2,10,False,P1,0.6511358171701431,0.3488641828298569,1.294392523364486,4.396825396825396,-10.0,588.0480995497414,Hard
2025-08-24,44900,Karen Khachanov,Nishesh Basavareddy,P1,10,True,P1,0.8462974727153778,0.1537025272846222,1.3038277511961724,4.291338582677165,3.0382775119617245,591.0863770617032,Hard
2025-08-24,44901,Holger Rune,Botic Van De Zandschulp,P2,10,False,P1,0.678419679403305,0.32158032059669495,1.3890489913544668,3.5703703703703704,-10.0,581.0863770617032,Hard
2025-08-24,44902,Andrey Rublev,Dino Prizmic,P1,10,True,P1,0.8611648604273796,0.1388351395726204,1.3341902313624678,3.9923076923076914,3.3419023136246784,584.4282793753279,Hard
2025-08-24,44903,Tristan Boyer,James Duckworth,P1,10,True,P1,0.5393050760030746,0.46069492399692535,2.1311475409836067,1.8840579710144931,11.311475409836067,595.7397547851639,Hard
2025-08-24,44904,Jenson Brooksby,Aleksandar Vukic,P2,10,False,P1,0.6733116805553436,0.32668831944465637,1.4719471947194718,3.118881118881119,-10.0,585.7397547851639,Hard
2025-08-24,44905,Kamil Majchrzak,Hugo Dellien,P2,10,False,P1,0.7834893390536308,0.21651066094636917,1.0994423791821561,11.05607476635514,-10.0,575.7397547851639,Hard
2025-08-24,44906,Jan-Lennard Struff,Mackenzie McDonald,P2,10,False,P1,0.39897918701171875,0.6010208129882812,1.9746192893401011,2.0260416666666665,-10.0,565.7397547851639,Hard
2025-08-24,44907,Casper Ruud,Sebastian Ofner,P1,10,True,P1,0.8005494326353073,0.1994505673646927,1.28604118993135,4.496,2.8604118993134997,568.6001666844774,Hard
2025-08-24,44908,Gabriel Diallo,Damir Dzumhur,P2,10,False,P1,0.6950244754552841,0.3049755245447159,1.3184079601990049,4.140624999999999,-10.0,558.6001666844774,Hard
2025-08-24,44909,Carlos Alcaraz,Reilly Opelka,P2,10,False,P1,0.9035951942205429,0.09640480577945709,1.07201646090535,14.885714285714284,-10.0,548.6001666844774,Hard
2025-08-24,44910,Jannik Sinner,Vit Kopriva,P2,10,False,P1,0.9256789609789848,0.07432103902101517,1.0196078431372548,52.0,-10.0,538.6001666844774,Hard
2025-08-24,44911,Lorenzo Musetti,Giovanni Mpetshi Perricard,P2,10,False,P1,0.5248405188322067,0.4751594811677933,1.4476190476190474,3.234042553191489,-10.0,528.6001666844774,Hard
2025-08-24,44912,Francisco Cerundolo,Matteo Arnaldi,P1,10,True,P1,0.5628439784049988,0.4371560215950012,1.7990867579908678,2.2514285714285713,7.990867579908678,536.591034264386,Hard
2025-08-24,44913,Alexander Bublik,Marin Cilic,P2,10,False,P1,0.5440667569637299,0.45593324303627014,1.4915254237288134,3.03448275862069,-10.0,526.591034264386,Hard
2025-08-24,44914,Denis Shapovalov,Marton Fucsovics,P2,10,False,P1,0.46634651720523834,0.5336534827947617,1.9846938775510201,2.0155440414507773,-10.0,516.591034264386,Hard
2025-08-24,44915,David Goffin,Quentin Halys,P1,10,True,P1,0.5069555938243866,0.4930444061756134,2.7697368421052633,1.5650557620817847,17.697368421052634,534.2884026854387,Hard
2025-08-24,44916,Shintaro Mochizuki,Hugo Gaston,P2,10,False,P1,0.4066528081893921,0.5933471918106079,1.6360000000000001,2.5723270440251573,-10.0,524.2884026854387,Hard
2025-08-24,44917,Alexei Popyrin,Emil Ruusuvuori,P2,10,False,P1,0.6640812307596207,0.33591876924037933,1.0929824561403507,11.754716981132075,-10.0,514.2884026854387,Hard
2025-08-24,44918,Leandro Riedi,Pedro Martinez,P2,10,False,P1,0.42668507993221283,0.5733149200677872,1.6735537190082643,2.4846625766871164,-10.0,504.28840268543865,Hard
2025-08-24,44920,Felix Auger-Aliassime,Billy Harris,P2,10,False,P1,0.7908571138978004,0.20914288610219955,1.1345454545454547,8.432432432432433,-10.0,494.28840268543865,Hard
2025-08-24,44921,Stefanos Tsitsipas,Alexandre Muller,P2,10,False,P1,0.6139557361602783,0.3860442638397217,1.6023166023166024,2.66025641025641,-10.0,484.28840268543865,Hard
2025-08-24,44922,Daniel Altmaier,Hamad Medjedovic,P2,10,False,P1,0.22887945920228958,0.7711205407977104,3.634328358208956,1.379603399433428,-10.0,474.28840268543865,Hard
2025-08-24,44974,Jaume Munar,Zizou Bergs,P2,10,False,P1,0.5365468263626099,0.46345317363739014,1.4784053156146177,3.0902777777777772,-10.0,464.28840268543865,Hard
2025-08-24,44924,Roman Safiullin,Gael Monfils,P2,10,False,P1,0.42626170814037323,0.5737382918596268,2.0421052631578944,1.9595959595959598,-10.0,454.28840268543865,Hard
2025-08-24,44925,Tristan Schoolkate,Lorenzo Sonego,P1,10,True,P1,0.3373314142227173,0.6626685857772827,3.3165467625899288,1.4316770186335404,23.16546762589929,477.45387031133794,Hard
2025-08-24,44926,Alex de Minaur,Christopher O'Connell,P2,10,False,P1,0.8396512567996979,0.16034874320030212,1.0722145804676755,14.847619047619046,-10.0,467.45387031133794,Hard
2025-08-24,44927,Alexander Zverev,Alejandro Tabilo,P2,10,False,P1,0.8849415592849255,0.11505844071507454,1.0605882352941176,17.50485436893204,-10.0,457.45387031133794,Hard
2025-08-24,44928,Tommy Paul,Elmer Moller,P2,10,False,P1,0.8833660297095776,0.11663397029042244,1.0943562610229276,11.598130841121495,-10.0,447.45387031133794,Hard
2025-08-24,44929,Jacob Fearnley,Roberto Bautista Agut,P2,10,False,P1,0.3492792695760727,0.6507207304239273,2.3690476190476186,1.7304347826086959,-10.0,437.45387031133794,Hard
2025-08-24,44930,Jiri Lehecka,Tomas Martin Etcheverry,P2,10,False,P1,0.6773296892642975,0.3226703107357025,1.3137254901960784,4.1875,-10.0,427.45387031133794,Hard
2025-08-24,44931,Zizou Bergs,Jack Draper,P2,10,False,P1,0.12966014444828033,0.8703398555517197,5.889830508474576,1.2045060658578857,-10.0,417.45387031133794,Hard
2025-08-24,44932,Novak Djokovic,Zachary Svajda,P1,10,True,P1,0.925440602004528,0.07455939799547195,1.1119096509240245,9.93577981651376,1.119096509240245,418.5729668205782,Hard
2025-08-24,44933,Tomas Machac,Joao Fonseca,P1,10,True,P1,0.5428829044103622,0.45711709558963776,1.8755980861244024,2.14207650273224,8.755980861244023,427.3289476818222,Hard
2025-08-24,44935,Taylor Fritz,Lloyd Harris,P2,10,False,P1,0.7780724316835403,0.22192756831645966,1.113660062565172,9.79816513761468,-10.0,417.3289476818222,Hard
2025-08-24,44936,Raphael Collignon,Casper Ruud,P2,10,False,P1,0.13193682581186295,0.868063174188137,6.267241379310346,1.1898527004909984,-10.0,407.3289476818222,Hard
2025-08-24,44937,Benjamin Bonzi,Marcos Giron,P2,10,False,P1,0.48783835768699646,0.5121616423130035,2.0259067357512954,1.974747474747475,-10.0,397.3289476818222,Hard
2025-09-17,45135,Alejandro Tabilo,Brandon Nakashima,P1,10,True,P1,0.3903134912252426,0.6096865087747574,2.66025641025641,1.6023166023166024,16.602564102564102,413.9315117843863,Hard
2025-09-17,45163,Alexander Bublik,Valentin Royer,P2,10,False,P1,0.6527683138847351,0.3472316861152649,1.308433734939759,4.2421875,-10.0,403.9315117843863,Hard
2025-09-17,45162,Valentin Royer,Corentin Moutet,P1,10,True,P1,0.4129285663366318,0.5870714336633682,2.436363636363637,1.6962025316455698,14.36363636363637,418.2951481480227,Hard
2025-09-17,45113,Taro Daniel,Coleman Wong,P1,10,True,P1,0.3463155925273895,0.6536844074726105,2.938775510204082,1.5157894736842106,19.387755102040817,437.68290325006353,Hard
2025-09-17,45114,Mackenzie McDonald,Botic Van De Zandschulp,P2,10,False,P1,0.4829739034175873,0.5170260965824127,2.015625,1.9846153846153847,-10.0,427.68290325006353,Hard
2025-09-17,45115,Dino Prizmic,Terence Atmane,P2,10,False,P1,0.4168868958950043,0.5831131041049957,1.8743961352657006,2.143646408839779,-10.0,417.68290325006353,Hard
2025-09-17,45116,Alexander Shevchenko,Gael Monfils,P1,10,True,P1,0.39244958758354187,0.6075504124164581,2.6114649681528657,1.6205533596837944,16.114649681528658,433.7975529315922,Hard
2025-09-17,45117,Alejandro Tabilo,Jordan Thompson,P2,10,False,P1,0.43694664537906647,0.5630533546209335,1.9019607843137254,2.108695652173913,-10.0,423.7975529315922,Hard
2025-09-17,45118,Yi Zhou,Cameron Norrie,P1,10,True,P1,0.3021730035543442,0.6978269964456558,4.80327868852459,1.2629310344827587,38.0327868852459,461.8303398168381,Hard
2025-09-17,45119,Marcos Giron,Ethan Quinn,P1,10,True,P1,0.6477365791797638,0.3522634208202362,1.911330049261084,2.097297297297297,9.11330049261084,470.94364030944894,Hard
2025-09-17,45120,Christopher O'Connell,Quentin Halys,P1,10,True,P1,0.5395580679178238,0.4604419320821762,1.994845360824742,2.0051813471502586,9.948453608247421,480.89209391769634,Hard
2025-09-17,45121,Juncheng Shang,Zizou Bergs,P2,10,False,P1,0.4270818829536438,0.5729181170463562,1.8186046511627907,2.221590909090909,-10.0,470.89209391769634,Hard
2025-09-17,45122,Nikoloz Basilashvili,Mackenzie McDonald,P2,10,False,P1,0.39637333154678345,0.6036266684532166,2.4723926380368098,1.6791666666666667,-10.0,460.89209391769634,Hard
2025-09-17,45123,Alexander Shevchenko,Giovanni Mpetshi Perricard,P1,10,True,P1,0.42931777238845825,0.5706822276115417,2.833333333333333,1.5454545454545454,18.33333333333333,479.22542725102966,Hard
2025-09-17,45124,Lorenzo Musetti,Dino Prizmic,P1,10,True,P1,0.7818495109677315,0.21815048903226852,1.4416403785488958,3.2642857142857147,4.416403785488958,483.6418310365186,Hard
2025-09-17,45125,Christopher O'Connell,Yi Zhou,P2,10,False,P1,0.5366097986698151,0.46339020133018494,1.5961538461538458,2.6774193548387095,-10.0,473.6418310365186,Hard
2025-09-17,45126,Alejandro Tabilo,Luciano Darderi,P2,10,False,P1,0.5735632330179214,0.42643676698207855,1.7400881057268724,2.3511904761904763,-10.0,463.6418310365186,Hard
2025-09-17,45127,Marcos Giron,Lorenzo Sonego,P1,10,True,P1,0.5023462921380997,0.49765370786190033,2.026178010471204,1.9744897959183674,10.261780104712042,473.90361114123067,Hard
2025-09-17,45128,Brandon Nakashima,Juncheng Shang,P2,10,False,P1,0.5627944469451904,0.43720555305480957,1.7304347826086959,2.3690476190476186,-10.0,463.90361114123067,Hard
2025-09-17,45129,Taro Daniel,Tallon Griekspoor,P2,10,False,P1,0.29605501890182495,0.703944981098175,2.7697368421052633,1.5650557620817847,-10.0,453.90361114123067,Hard
2025-09-17,45130,Alejandro Tabilo,Christopher O'Connell,P2,10,False,P1,0.498697966337204,0.501302033662796,1.5767790262172285,2.7337662337662336,-10.0,443.90361114123067,Hard
2025-09-17,45131,Alexander Shevchenko,Taro Daniel,P1,10,True,P1,0.6334631741046906,0.36653682589530945,1.898058252427185,2.1135135135135137,8.980582524271849,452.8841936655025,Hard
2025-09-17,45132,Lorenzo Musetti,Nikoloz Basilashvili,P1,10,True,P1,0.7564602792263031,0.2435397207736969,1.338501291989664,3.954198473282442,3.3850129198966394,456.26920658539916,Hard
2025-09-17,45133,Brandon Nakashima,Marcos Giron,P2,10,False,P1,0.5903958380222321,0.40960416197776794,1.4865771812080535,3.055172413793103,-10.0,446.26920658539916,Hard
2025-09-17,45134,Lorenzo Musetti,Alexander Shevchenko,P2,10,False,P1,0.72258260846138,0.27741739153862,1.2171532846715327,5.605042016806722,-10.0,436.26920658539916,Hard
2025-09-17,45161,Alexander Bublik,Yibing Wu,P2,10,False,P1,0.6111914962530136,0.3888085037469864,1.3942028985507247,3.536764705882353,-10.0,426.26920658539916,Hard
2025-09-17,45160,Valentin Royer,Learner Tien,P2,10,False,P1,0.372360035777092,0.627639964222908,2.60126582278481,1.624505928853755,-10.0,416.26920658539916,Hard
2025-09-17,45159,Yibing Wu,Daniil Medvedev,P1,10,True,P1,0.3800497502088547,0.6199502497911453,3.7368421052631584,1.3653846153846154,27.368421052631582,443.6376276380307,Hard
2025-09-17,45158,Alexander Bublik,Dalibor Svrcina,P1,10,True,P1,0.7393671572208405,0.26063284277915955,1.3653846153846154,3.7368421052631584,3.653846153846154,447.29147379187685,Hard
2025-09-17,45157,Corentin Moutet,Tomas Martin Etcheverry,P1,10,True,P1,0.5261727124452591,0.4738272875547409,2.160220994475138,1.8619047619047617,11.60220994475138,458.89368373662825,Hard
2025-09-17,45156,Corentin Moutet,Arthur Cazaux,P1,10,True,P1,0.555175855755806,0.44482414424419403,1.9068627450980393,2.1027027027027025,9.068627450980394,467.96231118760863,Hard
2025-09-17,45155,Tomas Martin Etcheverry,Rinky Hijikata,P2,10,False,P1,0.6099066585302353,0.3900933414697647,1.6023166023166024,2.66025641025641,-10.0,457.96231118760863,Hard
2025-09-17,45154,Learner Tien,Giulio Zeppieri,P1,10,True,P1,0.7042433470487595,0.29575665295124054,1.6694214876033058,2.493827160493827,6.694214876033058,464.6565260636417,Hard
2025-09-17,45153,Daniil Medvedev,Nishesh Basavareddy,P1,10,True,P1,0.7501265779137611,0.24987342208623886,1.459546925566343,3.176056338028169,4.59546925566343,469.25199531930514,Hard
2025-09-17,45143,Zhizhen Zhang,Yunchaokete Bu,P1,10,True,P1,0.3881382495164871,0.6118617504835129,3.278571428571428,1.438871473354232,22.78571428571428,492.0377096050194,Hard
2025-09-17,45141,Tomas Martin Etcheverry,Damir Dzumhur,P2,10,False,P1,0.6741923391819,0.3258076608181,1.4688524590163936,3.132867132867133,-10.0,482.0377096050194,Hard
2025-09-17,45140,Nishesh Basavareddy,Marin Cilic,P2,10,False,P1,0.2790713757276535,0.7209286242723465,1.586206896551724,2.705882352941176,-10.0,472.0377096050194,Hard
2025-09-17,45138,Rinky Hijikata,Camilo Ugo Carabelli,P2,10,False,P1,0.4833863228559494,0.5166136771440506,1.5321428571428573,2.879194630872483,-10.0,462.0377096050194,Hard
2025-09-17,45137,Sebastian Korda,Adam Walton,P1,10,True,P1,0.768366627395153,0.23163337260484695,1.5730337078651684,2.745098039215686,5.730337078651684,467.7680466836711,Hard
2025-09-17,45152,Yibing Wu,Sebastian Korda,P2,10,False,P1,0.2934345602989197,0.7065654397010803,2.566037735849057,1.63855421686747,-10.0,457.7680466836711,Hard
2025-09-17,45151,Alexander Bublik,Aleksandar Vukic,P2,10,False,P1,0.6686440408229828,0.3313559591770172,1.379603399433428,3.634328358208956,-10.0,447.7680466836711,Hard
2025-09-17,45149,Dalibor Svrcina,Zhizhen Zhang,P2,10,False,P1,0.34854844212532043,0.6514515578746796,2.2514285714285713,1.7990867579908678,-10.0,437.7680466836711,Hard
2025-09-17,45148,Aleksandar Vukic,David Goffin,P2,10,False,P1,0.5140068978071213,0.4859931021928787,1.811059907834101,2.2329545454545454,-10.0,427.7680466836711,Hard
2025-09-17,45147,Arthur Cazaux,Matteo Arnaldi,P2,10,False,P1,0.3796865940093994,0.6203134059906006,2.0,2.0,-10.0,417.7680466836711,Hard
2025-09-17,45145,Learner Tien,Mariano Navone,P1,10,True,P1,0.6323519647121429,0.36764803528785706,1.6477732793522268,2.54375,6.477732793522268,424.24577947719337,Hard
2025-09-17,45144,Yibing Wu,Adrian Mannarino,P2,10,False,P1,0.3456760197877884,0.6543239802122116,1.8840579710144931,2.1311475409836067,-10.0,414.24577947719337,Hard
2025-09-17,45110,Giovanni Mpetshi Perricard,Filip Misolic,P1,10,True,P1,0.6378128081560135,0.3621871918439865,1.6652892561983474,2.5031055900621118,6.6528925619834745,420.89867203917686,Hard
2025-09-17,45111,Lorenzo Sonego,Juan Manuel Cerundolo,P1,10,True,P1,0.6241135597229004,0.3758864402770996,1.6093750000000002,2.641025641025641,6.093750000000002,426.99242203917686,Hard
2025-09-24,45215,Lorenzo Musetti,Adrian Mannarino,P1,10,True,P1,0.700717881321907,0.29928211867809296,1.5666666666666667,2.7647058823529416,5.666666666666666,432.65908870584354,Hard
2025-09-24,45171,Jenson Brooksby,Ugo Humbert,P2,10,False,P1,0.433469295501709,0.566530704498291,2.2386363636363638,1.8073394495412844,-10.0,422.65908870584354,Hard
2025-09-24,45172,Luciano Darderi,Yoshihito Nishioka,P2,10,False,P1,0.42098677158355713,0.5790132284164429,1.7599999999999998,2.3157894736842106,-10.0,412.65908870584354,Hard
2025-09-24,45197,Fabian Marozsan,Benjamin Bonzi,P2,10,False,P1,0.5613754242658615,0.4386245757341385,1.6991525423728815,2.43030303030303,-10.0,402.65908870584354,Hard
2025-09-24,45198,Jannik Sinner,Marin Cilic,P2,10,False,P1,0.9439986944198608,0.05600130558013916,1.0441367373431414,23.65686274509804,-10.0,392.65908870584354,Hard
2025-09-24,45199,Alejandro Davidovich Fokina,Camilo Ugo Carabelli,P2,10,False,P1,0.7560915872454643,0.24390841275453568,1.1943048576214408,6.1465517241379315,-10.0,382.65908870584354,Hard
2025-09-24,45164,Daniel Altmaier,Denis Shapovalov,P1,10,True,P1,0.27229006588459015,0.7277099341154099,3.7142857142857135,1.368421052631579,27.142857142857135,409.80194584870065,Hard
2025-09-24,45165,Matteo Berrettini,Jaume Munar,P1,10,True,P1,0.6764362901449203,0.32356370985507965,2.3216374269005846,1.756637168141593,13.216374269005847,423.0183201177065,Hard
2025-09-24,45166,Nuno Borges,Yosuke Watanuki,P2,10,False,P1,0.5231348276138306,0.47686517238616943,1.7272727272727275,2.375,-10.0,413.0183201177065,Hard
2025-09-24,45167,Marton Fucsovics,Frances Tiafoe,P2,10,False,P1,0.46779897809028625,0.5322010219097137,1.751111111111111,2.3313609467455625,-10.0,403.0183201177065,Hard
2025-09-24,45168,Casper Ruud,Shintaro Mochizuki,P1,10,True,P1,0.9088004529476166,0.09119954705238342,1.4533762057877813,3.2056737588652484,4.533762057877812,407.5520821755843,Hard
2025-09-24,45169,Taylor Fritz,Gabriel Diallo,P1,10,True,P1,0.8315726891160011,0.16842731088399887,1.3090024330900243,4.2362204724409445,3.090024330900243,410.64210650648454,Hard
2025-09-24,45170,Sho Shimabukuro,Tomas Machac,P2,10,False,P1,0.12113102525472641,0.8788689747452736,3.7368421052631584,1.3653846153846154,-10.0,400.64210650648454,Hard
2025-09-24,45173,Sebastian Korda,Marcos Giron,P1,10,True,P1,0.7199207544326782,0.2800792455673218,1.626984126984127,2.5949367088607596,6.26984126984127,406.9119477763258,Hard
2025-09-24,45174,Ethan Quinn,Alex Michelsen,P2,10,False,P1,0.34049713611602783,0.6595028638839722,2.5562500000000004,1.6425702811244978,-10.0,396.9119477763258,Hard
2025-09-24,45175,Aleksandar Vukic,Damir Dzumhur,P2,10,False,P1,0.5710417479276657,0.4289582520723343,1.5961538461538458,2.6774193548387095,-10.0,386.9119477763258,Hard
2025-09-24,45176,Zizou Bergs,Alejandro Tabilo,P2,10,False,P1,0.4680963009595871,0.5319036990404129,1.8530805687203793,2.1722222222222225,-10.0,376.9119477763258,Hard
2025-09-24,45177,Carlos Alcaraz,Sebastian Baez,P1,10,True,P1,0.9576813597232103,0.042318640276789665,1.0536842105263158,19.627450980392158,0.5368421052631578,377.44878988158894,Hard
2025-09-24,45178,Holger Rune,Hamad Medjedovic,P2,10,False,P1,0.5864306688308716,0.4135693311691284,1.6962025316455698,2.436363636363637,-10.0,367.44878988158894,Hard
2025-09-24,45179,Brandon Nakashima,Jordan Thompson,P2,10,False,P1,0.6048573702573776,0.3951426297426224,1.5415162454873648,2.8466666666666667,-10.0,357.44878988158894,Hard
2025-09-24,45180,Taylor Fritz,Nuno Borges,P2,10,False,P1,0.8060994669795036,0.19390053302049637,1.23121387283237,5.325000000000001,-10.0,347.44878988158894,Hard
2025-09-24,45181,Sebastian Korda,Sho Shimabukuro,P1,10,True,P1,0.8315678462386131,0.16843215376138687,1.4101796407185627,3.4379562043795615,4.101796407185628,351.5505862887746,Hard
2025-09-24,45182,Aleksandar Vukic,Daniel Altmaier,P1,10,True,P1,0.5640498101711273,0.4359501898288727,2.0103626943005177,1.9897435897435893,10.103626943005178,361.65421323177975,Hard
2025-09-24,45183,Casper Ruud,Matteo Berrettini,P2,10,False,P1,0.557147353887558,0.442852646112442,1.7533039647577093,2.327485380116959,-10.0,351.65421323177975,Hard
2025-09-24,45184,Carlos Alcaraz,Zizou Bergs,P1,10,True,P1,0.9602761510759592,0.039723848924040794,1.08,13.499999999999998,0.8000000000000007,352.45421323177976,Hard
2025-09-24,45185,Holger Rune,Ethan Quinn,P1,10,True,P1,0.7819926217198372,0.2180073782801628,1.455128205128205,3.19718309859155,4.551282051282051,357.0054952830618,Hard
2025-09-24,45186,Jenson Brooksby,Luciano Darderi,P1,10,True,P1,0.6385580897331238,0.3614419102668762,1.6108949416342413,2.6369426751592355,6.108949416342413,363.1144446994042,Hard
2025-09-24,45187,Brandon Nakashima,Marton Fucsovics,P1,10,True,P1,0.5463292598724365,0.4536707401275635,1.841121495327103,2.188888888888889,8.41121495327103,371.52565965267524,Hard
2025-09-24,45188,Carlos Alcaraz,Brandon Nakashima,P1,10,True,P1,0.9174148105084896,0.08258518949151039,1.1282660332541568,8.796296296296294,1.2826603325415675,372.8083199852168,Hard
2025-09-24,45189,Taylor Fritz,Sebastian Korda,P1,10,True,P1,0.7281402796506882,0.27185972034931183,1.4212121212121214,3.3741007194244608,4.212121212121214,377.020441197338,Hard
2025-09-24,45190,Jenson Brooksby,Holger Rune,P1,10,True,P1,0.36625969409942627,0.6337403059005737,2.9931506849315066,1.5017182130584192,19.931506849315067,396.95194804665306,Hard
2025-09-24,45191,Casper Ruud,Aleksandar Vukic,P1,10,True,P1,0.7769080325961113,0.2230919674038887,1.3732590529247912,3.67910447761194,3.7325905292479122,400.68453857590094,Hard
2025-09-24,45192,Taylor Fritz,Jenson Brooksby,P1,10,True,P1,0.8224637806415558,0.1775362193584442,1.3616438356164382,3.7651515151515156,3.616438356164382,404.30097693206534,Hard
2025-09-24,45193,Carlos Alcaraz,Casper Ruud,P1,10,True,P1,0.9198856875300407,0.08011431246995926,1.155433287482806,7.43362831858407,1.5543328748280594,405.8553098068934,Hard
2025-09-24,45194,Carlos Alcaraz,Taylor Fritz,P1,10,True,P1,0.8312826976180077,0.16871730238199234,1.2679738562091503,4.7317073170731705,2.6797385620915026,408.5350483689849,Hard
2025-09-24,45195,Terence Atmane,Zhizhen Zhang,P2,10,False,P1,0.45183098316192627,0.5481690168380737,1.6345381526104417,2.5759493670886076,-10.0,398.5350483689849,Hard
2025-09-24,45196,Alexandre Muller,Karen Khachanov,P2,10,False,P1,0.15359164029359818,0.8464083597064018,4.620967741935484,1.2761692650334076,-10.0,388.5350483689849,Hard
2025-09-24,45200,Adrian Mannarino,Alexander Bublik,P1,10,True,P1,0.36564919352531433,0.6343508064746857,3.2714285714285714,1.4402515723270441,22.714285714285715,411.24933408327064,Hard
2025-09-24,45201,Alex de Minaur,Yunchaokete Bu,P1,10,True,P1,0.8306413814425468,0.16935861855745316,1.251546391752577,4.975409836065573,2.515463917525771,413.7647980007964,Hard
2025-09-24,45202,Flavio Cobolli,Andrey Rublev,P1,10,True,P1,0.35850362479686737,0.6414963752031326,3.0413793103448277,1.4898648648648647,20.413793103448278,434.1785911042447,Hard
2025-09-24,45203,Jakub Mensik,Miomir Kecmanovic,P2,10,False,P1,0.6303797215223312,0.36962027847766876,1.5531135531135531,2.8079470198675502,-10.0,424.1785911042447,Hard
2025-09-24,45204,Daniil Medvedev,Cameron Norrie,P2,10,False,P1,0.6229550987482071,0.3770449012517929,1.3299232736572892,4.0310077519379846,-10.0,414.1785911042447,Hard
2025-09-24,45205,Arthur Cazaux,Juncheng Shang,P1,10,True,P1,0.5281081050634384,0.4718918949365616,1.9497487437185932,2.0529100529100535,9.497487437185931,423.6760785414306,Hard
2025-09-24,45206,Arthur Rinderknech,David Goffin,P1,10,True,P1,0.649583026766777,0.35041697323322296,1.7590909090909093,2.317365269461078,7.590909090909093,431.2669876323397,Hard
2025-09-24,45207,Learner Tien,Francisco Cerundolo,P2,10,False,P1,0.39990265667438507,0.6000973433256149,2.1843575418994416,1.8443396226415094,-10.0,421.2669876323397,Hard
2025-09-24,45208,Alexander Zverev,Lorenzo Sonego,P1,10,True,P1,0.82736686617136,0.17263313382863998,1.3082524271844658,4.244094488188975,3.0825242718446577,424.34951190418434,Hard
2025-09-24,45209,Lorenzo Musetti,Giovanni Mpetshi Perricard,P2,10,False,P1,0.6828112751245499,0.31718872487545013,1.3976608187134503,3.514705882352941,-10.0,414.34951190418434,Hard
2025-09-24,45210,Corentin Moutet,Tallon Griekspoor,P1,10,True,P1,0.5728674829006195,0.4271325170993805,1.8443396226415094,2.1843575418994416,8.443396226415095,422.7929081305994,Hard
2025-09-24,45211,Jannik Sinner,Terence Atmane,P2,10,False,P1,0.9137387201189995,0.08626127988100052,1.0535995796111404,19.65686274509804,-10.0,412.7929081305994,Hard
2025-09-24,45212,Alex de Minaur,Arthur Rinderknech,P2,10,False,P1,0.7562102377414703,0.24378976225852966,1.1382316313823164,8.234234234234233,-10.0,402.7929081305994,Hard
2025-09-24,45213,Fabian Marozsan,Alexandre Muller,P1,10,True,P1,0.6195125728845596,0.38048742711544037,1.6776859504132233,2.475609756097561,6.776859504132233,409.56976763473165,Hard
2025-09-24,45214,Jakub Mensik,Arthur Cazaux,P2,10,False,P1,0.6107449531555176,0.3892550468444824,1.4865771812080535,3.055172413793103,-10.0,399.56976763473165,Hard
2025-09-24,45217,Learner Tien,Flavio Cobolli,P1,10,True,P1,0.5221300423145294,0.4778699576854706,2.5341614906832297,1.651821862348178,15.341614906832298,414.91138254156397,Hard
2025-09-24,45218,Alexander Zverev,Corentin Moutet,P1,10,True,P1,0.8168980851769447,0.18310191482305527,1.2349514563106796,5.256198347107438,2.349514563106796,417.2608971046708,Hard
2025-09-24,45219,Jannik Sinner,Fabian Marozsan,P1,10,True,P1,0.9389238934963942,0.06107610650360584,1.08,13.499999999999998,0.8000000000000007,418.0608971046708,Hard
2025-09-24,45220,Alex de Minaur,Jakub Mensik,P1,10,True,P1,0.7763805836439133,0.22361941635608673,1.5068965517241382,2.972789115646259,5.068965517241382,423.1298626219122,Hard
2025-09-24,45221,Daniil Medvedev,Alexander Zverev,P2,10,False,P1,0.34165047109127045,0.6583495289087296,1.9162561576354682,2.0913978494623655,-10.0,413.1298626219122,Hard
2025-09-24,45222,Learner Tien,Lorenzo Musetti,P2,10,False,P1,0.2883059233427048,0.7116940766572952,3.345323741007194,1.4263803680981593,-10.0,403.1298626219122,Hard
2025-09-24,45223,Learner Tien,Daniil Medvedev,P2,10,False,P1,0.2431730031967163,0.7568269968032837,3.6268656716417906,1.3806818181818183,-10.0,393.1298626219122,Hard
2025-09-24,45224,Jannik Sinner,Alex de Minaur,P1,10,True,P1,0.8496847897768021,0.15031521022319794,1.1877022653721683,6.327586206896551,1.8770226537216828,395.00688527563386,Hard
2025-09-24,45225,Jannik Sinner,Learner Tien,P2,10,False,P1,0.9108713530004025,0.08912864699959755,1.0686666666666667,15.563106796116504,-10.0,385.00688527563386,Hard
2025-10-01,45318,Valentin Vacherot,Novak Djokovic,P2,10,False,P1,0.06588942557573318,0.9341105744242668,6.859649122807017,1.1706586826347305,-10.0,375.00688527563386,Hard
2025-10-01,45226,Sebastian Baez,Zhizhen Zhang,P1,10,True,P1,0.4715795964002609,0.5284204035997391,2.2906976744186047,1.7747747747747746,12.906976744186046,387.91386201981993,Hard
2025-10-01,45237,Valentin Vacherot,Laslo Djere,P2,10,False,P1,0.3875742703676224,0.6124257296323776,1.5938697318007664,2.6838709677419352,-10.0,377.91386201981993,Hard
2025-10-01,45240,Juncheng Shang,Aleksandar Kovacevic,P2,10,False,P1,0.6229450702667236,0.37705492973327637,1.4898648648648647,3.0413793103448277,-10.0,367.91386201981993,Hard
2025-10-01,45252,Alejandro Tabilo,Marcos Giron,P1,10,True,P1,0.5351701229810715,0.46482987701892853,1.8840579710144931,2.1311475409836067,8.840579710144931,376.75444172996487,Hard
2025-10-01,45258,Valentin Vacherot,Alexander Bublik,P2,10,False,P1,0.2810520529747009,0.7189479470252991,3.4999999999999996,1.4,-10.0,366.75444172996487,Hard
2025-10-01,45259,Novak Djokovic,Marin Cilic,P2,10,False,P1,0.8756454885005951,0.12435451149940491,1.13875,8.207207207207206,-10.0,356.75444172996487,Hard
2025-10-01,45276,Felix Auger-Aliassime,Alejandro Tabilo,P2,10,False,P1,0.5770563334226608,0.4229436665773392,1.6791666666666667,2.4723926380368098,-10.0,346.75444172996487,Hard
2025-10-01,45304,Daniil Medvedev,Alejandro Davidovich Fokina,P1,10,True,P1,0.5940575003623962,0.40594249963760376,1.7918552036199096,2.262857142857143,7.918552036199095,354.672993766164,Hard
2025-10-01,45308,Novak Djokovic,Jaume Munar,P1,10,True,P1,0.933912742882967,0.066087257117033,1.2782805429864255,4.59349593495935,2.7828054298642546,357.45579919602824,Hard
2025-10-01,45309,Valentin Vacherot,Tallon Griekspoor,P2,10,False,P1,0.3890650272369385,0.6109349727630615,2.4907975460122698,1.670781893004115,-10.0,347.45579919602824,Hard
2025-10-13,45321,Jacob Fearnley,Tallon Griekspoor,P2,10,False,P1,0.3010399639606476,0.6989600360393524,2.814569536423841,1.5510948905109487,-10.0,337.45579919602824,Hard
2025-10-13,45375,Alex Michelsen,Beibit Zhukayev,P2,10,False,P1,0.622720256447792,0.37727974355220795,1.5340501792114694,2.87248322147651,-10.0,327.45579919602824,Hard
2025-10-13,45348,Benjamin Bonzi,Reilly Opelka,P2,10,False,P1,0.4548814743757248,0.5451185256242752,1.85781990521327,2.165745856353591,-10.0,317.45579919602824,Hard
2025-10-13,45322,Miomir Kecmanovic,Alexandre Muller,P1,10,True,P1,0.622600257396698,0.377399742603302,1.6070038910505835,2.647435897435897,6.0700389105058346,323.5258381065341,Hard
2025-10-13,45349,Marcos Giron,Mattia Bellucci,P1,10,True,P1,0.5852096080780029,0.41479039192199707,1.811059907834101,2.2329545454545454,8.11059907834101,331.6364371848751,Hard
2025-10-13,45376,Shintaro Mochizuki,Arthur Cazaux,P2,10,False,P1,0.23236603289842606,0.7676339671015739,3.7142857142857135,1.368421052631579,-10.0,321.6364371848751,Hard
2025-10-13,45377,Jan-Lennard Struff,Mackenzie McDonald,P2,10,False,P1,0.5567377507686615,0.4432622492313385,1.6962025316455698,2.436363636363637,-10.0,311.6364371848751,Hard
2025-10-13,45323,Sebastian Korda,Alexei Popyrin,P1,10,True,P1,0.6437255293130875,0.35627447068691254,1.5608856088560885,2.7828947368421053,5.608856088560885,317.245293273436,Hard
2025-10-13,45350,Francisco Comesana,David Goffin,P1,10,True,P1,0.44324301183223724,0.5567569881677628,2.41566265060241,1.7063829787234042,14.1566265060241,331.4019197794601,Hard
2025-10-13,45324,Leo Borg,Sebastian Ofner,P1,10,True,P1,0.3409039080142975,0.6590960919857025,5.140495867768595,1.2415169660678644,41.404958677685954,372.80687845714607,Hard
2025-10-13,45351,Giovanni Mpetshi Perricard,Emil Ruusuvuori,P2,10,False,P1,0.5770473033189774,0.42295269668102264,1.5916030534351142,2.690322580645161,-10.0,362.80687845714607,Hard
2025-10-13,45378,Brandon Nakashima,Hamad Medjedovic,P2,10,False,P1,0.5270743817090988,0.4729256182909012,1.8660287081339713,2.154696132596685,-10.0,352.80687845714607,Hard
2025-10-13,45379,Rinky Hijikata,Timofey Skatov,P1,10,True,P1,0.7131637036800385,0.28683629631996155,1.5236363636363635,2.909722222222222,5.2363636363636346,358.0432420935097,Hard
2025-10-13,45325,Elias Ymer,Mikael Ymer,P2,10,False,P1,0.268123134970665,0.731876865029335,2.3216374269005846,1.756637168141593,-10.0,348.0432420935097,Hard
2025-10-13,45352,Valentin Royer,Sebastian Baez,P2,10,False,P1,0.6251078993082047,0.37489210069179535,1.4686468646864685,3.1338028169014085,-10.0,338.0432420935097,Hard
2025-10-13,45380,Alexander Shevchenko,Laslo Djere,P2,10,False,P1,0.3958393633365631,0.6041606366634369,1.7304347826086959,2.3690476190476186,-10.0,328.0432420935097,Hard
2025-10-13,45326,Marin Cilic,Nicolai Budkov Kjaer,P1,10,True,P1,0.6667197793722153,0.33328022062778473,1.9646464646464645,2.0366492146596857,9.646464646464645,337.6897067399744,Hard
2025-10-13,45327,Tomas Martin Etcheverry,Mark Lajal,P1,10,True,P1,0.6743484139442444,0.3256515860557556,2.1731843575418996,1.8523809523809525,11.731843575418996,349.4215503153934,Hard
2025-10-13,45328,Kamil Majchrzak,Filip Misolic,P1,10,True,P1,0.7388996183872223,0.2611003816127777,1.4384858044164035,3.2805755395683454,4.3848580441640355,353.80640835955745,Hard
2025-10-13,45382,Adam Walton,Tristan Schoolkate,P1,10,True,P1,0.5230888873338699,0.47691111266613007,1.935323383084577,2.0691489361702122,9.35323383084577,363.15964219040325,Hard
2025-10-13,45355,Botic Van De Zandschulp,Joao Fonseca,P1,10,True,P1,0.39629383385181427,0.6037061661481857,2.7697368421052633,1.5650557620817847,17.697368421052634,380.8570106114559,Hard
2025-10-13,45329,Matteo Berrettini,Giulio Zeppieri,P1,10,True,P1,0.8126819804310799,0.18731801956892014,1.5434782608695654,2.84,5.434782608695654,386.29179322015153,Hard
2025-10-13,45356,Raphael Collignon,Zizou Bergs,P2,10,False,P1,0.24727345257997513,0.7527265474200249,2.119565217391304,1.8932038834951457,-10.0,376.29179322015153,Hard
2025-10-13,45357,Nikoloz Basilashvili,Quentin Halys,P1,10,True,P1,0.5121839940547943,0.4878160059452057,2.264367816091954,1.7909090909090908,12.64367816091954,388.93547138107107,Hard
2025-10-13,45330,Aleksandar Kovacevic,Camilo Ugo Carabelli,P2,10,False,P1,0.4706440269947052,0.5293559730052948,1.3965014577259474,3.5220588235294117,-10.0,378.93547138107107,Hard
2025-10-13,45384,Corentin Moutet,Bernard Tomic,P1,10,True,P1,0.7793983221054077,0.22060167789459229,1.3176178660049627,4.1484375,3.1761786600496267,382.1116500411207,Hard
2025-10-13,45331,Marton Fucsovics,Jesper de Jong,P2,10,False,P1,0.44497181475162506,0.5550281852483749,1.6735537190082643,2.4846625766871164,-10.0,372.1116500411207,Hard
2025-10-13,45386,Fabian Marozsan,Luca Nardi,P1,10,True,P1,0.674578458070755,0.325421541929245,1.5034482758620689,2.986301369863013,5.034482758620689,377.1461327997414,Hard
2025-10-13,45359,Yannick Hanfmann,Matteo Arnaldi,P2,10,False,P1,0.5194479823112488,0.4805520176887512,1.811059907834101,2.2329545454545454,-10.0,367.1461327997414,Hard
2025-10-13,45333,Denis Shapovalov,Leo Borg,P2,10,False,P1,0.7444000244140625,0.2555999755859375,1.0941901408450705,11.616822429906543,-10.0,357.1461327997414,Hard
2025-10-13,45387,Jan-Lennard Struff,Karen Khachanov,P1,10,True,P1,0.39503997564315796,0.604960024356842,2.965986394557823,1.5086505190311417,19.65986394557823,376.80599674531965,Hard
2025-10-13,45334,Casper Ruud,Marin Cilic,P1,10,True,P1,0.6855711191892624,0.3144288808107376,1.594594594594595,2.681818181818182,5.945945945945949,382.7519426912656,Hard
2025-10-13,45388,Daniil Medvedev,Adam Walton,P2,10,False,P1,0.8008451536297798,0.19915484637022018,1.1892332789559545,6.28448275862069,-10.0,372.7519426912656,Hard
2025-10-13,45361,Lorenzo Musetti,Yannick Hanfmann,P2,10,False,P1,0.6288301348686218,0.3711698651313782,1.4233128834355828,3.3623188405797104,-10.0,362.7519426912656,Hard
2025-10-13,45335,Sebastian Korda,Kamil Majchrzak,P2,10,False,P1,0.6092768311500549,0.39072316884994507,1.6230158730158732,2.605095541401274,-10.0,352.7519426912656,Hard
2025-10-13,45389,Shintaro Mochizuki,Luciano Darderi,P2,10,False,P1,0.328017994761467,0.671982005238533,2.357142857142857,1.7368421052631582,-10.0,342.7519426912656,Hard
2025-10-13,45363,Benjamin Bonzi,Valentin Royer,P2,10,False,P1,0.4499959647655487,0.5500040352344513,2.0051813471502586,1.994845360824742,-10.0,332.7519426912656,Hard
2025-10-13,45336,Ugo Humbert,Matteo Berrettini,P2,10,False,P1,0.4537091702222824,0.5462908297777176,2.0473684210526315,1.9547738693467334,-10.0,322.7519426912656,Hard
2025-10-13,45390,Alex Michelsen,Aleksandar Vukic,P1,10,True,P1,0.6058937311172485,0.39410626888275146,1.6571428571428568,2.5217391304347827,6.571428571428568,329.32337126269414,Hard
2025-10-13,45391,Flavio Cobolli,Rinky Hijikata,P2,10,False,P1,0.5364781618118286,0.4635218381881714,1.4848484848484849,3.0625000000000004,-10.0,319.32337126269414,Hard
2025-10-13,45337,Tomas Martin Etcheverry,Miomir Kecmanovic,P1,10,True,P1,0.5628179162740707,0.43718208372592926,2.54375,1.6477732793522268,15.437500000000002,334.76087126269414,Hard
2025-10-13,45364,Alejandro Davidovich Fokina,Marcos Giron,P1,10,True,P1,0.7217425554990768,0.27825744450092316,1.756637168141593,2.3216374269005846,7.566371681415931,342.3272429441101,Hard
2025-10-13,45365,Raphael Collignon,Francisco Comesana,P2,10,False,P1,0.4179890900850296,0.5820109099149704,1.5236363636363635,2.909722222222222,-10.0,332.3272429441101,Hard
2025-10-13,45392,Fabian Marozsan,Brandon Nakashima,P1,10,True,P1,0.4340970814228058,0.5659029185771942,2.525,1.6557377049180328,15.25,347.5772429441101,Hard
2025-10-13,45338,Lorenzo Sonego,Aleksandar Kovacevic,P2,10,False,P1,0.5825831294059753,0.41741687059402466,1.5531135531135531,2.8079470198675502,-10.0,337.5772429441101,Hard
2025-10-13,45366,Felix Auger-Aliassime,Damir Dzumhur,P2,10,False,P1,0.8214750736951828,0.1785249263048172,1.1792452830188678,6.578947368421053,-10.0,327.5772429441101,Hard
2025-10-13,45339,Elias Ymer,Jacob Fearnley,P1,10,True,P1,0.4638214260339737,0.5361785739660263,5.191666666666667,1.2385685884691848,41.91666666666667,369.49390961077677,Hard
2025-10-13,45393,James Duckworth,Gabriel Diallo,P1,10,True,P1,0.28326188027858734,0.7167381197214127,4.926229508196722,1.254697286012526,39.262295081967224,408.756204692744,Hard
2025-10-13,45340,Holger Rune,Marton Fucsovics,P1,10,True,P1,0.6573325991630554,0.3426674008369446,1.5434782608695654,2.84,5.434782608695654,414.19098730143963,Hard
2025-10-13,45394,Corentin Moutet,Alexander Shevchenko,P2,10,False,P1,0.6152693629264832,0.38473063707351685,1.5051903114186853,2.9794520547945207,-10.0,404.19098730143963,Hard
2025-10-13,45367,Giovanni Mpetshi Perricard,Nikoloz Basilashvili,P1,10,True,P1,0.636626660823822,0.363373339176178,1.6694214876033058,2.493827160493827,6.694214876033058,410.8852021774727,Hard
2025-10-13,45368,Giovanni Mpetshi Perricard,Lorenzo Musetti,P2,10,False,P1,0.3709177225828171,0.6290822774171829,2.5687499999999996,1.6374501992031876,-10.0,400.8852021774727,Hard
2025-10-13,45395,Daniil Medvedev,Fabian Marozsan,P1,10,True,P1,0.686928391456604,0.313071608543396,1.4657980456026056,3.146853146853146,4.657980456026056,405.54318263349876,Hard
2025-10-13,45341,Holger Rune,Tomas Martin Etcheverry,P2,10,False,P1,0.6410799771547318,0.35892002284526825,1.3282442748091603,4.046511627906976,-10.0,395.54318263349876,Hard
2025-10-13,45342,Ugo Humbert,Lorenzo Sonego,P2,10,False,P1,0.61750128865242,0.38249871134757996,1.615686274509804,2.6242038216560504,-10.0,385.54318263349876,Hard
2025-10-13,45396,James Duckworth,Flavio Cobolli,P1,10,True,P1,0.4106762707233429,0.5893237292766571,3.1608391608391604,1.4627831715210353,21.608391608391603,407.1515742418904,Hard
2025-10-13,45369,Jiri Lehecka,Benjamin Bonzi,P2,10,False,P1,0.7131087332963943,0.28689126670360565,1.3548387096774193,3.818181818181818,-10.0,397.1515742418904,Hard
2025-10-13,45370,Raphael Collignon,Alejandro Davidovich Fokina,P2,10,False,P1,0.24367650598287582,0.7563234940171242,2.834437086092715,1.5451263537906137,-10.0,387.1515742418904,Hard
2025-10-13,45397,Alex Michelsen,Shintaro Mochizuki,P1,10,True,P1,0.7680621519684792,0.23193784803152084,1.554744525547445,2.8026315789473686,5.54744525547445,392.6990194973648,Hard
2025-10-13,45343,Casper Ruud,Sebastian Korda,P1,10,True,P1,0.6265655606985092,0.3734344393014908,1.7347826086956524,2.36094674556213,7.347826086956523,400.0468455843213,Hard
2025-10-13,45344,Denis Shapovalov,Elias Ymer,P2,10,False,P1,0.6982012391090393,0.3017987608909607,1.2937062937062938,4.404761904761904,-10.0,390.0468455843213,Hard
2025-10-13,45371,Felix Auger-Aliassime,Eliot Spizzirri,P1,10,True,P1,0.8107627257704735,0.18923727422952652,1.3282828282828285,4.046153846153846,3.282828282828285,393.3296738671496,Hard
2025-10-13,45398,Corentin Moutet,Jan-Lennard Struff,P2,10,False,P1,0.5181734710931778,0.4818265289068222,1.780269058295964,2.2816091954022983,-10.0,383.3296738671496,Hard
2025-10-13,45372,Jiri Lehecka,Giovanni Mpetshi Perricard,P1,10,True,P1,0.6445365101099014,0.35546348989009857,1.6596638655462186,2.515923566878981,6.596638655462186,389.9263125226118,Hard
2025-10-13,45345,Ugo Humbert,Holger Rune,P2,10,False,P1,0.39537687599658966,0.6046231240034103,2.0691489361702122,1.935323383084577,-10.0,379.9263125226118,Hard
2025-10-13,45399,Daniil Medvedev,James Duckworth,P1,10,True,P1,0.8205974996089935,0.17940250039100647,1.222429906542056,5.495798319327731,2.2242990654205608,382.15061158803235,Hard
2025-10-13,45346,Casper Ruud,Denis Shapovalov,P1,10,True,P1,0.6764169931411743,0.3235830068588257,1.6196078431372551,2.613924050632911,6.196078431372552,388.3466900194049,Hard
2025-10-13,45373,Felix Auger-Aliassime,Raphael Collignon,P1,10,True,P1,0.7765543684363365,0.22344563156366348,1.4263803680981593,3.345323741007194,4.263803680981592,392.6104937003865,Hard
2025-10-13,45400,Corentin Moutet,Alex Michelsen,P1,10,True,P1,0.5759895592927933,0.4240104407072067,1.8840579710144931,2.1311475409836067,8.840579710144931,401.4510734105314,Hard
2025-10-13,45347,Casper Ruud,Ugo Humbert,P2,10,False,P1,0.5805794298648834,0.4194205701351166,1.6309523809523812,2.5849056603773586,-10.0,391.4510734105314,Hard
2025-10-13,45401,Daniil Medvedev,Corentin Moutet,P1,10,True,P1,0.7095647901296616,0.29043520987033844,1.425,3.3529411764705883,4.25,395.7010734105314,Hard
2025-10-13,45374,Felix Auger-Aliassime,Jiri Lehecka,P2,10,False,P1,0.4844951629638672,0.5155048370361328,2.0,2.0,-10.0,385.7010734105314,Hard
2025-10-20,45433,Jannik Sinner,Daniel Altmaier,P2,10,False,P1,0.9285587817430496,0.07144121825695038,1.044232437120555,23.607843137254903,-10.0,375.7010734105314,Hard
2025-10-20,45402,Taylor Fritz,Valentin Vacherot,P2,10,False,P1,0.7658801674842834,0.23411983251571655,1.2792792792792793,4.580645161290324,-10.0,365.7010734105314,Hard
2025-10-20,45403,Casper Ruud,Quentin Halys,P1,10,True,P1,0.8693944998085499,0.13060550019145012,1.2731277533039649,4.661290322580646,2.731277533039649,368.43235094357107,Hard
2025-10-20,45434,Daniil Medvedev,Nuno Borges,P2,10,False,P1,0.7710870578885078,0.22891294211149216,1.2691466083150986,4.715447154471544,-10.0,358.43235094357107,Hard
2025-10-20,45435,Matteo Berrettini,Alexei Popyrin,P1,10,True,P1,0.591866984963417,0.40813301503658295,1.7678571428571426,2.302325581395349,7.678571428571425,366.1109223721425,Hard
2025-10-20,45404,Felix Auger-Aliassime,Gabriel Diallo,P2,10,False,P1,0.6802935749292374,0.31970642507076263,1.4416403785488958,3.2642857142857147,-10.0,356.1109223721425,Hard
2025-10-20,45436,Flavio Cobolli,Tomas Machac,P2,10,False,P1,0.3615068346261978,0.6384931653738022,2.54375,1.6477732793522268,-10.0,346.1109223721425,Hard
2025-10-20,45405,Botic Van De Zandschulp,Jiri Lehecka,P2,10,False,P1,0.26954983174800873,0.7304501682519913,3.6492537313432836,1.3774647887323945,-10.0,336.1109223721425,Hard
2025-10-20,45437,Corentin Moutet,Damir Dzumhur,P1,10,True,P1,0.7393797039985657,0.2606202960014343,1.6425702811244978,2.5562500000000004,6.425702811244978,342.5366251833875,Hard
2025-10-20,45406,Ugo Humbert,Sebastian Korda,P1,10,True,P1,0.4501999467611313,0.5498000532388687,2.2514285714285713,1.7990867579908678,12.514285714285712,355.05091089767325,Hard
2025-10-20,45438,Alexander Zverev,Jacob Fearnley,P1,10,True,P1,0.8029706552624702,0.19702934473752975,1.351206434316354,3.847328244274809,3.512064343163539,358.5629752408368,Hard
2025-10-20,45407,Ben Shelton,Kamil Majchrzak,P1,10,True,P1,0.6968635767698288,0.3031364232301712,1.5938697318007664,2.6838709677419352,5.938697318007664,364.50167255884446,Hard
2025-10-20,45439,Lorenzo Musetti,Hamad Medjedovic,P1,10,True,P1,0.7158472537994385,0.2841527462005615,1.4666666666666668,3.1428571428571432,4.666666666666668,369.16833922551115,Hard
2025-10-20,45408,Denis Shapovalov,Marcos Giron,P1,10,True,P1,0.5666786283254623,0.43332137167453766,1.8660287081339713,2.154696132596685,8.660287081339712,377.8286263068509,Hard
2025-10-20,45440,Cameron Norrie,Andrey Rublev,P1,10,True,P1,0.4426959604024887,0.5573040395975113,2.7516339869281046,1.5708955223880594,17.516339869281047,395.34496617613195,Hard
2025-10-20,45409,Marin Cilic,David Goffin,P2,10,False,P1,0.6320118308067322,0.3679881691932678,1.5236363636363635,2.909722222222222,-10.0,385.34496617613195,Hard
2025-10-20,45410,Joao Fonseca,Giovanni Mpetshi Perricard,P2,10,False,P1,0.42351000010967255,0.5764899998903275,2.119565217391304,1.8932038834951457,-10.0,375.34496617613195,Hard
2025-10-20,45441,Francisco Cerundolo,Alex Michelsen,P1,10,True,P1,0.5402205735445023,0.45977942645549774,1.9897435897435893,2.0103626943005177,9.897435897435894,385.24240207356786,Hard
2025-10-20,45442,Tomas Martin Etcheverry,Nicolai Budkov Kjaer,P1,10,True,P1,0.7250863611698151,0.27491363883018494,1.8027522935779814,2.2457142857142856,8.027522935779814,393.2699250093477,Hard
2025-10-20,45411,Reilly Opelka,Sebastian Baez,P2,10,False,P1,0.6176401376724243,0.3823598623275757,1.4285714285714284,3.3333333333333335,-10.0,383.2699250093477,Hard
2025-10-20,45412,Valentin Royer,Raphael Collignon,P1,10,True,P1,0.5438452512025833,0.4561547487974167,2.0,2.0,10.0,393.2699250093477,Hard
2025-10-20,45443,Filip Misolic,Camilo Ugo Carabelli,P2,10,False,P1,0.484780415892601,0.515219584107399,1.4640522875816993,3.154929577464789,-10.0,383.2699250093477,Hard
2025-10-20,45444,Alex de Minaur,Jurij Rodionov,P2,10,False,P1,0.8509878441691399,0.14901215583086014,1.0924006908462867,11.822429906542055,-10.0,373.2699250093477,Hard
2025-10-20,45413,Stan Wawrinka,Miomir Kecmanovic,P2,10,False,P1,0.3703811764717102,0.6296188235282898,2.647435897435897,1.6070038910505835,-10.0,363.2699250093477,Hard
2025-10-20,45445,Tallon Griekspoor,Karen Khachanov,P2,10,False,P1,0.3508152961730957,0.6491847038269043,2.641025641025641,1.6093750000000002,-10.0,353.2699250093477,Hard
2025-10-20,45415,Alejandro Davidovich Fokina,Lorenzo Sonego,P1,10,True,P1,0.6592644900083542,0.3407355099916458,1.6544715447154474,2.527950310559006,6.544715447154474,359.81464045650216,Hard
2025-10-20,45446,Alexander Bublik,Alejandro Tabilo,P2,10,False,P1,0.5839808136224747,0.41601918637752533,1.4931972789115644,3.027586206896552,-10.0,349.81464045650216,Hard
2025-10-20,45447,Matteo Arnaldi,Aleksandar Kovacevic,P1,10,True,P1,0.721113920211792,0.278886079788208,1.6437246963562753,2.5534591194968552,6.437246963562753,356.2518874200649,Hard
2025-10-20,45416,Jenson Brooksby,Alexandre Muller,P1,10,True,P1,0.7607476264238358,0.23925237357616425,1.4490445859872612,3.2269503546099294,4.490445859872612,360.74233327993755,Hard
2025-10-20,45448,Brandon Nakashima,Luciano Darderi,P2,10,False,P1,0.7058215588331223,0.29417844116687775,1.4023668639053255,3.485294117647059,-10.0,350.74233327993755,Hard
2025-10-20,45449,Alex de Minaur,Filip Misolic,P2,10,False,P1,0.8706824779510498,0.1293175220489502,1.0860820595333869,12.616822429906541,-10.0,340.74233327993755,Hard
2025-10-20,45418,Jaume Munar,Ben Shelton,P2,10,False,P1,0.25277353823184967,0.7472264617681503,2.7533333333333334,1.570342205323194,-10.0,330.74233327993755,Hard
2025-10-20,45419,Felix Auger-Aliassime,Marin Cilic,P1,10,True,P1,0.7854671776294708,0.21453282237052917,1.3714285714285712,3.6923076923076916,3.714285714285712,334.4566189942233,Hard
2025-10-20,45450,Tallon Griekspoor,Brandon Nakashima,P2,10,False,P1,0.47236494719982147,0.5276350528001785,2.0471204188481673,1.9549999999999998,-10.0,324.4566189942233,Hard
2025-10-20,45451,Corentin Moutet,Daniil Medvedev,P2,10,False,P1,0.30719390511512756,0.6928060948848724,3.1428571428571432,1.4666666666666668,-10.0,314.4566189942233,Hard
2025-10-20,45420,Denis Shapovalov,Valentin Royer,P2,10,False,P1,0.5396113097667694,0.4603886902332306,1.6596638655462186,2.515923566878981,-10.0,304.4566189942233,Hard
2025-10-20,45421,Ugo Humbert,Taylor Fritz,P2,10,False,P1,0.3422558009624481,0.6577441990375519,2.909722222222222,1.5236363636363635,-10.0,294.4566189942233,Hard
2025-10-20,45452,Matteo Berrettini,Cameron Norrie,P1,10,True,P1,0.6131533533334732,0.3868466466665268,1.7590909090909093,2.317365269461078,7.590909090909093,302.04752808513234,Hard
2025-10-20,45422,Casper Ruud,Stan Wawrinka,P1,10,True,P1,0.8102776259183884,0.18972237408161163,1.2666666666666666,4.75,2.666666666666666,304.714194751799,Hard
2025-10-20,45453,Lorenzo Musetti,Tomas Martin Etcheverry,P2,10,False,P1,0.6698182374238968,0.3301817625761032,1.3125,4.2,-10.0,294.714194751799,Hard
2025-10-20,45454,Jannik Sinner,Flavio Cobolli,P2,10,False,P1,0.9266316741704941,0.07336832582950592,1.0605882352941176,17.50485436893204,-10.0,284.714194751799,Hard
2025-10-20,45423,Reilly Opelka,Botic Van De Zandschulp,P1,10,True,P1,0.48806464672088623,0.5119353532791138,2.111111111111111,1.9000000000000001,11.11111111111111,295.8253058629101,Hard
2025-10-20,45455,Alexander Zverev,Matteo Arnaldi,P2,10,False,P1,0.735629677772522,0.264370322227478,1.344,3.906976744186047,-10.0,285.8253058629101,Hard
2025-10-20,45424,Alejandro Davidovich Fokina,Jenson Brooksby,P1,10,True,P1,0.5792150646448135,0.42078493535518646,1.8036529680365299,2.244318181818182,8.036529680365298,293.8618355432754,Hard
2025-10-20,45456,Alexander Bublik,Francisco Cerundolo,P2,10,False,P1,0.5395613312721252,0.46043866872787476,1.6596638655462186,2.515923566878981,-10.0,283.8618355432754,Hard
2025-10-20,45425,Joao Fonseca,Jakub Mensik,P2,10,False,P1,0.5531397312879562,0.44686026871204376,1.7456140350877196,2.3411764705882354,-10.0,273.8618355432754,Hard
2025-10-20,45457,Lorenzo Musetti,Corentin Moutet,P2,10,False,P1,0.5777587294578552,0.4222412705421448,1.4666666666666668,3.1428571428571432,-10.0,263.8618355432754,Hard
2025-10-20,45426,Alejandro Davidovich Fokina,Casper Ruud,P1,10,True,P1,0.3652936816215515,0.6347063183784485,2.909722222222222,1.5236363636363635,19.097222222222218,282.9590577654976,Hard
2025-10-20,45427,Jaume Munar,Felix Auger-Aliassime,P2,10,False,P1,0.18076031655073166,0.8192396834492683,3.5563909774436087,1.3911764705882355,-10.0,272.9590577654976,Hard
2025-10-20,45458,Jannik Sinner,Alexander Bublik,P2,10,False,P1,0.8973897248506546,0.1026102751493454,1.1059999999999999,10.433962264150942,-10.0,262.9590577654976,Hard
2025-10-20,45459,Alexander Zverev,Tallon Griekspoor,P1,10,True,P1,0.712338462471962,0.287661537528038,1.5236363636363635,2.909722222222222,5.2363636363636346,268.19542140186127,Hard
2025-10-20,45428,Joao Fonseca,Denis Shapovalov,P2,10,False,P1,0.5203756988048553,0.47962430119514465,1.9000000000000001,2.111111111111111,-10.0,258.19542140186127,Hard
2025-10-20,45429,Ugo Humbert,Reilly Opelka,P2,10,False,P1,0.5941420644521713,0.4058579355478287,1.425,3.3529411764705883,-10.0,248.19542140186127,Hard
2025-10-20,45460,Alex de Minaur,Matteo Berrettini,P2,10,False,P1,0.7156626135110855,0.2843373864889145,1.344,3.906976744186047,-10.0,238.19542140186127,Hard
2025-10-20,45430,Alejandro Davidovich Fokina,Ugo Humbert,P1,10,True,P1,0.5199666023254395,0.48003339767456055,2.515923566878981,1.6596638655462186,15.15923566878981,253.3546570706511,Hard
2025-10-20,45431,Joao Fonseca,Jaume Munar,P1,10,True,P1,0.6217605918645859,0.3782394081354141,1.7590909090909093,2.317365269461078,7.590909090909093,260.9455661615602,Hard
2025-10-20,45462,Alexander Zverev,Lorenzo Musetti,P1,10,True,P1,0.6431962996721268,0.35680370032787323,2.0,2.0,10.0,270.9455661615602,Hard
2025-10-20,45432,Joao Fonseca,Alejandro Davidovich Fokina,P2,10,False,P1,0.4758734405040741,0.5241265594959259,1.8238095238095235,2.213872832369942,-10.0,260.9455661615602,Hard
2025-10-20,45463,Jannik Sinner,Alexander Zverev,P2,10,False,P1,0.805646501481533,0.19435349851846695,1.1571428571428573,7.363636363636364,-10.0,250.94556616156018,Hard
2025-10-27,45464,Alexander Bublik,Alexei Popyrin,P2,10,False,P1,0.6381456702947617,0.36185432970523834,1.4666666666666668,3.1428571428571432,-10.0,240.94556616156018,Hard
2025-10-27,45465,Andrey Rublev,Jacob Fearnley,P2,10,False,P1,0.5963403582572937,0.4036596417427063,1.6596638655462186,2.515923566878981,-10.0,230.94556616156018,Hard
2025-10-27,45466,Daniel Altmaier,Marcos Giron,P2,10,False,P1,0.35841789841651917,0.6415821015834808,2.633986928104575,1.612,-10.0,220.94556616156018,Hard
2025-10-27,45467,Arthur Cazaux,Luciano Darderi,P2,10,False,P1,0.5989862233400345,0.4010137766599655,1.4666666666666668,3.1428571428571432,-10.0,210.94556616156018,Hard
2025-10-27,45468,Francisco Cerundolo,Damir Dzumhur,P2,10,False,P1,0.6964770257472992,0.3035229742527008,1.425,3.3529411764705883,-10.0,200.94556616156018,Hard
2025-10-27,45469,Flavio Cobolli,Tomas Machac,P2,10,False,P1,0.42694948613643646,0.5730505138635635,1.8238095238095235,2.213872832369942,-10.0,190.94556616156018,Hard
2025-10-27,45470,Miomir Kecmanovic,Aleksandar Kovacevic,P1,10,True,P1,0.6235871315002441,0.37641286849975586,1.7043478260869567,2.419753086419753,7.043478260869566,197.98904442242974,Hard
2025-10-27,45471,Cameron Norrie,Sebastian Baez,P2,10,False,P1,0.7428633123636246,0.2571366876363754,1.2666666666666666,4.75,-10.0,187.98904442242974,Hard
2025-10-27,45472,Arthur Rinderknech,Fabian Marozsan,P2,10,False,P1,0.5419514179229736,0.45804858207702637,1.8238095238095235,2.213872832369942,-10.0,177.98904442242974,Hard
2025-10-27,45473,Learner Tien,Nuno Borges,P1,10,True,P1,0.622885450720787,0.37711454927921295,1.612,2.633986928104575,6.120000000000001,184.10904442242975,Hard
2025-10-27,45474,Aleksandar Vukic,Terence Atmane,P2,10,False,P1,0.50789675116539,0.49210324883461,1.9000000000000001,2.111111111111111,-10.0,174.10904442242975,Hard
2025-10-27,45475,Karen Khachanov,Ethan Quinn,P1,10,True,P1,0.7918444871902466,0.20815551280975342,1.4666666666666668,3.1428571428571432,4.666666666666668,178.7757110890964,Hard
2025-10-27,45476,Zizou Bergs,Alex Michelsen,P1,10,True,P1,0.48484407365322113,0.5151559263467789,2.111111111111111,1.9000000000000001,11.11111111111111,189.88682220020752,Hard
2025-10-27,45477,Grigor Dimitrov,Giovanni Mpetshi Perricard,P1,10,True,P1,0.5987933874130249,0.4012066125869751,2.633986928104575,1.612,16.33986928104575,206.22669148125328,Hard
2025-10-27,45478,Alexandre Muller,Brandon Nakashima,P1,10,True,P1,0.2864173650741577,0.7135826349258423,3.5563909774436087,1.3911764705882355,25.563909774436087,231.79060125568938,Hard
2025-10-27,45479,Lorenzo Sonego,Sebastian Korda,P2,10,False,P1,0.29094603657722473,0.7090539634227753,2.909722222222222,1.5236363636363635,-10.0,221.79060125568938,Hard
2025-10-27,45480,Felix Auger-Aliassime,Francisco Comesana,P1,10,True,P1,0.8791918531060219,0.12080814689397812,1.2666666666666666,4.75,2.666666666666666,224.45726792235604,Hard
2025-10-27,45481,Daniil Medvedev,Jaume Munar,P1,10,True,P1,0.683568149805069,0.31643185019493103,1.5236363636363635,2.909722222222222,5.2363636363636346,229.6936315587197,Hard
2025-10-27,45482,Valentin Vacherot,Jiri Lehecka,P2,10,False,P1,0.3403577357530594,0.6596422642469406,2.909722222222222,1.5236363636363635,-10.0,219.6936315587197,Hard
2025-10-27,45483,Gabriel Diallo,Tallon Griekspoor,P2,10,False,P1,0.4696899503469467,0.5303100496530533,2.111111111111111,1.9000000000000001,-10.0,209.6936315587197,Hard
2025-10-27,45484,Joao Fonseca,Denis Shapovalov,P1,10,True,P1,0.6862194538116455,0.3137805461883545,1.570342205323194,2.7533333333333334,5.7034220532319395,215.39705361195163,Hard
2025-10-27,45485,Corentin Moutet,Reilly Opelka,P2,10,False,P1,0.6106007546186447,0.3893992453813553,1.5236363636363635,2.909722222222222,-10.0,205.39705361195163,Hard
2025-10-27,45486,Camilo Ugo Carabelli,Tomas Martin Etcheverry,P1,10,True,P1,0.2529161423444748,0.7470838576555252,5.824561403508772,1.2072727272727273,48.245614035087726,253.64266764703936,Hard
2025-10-27,45487,Alejandro Davidovich Fokina,Valentin Royer,P2,10,False,P1,0.6513307690620422,0.34866923093795776,1.5236363636363635,2.909722222222222,-10.0,243.64266764703936,Hard
2025-10-27,45488,Taylor Fritz,Aleksandar Vukic,P2,10,False,P1,0.816314235329628,0.183685764670372,1.1571428571428573,7.363636363636364,-10.0,233.64266764703936,Hard
2025-10-27,45489,Cameron Norrie,Carlos Alcaraz,P1,10,True,P1,0.09601298719644547,0.9039870128035545,11.476190476190474,1.0954545454545455,104.76190476190474,338.4045724089441,Hard
2025-10-27,45490,Ben Shelton,Flavio Cobolli,P1,10,True,P1,0.6495283544063568,0.3504716455936432,2.111111111111111,1.9000000000000001,11.11111111111111,349.5156835200552,Hard
2025-10-27,45491,Andrey Rublev,Learner Tien,P1,10,True,P1,0.5186779201030731,0.4813220798969269,2.0,2.0,10.0,359.5156835200552,Hard
2025-10-27,45492,Jannik Sinner,Zizou Bergs,P1,10,True,P1,0.922117754817009,0.07788224518299103,1.119153674832962,9.392523364485982,1.1915367483296202,360.7072202683848,Hard
2025-10-27,45493,Alexander Zverev,Camilo Ugo Carabelli,P2,10,False,P1,0.8407047167420387,0.15929528325796127,1.0711382113821137,15.057142857142855,-10.0,350.7072202683848,Hard
2025-10-27,45494,Daniel Altmaier,Casper Ruud,P2,10,False,P1,0.21153345704078674,0.7884665429592133,3.4057971014492754,1.4156626506024097,-10.0,340.7072202683848,Hard
2025-10-27,45495,Felix Auger-Aliassime,Alexandre Muller,P1,10,True,P1,0.8495379388332367,0.1504620611667633,1.3420365535248042,3.9236641221374047,3.420365535248042,344.1275858036328,Hard
2025-10-27,45496,Daniil Medvedev,Grigor Dimitrov,P2,10,False,P1,0.5714495927095413,0.4285504072904587,1.3291139240506329,4.038461538461539,-10.0,334.1275858036328,Hard
2025-10-27,45497,Alejandro Davidovich Fokina,Arthur Cazaux,P1,10,True,P1,0.6615539938211441,0.3384460061788559,1.5977011494252877,2.673076923076923,5.977011494252878,340.1045972978857,Hard
2025-10-27,45498,Francisco Cerundolo,Miomir Kecmanovic,P2,10,False,P1,0.5835509449243546,0.41644905507564545,1.488215488215488,3.048275862068966,-10.0,330.1045972978857,Hard
2025-10-27,45499,Valentin Vacherot,Arthur Rinderknech,P2,10,False,P1,0.5141562819480896,0.4858437180519104,1.7210300429184548,2.3869047619047614,-10.0,320.1045972978857,Hard
2025-10-27,45500,Alex de Minaur,Gabriel Diallo,P1,10,True,P1,0.7586356699466705,0.24136433005332947,1.3299492385786804,4.0307692307692315,3.299492385786804,323.40408968367245,Hard
2025-10-27,45501,Lorenzo Sonego,Lorenzo Musetti,P1,10,True,P1,0.2843121886253357,0.7156878113746643,3.999999999999999,1.3333333333333333,29.999999999999993,353.40408968367245,Hard
2025-10-27,45502,Karen Khachanov,Joao Fonseca,P2,10,False,P1,0.40835513174533844,0.5916448682546616,1.780269058295964,2.2816091954022983,-10.0,343.40408968367245,Hard
2025-10-27,45503,Alexander Bublik,Corentin Moutet,P2,10,False,P1,0.5327431857585907,0.4672568142414093,1.6653061224489796,2.503067484662577,-10.0,333.40408968367245,Hard
2025-10-27,45504,Jannik Sinner,Francisco Cerundolo,P1,10,True,P1,0.9292070008814335,0.07079299911856651,1.0795107033639144,13.576923076923075,0.7951070336391441,334.1991967173116,Hard
2025-10-27,45505,Alexander Zverev,Alejandro Davidovich Fokina,P1,10,True,P1,0.7725853025913239,0.22741469740867615,1.4965986394557824,3.0136986301369864,4.965986394557824,339.16518311186945,Hard
2025-10-27,45506,Alexander Bublik,Taylor Fritz,P2,10,False,P1,0.3149387687444687,0.6850612312555313,2.14207650273224,1.8755980861244024,-10.0,329.16518311186945,Hard
2025-10-27,45507,Ben Shelton,Andrey Rublev,P1,10,True,P1,0.606441393494606,0.393558606505394,1.8119266055045873,2.2316384180790965,8.119266055045873,337.28444916691535,Hard
2025-10-27,45508,Alex de Minaur,Karen Khachanov,P1,10,True,P1,0.74100661277771,0.25899338722229004,1.670781893004115,2.4907975460122698,6.7078189300411495,343.9922680969565,Hard
2025-10-27,45509,Felix Auger-Aliassime,Daniel Altmaier,P1,10,True,P1,0.7707860991358757,0.2292139008641243,1.5608856088560885,2.7828947368421053,5.608856088560885,349.6011241855174,Hard
2025-10-27,45510,Daniil Medvedev,Lorenzo Sonego,P1,10,True,P1,0.7859605848789215,0.2140394151210785,1.2765486725663715,4.616,2.765486725663715,352.3666109111811,Hard
2025-10-27,45511,Valentin Vacherot,Cameron Norrie,P2,10,False,P1,0.5315967351198196,0.46840326488018036,1.832558139534884,2.201117318435754,-10.0,342.3666109111811,Hard
2025-10-27,45512,Felix Auger-Aliassime,Valentin Vacherot,P1,10,True,P1,0.6788280755281448,0.32117192447185516,1.7179487179487178,2.392857142857143,7.179487179487179,349.5460980906683,Hard
2025-10-27,45513,Alexander Bublik,Alex de Minaur,P2,10,False,P1,0.28362545371055603,0.716374546289444,2.188888888888889,1.841121495327103,-10.0,339.5460980906683,Hard
2025-10-27,45514,Jannik Sinner,Ben Shelton,P1,10,True,P1,0.8820100501179695,0.11798994988203049,1.2264150943396226,5.416666666666667,2.264150943396226,341.8102490340645,Hard
2025-10-27,45515,Alexander Zverev,Daniil Medvedev,P1,10,True,P1,0.5665043145418167,0.4334956854581833,2.1712707182320443,1.8537735849056602,11.712707182320443,353.52295621638496,Hard
2025-10-27,45516,Felix Auger-Aliassime,Alexander Bublik,P1,10,True,P1,0.6393584758043289,0.3606415241956711,1.989795918367347,2.010309278350516,9.897959183673471,363.42091540005845,Hard
2025-10-27,45517,Jannik Sinner,Alexander Zverev,P2,10,False,P1,0.8243135064840317,0.17568649351596832,1.1904761904761905,6.25,-10.0,353.42091540005845,Hard
2025-10-27,45518,Jannik Sinner,Felix Auger-Aliassime,P2,10,False,P1,0.8512337282299995,0.14876627177000046,1.1571428571428573,7.363636363636364,-10.0,343.42091540005845,Hard
2025-11-03,45546,Alexandre Muller,Jan-Lennard Struff,P2,10,False,P1,0.37515494227409363,0.6248450577259064,2.375,1.7272727272727275,-10.0,333.42091540005845,Hard
2025-11-03,45519,Matteo Berrettini,Quentin Halys,P1,10,True,P1,0.7877742871642113,0.21222571283578873,1.330769230769231,4.023255813953488,3.3076923076923093,336.72860770775077,Hard
2025-11-03,45520,Cameron Norrie,Valentin Royer,P1,10,True,P1,0.6628987193107605,0.3371012806892395,1.6046511627906976,2.6538461538461537,6.046511627906977,342.77511933565773,Hard
2025-11-03,45547,Damir Dzumhur,Jacob Fearnley,P1,10,True,P1,0.46679265797138214,0.5332073420286179,3.3309352517985613,1.429012345679012,23.309352517985612,366.0844718536433,Hard
2025-11-03,45548,Miomir Kecmanovic,Kamil Majchrzak,P1,10,True,P1,0.4923296570777893,0.5076703429222107,2.108108108108108,1.9024390243902443,11.081081081081079,377.1655529347244,Hard
2025-11-03,45521,Vitaliy Sachko,Giovanni Mpetshi Perricard,P2,10,False,P1,0.20430204272270203,0.795697957277298,4.512,1.2847380410022777,-10.0,367.1655529347244,Hard
2025-11-03,45522,Lorenzo Sonego,Jan Choinski,P1,10,True,P1,0.7807221561670303,0.21927784383296967,1.2840909090909092,4.5200000000000005,2.8409090909090917,370.0064620256335,Hard
2025-11-03,45549,Vit Kopriva,Reilly Opelka,P2,10,False,P1,0.22941964864730835,0.7705803513526917,3.4452554744525545,1.4089552238805971,-10.0,360.0064620256335,Hard
2025-11-03,45550,Eliot Spizzirri,Laslo Djere,P2,10,False,P1,0.48054802417755127,0.5194519758224487,1.5531135531135531,2.8079470198675502,-10.0,350.0064620256335,Hard
2025-11-03,45524,Learner Tien,Ugo Blanchet,P1,10,True,P1,0.8028507232666016,0.19714927673339844,1.2923433874709975,4.42063492063492,2.9234338747099753,352.92989590034347,Hard
2025-11-03,45551,Stan Wawrinka,Botic Van De Zandschulp,P1,10,True,P1,0.3656802177429199,0.6343197822570801,2.8133333333333335,1.5514705882352942,18.133333333333333,371.0632292336768,Hard
2025-11-03,45525,Arthur Cazaux,Adrian Mannarino,P2,10,False,P1,0.5034667700529099,0.49653322994709015,1.6007751937984493,2.6645161290322577,-10.0,361.0632292336768,Hard
2025-11-03,45526,Hugo Gaston,Terence Atmane,P2,10,False,P1,0.308586984872818,0.691413015127182,1.7589285714285714,2.317647058823529,-10.0,351.0632292336768,Hard
2025-11-03,45553,Sebastian Korda,Alexei Popyrin,P2,10,False,P1,0.5798932909965515,0.4201067090034485,1.5938697318007664,2.6838709677419352,-10.0,341.0632292336768,Hard
2025-11-03,45554,Alejandro Tabilo,Adam Walton,P2,10,False,P1,0.6012639254331589,0.3987360745668411,1.5051903114186853,2.9794520547945207,-10.0,331.0632292336768,Hard
2025-11-03,45527,Daniel Altmaier,Arthur Rinderknech,P2,10,False,P1,0.314096063375473,0.685903936624527,2.54375,1.6477732793522268,-10.0,321.0632292336768,Hard
2025-11-03,45555,Tomas Martin Etcheverry,Mackenzie McDonald,P1,10,True,P1,0.6556263566017151,0.3443736433982849,1.8840579710144931,2.1311475409836067,8.840579710144931,329.90380894382173,Hard
2025-11-03,45529,Aleksandar Vukic,Corentin Moutet,P2,10,False,P1,0.23762349784374237,0.7623765021562576,4.054263565891473,1.3274111675126905,-10.0,319.90380894382173,Hard
2025-11-03,45557,Marcos Giron,Pedro Martinez,P2,10,False,P1,0.7409789711236954,0.2590210288763046,1.3038277511961724,4.291338582677165,-10.0,309.90380894382173,Hard
2025-11-03,45531,Lorenzo Sonego,Flavio Cobolli,P1,10,True,P1,0.5082031339406967,0.4917968660593033,2.1843575418994416,1.8443396226415094,11.843575418994416,321.74738436281615,Hard
2025-11-03,45558,Novak Djokovic,Alejandro Tabilo,P1,10,True,P1,0.830416277050972,0.16958372294902802,1.2767857142857142,4.612903225806452,2.767857142857142,324.5152415056733,Hard
2025-11-03,45532,Daniel Altmaier,Hugo Gaston,P1,10,True,P1,0.701089009642601,0.298910990357399,2.189944134078212,1.84037558685446,11.899441340782122,336.41468284645543,Hard
2025-11-03,45559,Sebastian Korda,Damir Dzumhur,P2,10,False,P1,0.744504027068615,0.25549597293138504,1.3045563549160673,4.283464566929133,-10.0,326.41468284645543,Hard
2025-11-03,45560,Nuno Borges,Eliot Spizzirri,P1,10,True,P1,0.6438947170972824,0.3561052829027176,1.7094017094017095,2.4096385542168677,7.0940170940170955,333.5086999404725,Hard
2025-11-03,45561,Yannick Hanfmann,Vit Kopriva,P1,10,True,P1,0.7399203330278397,0.26007966697216034,1.4719471947194718,3.118881118881119,4.719471947194718,338.22817188766726,Hard
2025-11-03,45535,Learner Tien,Moez Echargui,P2,10,False,P1,0.7646731585264206,0.2353268414735794,1.117965367965368,9.477064220183486,-10.0,328.22817188766726,Hard
2025-11-03,45562,Miomir Kecmanovic,Luciano Darderi,P1,10,True,P1,0.681062251329422,0.318937748670578,1.5415162454873648,2.8466666666666667,5.415162454873648,333.6433343425409,Hard
2025-11-03,45536,Cameron Norrie,Arthur Cazaux,P1,10,True,P1,0.6124746203422546,0.38752537965774536,1.9117647058823533,2.096774193548387,9.117647058823533,342.76098140136446,Hard
2025-11-03,45563,Marcos Giron,Brandon Nakashima,P1,10,True,P1,0.5228124111890793,0.4771875888109207,2.3491124260355027,1.7412280701754383,13.491124260355027,356.2521056617195,Hard
2025-11-03,45564,Lorenzo Musetti,Stan Wawrinka,P2,10,False,P1,0.7411369979381561,0.25886300206184387,1.2253787878787878,5.436974789915966,-10.0,346.2521056617195,Hard
2025-11-03,45537,Matteo Berrettini,Aleksandar Vukic,P2,10,False,P1,0.7091856747865677,0.2908143252134323,1.3385416666666667,3.953846153846154,-10.0,336.2521056617195,Hard
2025-11-03,45538,Vitaliy Sachko,Alexander Bublik,P2,10,False,P1,0.10434310883283615,0.8956568911671638,6.434782608695652,1.184,-10.0,326.2521056617195,Hard
2025-11-03,45565,Alexandre Muller,Tomas Martin Etcheverry,P2,10,False,P1,0.31182487308979034,0.6881751269102097,2.4846625766871164,1.6735537190082643,-10.0,316.2521056617195,Hard
2025-11-03,45566,Lorenzo Musetti,Alexandre Muller,P2,10,False,P1,0.7472769767045975,0.2527230232954025,1.2666666666666666,4.75,-10.0,306.2521056617195,Hard
2025-11-03,45567,Sebastian Korda,Miomir Kecmanovic,P2,10,False,P1,0.6293299943208694,0.37067000567913055,1.5451263537906137,2.834437086092715,-10.0,296.2521056617195,Hard
2025-11-03,45540,Lorenzo Sonego,Daniel Altmaier,P2,10,False,P1,0.5541240572929382,0.44587594270706177,1.6108949416342413,2.6369426751592355,-10.0,286.2521056617195,Hard
2025-11-03,45568,Novak Djokovic,Nuno Borges,P1,10,True,P1,0.8849204853177071,0.11507951468229294,1.2155797101449275,5.6386554621848735,2.155797101449275,288.40790276316875,Hard
2025-11-03,45569,Yannick Hanfmann,Marcos Giron,P1,10,True,P1,0.519146591424942,0.480853408575058,2.392857142857143,1.7179487179487178,13.928571428571427,302.3364741917402,Hard
2025-11-03,45542,Learner Tien,Matteo Berrettini,P2,10,False,P1,0.4086795300245285,0.5913204699754715,2.347058823529412,1.74235807860262,-10.0,292.3364741917402,Hard
2025-11-03,45570,Novak Djokovic,Yannick Hanfmann,P1,10,True,P1,0.7994700893759727,0.20052991062402725,1.2666666666666666,4.75,2.666666666666666,295.0031408584069,Hard
2025-11-03,45543,Cameron Norrie,Lorenzo Sonego,P1,10,True,P1,0.5650270879268646,0.4349729120731354,2.111111111111111,1.9000000000000001,11.11111111111111,306.11425196951797,Hard
2025-11-03,45544,Learner Tien,Vitaliy Sachko,P2,10,False,P1,0.7890187352895737,0.21098126471042633,1.2077464788732395,5.813559322033899,-10.0,296.11425196951797,Hard
2025-11-03,45571,Lorenzo Musetti,Sebastian Korda,P2,10,False,P1,0.536045491695404,0.46395450830459595,1.862559241706161,2.1593406593406588,-10.0,286.11425196951797,Hard
2025-11-03,45572,Novak Djokovic,Lorenzo Musetti,P1,10,True,P1,0.8263717219233513,0.1736282780766487,1.425,3.3529411764705883,4.25,290.36425196951797,Hard
2025-11-03,45545,Learner Tien,Cameron Norrie,P2,10,False,P1,0.5564679056406021,0.4435320943593979,1.6596638655462186,2.515923566878981,-10.0,280.36425196951797,Hard
2025-11-10,45574,Alexander Zverev,Ben Shelton,P1,10,True,P1,0.676891952753067,0.323108047246933,1.5954198473282442,2.6794871794871793,5.954198473282442,286.3184504428004,Hard
2025-11-10,45575,Taylor Fritz,Lorenzo Musetti,P1,10,True,P1,0.6908500343561172,0.30914996564388275,1.4965986394557824,3.0136986301369864,4.965986394557824,291.2844368373582,Hard
2025-11-10,45576,Jannik Sinner,Felix Auger-Aliassime,P2,10,False,P1,0.8428250588476658,0.1571749411523342,1.1131879543094496,9.8348623853211,-10.0,281.2844368373582,Hard
2025-11-10,45577,Carlos Alcaraz,Taylor Fritz,P1,10,True,P1,0.8264496773481369,0.1735503226518631,1.251546391752577,4.975409836065573,2.515463917525771,283.799900754884,Hard
2025-11-10,45578,Lorenzo Musetti,Alex de Minaur,P2,10,False,P1,0.2801584303379059,0.7198415696620941,3.3214285714285707,1.4307692307692306,-10.0,273.799900754884,Hard
2025-11-10,45579,Felix Auger-Aliassime,Ben Shelton,P1,10,True,P1,0.5372811406850815,0.4627188593149185,2.25,1.7999999999999998,12.5,286.299900754884,Hard
2025-11-10,45580,Jannik Sinner,Alexander Zverev,P2,10,False,P1,0.846453532576561,0.15354646742343903,1.1567267683772537,7.380530973451328,-10.0,276.299900754884,Hard
2025-11-10,45581,Alex de Minaur,Taylor Fritz,P1,10,True,P1,0.40240199863910675,0.5975980013608932,3.3525179856115113,1.4250764525993882,23.525179856115113,299.8250806109991,Hard
2025-11-10,45582,Carlos Alcaraz,Lorenzo Musetti,P1,10,True,P1,0.8902728259563446,0.1097271740436554,1.1656976744186047,7.035087719298246,1.6569767441860472,301.4820573551852,Hard
2025-11-10,45583,Jannik Sinner,Ben Shelton,P1,10,True,P1,0.8921542726457119,0.1078457273542881,1.1289566236811255,8.754545454545454,1.2895662368112548,302.77162359199644,Hard
2025-11-10,45584,Felix Auger-Aliassime,Alexander Zverev,P2,10,False,P1,0.46138158440589905,0.538618415594101,1.2391304347826089,5.181818181818182,-10.0,292.77162359199644,Hard
2025-11-10,45585,Jannik Sinner,Alex de Minaur,P1,10,True,P1,0.8948493599891663,0.10515064001083374,1.1289566236811255,8.754545454545454,1.2895662368112548,294.0611898288077,Hard
2025-11-10,45586,Carlos Alcaraz,Felix Auger-Aliassime,P2,10,False,P1,0.8027971088886261,0.1972028911113739,1.2391304347826089,5.181818181818182,-10.0,284.0611898288077,Hard
2025-11-10,45587,Jannik Sinner,Carlos Alcaraz,P2,10,False,P1,0.5443541407585144,0.4556458592414856,1.5357142857142856,2.8666666666666667,-10.0,274.0611898288077,Hard
2026-01-04,45627,Learner Tien,Camilo Ugo Carabelli,P1,10,True,P1,0.8648524880409241,0.13514751195907593,1.2303262955854128,5.341666666666668,2.3032629558541284,276.3644527846618,Hard
2026-01-05,45629,Nuno Borges,Damir Dzumhur,P1,10,True,P1,0.6988635212182999,0.30113647878170013,1.5104166666666667,2.9591836734693877,5.104166666666668,281.4686194513285,Hard
2026-01-05,45630,Marin Cilic,Adrian Mannarino,P2,10,False,P1,0.5172397196292877,0.4827602803707123,1.8194444444444444,2.2203389830508478,-10.0,271.4686194513285,Hard
2026-01-05,45641,Yibing Wu,Fabian Marozsan,P2,10,False,P1,0.4093114137649536,0.5906885862350464,2.296511627906977,1.7713004484304933,-10.0,261.4686194513285,Hard
2026-01-05,45631,Quentin Halys,Alexei Popyrin,P2,10,False,P1,0.37957024574279785,0.6204297542572021,2.5562500000000004,1.6425702811244978,-10.0,251.4686194513285,Hard
2026-01-05,45632,Jiri Lehecka,Tomas Machac,P1,10,True,P1,0.703027993440628,0.29697200655937195,1.5608856088560885,2.7828947368421053,5.608856088560885,257.0774755398894,Hard
2026-01-05,45633,Sebastian Korda,Valentin Vacherot,P2,10,False,P1,0.5243959128856659,0.4756040871143341,1.5833333333333335,2.7142857142857144,-10.0,247.0774755398894,Hard
2026-01-05,45634,Kamil Majchrzak,Daniel Altmaier,P1,10,True,P1,0.5210689008235931,0.47893109917640686,2.0,2.0,10.0,257.0774755398894,Hard
2026-01-05,45635,Alex Michelsen,James Duckworth,P2,10,False,P1,0.556255578994751,0.443744421005249,1.7792792792792793,2.2832369942196533,-10.0,247.0774755398894,Hard
2026-01-05,45640,Daniil Medvedev,Marton Fucsovics,P1,10,True,P1,0.7895011305809021,0.2104988694190979,1.3176178660049627,4.1484375,3.1761786600496267,250.25365419993904,Hard
2026-01-06,45646,Michael Mmoh,Alejandro Tabilo,P1,10,True,P1,0.45371851325035095,0.546281486749649,2.4424242424242424,1.6932773109243697,14.424242424242424,264.67789662418147,Hard
2026-01-06,45648,Gabriel Diallo,Jesper de Jong,P2,10,False,P1,0.510039359331131,0.489960640668869,1.4688524590163936,3.132867132867133,-10.0,254.67789662418147,Hard
2026-01-06,45650,Tomas Martin Etcheverry,Valentin Royer,P1,10,True,P1,0.5876568555831909,0.4123431444168091,2.0103626943005177,1.9897435897435893,10.103626943005178,264.78152356718664,Hard
2026-01-06,45651,Coleman Wong,Mariano Navone,P1,10,True,P1,0.6182460635900497,0.38175393640995026,1.8932038834951457,2.119565217391304,8.932038834951456,273.7135624021381,Hard
2026-01-06,45659,Juncheng Shang,Francisco Comesana,P2,10,False,P1,0.5989831984043121,0.40101680159568787,1.5938697318007664,2.6838709677419352,-10.0,263.7135624021381,Hard
2026-01-06,45644,Brandon Nakashima,Alejandro Davidovich Fokina,P2,10,False,P1,0.34923800826072693,0.6507619917392731,2.4723926380368098,1.6791666666666667,-10.0,253.7135624021381,Hard
2026-01-06,45660,Marcos Giron,Laslo Djere,P1,10,True,P1,0.5804483890533447,0.4195516109466553,1.7792792792792793,2.2832369942196533,7.792792792792794,261.5063551949309,Hard
2026-01-06,45645,Raphael Collignon,Denis Shapovalov,P2,10,False,P1,0.3635808527469635,0.6364191472530365,2.0913978494623655,1.9162561576354682,-10.0,251.5063551949309,Hard
2026-01-06,45661,Botic Van De Zandschulp,Jan-Lennard Struff,P1,10,True,P1,0.5080870091915131,0.49191299080848694,2.2832369942196533,1.7792792792792793,12.832369942196532,264.3387251371274,Hard
2026-01-06,45652,Grigor Dimitrov,Pablo Carreno Busta,P1,10,True,P1,0.7450730800628662,0.2549269199371338,1.5510948905109487,2.814569536423841,5.510948905109487,269.8496740422369,Hard
2026-01-06,45653,Giovanni Mpetshi Perricard,Tommy Paul,P2,10,False,P1,0.3413795232772827,0.6586204767227173,2.8079470198675502,1.5531135531135531,-10.0,259.8496740422369,Hard
2026-01-06,45654,Cameron Norrie,Ugo Humbert,P1,10,True,P1,0.5469681173563004,0.45303188264369965,2.2701149425287355,1.7873303167420815,12.701149425287355,272.5508234675243,Hard
2026-01-06,45655,Rinky Hijikata,Adam Walton,P2,10,False,P1,0.5144920349121094,0.4855079650878906,1.84037558685446,2.189944134078212,-10.0,262.5508234675243,Hard
2026-01-07,45667,Lorenzo Musetti,Tomas Martin Etcheverry,P2,10,False,P1,0.5657554864883423,0.4342445135116577,1.3714285714285712,3.6923076923076916,-10.0,252.5508234675243,Hard
2026-01-07,45668,Nuno Borges,Marin Cilic,P2,10,False,P1,0.48268042504787445,0.5173195749521255,1.9897435897435893,2.0103626943005177,-10.0,242.5508234675243,Hard
2026-01-07,45669,Coleman Wong,Gabriel Diallo,P1,10,True,P1,0.4113936722278595,0.5886063277721405,2.909722222222222,1.5236363636363635,19.097222222222218,261.64804568974654,Hard
2026-01-07,45670,Andrey Rublev,Yibing Wu,P2,10,False,P1,0.5333735048770905,0.46662649512290955,1.5807692307692307,2.721854304635762,-10.0,251.64804568974654,Hard
2026-01-07,45663,Sebastian Korda,Jiri Lehecka,P1,10,True,P1,0.4036799669265747,0.5963200330734253,2.5886075949367084,1.6294820717131475,15.886075949367084,267.5341216391136,Hard
2026-01-07,45664,Alex Michelsen,Learner Tien,P2,10,False,P1,0.28983274102211,0.71016725897789,2.647435897435897,1.6070038910505835,-10.0,257.5341216391136,Hard
2026-01-07,45671,Kamil Majchrzak,Reilly Opelka,P1,10,True,P1,0.5426965802907944,0.4573034197092056,2.142857142857143,1.875,11.428571428571427,268.96269306768505,Hard
2026-01-08,45676,Marcos Giron,Alexandre Muller,P1,10,True,P1,0.6047474890947342,0.3952525109052658,1.8530805687203793,2.1722222222222225,8.530805687203793,277.49349875488883,Hard
2026-01-08,45677,Juncheng Shang,Lorenzo Sonego,P2,10,False,P1,0.4938936233520508,0.5061063766479492,1.737991266375546,2.3550295857988166,-10.0,267.49349875488883,Hard
2026-01-08,45680,Michael Mmoh,Karen Khachanov,P1,10,True,P1,0.42586199939250946,0.5741380006074905,3.4233576642335763,1.4126506024096386,24.233576642335763,291.7270753972246,Hard
2026-01-08,45673,Aleksandar Kovacevic,Cameron Norrie,P2,10,False,P1,0.1531706228852272,0.8468293771147728,2.7697368421052633,1.5650557620817847,-10.0,281.7270753972246,Hard
2026-01-08,45674,Brandon Nakashima,Quentin Halys,P1,10,True,P1,0.6776382923126221,0.32236170768737793,1.4799999999999998,3.083333333333333,4.799999999999997,286.5270753972246,Hard
2026-01-08,45675,Giovanni Mpetshi Perricard,Rinky Hijikata,P1,10,True,P1,0.6159626692533493,0.3840373307466507,1.702127659574468,2.4242424242424243,7.0212765957446805,293.5483519929693,Hard
2026-01-08,45681,Raphael Collignon,Grigor Dimitrov,P2,10,False,P1,0.19843537360429764,0.8015646263957024,2.84,1.5434782608695654,-10.0,283.5483519929693,Hard
2026-01-09,45683,Lorenzo Musetti,Coleman Wong,P2,10,False,P1,0.641162097454071,0.35883790254592896,1.3185185185185186,4.1395348837209305,-10.0,273.5483519929693,Hard
2026-01-09,45685,Andrey Rublev,Nuno Borges,P2,10,False,P1,0.5447041392326355,0.4552958607673645,1.5687732342007437,2.758169934640523,-10.0,263.5483519929693,Hard
2026-01-09,45687,Marcos Giron,Michael Mmoh,P2,10,False,P1,0.5135523676872253,0.48644763231277466,1.6585365853658534,2.518518518518518,-10.0,253.5483519929693,Hard
2026-01-09,45688,Alexander Bublik,Juncheng Shang,P1,10,True,P1,0.6335180103778839,0.3664819896221161,1.612,2.633986928104575,6.120000000000001,259.6683519929693,Hard
2026-01-09,45682,Aleksandar Kovacevic,Giovanni Mpetshi Perricard,P2,10,False,P1,0.33089764416217804,0.669102355837822,2.308139534883721,1.7644444444444443,-10.0,249.6683519929693,Hard
2026-01-09,45684,Brandon Nakashima,Raphael Collignon,P2,10,False,P1,0.5294559895992279,0.4705440104007721,1.7241379310344829,2.380952380952381,-10.0,239.6683519929693,Hard
2026-01-09,45686,Alex Michelsen,Sebastian Korda,P1,10,True,P1,0.37467192113399506,0.6253280788660049,2.8926174496644297,1.5283687943262412,18.926174496644297,258.5945264896136,Hard
2026-01-09,45689,Daniil Medvedev,Kamil Majchrzak,P2,10,False,P1,0.7302348911762238,0.26976510882377625,1.196638655462185,6.085470085470087,-10.0,248.5945264896136,Hard
2026-01-10,45693,Lorenzo Musetti,Andrey Rublev,P1,10,True,P1,0.6039886474609375,0.3960113525390625,1.9000000000000001,2.111111111111111,9.000000000000002,257.5945264896136,Hard
2026-01-10,45696,Alexander Bublik,Marcos Giron,P2,10,False,P1,0.6040645241737366,0.3959354758262634,1.344,3.906976744186047,-10.0,247.5945264896136,Hard
2026-01-10,45691,Brandon Nakashima,Aleksandar Kovacevic,P2,10,False,P1,0.6928593218326569,0.30714067816734314,1.4053254437869822,3.4671532846715327,-10.0,237.5945264896136,Hard
2026-01-10,45694,Daniil Medvedev,Alex Michelsen,P1,10,True,P1,0.7779201939702034,0.2220798060297966,1.3125,4.2,3.125,240.7195264896136,Hard
2026-01-11,45697,Alexander Bublik,Lorenzo Musetti,P2,10,False,P1,0.48548635840415955,0.5145136415958405,1.9073170731707316,2.102150537634408,-10.0,230.7195264896136,Hard
2026-01-11,45698,Daniil Medvedev,Brandon Nakashima,P2,10,False,P1,0.7258097678422928,0.2741902321577072,1.3216957605985038,4.108527131782946,-10.0,220.7195264896136,Hard
2026-01-12,45706,Valentin Vacherot,Miomir Kecmanovic,P1,10,True,P1,0.6302780956029892,0.3697219043970108,1.8279069767441858,2.207865168539326,8.279069767441857,228.99859625705545,Hard
2026-01-12,45707,Jaume Munar,Daniel Altmaier,P2,10,False,P1,0.551891565322876,0.448108434677124,1.4490445859872612,3.2269503546099294,-10.0,218.99859625705545,Hard
2026-01-12,45702,Francisco Comesana,Valentin Royer,P2,10,False,P1,0.3469691425561905,0.6530308574438095,2.2701149425287355,1.7873303167420815,-10.0,208.99859625705545,Hard
2026-01-12,45709,Ugo Humbert,Terence Atmane,P1,10,True,P1,0.7861498668789864,0.21385013312101364,1.418181818181818,3.391304347826087,4.18181818181818,213.18041443887364,Hard
2026-01-12,45705,Sebastian Baez,Emilio Nava,P1,10,True,P1,0.6130788177251816,0.3869211822748184,2.2514285714285713,1.7990867579908678,12.514285714285712,225.69470015315935,Hard
2026-01-13,45710,Fabian Marozsan,Gael Monfils,P2,10,False,P1,0.5444217622280121,0.4555782377719879,1.7167381974248928,2.3952095808383236,-10.0,215.69470015315935,Hard
2026-01-13,45716,Tomas Machac,James Duckworth,P1,10,True,P1,0.6464368253946304,0.35356317460536957,1.624505928853755,2.60126582278481,6.245059288537551,221.9397594416969,Hard
2026-01-13,45711,Alex Michelsen,Mariano Navone,P1,10,True,P1,0.76650220900774,0.23349779099225998,1.3774647887323945,3.6492537313432836,3.7746478873239453,225.71440732902084,Hard
2026-01-13,45717,Quentin Halys,Jacob Fearnley,P2,10,False,P1,0.5947302579879761,0.4052697420120239,1.6596638655462186,2.515923566878981,-10.0,215.71440732902084,Hard
2026-01-13,45718,Rinky Hijikata,Tristan Schoolkate,P1,10,True,P1,0.623910129070282,0.376089870929718,1.7599999999999998,2.3157894736842106,7.599999999999998,223.31440732902084,Hard
2026-01-13,45712,Marcos Giron,Alexandre Muller,P1,10,True,P1,0.6727455407381058,0.3272544592618942,1.9400000000000002,2.0638297872340425,9.400000000000002,232.71440732902084,Hard
2026-01-13,45719,Alexander Shevchenko,Damir Dzumhur,P1,10,True,P1,0.5574635416269302,0.44253645837306976,1.8238095238095235,2.213872832369942,8.238095238095235,240.95250256711608,Hard
2026-01-13,45713,Hamad Medjedovic,Aleksandar Kovacevic,P2,10,False,P1,0.5667054802179337,0.43329451978206635,1.5730337078651684,2.745098039215686,-10.0,230.95250256711608,Hard
2026-01-13,45714,Giovanni Mpetshi Perricard,Roberto Bautista Agut,P2,10,False,P1,0.5682654827833176,0.43173451721668243,1.438871473354232,3.278571428571428,-10.0,220.95250256711608,Hard
2026-01-13,45721,Aleksandar Vukic,Stefanos Tsitsipas,P2,10,False,P1,0.21506838500499725,0.7849316149950027,3.906976744186047,1.344,-10.0,210.95250256711608,Hard
2026-01-13,45722,Marton Fucsovics,Ethan Quinn,P1,10,True,P1,0.6521981507539749,0.3478018492460251,1.7873303167420815,2.2701149425287355,7.873303167420815,218.8258057345369,Hard
2026-01-13,45715,Alejandro Tabilo,Camilo Ugo Carabelli,P1,10,True,P1,0.6923459619283676,0.3076540380716324,1.5104166666666667,2.9591836734693877,5.104166666666668,223.92997240120357,Hard
2026-01-13,45720,Nuno Borges,Tomas Martin Etcheverry,P2,10,False,P1,0.4976331889629364,0.5023668110370636,1.9400000000000002,2.0638297872340425,-10.0,213.92997240120357,Hard
2026-01-13,45723,Andrea Vavassori,Gabriel Diallo,P2,10,False,P1,0.2722536474466324,0.7277463525533676,3.5563909774436087,1.3911764705882355,-10.0,203.92997240120357,Hard
2026-01-14,45724,Jakub Mensik,Hamad Medjedovic,P2,10,False,P1,0.5584826767444611,0.44151732325553894,1.7590909090909093,2.317365269461078,-10.0,193.92997240120357,Hard
2026-01-14,45732,Alejandro Davidovich Fokina,Rinky Hijikata,P2,10,False,P1,0.6178410649299622,0.38215893507003784,1.425,3.3529411764705883,-10.0,183.92997240120357,Hard
2026-01-14,45725,Ben Shelton,Francisco Comesana,P1,10,True,P1,0.7747573256492615,0.22524267435073853,1.3125,4.2,3.125,187.05497240120357,Hard
2026-01-14,45734,Jaume Munar,Francisco Cerundolo,P2,10,False,P1,0.5115103721618652,0.48848962783813477,1.7590909090909093,2.317365269461078,-10.0,177.05497240120357,Hard
2026-01-14,45726,Fabian Marozsan,Casper Ruud,P2,10,False,P1,0.2945767790079117,0.7054232209920883,3.1428571428571432,1.4666666666666668,-10.0,167.05497240120357,Hard
2026-01-14,45727,Luciano Darderi,Alejandro Tabilo,P2,10,False,P1,0.23449981212615967,0.7655001878738403,2.419753086419753,1.7043478260869567,-10.0,157.05497240120357,Hard
2026-01-14,45735,Ugo Humbert,Tallon Griekspoor,P1,10,True,P1,0.658029094338417,0.34197090566158295,1.612,2.633986928104575,6.120000000000001,163.17497240120358,Hard
2026-01-14,45729,Marcos Giron,Alex Michelsen,P1,10,True,P1,0.539419874548912,0.46058012545108795,2.0,2.0,10.0,173.17497240120358,Hard
2026-01-14,45737,Tomas Machac,Quentin Halys,P1,10,True,P1,0.6276258081197739,0.37237419188022614,1.6596638655462186,2.515923566878981,6.596638655462186,179.77161105666576,Hard
2026-01-14,45738,Alexander Shevchenko,Marton Fucsovics,P1,10,True,P1,0.47651925683021545,0.5234807431697845,2.909722222222222,1.5236363636363635,19.097222222222218,198.868833278888,Hard
2026-01-14,45730,Sebastian Baez,Jenson Brooksby,P2,10,False,P1,0.35223527252674103,0.647764727473259,2.633986928104575,1.612,-10.0,188.868833278888,Hard
2026-01-14,45739,Aleksandar Vukic,Andrea Vavassori,P2,10,False,P1,0.5122554749250412,0.4877445250749588,1.7043478260869567,2.419753086419753,-10.0,178.868833278888,Hard
2026-01-14,45731,Eliot Spizzirri,Nuno Borges,P2,10,False,P1,0.3663408011198044,0.6336591988801956,2.213872832369942,1.8238095238095235,-10.0,168.868833278888,Hard
2026-01-15,45740,Marcos Giron,Luciano Darderi,P1,10,True,P1,0.7988862320780754,0.2011137679219246,1.4666666666666668,3.1428571428571432,4.666666666666668,173.53549994555465,Hard
2026-01-15,45741,Tomas Machac,Jaume Munar,P2,10,False,P1,0.493940606713295,0.506059393286705,1.8238095238095235,2.213872832369942,-10.0,163.53549994555465,Hard
2026-01-15,45742,Tommy Paul,Aleksandar Vukic,P1,10,True,P1,0.7868243902921677,0.21317560970783234,1.2817551963048501,4.549180327868853,2.8175519630485013,166.35305190860316,Hard
2026-01-15,45743,Ugo Humbert,Alexander Shevchenko,P2,10,False,P1,0.6944130510091782,0.30558694899082184,1.3125,4.2,-10.0,156.35305190860316,Hard
2026-01-15,45744,Alejandro Davidovich Fokina,Valentin Vacherot,P2,10,False,P1,0.5145568698644638,0.4854431301355362,1.612,2.633986928104575,-10.0,146.35305190860316,Hard
2026-01-16,45748,Jakub Mensik,Fabian Marozsan,P2,10,False,P1,0.5388779789209366,0.4611220210790634,1.3714285714285712,3.6923076923076916,-10.0,136.35305190860316,Hard
2026-01-16,45749,Sebastian Baez,Marcos Giron,P1,10,True,P1,0.4384722262620926,0.5615277737379074,2.515923566878981,1.6596638655462186,15.15923566878981,151.51228757739298,Hard
2026-01-16,45745,Sebastian Baez,Ben Shelton,P1,10,True,P1,0.30200356245040894,0.6979964375495911,4.549180327868853,1.2817551963048501,35.49180327868853,187.00409085608152,Hard
2026-01-16,45750,Tomas Machac,Tommy Paul,P2,10,False,P1,0.3390306383371353,0.6609693616628647,2.515923566878981,1.6596638655462186,-10.0,177.00409085608152,Hard
2026-01-16,45746,Jakub Mensik,Giovanni Mpetshi Perricard,P2,10,False,P1,0.5316936671733856,0.4683063328266144,1.7043478260869567,2.419753086419753,-10.0,167.00409085608152,Hard
2026-01-16,45747,Fabian Marozsan,Eliot Spizzirri,P2,10,False,P1,0.5456713736057281,0.45432862639427185,1.8238095238095235,2.213872832369942,-10.0,157.00409085608152,Hard
2026-01-16,45751,Ugo Humbert,Alejandro Davidovich Fokina,P1,10,True,P1,0.5526600629091263,0.4473399370908737,1.9000000000000001,2.111111111111111,9.000000000000002,166.00409085608152,Hard
2026-01-17,45752,Jakub Mensik,Sebastian Baez,P2,10,False,P1,0.5829123705625534,0.4170876294374466,1.5236363636363635,2.909722222222222,-10.0,156.00409085608152,Hard
2026-01-17,45753,Tomas Machac,Ugo Humbert,P2,10,False,P1,0.3556514084339142,0.6443485915660858,2.317365269461078,1.7590909090909093,-10.0,146.00409085608152,Hard
2026-01-18,45755,Corentin Moutet,Tristan Schoolkate,P2,10,False,P1,0.7032279819250107,0.2967720180749893,1.3911764705882355,3.5563909774436087,-10.0,136.00409085608152,Hard
2026-01-18,45756,Tomas Martin Etcheverry,Miomir Kecmanovic,P1,10,True,P1,0.6192671805620193,0.38073281943798065,1.8238095238095235,2.213872832369942,8.238095238095235,144.24218609417676,Hard
2026-01-18,45757,Francisco Cerundolo,Zhizhen Zhang,P1,10,True,P1,0.6884852051734924,0.31151479482650757,1.4666666666666668,3.1428571428571432,4.666666666666668,148.90885276084342,Hard
2026-01-18,45758,Alexander Zverev,Gabriel Diallo,P2,10,False,P1,0.7884357273578644,0.21156427264213562,1.1883333333333335,6.309734513274337,-10.0,138.90885276084342,Hard
2026-01-18,45759,Francisco Comesana,Patrick Kypson,P2,10,False,P1,0.5966107994318008,0.40338920056819916,1.6596638655462186,2.515923566878981,-10.0,128.90885276084342,Hard
2026-01-18,45762,Frances Tiafoe,Jason Kubler,P1,10,True,P1,0.8035531714558601,0.19644682854413986,1.344,3.906976744186047,3.440000000000001,132.3488527608434,Hard
2026-01-18,45763,Jaime Faria,Alexander Blockx,P2,10,False,P1,0.39694739878177643,0.6030526012182236,2.515923566878981,1.6596638655462186,-10.0,122.34885276084341,Hard
2026-01-18,45764,Marton Fucsovics,Camilo Ugo Carabelli,P2,10,False,P1,0.6543526649475098,0.34564733505249023,1.2666666666666666,4.75,-10.0,112.34885276084341,Hard
2026-01-18,45766,Alexander Bublik,Jenson Brooksby,P2,10,False,P1,0.6330310851335526,0.36696891486644745,1.344,3.906976744186047,-10.0,102.34885276084341,Hard
2026-01-18,45767,Yannick Hanfmann,Zachary Svajda,P1,10,True,P1,0.721611350774765,0.278388649225235,2.419753086419753,1.7043478260869567,14.197530864197532,116.54638362504095,Hard
2026-01-18,45768,Cameron Norrie,Benjamin Bonzi,P2,10,False,P1,0.7175611853599548,0.28243881464004517,1.3714285714285712,3.6923076923076916,-10.0,106.54638362504095,Hard
2026-01-18,45769,Carlos Alcaraz,Adam Walton,P2,10,False,P1,0.9230035915970802,0.07699640840291977,1.024390243902439,42.0,-10.0,96.54638362504095,Hard
2026-01-19,45770,Quentin Halys,Alejandro Tabilo,P2,10,False,P1,0.3517112135887146,0.6482887864112854,1.9000000000000001,2.111111111111111,-10.0,86.54638362504095,Hard
2026-01-19,45771,Nuno Borges,Felix Auger-Aliassime,P1,10,True,P1,0.2832370698451996,0.7167629301548004,3.906976744186047,1.344,29.069767441860467,115.61615106690141,Hard
2026-01-19,45772,Daniil Medvedev,Jesper de Jong,P2,10,False,P1,0.8286415562033653,0.17135844379663467,1.08,13.499999999999998,-10.0,105.61615106690141,Hard
2026-01-19,45773,Tommy Paul,Aleksandar Kovacevic,P1,10,True,P1,0.8153719827532768,0.18462801724672318,1.234,5.273504273504273,2.34,107.95615106690141,Hard
2026-01-19,45774,Hamad Medjedovic,Mariano Navone,P2,10,False,P1,0.6923418939113617,0.3076581060886383,1.425,3.3529411764705883,-10.0,97.95615106690141,Hard
2026-01-19,45775,Reilly Opelka,Nicolai Budkov Kjaer,P1,10,True,P1,0.628575012087822,0.37142498791217804,1.612,2.633986928104575,6.120000000000001,104.07615106690142,Hard
2026-01-19,45776,Alexander Shevchenko,Elias Ymer,P2,10,False,P1,0.5858703851699829,0.4141296148300171,1.5236363636363635,2.909722222222222,-10.0,94.07615106690142,Hard
2026-01-19,45777,Alex de Minaur,Mackenzie McDonald,P2,10,False,P1,0.8745649270713329,0.12543507292866707,1.0954545454545455,11.476190476190474,-10.0,84.07615106690142,Hard
2026-01-19,45778,Andrey Rublev,Matteo Arnaldi,P2,10,False,P1,0.6262035965919495,0.37379640340805054,1.2817551963048501,4.549180327868853,-10.0,74.07615106690142,Hard
2026-01-19,45779,Alejandro Davidovich Fokina,Filip Misolic,P2,10,False,P1,0.8087479472160339,0.19125205278396606,1.1059999999999999,10.433962264150942,-10.0,64.07615106690142,Hard
2026-01-19,45780,Fabian Marozsan,Arthur Rinderknech,P1,10,True,P1,0.5555257350206375,0.4444742649793625,1.9000000000000001,2.111111111111111,9.000000000000002,73.07615106690142,Hard
2026-01-19,45781,Learner Tien,Marcos Giron,P2,10,False,P1,0.550815224647522,0.449184775352478,1.570342205323194,2.7533333333333334,-10.0,63.07615106690142,Hard
2026-01-19,45782,Marin Cilic,Daniel Altmaier,P1,10,True,P1,0.6784184724092484,0.32158152759075165,1.570342205323194,2.7533333333333334,5.7034220532319395,68.77957312013336,Hard
2026-01-19,45783,Juncheng Shang,Roberto Bautista Agut,P2,10,False,P1,0.5978509783744812,0.4021490216255188,1.3714285714285712,3.6923076923076916,-10.0,58.779573120133364,Hard
2026-01-19,45784,Jordan Thompson,Juan Manuel Cerundolo,P2,10,False,P1,0.6266953349113464,0.37330466508865356,1.5236363636363635,2.909722222222222,-10.0,48.779573120133364,Hard
2026-01-19,45785,Thiago Agustin Tirante,Aleksandar Vukic,P1,10,True,P1,0.3676806539297104,0.6323193460702896,2.909722222222222,1.5236363636363635,19.097222222222218,67.87679534235558,Hard
2026-01-19,45786,Denis Shapovalov,Yunchaokete Bu,P1,10,True,P1,0.6778375655412674,0.3221624344587326,1.570342205323194,2.7533333333333334,5.7034220532319395,73.58021739558751,Hard
2026-01-19,45787,Botic Van De Zandschulp,Brandon Nakashima,P1,10,True,P1,0.430829718708992,0.569170281291008,3.3529411764705883,1.425,23.529411764705884,97.1096291602934,Hard
2026-01-19,45788,Rinky Hijikata,Adrian Mannarino,P2,10,False,P1,0.41832029819488525,0.5816797018051147,1.6596638655462186,2.515923566878981,-10.0,87.1096291602934,Hard
2026-01-19,45790,Kamil Majchrzak,Jacob Fearnley,P1,10,True,P1,0.7621354013681412,0.23786459863185883,1.5236363636363635,2.909722222222222,5.2363636363636346,92.34599279665703,Hard
2026-01-19,45791,Stan Wawrinka,Laslo Djere,P1,10,True,P1,0.6016833782196045,0.3983166217803955,1.9000000000000001,2.111111111111111,9.000000000000002,101.34599279665703,Hard
2026-01-19,45792,Novak Djokovic,Pedro Martinez,P2,10,False,P1,0.938517689704895,0.06148231029510498,1.0599999999999998,17.666666666666664,-10.0,91.34599279665703,Hard
2026-01-19,45793,Casper Ruud,Mattia Bellucci,P1,10,True,P1,0.8679815977811813,0.13201840221881866,1.234,5.273504273504273,2.34,93.68599279665703,Hard
2026-01-19,45796,Jaume Munar,Dalibor Svrcina,P1,10,True,P1,0.8227860927581787,0.1772139072418213,1.2817551963048501,4.549180327868853,2.8175519630485013,96.50354475970553,Hard
2026-01-19,45797,Alexandre Muller,Alexei Popyrin,P1,10,True,P1,0.4744732230901718,0.5255267769098282,3.3529411764705883,1.425,23.529411764705884,120.03295652441142,Hard
2026-01-20,45798,Lorenzo Musetti,Raphael Collignon,P2,10,False,P1,0.6767939031124115,0.3232060968875885,1.3125,4.2,-10.0,110.03295652441142,Hard
2026-01-20,45799,Ben Shelton,Ugo Humbert,P2,10,False,P1,0.5042514204978943,0.4957485795021057,1.6596638655462186,2.515923566878981,-10.0,100.03295652441142,Hard
2026-01-20,45800,Karen Khachanov,Alex Michelsen,P2,10,False,P1,0.5566303580999374,0.44336964190006256,1.6596638655462186,2.515923566878981,-10.0,90.03295652441142,Hard
2026-01-20,45801,Jakub Mensik,Pablo Carreno Busta,P2,10,False,P1,0.6634748578071594,0.3365251421928406,1.2817551963048501,4.549180327868853,-10.0,80.03295652441142,Hard
2026-01-20,45802,Luciano Darderi,Cristian Garin,P2,10,False,P1,0.5467227399349213,0.45327726006507874,1.570342205323194,2.7533333333333334,-10.0,70.03295652441142,Hard
2026-01-20,45803,Ethan Quinn,Tallon Griekspoor,P2,10,False,P1,0.2990725636482239,0.7009274363517761,2.213872832369942,1.8238095238095235,-10.0,60.03295652441142,Hard
2026-01-20,45804,Eliot Spizzirri,Joao Fonseca,P1,10,True,P1,0.3833903521299362,0.6166096478700638,2.7533333333333334,1.570342205323194,17.533333333333335,77.56628985774475,Hard
2026-01-20,45805,Sebastian Baez,Giovanni Mpetshi Perricard,P1,10,True,P1,0.5365352481603622,0.46346475183963776,2.419753086419753,1.7043478260869567,14.197530864197532,91.76382072194228,Hard
2026-01-20,45806,Nishesh Basavareddy,Christopher O'Connell,P2,10,False,P1,0.5200730413198471,0.4799269586801529,1.7043478260869567,2.419753086419753,-10.0,81.76382072194228,Hard
2026-01-20,45807,Lorenzo Sonego,Carlos Taberner,P2,10,False,P1,0.7615821808576584,0.2384178191423416,1.135,8.407407407407407,-10.0,71.76382072194228,Hard
2026-01-20,45808,Yibing Wu,Luca Nardi,P2,10,False,P1,0.6962160021066666,0.30378399789333344,1.3125,4.2,-10.0,61.76382072194228,Hard
2026-01-20,45811,Jannik Sinner,Hugo Gaston,P2,10,False,P1,0.9423539973795414,0.0576460026204586,1.0196078431372548,52.0,-10.0,51.76382072194228,Hard
2026-01-20,45812,Taylor Fritz,Valentin Royer,P2,10,False,P1,0.7282142639160156,0.2717857360839844,1.170769230769231,6.8558558558558556,-10.0,41.76382072194228,Hard
2026-01-20,45813,Hubert Hurkacz,Zizou Bergs,P2,10,False,P1,0.6761187016963959,0.3238812983036041,1.425,3.3529411764705883,-10.0,31.76382072194228,Hard
2026-01-20,45814,Vit Kopriva,Jan-Lennard Struff,P2,10,False,P1,0.2532985359430313,0.7467014640569687,3.1428571428571432,1.4666666666666668,-10.0,21.76382072194228,Hard
2026-01-20,45815,Tomas Machac,Grigor Dimitrov,P2,10,False,P1,0.39943258464336395,0.600567415356636,1.8238095238095235,2.213872832369942,-10.0,11.763820721942281,Hard
2026-01-20,45816,Stefanos Tsitsipas,Shintaro Mochizuki,P2,10,False,P1,0.8335508182644844,0.1664491817355156,1.170769230769231,6.8558558558558556,-10.0,1.763820721942281,Hard
2026-01-20,45817,James Duckworth,Dino Prizmic,P1,10,True,P1,0.6175370961427689,0.38246290385723114,2.213872832369942,1.8238095238095235,12.138728323699421,13.902549045641702,Hard
2026-01-21,45818,Francisco Cerundolo,Damir Dzumhur,P2,10,False,P1,0.7550298869609833,0.24497011303901672,1.2666666666666666,4.75,-10.0,3.9025490456417025,Hard
2026-01-21,45819,Tommy Paul,Thiago Agustin Tirante,P2,10,False,P1,0.7733436822891235,0.22665631771087646,1.1188888888888888,9.411214953271028,-10.0,-6.0974509543582975,Hard
2026-01-21,45820,Andrey Rublev,Jaime Faria,P2,10,False,P1,0.7824699282646179,0.21753007173538208,1.1571428571428573,7.363636363636364,-10.0,-16.097450954358298,Hard
2026-01-21,45821,Fabian Marozsan,Kamil Majchrzak,P2,10,False,P1,0.5029220581054688,0.49707794189453125,1.6596638655462186,2.515923566878981,-10.0,-26.097450954358298,Hard
2026-01-21,45822,Daniil Medvedev,Quentin Halys,P2,10,False,P1,0.786085806787014,0.213914193212986,1.1571428571428573,7.363636363636364,-10.0,-36.097450954358294,Hard
2026-01-21,45824,Carlos Alcaraz,Yannick Hanfmann,P2,10,False,P1,0.8735000342130661,0.1264999657869339,1.038846153846154,26.742574257425744,-10.0,-46.097450954358294,Hard
2026-01-21,45825,Alexander Bublik,Marton Fucsovics,P2,10,False,P1,0.7510222941637039,0.24897770583629608,1.2666666666666666,4.75,-10.0,-56.097450954358294,Hard
2026-01-21,45826,Alejandro Davidovich Fokina,Reilly Opelka,P2,10,False,P1,0.5749166011810303,0.4250833988189697,1.4666666666666668,3.1428571428571432,-10.0,-66.0974509543583,Hard
2026-01-21,45827,Learner Tien,Alexander Shevchenko,P2,10,False,P1,0.7128343284130096,0.28716567158699036,1.234,5.273504273504273,-10.0,-76.0974509543583,Hard
2026-01-21,45829,Nuno Borges,Jordan Thompson,P2,10,False,P1,0.6195742338895798,0.3804257661104202,1.612,2.633986928104575,-10.0,-86.0974509543583,Hard
2026-01-21,45830,Alexander Zverev,Alexandre Muller,P2,10,False,P1,0.8533392697572708,0.1466607302427292,1.0954545454545455,11.476190476190474,-10.0,-96.0974509543583,Hard
2026-01-21,45831,Alex de Minaur,Hamad Medjedovic,P2,10,False,P1,0.7963575199246407,0.20364248007535934,1.1883333333333335,6.309734513274337,-10.0,-106.0974509543583,Hard
2026-01-21,45832,Cameron Norrie,Emilio Nava,P1,10,True,P1,0.7041871547698975,0.29581284523010254,1.5236363636363635,2.909722222222222,5.2363636363636346,-100.86108731799466,Hard
2026-01-21,45833,Frances Tiafoe,Francisco Comesana,P2,10,False,P1,0.6184665560722351,0.3815334439277649,1.4666666666666668,3.1428571428571432,-10.0,-110.86108731799466,Hard
2026-01-22,45834,Karen Khachanov,Nishesh Basavareddy,P2,10,False,P1,0.6869920641183853,0.3130079358816147,1.344,3.906976744186047,-10.0,-120.86108731799466,Hard
2026-01-22,45837,Lorenzo Musetti,Lorenzo Sonego,P2,10,False,P1,0.6506334096193314,0.34936659038066864,1.425,3.3529411764705883,-10.0,-130.86108731799465,Hard
2026-01-22,45839,Luciano Darderi,Sebastian Baez,P2,10,False,P1,0.31370826065540314,0.6862917393445969,2.633986928104575,1.612,-10.0,-140.86108731799465,Hard
2026-01-22,45840,Valentin Vacherot,Rinky Hijikata,P1,10,True,P1,0.6509745270013809,0.3490254729986191,1.570342205323194,2.7533333333333334,5.7034220532319395,-135.1576652647627,Hard
2026-01-22,45841,Ethan Quinn,Hubert Hurkacz,P2,10,False,P1,0.17091819643974304,0.829081803560257,4.2,1.3125,-10.0,-145.1576652647627,Hard
2026-01-22,45842,Eliot Spizzirri,Yibing Wu,P2,10,False,P1,0.5678381323814392,0.4321618676185608,1.7590909090909093,2.317365269461078,-10.0,-155.1576652647627,Hard
2026-01-22,45843,Botic Van De Zandschulp,Juncheng Shang,P1,10,True,P1,0.47040949761867523,0.5295905023813248,2.419753086419753,1.7043478260869567,14.197530864197532,-140.96013440056515,Hard
2026-01-22,45844,Marin Cilic,Denis Shapovalov,P1,10,True,P1,0.4846634268760681,0.5153365731239319,2.317365269461078,1.7590909090909093,13.17365269461078,-127.78648170595437,Hard
2026-01-22,45845,Jannik Sinner,James Duckworth,P2,10,False,P1,0.9367971885949373,0.06320281140506268,1.0196078431372548,52.0,-10.0,-137.78648170595437,Hard
2026-01-22,45846,Tomas Machac,Stefanos Tsitsipas,P2,10,False,P1,0.4964039623737335,0.5035960376262665,1.7590909090909093,2.317365269461078,-10.0,-147.78648170595437,Hard
2026-01-22,45848,Taylor Fritz,Vit Kopriva,P2,10,False,P1,0.8116492629051208,0.18835073709487915,1.135,8.407407407407407,-10.0,-157.78648170595437,Hard
2026-01-22,45849,Casper Ruud,Jaume Munar,P1,10,True,P1,0.7174606770277023,0.28253932297229767,1.4666666666666668,3.1428571428571432,4.666666666666668,-153.11981503928772,Hard
2026-01-23,45850,Learner Tien,Nuno Borges,P2,10,False,P1,0.5946933180093765,0.4053066819906235,1.4666666666666668,3.1428571428571432,-10.0,-163.11981503928772,Hard
2026-01-23,45851,Daniil Medvedev,Fabian Marozsan,P2,10,False,P1,0.7640169858932495,0.2359830141067505,1.234,5.273504273504273,-10.0,-173.11981503928772,Hard
2026-01-23,45852,Tommy Paul,Alejandro Davidovich Fokina,P2,10,False,P1,0.5905393064022064,0.4094606935977936,1.5236363636363635,2.909722222222222,-10.0,-183.11981503928772,Hard
2026-01-23,45853,Carlos Alcaraz,Corentin Moutet,P2,10,False,P1,0.8942689634859562,0.10573103651404381,1.0480952380952382,21.792079207920793,-10.0,-193.11981503928772,Hard
2026-01-23,45854,Alexander Zverev,Cameron Norrie,P2,10,False,P1,0.7419577911496162,0.25804220885038376,1.2666666666666666,4.75,-10.0,-203.11981503928772,Hard
2026-01-23,45855,Alex de Minaur,Frances Tiafoe,P2,10,False,P1,0.7597657293081284,0.24023427069187164,1.234,5.273504273504273,-10.0,-213.11981503928772,Hard
2026-01-23,45856,Francisco Cerundolo,Andrey Rublev,P1,10,True,P1,0.5059337168931961,0.4940662831068039,2.213872832369942,1.8238095238095235,12.138728323699421,-200.9810867155883,Hard
2026-01-23,45857,Alexander Bublik,Tomas Martin Etcheverry,P2,10,False,P1,0.6800286620855331,0.31997133791446686,1.2666666666666666,4.75,-10.0,-210.9810867155883,Hard
2026-01-24,45858,Luciano Darderi,Karen Khachanov,P1,10,True,P1,0.2697942554950714,0.7302057445049286,4.75,1.2666666666666666,37.5,-173.4810867155883,Hard
2026-01-24,45859,Lorenzo Musetti,Tomas Machac,P2,10,False,P1,0.4404742568731308,0.5595257431268692,1.570342205323194,2.7533333333333334,-10.0,-183.4810867155883,Hard
2026-01-24,45861,Ben Shelton,Valentin Vacherot,P2,10,False,P1,0.6221359074115753,0.3778640925884247,1.2817551963048501,4.549180327868853,-10.0,-193.4810867155883,Hard
2026-01-24,45862,Taylor Fritz,Stan Wawrinka,P2,10,False,P1,0.6615927219390869,0.3384072780609131,1.135,8.407407407407407,-10.0,-203.4810867155883,Hard
2026-01-24,45863,Novak Djokovic,Botic Van De Zandschulp,P2,10,False,P1,0.8765296712517738,0.12347032874822617,1.1059999999999999,10.433962264150942,-10.0,-213.4810867155883,Hard
2026-01-24,45864,Jakub Mensik,Ethan Quinn,P1,10,True,P1,0.7190562635660172,0.28094373643398285,1.5236363636363635,2.909722222222222,5.2363636363636346,-208.24472307922468,Hard
2026-01-24,45865,Casper Ruud,Marin Cilic,P2,10,False,P1,0.630809411406517,0.36919058859348297,1.3911764705882355,3.5563909774436087,-10.0,-218.24472307922468,Hard
2026-01-25,45866,Carlos Alcaraz,Tommy Paul,P2,10,False,P1,0.7933200374245644,0.20667996257543564,1.135,8.407407407407407,-10.0,-228.24472307922468,Hard
2026-01-25,45867,Alexander Zverev,Francisco Cerundolo,P1,10,True,P1,0.7890701293945312,0.21092987060546875,1.425,3.3529411764705883,4.25,-223.99472307922468,Hard
2026-01-25,45868,Alex de Minaur,Alexander Bublik,P1,10,True,P1,0.6572926640510559,0.3427073359489441,1.612,2.633986928104575,6.120000000000001,-217.87472307922468,Hard
2026-01-25,45869,Learner Tien,Daniil Medvedev,P2,10,False,P1,0.253075048327446,0.746924951672554,2.909722222222222,1.5236363636363635,-10.0,-227.87472307922468,Hard
2026-01-26,45870,Lorenzo Musetti,Taylor Fritz,P2,10,False,P1,0.39940668642520905,0.600593313574791,2.213872832369942,1.8238095238095235,-10.0,-237.87472307922468,Hard
2026-01-26,45871,Jannik Sinner,Luciano Darderi,P2,10,False,P1,0.934528723359108,0.06547127664089203,1.038846153846154,26.742574257425744,-10.0,-247.87472307922468,Hard
2026-01-26,45873,Ben Shelton,Casper Ruud,P2,10,False,P1,0.5342466831207275,0.46575331687927246,1.612,2.633986928104575,-10.0,-257.8747230792247,Hard
2026-01-27,45874,Alexander Zverev,Learner Tien,P1,10,True,P1,0.7545742690563202,0.2454257309436798,1.5236363636363635,2.909722222222222,5.2363636363636346,-252.63835944286103,Hard
2026-01-27,45875,Carlos Alcaraz,Alex de Minaur,P2,10,False,P1,0.8055393397808075,0.1944606602191925,1.2072727272727273,5.824561403508772,-10.0,-262.63835944286103,Hard
2026-01-28,45872,Novak Djokovic,Jakub Mensik,P1,10,True,P1,0.888373252004385,0.111626747995615,1.3125,4.2,3.125,-259.51335944286103,Hard
2026-01-28,45876,Novak Djokovic,Lorenzo Musetti,P1,10,True,P1,0.8626234233379364,0.1373765766620636,1.3714285714285712,3.6923076923076916,3.714285714285712,-255.7990737285753,Hard
2026-01-28,45877,Jannik Sinner,Ben Shelton,P2,10,False,P1,0.8471947237849236,0.15280527621507645,1.135,8.407407407407407,-10.0,-265.7990737285753,Hard
2026-01-30,45878,Carlos Alcaraz,Alexander Zverev,P2,10,False,P1,0.765421986579895,0.23457801342010498,1.2072727272727273,5.824561403508772,-10.0,-275.7990737285753,Hard
2026-01-30,45879,Novak Djokovic,Jannik Sinner,P1,10,True,P1,0.443508118391037,0.556491881608963,10.433962264150942,1.1059999999999999,94.33962264150942,-181.45945108706587,Hard
2026-02-01,45880,Carlos Alcaraz,Novak Djokovic,P2,10,False,P1,0.3968707323074341,0.6031292676925659,1.3714285714285712,3.6923076923076916,-10.0,-191.45945108706587,Hard
2026-02-02,45881,Roberto Bautista Agut,Christopher O'Connell,P2,10,False,P1,0.5610770583152771,0.4389229416847229,1.7590909090909093,2.317365269461078,-10.0,-201.45945108706587,Hard
2026-02-02,45883,Adrian Mannarino,Pedro Martinez,P1,10,True,P1,0.731516033411026,0.268483966588974,1.7043478260869567,2.419753086419753,7.043478260869566,-194.4159728261963,Hard
2026-02-03,45884,Ugo Humbert,Botic Van De Zandschulp,P2,10,False,P1,0.64468614757061,0.35531385242938995,1.344,3.906976744186047,-10.0,-204.4159728261963,Hard
2026-02-03,45887,Ugo Blanchet,Andrea Vavassori,P2,10,False,P1,0.354590967297554,0.645409032702446,2.419753086419753,1.7043478260869567,-10.0,-214.4159728261963,Hard
2026-02-03,45888,Pablo Carreno Busta,Miomir Kecmanovic,P1,10,True,P1,0.6176246851682663,0.3823753148317337,2.213872832369942,1.8238095238095235,12.138728323699421,-202.2772445024969,Hard
2026-02-04,45891,Adrian Mannarino,Ugo Humbert,P1,10,True,P1,0.24450527876615524,0.7554947212338448,5.273504273504273,1.234,42.73504273504273,-159.54220176745417,Hard
2026-02-04,45894,Luca Nardi,Nikoloz Basilashvili,P2,10,False,P1,0.5196195393800735,0.48038046061992645,1.7043478260869567,2.419753086419753,-10.0,-169.54220176745417,Hard
2026-02-04,45895,Stan Wawrinka,Hamad Medjedovic,P1,10,True,P1,0.533428743481636,0.46657125651836395,2.909722222222222,1.5236363636363635,19.097222222222218,-150.44497954523194,Hard
2026-02-05,45896,Felix Auger-Aliassime,Stan Wawrinka,P2,10,False,P1,0.6800131499767303,0.31998685002326965,1.3714285714285712,3.6923076923076916,-10.0,-160.44497954523194,Hard
2026-02-05,45897,Luca Nardi,Flavio Cobolli,P2,10,False,P1,0.42380961775779724,0.5761903822422028,2.213872832369942,1.8238095238095235,-10.0,-170.44497954523194,Hard
2026-02-05,45898,Tallon Griekspoor,Pablo Carreno Busta,P2,10,False,P1,0.43016621470451355,0.5698337852954865,1.7043478260869567,2.419753086419753,-10.0,-180.44497954523194,Hard
2026-02-05,45900,Arthur Fils,Ugo Blanchet,P1,10,True,P1,0.850701630115509,0.14929836988449097,1.3125,4.2,3.125,-177.31997954523194,Hard
2026-02-07,45902,Felix Auger-Aliassime,Arthur Fils,P2,10,False,P1,0.5583303272724152,0.44166967272758484,1.570342205323194,2.7533333333333334,-10.0,-187.31997954523194,Hard
2026-02-08,45905,Felix Auger-Aliassime,Titouan Droguet,P1,10,True,P1,0.8237621337175369,0.17623786628246307,1.2817551963048501,4.549180327868853,2.8175519630485013,-184.50242758218343,Hard
2026-02-08,45907,Felix Auger-Aliassime,Adrian Mannarino,P2,10,False,P1,0.7487873136997223,0.2512126863002777,1.234,5.273504273504273,-10.0,-194.50242758218343,Hard
2026-02-09,45912,Brandon Nakashima,Mattia Bellucci,P1,10,True,P1,0.7092320472002029,0.29076795279979706,1.4666666666666668,3.1428571428571432,4.666666666666668,-189.83576091551677,Hard
2026-02-09,45909,Ugo Humbert,Daniil Medvedev,P1,10,True,P1,0.3840835988521576,0.6159164011478424,2.909722222222222,1.5236363636363635,19.097222222222218,-170.73853869329454,Hard
2026-02-09,45914,Hugo Dellien,Damir Dzumhur,P2,10,False,P1,0.31713302433490753,0.6828669756650925,1.9000000000000001,2.111111111111111,-10.0,-180.73853869329454,Clay
2026-02-09,45910,Cameron Norrie,Roberto Bautista Agut,P2,10,False,P1,0.596903070807457,0.40309692919254303,1.344,3.906976744186047,-10.0,-190.73853869329454,Hard
2026-02-09,45911,Christopher O'Connell,Valentin Royer,P1,10,True,P1,0.5273264050483704,0.47267359495162964,2.111111111111111,1.9000000000000001,11.11111111111111,-179.62742758218343,Hard
2026-02-10,45917,Alejandro Davidovich Fokina,Zachary Svajda,P1,10,True,P1,0.7911142110824585,0.2088857889175415,1.5236363636363635,2.909722222222222,5.2363636363636346,-174.39106394581978,Hard
2026-02-10,45918,Frances Tiafoe,Terence Atmane,P2,10,False,P1,0.6694587767124176,0.3305412232875824,1.3125,4.2,-10.0,-184.39106394581978,Hard
2026-02-10,45925,Miomir Kecmanovic,Sho Shimabukuro,P1,10,True,P1,0.6606298387050629,0.33937016129493713,1.6596638655462186,2.515923566878981,6.596638655462186,-177.7944252903576,Hard
2026-02-10,45915,Jaume Munar,Nicolai Budkov Kjaer,P2,10,False,P1,0.6340603828430176,0.3659396171569824,1.5236363636363635,2.909722222222222,-10.0,-187.7944252903576,Hard
2026-02-10,45927,Roman Andres Burruchaga,Laslo Djere,P2,10,False,P1,0.31159837543964386,0.6884016245603561,1.7590909090909093,2.317365269461078,-10.0,-197.7944252903576,Clay
2026-02-10,45926,Marin Cilic,Learner Tien,P1,10,True,P1,0.38242730498313904,0.617572695016861,3.3529411764705883,1.425,23.529411764705884,-174.2650135256517,Hard
2026-02-10,45921,Alex de Minaur,Arthur Fils,P2,10,False,P1,0.7460967004299164,0.2539032995700836,1.2817551963048501,4.549180327868853,-10.0,-184.2650135256517,Hard
2026-02-10,45928,Juan Manuel Cerundolo,Daniel Altmaier,P1,10,True,P1,0.608960434794426,0.39103956520557404,1.7590909090909093,2.317365269461078,7.590909090909093,-176.67410443474262,Clay
2026-02-10,45922,Tallon Griekspoor,Giovanni Mpetshi Perricard,P2,10,False,P1,0.5140338242053986,0.48596617579460144,1.570342205323194,2.7533333333333334,-10.0,-186.67410443474262,Hard
2026-02-10,45929,Tomas Barrios Vera,Thiago Seyboth Wild,P2,10,False,P1,0.44876499474048615,0.5512350052595139,1.7043478260869567,2.419753086419753,-10.0,-196.67410443474262,Clay
2026-02-10,45924,Jan-Lennard Struff,Hugo Grenier,P1,10,True,P1,0.7286660969257355,0.2713339030742645,1.425,3.3529411764705883,4.25,-192.42410443474262,Hard
2026-02-10,45930,Alejandro Tabilo,Facundo Diaz Acosta,P1,10,True,P1,0.7215266227722168,0.2784733772277832,1.9000000000000001,2.111111111111111,9.000000000000002,-183.42410443474262,Clay
2026-02-11,45933,Taylor Fritz,Marcos Giron,P1,10,True,P1,0.6916776299476624,0.30832237005233765,1.4666666666666668,3.1428571428571432,4.666666666666668,-178.75743776807596,Hard
2026-02-11,45934,Ben Shelton,Gabriel Diallo,P2,10,False,P1,0.6956701278686523,0.30432987213134766,1.234,5.273504273504273,-10.0,-188.75743776807596,Hard
2026-02-11,45938,Camilo Ugo Carabelli,Francisco Comesana,P2,10,False,P1,0.4453464597463608,0.5546535402536392,1.8238095238095235,2.213872832369942,-10.0,-198.75743776807596,Clay
2026-02-11,45939,Matteo Berrettini,Federico Coria,P1,10,True,P1,0.8716558068990707,0.12834419310092926,1.170769230769231,6.8558558558558556,1.70769230769231,-197.04974546038366,Clay
2026-02-11,45940,Ignacio Buse,Francesco Passaro,P1,10,True,P1,0.639446035027504,0.36055396497249603,2.515923566878981,1.6596638655462186,15.15923566878981,-181.89050979159384,Clay
2026-02-11,45937,Alex Michelsen,Grigor Dimitrov,P2,10,False,P1,0.2818022817373276,0.7181977182626724,1.9000000000000001,2.111111111111111,-10.0,-191.89050979159384,Hard
2026-02-11,45942,Christopher O'Connell,Cameron Norrie,P1,10,True,P1,0.3184685558080673,0.6815314441919327,4.2,1.3125,32.0,-159.89050979159384,Hard
2026-02-11,45946,Mariano Navone,Emilio Nava,P2,10,False,P1,0.5868864804506302,0.4131135195493698,1.5236363636363635,2.909722222222222,-10.0,-169.89050979159384,Clay
2026-02-11,45943,Alexander Bublik,Hubert Hurkacz,P2,10,False,P1,0.47344301640987396,0.526556983590126,1.7590909090909093,2.317365269461078,-10.0,-179.89050979159384,Hard
2026-02-11,45944,Karen Khachanov,Jesper de Jong,P2,10,False,P1,0.6664756238460541,0.3335243761539459,1.2072727272727273,5.824561403508772,-10.0,-189.89050979159384,Hard
2026-02-11,45945,Stefanos Tsitsipas,Arthur Rinderknech,P1,10,True,P1,0.6281371414661407,0.37186285853385925,1.612,2.633986928104575,6.120000000000001,-183.77050979159384,Hard
2026-02-12,45950,Sebastian Korda,Frances Tiafoe,P1,10,True,P1,0.6327218562364578,0.3672781437635422,1.8238095238095235,2.213872832369942,8.238095238095235,-175.5324145534986,Hard
2026-02-12,45951,Taylor Fritz,Brandon Nakashima,P1,10,True,P1,0.6814917922019958,0.31850820779800415,1.6596638655462186,2.515923566878981,6.596638655462186,-168.9357758980364,Hard
2026-02-12,45957,Francisco Cerundolo,Hugo Dellien,P2,10,False,P1,0.8116110861301422,0.1883889138698578,1.1883333333333335,6.309734513274337,-10.0,-178.9357758980364,Clay
2026-02-12,45958,Alejandro Tabilo,Joao Fonseca,P1,10,True,P1,0.43667878210544586,0.5633212178945541,2.515923566878981,1.6596638655462186,15.15923566878981,-163.7765402292466,Clay
2026-02-12,45952,Alejandro Davidovich Fokina,Alex Michelsen,P1,10,True,P1,0.6112577170133591,0.38874228298664093,1.8238095238095235,2.213872832369942,8.238095238095235,-155.53844499115135,Hard
2026-02-12,45959,Tomas Martin Etcheverry,Roman Andres Burruchaga,P1,10,True,P1,0.7038929760456085,0.2961070239543915,1.5236363636363635,2.909722222222222,5.2363636363636346,-150.30208135478773,Clay
2026-02-12,45953,Tommy Paul,Jenson Brooksby,P2,10,False,P1,0.6941560804843903,0.30584391951560974,1.3911764705882355,3.5563909774436087,-10.0,-160.30208135478773,Hard
2026-02-12,45960,Vit Kopriva,Matteo Berrettini,P2,10,False,P1,0.0985727533698082,0.9014272466301918,3.1428571428571432,1.4666666666666668,-10.0,-170.30208135478773,Clay
2026-02-12,45948,Tallon Griekspoor,Quentin Halys,P2,10,False,P1,0.5992869883775711,0.4007130116224289,1.6596638655462186,2.515923566878981,-10.0,-180.30208135478773,Hard
2026-02-12,45954,Adrian Mannarino,Adam Walton,P1,10,True,P1,0.7149240076541901,0.28507599234580994,1.7590909090909093,2.317365269461078,7.590909090909093,-172.71117226387864,Hard
2026-02-12,45965,Luciano Darderi,Tomas Barrios Vera,P1,10,True,P1,0.7406434565782547,0.2593565434217453,1.3714285714285712,3.6923076923076916,3.714285714285712,-168.99688654959292,Clay
2026-02-12,45949,Felix Auger-Aliassime,Alexei Popyrin,P1,10,True,P1,0.8353622108697891,0.16463778913021088,1.2817551963048501,4.549180327868853,2.8175519630485013,-166.17933458654443,Hard
2026-02-12,45956,Eliot Spizzirri,James Duckworth,P2,10,False,P1,0.6813231855630875,0.31867681443691254,1.3714285714285712,3.6923076923076916,-10.0,-176.17933458654443,Hard
2026-02-12,45961,Alex de Minaur,Stan Wawrinka,P2,10,False,P1,0.7657690048217773,0.23423099517822266,1.1571428571428573,7.363636363636364,-10.0,-186.17933458654443,Hard
2026-02-12,45962,Jaume Munar,Karen Khachanov,P2,10,False,P1,0.3636009693145752,0.6363990306854248,2.419753086419753,1.7043478260869567,-10.0,-196.17933458654443,Hard
2026-02-12,45964,Botic Van De Zandschulp,Stefanos Tsitsipas,P1,10,True,P1,0.39649343490600586,0.6035065650939941,3.1428571428571432,1.4666666666666668,21.42857142857143,-174.75076315797298,Hard
2026-02-13,45972,Camilo Ugo Carabelli,Mariano Navone,P1,10,True,P1,0.4314652681350708,0.5685347318649292,2.419753086419753,1.7043478260869567,14.197530864197532,-160.55323229377547,Clay
2026-02-13,45968,Ben Shelton,Adrian Mannarino,P2,10,False,P1,0.6860348731279373,0.3139651268720627,1.2666666666666666,4.75,-10.0,-170.55323229377547,Hard
2026-02-13,45973,Sebastian Baez,Ignacio Buse,P2,10,False,P1,0.5466149151325226,0.4533850848674774,1.425,3.3529411764705883,-10.0,-180.55323229377547,Clay
2026-02-13,45969,Denis Shapovalov,Aleksandar Kovacevic,P2,10,False,P1,0.6183098405599594,0.3816901594400406,1.3911764705882355,3.5563909774436087,-10.0,-190.55323229377547,Hard
2026-02-13,45974,Pedro Martinez,Juan Manuel Cerundolo,P1,10,True,P1,0.4521979093551636,0.5478020906448364,2.633986928104575,1.612,16.33986928104575,-174.2133630127297,Clay
2026-02-13,45970,Marin Cilic,Ethan Quinn,P1,10,True,P1,0.6983418762683868,0.30165812373161316,1.612,2.633986928104575,6.120000000000001,-168.0933630127297,Hard
2026-02-13,45978,Tomas Martin Etcheverry,Alejandro Tabilo,P2,10,False,P1,0.5312660187482834,0.4687339812517166,1.7043478260869567,2.419753086419753,-10.0,-178.0933630127297,Clay
2026-02-13,45966,Alexander Bublik,Jan-Lennard Struff,P2,10,False,P1,0.676931768655777,0.323068231344223,1.425,3.3529411764705883,-10.0,-188.0933630127297,Hard
2026-02-13,45982,Francisco Cerundolo,Vit Kopriva,P2,10,False,P1,0.7393255531787872,0.26067444682121277,1.2072727272727273,5.824561403508772,-10.0,-198.0933630127297,Clay
2026-02-13,45967,Felix Auger-Aliassime,Hamad Medjedovic,P1,10,True,P1,0.8513313457369804,0.14866865426301956,1.2817551963048501,4.549180327868853,2.8175519630485013,-195.27581104968118,Hard
2026-02-13,45977,Miomir Kecmanovic,Tommy Paul,P1,10,True,P1,0.22363825142383575,0.7763617485761642,5.273504273504273,1.234,42.73504273504273,-152.54076831463846,Hard
2026-02-13,45975,Alex de Minaur,Botic Van De Zandschulp,P2,10,False,P1,0.7325043082237244,0.26749569177627563,1.1883333333333335,6.309734513274337,-10.0,-162.54076831463846,Hard
2026-02-13,45980,Taylor Fritz,Sebastian Korda,P1,10,True,P1,0.6418747156858444,0.3581252843141556,1.612,2.633986928104575,6.120000000000001,-156.42076831463845,Hard
2026-02-13,45976,Ugo Humbert,Christopher O'Connell,P2,10,False,P1,0.7085896879434586,0.29141031205654144,1.2666666666666666,4.75,-10.0,-166.42076831463845,Hard
2026-02-13,45979,Felix Auger-Aliassime,Tallon Griekspoor,P1,10,True,P1,0.7908640056848526,0.2091359943151474,1.3714285714285712,3.6923076923076916,3.714285714285712,-162.70648260035273,Hard
2026-02-14,45986,Luciano Darderi,Pedro Martinez,P2,10,False,P1,0.6318564862012863,0.3681435137987137,1.2127272727272729,5.700854700854702,-10.0,-172.70648260035273,Clay
2026-02-14,45987,Sebastian Baez,Camilo Ugo Carabelli,P2,10,False,P1,0.633042499423027,0.36695750057697296,1.570342205323194,2.7533333333333334,-10.0,-182.70648260035273,Clay
2026-02-14,45984,Ben Shelton,Miomir Kecmanovic,P2,10,False,P1,0.7213944345712662,0.2786055654287338,1.2666666666666666,4.75,-10.0,-192.70648260035273,Hard
2026-02-14,45983,Alexander Bublik,Jaume Munar,P1,10,True,P1,0.6389743536710739,0.3610256463289261,1.570342205323194,2.7533333333333334,5.7034220532319395,-187.00306054712078,Hard
2026-02-14,45985,Denis Shapovalov,Alejandro Davidovich Fokina,P2,10,False,P1,0.4194474518299103,0.5805525481700897,1.8238095238095235,2.213872832369942,-10.0,-197.00306054712078,Hard
2026-02-14,45988,Alex de Minaur,Ugo Humbert,P2,10,False,P1,0.6242531985044479,0.37574680149555206,1.4666666666666668,3.1428571428571432,-10.0,-207.00306054712078,Hard
2026-02-15,45992,Francisco Cerundolo,Tomas Martin Etcheverry,P2,10,False,P1,0.567356139421463,0.432643860578537,1.4666666666666668,3.1428571428571432,-10.0,-217.00306054712078,Clay
2026-02-15,45993,Luciano Darderi,Sebastian Baez,P2,10,False,P1,0.5042994171380997,0.49570058286190033,1.7043478260869567,2.419753086419753,-10.0,-227.00306054712078,Clay
2026-02-15,45996,Francisco Cerundolo,Luciano Darderi,P1,10,True,P1,0.5977061688899994,0.4022938311100006,2.0,2.0,10.0,-217.00306054712078,Clay
2026-02-15,45990,Taylor Fritz,Marin Cilic,P2,10,False,P1,0.5938853621482849,0.4061146378517151,1.612,2.633986928104575,-10.0,-227.00306054712078,Hard
2026-02-15,45991,Ben Shelton,Denis Shapovalov,P1,10,True,P1,0.6423568427562714,0.35764315724372864,1.570342205323194,2.7533333333333334,5.7034220532319395,-221.29963849388884,Hard
2026-02-15,45989,Felix Auger-Aliassime,Alexander Bublik,P2,10,False,P1,0.6525450199842453,0.3474549800157547,1.5236363636363635,2.909722222222222,-10.0,-231.29963849388884,Hard
2026-02-15,45994,Alex de Minaur,Felix Auger-Aliassime,P1,10,True,P1,0.5399280339479446,0.46007196605205536,2.633986928104575,1.612,16.33986928104575,-214.95976921284307,Hard
2026-02-15,45995,Ben Shelton,Taylor Fritz,P1,10,True,P1,0.5227654278278351,0.4772345721721649,2.213872832369942,1.8238095238095235,12.138728323699421,-202.82104088914366,Hard
2026-02-16,45997,Valentin Royer,Pierre-Hugues Herbert,P2,10,False,P1,0.5473593473434448,0.4526406526565552,1.570342205323194,2.7533333333333334,-10.0,-212.82104088914366,Hard
2026-02-16,46006,Thiago Agustin Tirante,Cristian Garin,P2,10,False,P1,0.47347497940063477,0.5265250205993652,2.111111111111111,1.9000000000000001,-10.0,-222.82104088914366,Clay
2026-02-16,46003,Alex Michelsen,Valentin Vacherot,P2,10,False,P1,0.4712960422039032,0.5287039577960968,2.0,2.0,-10.0,-232.82104088914366,Hard
2026-02-16,46004,Terence Atmane,Patrick Kypson,P1,10,True,P1,0.5080557763576508,0.49194422364234924,2.317365269461078,1.7590909090909093,13.17365269461078,-219.64738819453288,Hard
2026-02-16,45999,Jannik Sinner,Tomas Machac,P2,10,False,P1,0.8958621248602867,0.10413787513971329,1.0954545454545455,11.476190476190474,-10.0,-229.64738819453288,Hard
2026-02-16,46005,Coleman Wong,Nuno Borges,P2,10,False,P1,0.35552966594696045,0.6444703340530396,2.213872832369942,1.8238095238095235,-10.0,-239.64738819453288,Hard
2026-02-16,46000,Jakub Mensik,Jan Choinski,P2,10,False,P1,0.8220750167965889,0.1779249832034111,1.2072727272727273,5.824561403508772,-10.0,-249.64738819453288,Hard
2026-02-16,46001,Arthur Fils,Kamil Majchrzak,P1,10,True,P1,0.7441847920417786,0.25581520795822144,1.4666666666666668,3.1428571428571432,4.666666666666668,-244.98072152786622,Hard
2026-02-16,46002,Daniil Medvedev,Juncheng Shang,P2,10,False,P1,0.7533027082681656,0.2466972917318344,1.3125,4.2,-10.0,-254.98072152786622,Hard
2026-02-17,46010,Dusan Lajovic,Daniel Altmaier,P2,10,False,P1,0.4106113314628601,0.5893886685371399,2.213872832369942,1.8238095238095235,-10.0,-264.9807215278662,Clay
2026-02-17,46007,Frances Tiafoe,Rinky Hijikata,P2,10,False,P1,0.633264422416687,0.366735577583313,1.3714285714285712,3.6923076923076916,-10.0,-274.9807215278662,Hard
2026-02-17,46012,Vit Kopriva,Gustavo Heide,P1,10,True,P1,0.7465802133083344,0.25341978669166565,1.7590909090909093,2.317365269461078,7.590909090909093,-267.38981243695713,Clay
2026-02-17,46008,Marcos Giron,Sho Shimabukuro,P2,10,False,P1,0.6572717875242233,0.3427282124757767,1.4666666666666668,3.1428571428571432,-10.0,-277.38981243695713,Hard
2026-02-17,46013,Alejandro Tabilo,Emilio Nava,P1,10,True,P1,0.7033888101577759,0.2966111898422241,1.5236363636363635,2.909722222222222,5.2363636363636346,-272.1534488005935,Clay
2026-02-17,46014,Carlos Alcaraz,Arthur Rinderknech,P2,10,False,P1,0.9402318745851517,0.05976812541484833,1.0536842105263158,19.627450980392158,-10.0,-282.1534488005935,Hard
2026-02-17,46015,Karen Khachanov,Shintaro Mochizuki,P1,10,True,P1,0.8624832555651665,0.13751674443483353,1.1883333333333335,6.309734513274337,1.8833333333333346,-280.27011546726015,Hard
2026-02-17,46016,Jiri Lehecka,Jenson Brooksby,P2,10,False,P1,0.5658503919839859,0.4341496080160141,1.570342205323194,2.7533333333333334,-10.0,-290.27011546726015,Hard
2026-02-17,46017,Zizou Bergs,Giovanni Mpetshi Perricard,P2,10,False,P1,0.5287130624055862,0.47128693759441376,1.612,2.633986928104575,-10.0,-300.27011546726015,Hard
2026-02-17,46018,Marton Fucsovics,Hady Habib,P2,10,False,P1,0.6208408623933792,0.3791591376066208,1.234,5.273504273504273,-10.0,-310.27011546726015,Hard
2026-02-17,46019,Quentin Halys,Pablo Carreno Busta,P2,10,False,P1,0.43033550679683685,0.5696644932031631,1.9000000000000001,2.111111111111111,-10.0,-320.27011546726015,Hard
2026-02-17,46020,Fabian Marozsan,Ugo Humbert,P2,10,False,P1,0.31345780193805695,0.686542198061943,2.515923566878981,1.6596638655462186,-10.0,-330.27011546726015,Hard
2026-02-17,46021,Stefanos Tsitsipas,Moez Echargui,P2,10,False,P1,0.7588811367750168,0.24111886322498322,1.1571428571428573,7.363636363636364,-10.0,-340.27011546726015,Hard
2026-02-17,46022,Zhizhen Zhang,Roberto Carballes Baena,P2,10,False,P1,0.5474802553653717,0.4525197446346283,1.8238095238095235,2.213872832369942,-10.0,-350.27011546726015,Hard
2026-02-18,46024,Miomir Kecmanovic,Mattia Bellucci,P1,10,True,P1,0.718514010310173,0.28148598968982697,1.5236363636363635,2.909722222222222,5.2363636363636346,-345.0337518308965,Hard
2026-02-18,46025,Brandon Nakashima,Marin Cilic,P2,10,False,P1,0.3913174569606781,0.6086825430393219,1.7043478260869567,2.419753086419753,-10.0,-355.0337518308965,Hard
2026-02-18,46030,Joao Fonseca,Thiago Monteiro,P2,10,False,P1,0.7195748537778854,0.28042514622211456,1.344,3.906976744186047,-10.0,-365.0337518308965,Clay
2026-02-18,46031,Francisco Cerundolo,Mariano Navone,P1,10,True,P1,0.795990101993084,0.20400989800691605,1.4666666666666668,3.1428571428571432,4.666666666666668,-360.3670851642298,Clay
2026-02-18,46027,Sebastian Korda,Mackenzie McDonald,P1,10,True,P1,0.7898880615830421,0.21011193841695786,1.2666666666666666,4.75,2.666666666666666,-357.70041849756313,Hard
2026-02-18,46032,Juan Manuel Cerundolo,Luciano Darderi,P1,10,True,P1,0.30531130731105804,0.694688692688942,3.5563909774436087,1.3911764705882355,25.563909774436087,-332.13650872312706,Clay
2026-02-18,46028,Zachary Svajda,Aleksandar Kovacevic,P2,10,False,P1,0.4138682931661606,0.5861317068338394,1.570342205323194,2.7533333333333334,-10.0,-342.13650872312706,Hard
2026-02-18,46033,Roman Andres Burruchaga,Camilo Ugo Carabelli,P1,10,True,P1,0.4569517523050308,0.5430482476949692,2.317365269461078,1.7590909090909093,13.17365269461078,-328.9628560285163,Clay
2026-02-18,46034,Tomas Martin Etcheverry,Francisco Comesana,P1,10,True,P1,0.7116225957870483,0.28837740421295166,1.612,2.633986928104575,6.120000000000001,-322.8428560285163,Clay
2026-02-18,46029,Adam Walton,Gabriel Diallo,P1,10,True,P1,0.33528029918670654,0.6647197008132935,3.3529411764705883,1.425,23.529411764705884,-299.3134442638104,Hard
2026-02-18,46037,Tommy Paul,Corentin Moutet,P2,10,False,P1,0.6785245537757874,0.32147544622421265,1.3125,4.2,-10.0,-309.3134442638104,Hard
2026-02-18,46035,Matteo Berrettini,Tomas Barrios Vera,P1,10,True,P1,0.8881879337131977,0.11181206628680229,1.3714285714285712,3.6923076923076916,3.714285714285712,-305.5991585495247,Clay
2026-02-18,46036,Francesco Passaro,Dino Prizmic,P1,10,True,P1,0.49594366550445557,0.5040563344955444,2.909722222222222,1.5236363636363635,19.097222222222218,-286.5019363273025,Clay
2026-02-18,46049,Coleman Wong,Brandon Nakashima,P1,10,True,P1,0.45787081122398376,0.5421291887760162,3.3529411764705883,1.425,23.529411764705884,-262.9725245625966,Hard
2026-02-18,46050,Flavio Cobolli,Terence Atmane,P1,10,True,P1,0.6491237282752991,0.3508762717247009,1.8238095238095235,2.213872832369942,8.238095238095235,-254.73442932450138,Hard
2026-02-18,46038,Jaime Faria,Sebastian Baez,P1,10,True,P1,0.21213655173778534,0.7878634482622147,5.273504273504273,1.234,42.73504273504273,-211.99938658945865,Clay
2026-02-18,46023,Andrey Rublev,Jesper de Jong,P2,10,False,P1,0.7090161591768265,0.2909838408231735,1.2072727272727273,5.824561403508772,-10.0,-221.99938658945865,Hard
2026-02-18,46039,Damir Dzumhur,Pedro Martinez,P2,10,False,P1,0.4112789034843445,0.5887210965156555,2.419753086419753,1.7043478260869567,-10.0,-231.99938658945865,Clay
2026-02-18,46041,Carlos Alcaraz,Valentin Royer,P2,10,False,P1,0.9352260380983353,0.06477396190166473,1.0599999999999998,17.666666666666664,-10.0,-241.99938658945865,Hard
2026-02-18,46051,Thiago Agustin Tirante,Francisco Cerundolo,P1,10,True,P1,0.2163730263710022,0.7836269736289978,5.273504273504273,1.234,42.73504273504273,-199.26434385441593,Clay
2026-02-18,46042,Jannik Sinner,Alexei Popyrin,P1,10,True,P1,0.9381036590784788,0.06189634092152119,1.0686666666666667,15.563106796116504,0.6866666666666665,-198.57767718774926,Hard
2026-02-18,46052,Juan Manuel Cerundolo,Yannick Hanfmann,P2,10,False,P1,0.48399557173252106,0.5160044282674789,1.9000000000000001,2.111111111111111,-10.0,-208.57767718774926,Clay
2026-02-18,46043,Stefanos Tsitsipas,Daniil Medvedev,P1,10,True,P1,0.3677835166454315,0.6322164833545685,3.6923076923076916,1.3714285714285712,26.923076923076916,-181.65460026467235,Hard
2026-02-18,46044,Andrey Rublev,Fabian Marozsan,P2,10,False,P1,0.564781129360199,0.435218870639801,1.6596638655462186,2.515923566878981,-10.0,-191.65460026467235,Hard
2026-02-18,46053,Vit Kopriva,Roman Andres Burruchaga,P1,10,True,P1,0.45854850113391876,0.5414514988660812,2.317365269461078,1.7590909090909093,13.17365269461078,-178.48094757006157,Clay
2026-02-18,46045,Jakub Mensik,Zhizhen Zhang,P2,10,False,P1,0.6293620020151138,0.37063799798488617,1.425,3.3529411764705883,-10.0,-188.48094757006157,Hard
2026-02-18,46046,Karen Khachanov,Marton Fucsovics,P1,10,True,P1,0.6871749013662338,0.3128250986337662,1.4666666666666668,3.1428571428571432,4.666666666666668,-183.81428090339492,Hard
2026-02-18,46047,Jiri Lehecka,Zizou Bergs,P2,10,False,P1,0.5890227109193802,0.4109772890806198,1.5236363636363635,2.909722222222222,-10.0,-193.81428090339492,Hard
2026-02-18,46048,Arthur Fils,Quentin Halys,P2,10,False,P1,0.6991519033908844,0.3008480966091156,1.3911764705882355,3.5563909774436087,-10.0,-203.81428090339492,Hard
2026-02-19,46054,Casper Ruud,Marcos Giron,P2,10,False,P1,0.6514345854520798,0.3485654145479202,1.5236363636363635,2.909722222222222,-10.0,-213.81428090339492,Hard
2026-02-19,46055,Sebastian Korda,Alex Michelsen,P1,10,True,P1,0.6447867155075073,0.3552132844924927,1.7043478260869567,2.419753086419753,7.043478260869566,-206.77080264252535,Hard
2026-02-19,46061,Learner Tien,Miomir Kecmanovic,P2,10,False,P1,0.6003604680299759,0.3996395319700241,1.5236363636363635,2.909722222222222,-10.0,-216.77080264252535,Hard
2026-02-19,46056,Alejandro Tabilo,Francesco Passaro,P2,10,False,P1,0.6765625923871994,0.3234374076128006,1.4666666666666668,3.1428571428571432,-10.0,-226.77080264252535,Clay
2026-02-19,46062,Jaime Faria,Damir Dzumhur,P2,10,False,P1,0.4290556162595749,0.5709443837404251,1.6596638655462186,2.515923566878981,-10.0,-236.77080264252535,Clay
2026-02-19,46057,Arthur Fils,Jiri Lehecka,P1,10,True,P1,0.541011393070221,0.45898860692977905,2.515923566878981,1.6596638655462186,15.15923566878981,-221.61156697373553,Hard
2026-02-19,46058,Andrey Rublev,Stefanos Tsitsipas,P2,10,False,P1,0.4871470779180527,0.5128529220819473,1.7043478260869567,2.419753086419753,-10.0,-231.61156697373553,Hard
2026-02-19,46059,Carlos Alcaraz,Karen Khachanov,P1,10,True,P1,0.9025005511939526,0.09749944880604744,1.1188888888888888,9.411214953271028,1.1888888888888882,-230.42267808484664,Hard
2026-02-19,46060,Jakub Mensik,Jannik Sinner,P1,10,True,P1,0.11681174859404564,0.8831882514059544,9.411214953271028,1.1188888888888888,84.11214953271028,-146.31052855213636,Hard
2026-02-20,46064,Tommy Paul,Adam Walton,P2,10,False,P1,0.8464655578136444,0.1535344421863556,1.135,8.407407407407407,-10.0,-156.31052855213636,Hard
2026-02-20,46065,Frances Tiafoe,Zachary Svajda,P1,10,True,P1,0.6914984434843063,0.30850155651569366,1.5236363636363635,2.909722222222222,5.2363636363636346,-151.0741649157727,Hard
2026-02-20,46071,Flavio Cobolli,Coleman Wong,P2,10,False,P1,0.4675911217927933,0.5324088782072067,2.0,2.0,-10.0,-161.0741649157727,Hard
2026-02-20,46066,Ignacio Buse,Joao Fonseca,P1,10,True,P1,0.3576045632362366,0.6423954367637634,4.75,1.2666666666666666,37.5,-123.57416491577271,Clay
2026-02-20,46067,Tomas Martin Etcheverry,Vilius Gaubas,P2,10,False,P1,0.7133723497390747,0.2866276502609253,1.2817551963048501,4.549180327868853,-10.0,-133.5741649157727,Clay
2026-02-20,46068,Matteo Berrettini,Dusan Lajovic,P1,10,True,P1,0.8326476439833641,0.1673523560166359,1.3911764705882355,3.5563909774436087,3.9117647058823546,-129.66240020989036,Clay
2026-02-20,46072,Vit Kopriva,Juan Manuel Cerundolo,P2,10,False,P1,0.4689328819513321,0.5310671180486679,1.8238095238095235,2.213872832369942,-10.0,-139.66240020989036,Clay
2026-02-20,46069,Carlos Alcaraz,Andrey Rublev,P1,10,True,P1,0.854865550994873,0.14513444900512695,1.2072727272727273,5.824561403508772,2.0727272727272728,-137.5896729371631,Hard
2026-02-20,46070,Arthur Fils,Jakub Mensik,P1,10,True,P1,0.5247062146663666,0.4752937853336334,2.419753086419753,1.7043478260869567,14.197530864197532,-123.39214207296557,Hard
2026-02-21,46073,Tommy Paul,Taylor Fritz,P1,10,True,P1,0.4967096447944641,0.5032903552055359,2.317365269461078,1.7590909090909093,13.17365269461078,-110.21848937835479,Hard
2026-02-21,46074,Sebastian Korda,Casper Ruud,P2,10,False,P1,0.5014706999063492,0.4985293000936508,1.9000000000000001,2.111111111111111,-10.0,-120.21848937835479,Hard
2026-02-21,46075,Learner Tien,Frances Tiafoe,P2,10,False,P1,0.6180918365716934,0.3819081634283066,1.612,2.633986928104575,-10.0,-130.21848937835477,Hard
2026-02-21,46076,Alejandro Tabilo,Thiago Agustin Tirante,P2,10,False,P1,0.5841978639364243,0.41580213606357574,1.6596638655462186,2.515923566878981,-10.0,-140.21848937835477,Clay
2026-02-21,46077,Tomas Martin Etcheverry,Jaime Faria,P1,10,True,P1,0.7883516177535057,0.2116483822464943,1.3714285714285712,3.6923076923076916,3.714285714285712,-136.50420366406905,Clay
2026-02-21,46078,Ignacio Buse,Matteo Berrettini,P2,10,False,P1,0.1980716437101364,0.8019283562898636,2.909722222222222,1.5236363636363635,-10.0,-146.50420366406905,Clay
2026-02-21,46079,Carlos Alcaraz,Arthur Fils,P2,10,False,P1,0.8478947505354881,0.15210524946451187,1.170769230769231,6.8558558558558556,-10.0,-156.50420366406905,Hard
2026-02-22,46080,Sebastian Korda,Flavio Cobolli,P1,10,True,P1,0.7601910680532455,0.23980893194675446,1.4666666666666668,3.1428571428571432,4.666666666666668,-151.8375369974024,Hard
2026-02-22,46081,Tommy Paul,Learner Tien,P2,10,False,P1,0.5928146243095398,0.4071853756904602,1.612,2.633986928104575,-10.0,-161.8375369974024,Hard
2026-02-22,46084,Sebastian Korda,Tommy Paul,P2,10,False,P1,0.45777375996112823,0.5422262400388718,2.111111111111111,1.9000000000000001,-10.0,-171.8375369974024,Hard
2026-02-22,46082,Tomas Martin Etcheverry,Vit Kopriva,P2,10,False,P1,0.572792649269104,0.427207350730896,1.612,2.633986928104575,-10.0,-181.8375369974024,Clay
2026-02-22,46083,Alejandro Tabilo,Ignacio Buse,P1,10,True,P1,0.6199517101049423,0.3800482898950577,1.7043478260869567,2.419753086419753,7.043478260869566,-174.79405873653283,Clay
2026-02-23,46085,Tomas Martin Etcheverry,Alejandro Tabilo,P1,10,True,P1,0.45321398973464966,0.5467860102653503,2.7533333333333334,1.570342205323194,17.533333333333335,-157.2607254031995,Clay
