date,match_id,p1_name,p2_name,bet_on,bet_amount,is_win,actual_winner,p1_prob,p2_prob,p1_market,p2_market,pnl,balance,surface
2025-01-06,42756,Denis Shapovalov,Zhizhen Zhang,P1,1.3999935104904377,True,P1,0.5976258814334869,0.40237411856651306,1.7063829787234042,2.41566265060241,0.9889315861336708,1000.9889315861336,Hard
2025-01-06,42783,Nuno Borges,Luciano Darderi,P1,5.350816239989001,True,P1,0.7252032607793808,0.2747967392206192,1.4444444444444442,3.25,2.3781405511062212,1003.3670721372398,Hard
2025-01-06,42757,Alejandro Davidovich Fokina,Roberto Bautista Agut,P2,8.037558297842848,False,P1,0.45004038512706757,0.5499596148729324,1.8660287081339713,2.154696132596685,-8.037558297842848,995.329513839397,Hard
2025-01-06,42784,Roberto Carballes Baena,Daniel Altmaier,P2,5.107255521750476,False,P1,0.6543363630771637,0.3456636369228363,1.3714285714285712,3.6923076923076916,-5.107255521750476,990.2222583176465,Hard
2025-01-06,42758,Christopher O'Connell,Arthur Rinderknech,P2,10.250506335974583,False,P1,0.47382138669490814,0.5261786133050919,1.6735537190082643,2.4846625766871164,-10.250506335974583,979.9717519816719,Hard
2025-01-06,42759,Thanasi Kokkinakis,Yoshihito Nishioka,P2,10.226080242708514,False,P1,0.45728303492069244,0.5427169650793076,1.7304347826086959,2.3690476190476186,-10.226080242708514,969.7456717389634,Hard
2025-01-06,42786,Alex Michelsen,Sumit Nagal,P1,9.043052344424858,True,P1,0.8251758143305779,0.17482418566942215,1.2737306843267107,4.653225806451613,2.4753609066416815,972.2210326456051,Hard
2025-01-06,42787,Mariano Navone,Adrian Mannarino,P1,4.540934429330963,True,P1,0.4458518475294113,0.5541481524705887,2.5723270440251573,1.6360000000000001,7.139834008382017,979.360866653987,Hard
2025-01-06,42760,Li Tu,James Duckworth,P1,6.776624115614495,True,P1,0.5104481279850006,0.4895518720149994,2.3157894736842106,1.7599999999999998,8.916610678440126,988.2774773324272,Hard
2025-01-06,42761,Manuel Guinard,Roman Safiullin,P1,3.4010114096802817,True,P1,0.24968086928129196,0.750319130718708,5.1487603305785115,1.2410358565737052,14.109981220326455,1002.3874585527536,Hard
2025-01-06,42788,Luca Nardi,Flavio Cobolli,P2,20.047749171055074,False,P1,0.15091507136821747,0.8490849286317825,2.7828947368421053,1.5608856088560885,-20.047749171055074,982.3397093816985,Hard
2025-01-06,42789,Lorenzo Sonego,Gabriel Diallo,P1,5.757611598813259,True,P1,0.550668478012085,0.44933152198791504,2.0366492146596857,1.9646464646464645,5.968623542225263,988.3083329239238,Hard
2025-01-06,42762,Marcos Giron,Aleksandar Vukic,P1,2.486612548817031,True,P1,0.5141742825508118,0.48582571744918823,2.0473684210526315,1.9547738693467334,2.6043994590241533,990.912732382948,Hard
2025-01-06,42763,Miomir Kecmanovic,Alexander Bublik,P1,3.6375589039932397,True,P1,0.6131521612405777,0.3868478387594223,1.7167381974248928,2.3952095808383236,2.607177411874983,993.519909794823,Hard
2025-01-06,42790,Facundo Diaz Acosta,Cameron Norrie,P1,0.1054779606451497,True,P1,0.22866829484701157,0.7713317051529884,4.404761904761904,1.2937062937062938,0.35912734219658105,993.8790371370195,Hard
2025-01-06,42764,Arthur Cazaux,Adam Walton,P1,7.6667190846329065,True,P1,0.6430121213197708,0.3569878786802292,1.7304347826086959,2.3690476190476186,5.600038287905777,999.4790754249253,Hard
2025-01-06,42791,Gael Monfils,Pedro Martinez,P1,5.238858595178811,True,P1,0.7825777381658554,0.2174222618341446,1.3208020050125313,4.1171875,1.6806363413104957,1001.1597117662358,Hard
2025-01-06,42765,Brandon Nakashima,Yannick Hanfmann,P2,14.84628328156289,False,P1,0.5165949165821075,0.48340508341789246,1.3616438356164382,3.7651515151515156,-14.84628328156289,986.3134284846728,Hard
2025-01-06,42792,Jan-Lennard Struff,Yunchaokete Bu,P2,3.0251538274756355,False,P1,0.533328041434288,0.466671958565712,1.7599999999999998,2.3157894736842106,-3.0251538274756355,983.2882746571972,Hard
2025-01-06,42766,Rinky Hijikata,David Goffin,P2,7.286526432421411,False,P1,0.36781956255435944,0.6321804374456406,2.3157894736842106,1.7599999999999998,-7.286526432421411,976.0017482247758,Hard
2025-01-06,42794,Jakub Mensik,Pablo Carreno Busta,P2,16.42722946038007,False,P1,0.50543013215065,0.49456986784935,1.3125,4.2,-16.42722946038007,959.5745187643957,Hard
2025-01-06,42768,Felix Auger-Aliassime,Arthur Cazaux,P2,1.5511226976251717,False,P1,0.6207698285579681,0.37923017144203186,1.5588235294117647,2.789473684210527,-1.5511226976251717,958.0233960667706,Hard
2025-01-06,42769,Marcos Giron,Denis Shapovalov,P1,7.917293720401052,True,P1,0.4597748816013336,0.5402251183986664,2.834437086092715,1.5451263537906137,14.523777222192656,972.5471732889632,Hard
2025-01-06,42796,Zizou Bergs,Luca Nardi,P1,16.08587126848396,True,P1,0.7273624688386917,0.2726375311613083,1.6874999999999998,2.454545454545454,11.059036497082719,983.606209786046,Hard
2025-01-06,42797,Alex Michelsen,Lorenzo Sonego,P2,5.773755798156063,False,P1,0.5419851094484329,0.4580148905515671,1.6284584980237156,2.591194968553459,-5.773755798156063,977.8324539878898,Hard
2025-01-06,42770,Miomir Kecmanovic,Christopher O'Connell,P2,1.5337061662950937,False,P1,0.5004177987575531,0.4995822012424469,1.9356435643564356,2.0687830687830693,-1.5337061662950937,976.2987478215947,Hard
2025-01-06,42771,Rinky Hijikata,Brandon Nakashima,P1,3.225465927857307,True,P1,0.3529672622680664,0.6470327377319336,3.2553191489361706,1.4433962264150944,7.274455071337757,983.5732028929325,Hard
2025-01-06,42798,Facundo Diaz Acosta,Sebastian Baez,P1,10.122279307612322,True,P1,0.6272247582674026,0.37277524173259735,1.8846153846153846,2.1304347826086953,8.954324002887823,992.5275268958203,Hard
2025-01-06,42772,Benjamin Bonzi,Li Tu,P1,7.121936085729351,True,P1,0.7012248039245605,0.29877519607543945,1.5357142857142856,2.8666666666666667,3.8153229030692946,996.3428497988896,Hard
2025-01-06,42799,Roberto Carballes Baena,Francisco Cerundolo,P1,11.864670791942453,True,P1,0.5161802470684052,0.48381975293159485,2.74025974025974,1.5746268656716418,20.647608910653098,1016.9904587095426,Hard
2025-01-06,42773,Sebastian Korda,Alejandro Davidovich Fokina,P1,20.339809174190854,True,P1,0.6709279119968414,0.32907208800315857,2.3216374269005846,1.756637168141593,26.881853060626504,1043.872311770169,Hard
2025-01-06,42800,Gael Monfils,Jan-Lennard Struff,P1,16.659828176501577,True,P1,0.6200545877218246,0.37994541227817535,2.262857142857143,1.7918552036199096,21.038983011467707,1064.9112947816368,Hard
2025-01-06,42774,Tommy Paul,Manuel Guinard,P2,7.1036484436581615,False,P1,0.787606954574585,0.21239304542541504,1.1002785515320335,10.972222222222221,-7.1036484436581615,1057.8076463379787,Hard
2025-01-06,42801,Nuno Borges,Mariano Navone,P1,4.4328826063203755,True,P1,0.6911019682884216,0.30889803171157837,1.5086505190311417,2.965986394557823,2.254788038508979,1060.0624343764875,Hard
2025-01-06,42802,Jakub Mensik,Ben Shelton,P1,5.464526720014761,True,P1,0.4984579384326935,0.5015420615673065,2.268571428571429,1.7882882882882885,6.932142467675871,1066.9945768441635,Hard
2025-01-06,42775,Thanasi Kokkinakis,Tomas Martin Etcheverry,P2,8.137887299132016,False,P1,0.5138641893863678,0.4861358106136322,1.6491935483870968,2.540372670807453,-8.137887299132016,1058.8566895450315,Hard
2025-01-06,42776,Tommy Paul,Rinky Hijikata,P2,0.5565810014329907,False,P1,0.7527500241994858,0.24724997580051422,1.3144963144963144,4.1796875,-0.5565810014329907,1058.3001085435985,Hard
2025-01-06,42777,Felix Auger-Aliassime,Marcos Giron,P2,14.684238423104913,False,P1,0.42489093542099,0.57510906457901,1.7004219409282701,2.4277108433734944,-14.684238423104913,1043.6158701204936,Hard
2025-01-06,42804,Gael Monfils,Facundo Diaz Acosta,P1,10.693756578205246,True,P1,0.7805039808154106,0.21949601918458939,1.38135593220339,3.6222222222222222,4.0781275086375945,1047.6939976291312,Hard
2025-01-06,42778,Miomir Kecmanovic,Benjamin Bonzi,P2,9.07099308246271,False,P1,0.495697021484375,0.504302978515625,1.668032786885246,2.4969325153374236,-9.07099308246271,1038.6230045466684,Hard
2025-01-06,42805,Zizou Bergs,Roberto Carballes Baena,P2,7.141122554933015,False,P1,0.5072203725576401,0.4927796274423599,1.7004219409282701,2.4277108433734944,-7.141122554933015,1031.4818819917355,Hard
2025-01-06,42779,Sebastian Korda,Thanasi Kokkinakis,P1,4.403341865897919,True,P1,0.6200454831123352,0.3799545168876648,1.7106382978723402,2.407185628742515,3.1291833685317116,1034.6110653602673,Hard
2025-01-06,42806,Nuno Borges,Jakub Mensik,P1,1.4267500442956425,True,P1,0.3524569571018219,0.6475430428981781,2.993197278911565,1.5017064846416384,2.843794305977029,1037.4548596662444,Hard
2025-01-06,42780,Felix Auger-Aliassime,Tommy Paul,P2,17.26165243810891,False,P1,0.28667452931404114,0.7133254706859589,2.327485380116959,1.7533039647577093,-17.26165243810891,1020.1932072281354,Hard
2025-01-06,42781,Sebastian Korda,Miomir Kecmanovic,P1,11.57118145667089,True,P1,0.6458822637796402,0.3541177362203598,1.8450704225352113,2.183333333333333,9.77846320282047,1029.9716704309558,Hard
2025-01-06,42808,Zizou Bergs,Nuno Borges,P1,3.092564619481667,True,P1,0.5384395867586136,0.4615604132413864,1.964824120603015,2.036458333333334,2.9837809393993973,1032.9554513703551,Hard
2025-01-06,42809,Gael Monfils,Zizou Bergs,P1,10.716297473131458,True,P1,0.6845529973506927,0.31544700264930725,1.6612244897959183,2.5123456790123457,7.085878329172637,1040.0413296995278,Hard
2025-01-06,42782,Felix Auger-Aliassime,Sebastian Korda,P2,9.328103374329745,False,P1,0.36564357578754425,0.6343564242124557,2.244318181818182,1.8036529680365299,-9.328103374329745,1030.713226325198,Hard
2025-01-13,42812,Alex de Minaur,Botic Van De Zandschulp,P2,9.426095476099793,False,P1,0.7414775639772415,0.2585224360227585,1.1019830028328612,10.805555555555554,-9.426095476099793,1021.2871308490983,Hard
2025-01-13,42813,Joao Fonseca,Andrey Rublev,P1,3.9942461391606825,True,P1,0.44107218086719513,0.5589278191328049,2.540372670807453,1.6491935483870968,6.152627593241299,1027.4397584423396,Hard
2025-01-13,42814,Holger Rune,Zhizhen Zhang,P1,5.595799489980142,True,P1,0.7634477019309998,0.23655229806900024,1.3614130434782608,3.7669172932330826,2.0223949243678225,1029.4621533667073,Hard
2025-01-13,42815,Lorenzo Musetti,Matteo Arnaldi,P2,11.527576410164086,False,P1,0.47319915890693665,0.5268008410930634,1.6399999999999997,2.5624999999999996,-11.527576410164086,1017.9345769565432,Hard
2025-01-13,42816,Hubert Hurkacz,Tallon Griekspoor,P2,5.84310680235606,False,P1,0.6157890856266022,0.3842109143733978,1.4375,3.285714285714286,-5.84310680235606,1012.0914701541872,Hard
2025-01-13,42817,Karen Khachanov,Adrian Mannarino,P2,3.38446434906697,False,P1,0.799313597381115,0.20068640261888504,1.1674008810572687,6.973684210526316,-3.38446434906697,1008.7070058051202,Hard
2025-01-13,42818,Ben Shelton,Brandon Nakashima,P2,4.5842531616671796,False,P1,0.5868644267320633,0.4131355732679367,1.5490909090909089,2.821192052980132,-4.5842531616671796,1004.1227526434529,Hard
2025-01-13,42819,Corentin Moutet,Alexei Popyrin,P1,1.1206371995521927,True,P1,0.2274513989686966,0.7725486010313034,4.766129032258064,1.2655246252676657,4.220464291861886,1008.3432169353148,Hard
2025-01-13,42820,Gael Monfils,Giovanni Mpetshi Perricard,P1,15.927589717803446,True,P1,0.6301779597997665,0.36982204020023346,2.1767955801104972,1.8497652582159625,18.743517181724496,1027.0867341170392,Hard
2025-01-13,42821,Francisco Cerundolo,Alexander Bublik,P2,5.457414110655558,False,P1,0.5357989519834518,0.46420104801654816,1.668032786885246,2.4969325153374236,-5.457414110655558,1021.6293200063836,Hard
2025-01-13,42822,Tomas Martin Etcheverry,Flavio Cobolli,P2,9.324344685283684,False,P1,0.49288107454776764,0.5071189254522324,1.6585365853658534,2.518518518518518,-9.324344685283684,1012.3049753211,Hard
2025-01-13,42823,Daniel Altmaier,Francisco Comesana,P2,1.8178454673334539,False,P1,0.49062851071357727,0.5093714892864227,1.965,2.0362694300518136,-1.8178454673334539,1010.4871298537665,Hard
2025-01-13,42824,Matteo Berrettini,Cameron Norrie,P2,1.1198281653288797,False,P1,0.6713177859783173,0.32868221402168274,1.4565916398713825,3.1901408450704225,-1.1198281653288797,1009.3673016884377,Hard
2025-01-13,42826,Pablo Carreno Busta,Kamil Majchrzak,P1,10.494769923915472,True,P1,0.6450802683830261,0.3549197316169739,1.8119266055045873,2.2316384180790965,8.520982919876325,1017.888284608314,Hard
2025-01-13,42827,Gabriel Diallo,Luca Nardi,P1,0.9218056126018617,True,P1,0.6712129414081573,0.32878705859184265,1.5034246575342465,2.9863945578231292,0.4640596748372385,1018.3523442831513,Hard
2025-01-13,42828,Facundo Diaz Acosta,Zizou Bergs,P2,7.106700685792945,False,P1,0.29341766238212585,0.7065823376178741,2.9324324324324325,1.5174825174825177,-7.106700685792945,1011.2456435973584,Hard
2025-01-13,42829,Cristian Garin,Borna Coric,P2,4.633075061843261,False,P1,0.4402095675468445,0.5597904324531555,2.0634920634920637,1.9402985074626864,-4.633075061843261,1006.6125685355152,Hard
2025-01-13,42830,Marcos Giron,Yannick Hanfmann,P2,13.05981917060273,False,P1,0.5653133690357208,0.4346866309642792,1.3099273607748185,4.226562500000001,-13.05981917060273,993.5527493649124,Hard
2025-01-13,42831,Miomir Kecmanovic,Dusan Lajovic,P2,6.562976137434673,False,P1,0.6785587221384048,0.32144127786159515,1.2790178571428572,4.584000000000001,-6.562976137434673,986.9897732274777,Hard
2025-01-13,42832,Mitchell Krueger,Rinky Hijikata,P1,0.5385097037103558,True,P1,0.3339250832796097,0.6660749167203903,3.0620689655172413,1.4849498327759196,1.1104441476510094,988.1002173751288,Hard
2025-01-13,42833,Denis Shapovalov,Roberto Bautista Agut,P2,10.970580742977813,False,P1,0.5549782067537308,0.4450217932462692,1.4017595307917887,3.489051094890511,-10.970580742977813,977.1296366321509,Hard
2025-01-13,42834,Lorenzo Sonego,Stan Wawrinka,P2,8.74299281155708,False,P1,0.542343258857727,0.45765674114227295,1.5138888888888888,2.9459459459459456,-8.74299281155708,968.3866438205938,Hard
2025-01-13,42835,Learner Tien,Camilo Ugo Carabelli,P2,6.596072522795522,False,P1,0.7098963856697083,0.29010361433029175,1.2167577413479054,5.613445378151261,-6.596072522795522,961.7905712977982,Hard
2025-01-13,42836,Jannik Sinner,Nicolas Jarry,P2,3.991822425625169,False,P1,0.8867906406521797,0.11320935934782028,1.0340567612687812,30.362745098039216,-3.991822425625169,957.7987488721731,Hard
2025-01-13,42837,Carlos Alcaraz,Alexander Shevchenko,P2,3.7540634366905716,False,P1,0.8955994546413422,0.10440054535865784,1.0290432801822322,35.4313725490196,-3.7540634366905716,954.0446854354825,Hard
2025-01-13,42839,Francesco Passaro,Grigor Dimitrov,P1,1.747204533981337,True,P1,0.11690836772322655,0.8830916322767735,12.0,1.090909090909091,19.219249873794706,973.2639353092773,Hard
2025-01-13,42840,Alex Michelsen,Stefanos Tsitsipas,P1,1.440325121551378,True,P1,0.41823555529117584,0.5817644447088242,2.4969325153374236,1.668032786885246,2.1560695071075844,975.4200048163848,Hard
2025-01-13,42841,Tommy Paul,Christopher O'Connell,P2,6.984471261918998,False,P1,0.7085481435060501,0.2914518564939499,1.2092198581560285,5.779661016949153,-6.984471261918998,968.4355335544658,Hard
2025-01-13,42842,Jack Draper,Mariano Navone,P2,2.9415512912814292,False,P1,0.8561046272516251,0.14389537274837494,1.0971223021582734,11.296296296296296,-2.9415512912814292,965.4939822631843,Hard
2025-01-13,42843,Frances Tiafoe,Arthur Rinderknech,P2,7.106825175490174,False,P1,0.6540615856647491,0.34593841433525085,1.3038277511961724,4.291338582677165,-7.106825175490174,958.3871570876942,Hard
2025-01-13,42844,Sebastian Korda,Lukas Klein,P1,16.61851171445589,True,P1,0.8160766512155533,0.18392334878444672,1.3919308357348703,3.551470588235294,6.51330718491643,964.9004642726106,Hard
2025-01-13,42845,Roberto Carballes Baena,Alejandro Tabilo,P1,17.957936475058453,True,P1,0.5917258411645889,0.40827415883541107,2.86,1.5376344086021503,33.40176184360872,998.3022261162193,Hard
2025-01-13,42846,Jordan Thompson,Dominik Koepfer,P2,1.0198736998418965,False,P1,0.6867507845163345,0.31324921548366547,1.4263803680981593,3.345323741007194,-1.0198736998418965,997.2823524163774,Hard
2025-01-13,42847,Arthur Cazaux,Sebastian Baez,P2,3.268841429700479,False,P1,0.6428160220384598,0.3571839779615402,1.4536741214057507,3.2042253521126765,-3.268841429700479,994.0135109866769,Hard
2025-01-13,42848,Felix Auger-Aliassime,Jan-Lennard Struff,P2,1.7638674039743063,False,P1,0.6333765089511871,0.36662349104881287,1.5228070175438597,2.9127516778523495,-1.7638674039743063,992.2496435827026,Hard
2025-01-13,42849,Benjamin Bonzi,David Goffin,P2,8.667035434747948,False,P1,0.4890698343515396,0.5109301656484604,1.6874999999999998,2.454545454545454,-8.667035434747948,983.5826081479546,Hard
2025-01-13,42850,Nuno Borges,Alexandre Muller,P2,4.280049842765954,False,P1,0.5249578654766083,0.4750421345233917,1.7391304347826089,2.3529411764705883,-4.280049842765954,979.3025583051887,Hard
2025-01-13,42851,Alejandro Davidovich Fokina,Juncheng Shang,P1,8.692055251044353,True,P1,0.5614813268184662,0.4385186731815338,2.14207650273224,1.8755980861244024,9.92699206266814,989.2295503678567,Hard
2025-01-13,42852,James Duckworth,Dominic Stricker,P2,18.937196965733406,False,P1,0.32829549908638,0.67170450091362,1.879807692307692,2.1366120218579234,-18.937196965733406,970.2923534021234,Hard
2025-01-13,42855,Thanasi Kokkinakis,Roman Safiullin,P2,0.24643494367464602,False,P1,0.5895824581384659,0.4104175418615341,1.6874999999999998,2.454545454545454,-0.24643494367464602,970.0459184584487,Hard
2025-01-13,42856,Fabian Marozsan,Thiago Seyboth Wild,P2,1.4835702549287553,False,P1,0.6633947789669037,0.3366052210330963,1.461290322580645,3.167832167832168,-1.4835702549287553,968.56234820352,Hard
2025-01-13,42858,Jakub Mensik,Nikoloz Basilashvili,P2,1.8429489711107274,False,P1,0.8127660676836967,0.18723393231630325,1.1835443037974684,6.448275862068967,-1.8429489711107274,966.7193992324093,Hard
2025-01-13,42859,Yoshihito Nishioka,Aziz Dougaz,P2,3.963087083100422,False,P1,0.7598706930875778,0.24012930691242218,1.2081128747795415,5.805084745762714,-3.963087083100422,962.7563121493089,Hard
2025-01-13,42861,Aleksandar Vukic,Damir Dzumhur,P1,0.1522412332327824,True,P1,0.7273954898118973,0.2726045101881027,1.3764044943820226,3.656716417910447,0.05730428441908104,962.8136164337279,Hard
2025-01-13,42862,Alexander Zverev,Lucas Pouille,P2,1.8312506084806215,False,P1,0.9164264611899853,0.08357353881001472,1.0496864447660397,21.126213592233015,-1.8312506084806215,960.9823658252473,Hard
2025-01-13,42863,Casper Ruud,Jaume Munar,P1,2.6287579658049802,True,P1,0.8369236215949059,0.16307637840509415,1.2084805653710247,5.796610169491526,0.548044946934607,961.5304107721819,Hard
2025-01-13,42865,Arthur Fils,Otto Virtanen,P2,7.547577553396781,False,P1,0.730141744017601,0.269858255982399,1.1545827633378933,7.469026548672566,-7.547577553396781,953.9828332187851,Hard
2025-01-13,42866,Jiri Lehecka,Li Tu,P2,1.9153336776102305,False,P1,0.8454063758254051,0.15459362417459488,1.1353658536585367,8.387387387387387,-1.9153336776102305,952.0674995411749,Hard
2025-01-13,42867,Tomas Machac,Sumit Nagal,P2,2.2541266104760895,False,P1,0.8791002966463566,0.12089970335364342,1.0836621941594318,12.952830188679243,-2.2541266104760895,949.8133729306988,Hard
2025-01-13,42869,Hady Habib,Yunchaokete Bu,P2,7.797072789255154,False,P1,0.24056130647659302,0.759438693523407,3.4744525547445253,1.4041297935103245,-7.797072789255154,942.0163001414437,Hard
2025-01-13,42870,Quentin Halys,Adam Walton,P1,8.94307931611896,True,P1,0.5835398286581039,0.41646017134189606,2.057894736842105,1.9452736318407962,9.460836539683742,951.4771366811275,Hard
2025-01-13,42871,Pedro Martinez,Luciano Darderi,P2,1.5008657235426335,False,P1,0.5815458595752716,0.4184541404247284,1.6653061224489796,2.503067484662577,-1.5008657235426335,949.9762709575848,Hard
2025-01-13,42872,Kei Nishikori,Thiago Monteiro,P2,1.8851121681644136,False,P1,0.766342043876648,0.23365795612335205,1.2531120331950205,4.950819672131147,-1.8851121681644136,948.0911587894204,Hard
2025-01-13,42875,Taylor Fritz,Cristian Garin,P2,5.761382033055662,False,P1,0.8309790268540382,0.16902097314596176,1.0571428571428572,18.5,-5.761382033055662,942.3297767563648,Hard
2025-01-13,42876,Learner Tien,Daniil Medvedev,P1,4.752923546286202,True,P1,0.23045898973941803,0.769541010260582,6.938596491228071,1.168389955686854,28.22569509505052,970.5554718514153,Hard
2025-01-13,42878,Holger Rune,Matteo Berrettini,P1,2.8920474259713678,True,P1,0.4670252799987793,0.5329747200012207,2.308139534883721,1.7644444444444443,3.7832015746718475,974.3386734260871,Hard
2025-01-13,42879,Lorenzo Musetti,Denis Shapovalov,P2,3.9899687528420653,False,P1,0.43094439804553986,0.5690556019544601,2.1304347826086953,1.8846153846153846,-3.9899687528420653,970.348704673245,Hard
2025-01-13,42880,Fabian Marozsan,Frances Tiafoe,P1,1.664791363841364,True,P1,0.4028603732585907,0.5971396267414093,2.6202531645569613,1.6171874999999998,2.69738347559107,973.0460881488361,Hard
2025-01-13,42881,Miomir Kecmanovic,Hubert Hurkacz,P1,3.551464847454811,True,P1,0.32996897399425507,0.6700310260057449,3.6074074074074076,1.3835227272727273,9.260115750400693,982.3062038992368,Hard
2025-01-13,42882,Karen Khachanov,Gabriel Diallo,P2,0.5230253440874167,False,P1,0.7381786108016968,0.2618213891983032,1.3402597402597405,3.9389312977099245,-0.5230253440874167,981.7831785551494,Hard
2025-01-13,42883,Ben Shelton,Pablo Carreno Busta,P2,10.90953952489233,False,P1,0.5760624557733536,0.4239375442266464,1.350132625994695,3.856060606060606,-10.90953952489233,970.8736390302571,Hard
2025-01-13,42884,Francisco Cerundolo,Facundo Diaz Acosta,P2,5.439986095826225,False,P1,0.6384335160255432,0.3615664839744568,1.3908045977011494,3.5588235294117645,-5.439986095826225,965.4336529344308,Hard
2025-01-13,42885,Marcos Giron,Tomas Martin Etcheverry,P1,3.8895765834025235,True,P1,0.5297067910432816,0.47029320895671844,2.0471204188481673,1.9549999999999998,4.072855061154474,969.5065079955853,Hard
2025-01-13,42887,Gael Monfils,Daniel Altmaier,P1,0.33701108758563053,True,P1,0.7839685529470444,0.21603144705295563,1.2780269058295963,4.596774193548388,0.09369814991169995,969.6002061454969,Hard
2025-01-13,42888,Corentin Moutet,Mitchell Krueger,P1,2.2770697304812924,True,P1,0.643470510840416,0.35652948915958405,1.5977011494252877,2.673076923076923,1.3610071952301985,970.9612133407271,Hard
2025-01-13,42889,Lorenzo Sonego,Joao Fonseca,P1,13.001588356212508,True,P1,0.41570156812667847,0.5842984318733215,4.950819672131147,1.2531120331950205,51.366931046675646,1022.3281443874027,Hard
2025-01-13,42890,Alexander Zverev,Pedro Martinez,P2,3.5373903194867804,False,P1,0.8981714732944965,0.10182852670550346,1.0363247863247862,28.529411764705877,-3.5373903194867804,1018.7907540679159,Hard
2025-01-13,42891,Carlos Alcaraz,Yoshihito Nishioka,P2,6.538330951140614,False,P1,0.8425619080662727,0.15743809193372726,1.0345177664974619,29.970588235294112,-6.538330951140614,1012.2524231167753,Hard
2025-01-13,42892,Jakub Mensik,Casper Ruud,P2,3.3247883978286805,False,P1,0.4210304319858551,0.5789695680141449,2.2191011235955056,1.8202764976958523,-3.3247883978286805,1008.9276347189466,Hard
2025-01-13,42894,Tommy Paul,Kei Nishikori,P2,6.574162527355294,False,P1,0.5843778699636459,0.41562213003635406,1.488215488215488,3.048275862068966,-6.574162527355294,1002.3534721915913,Hard
2025-01-13,42895,Ugo Humbert,Hady Habib,P2,5.002323655798831,False,P1,0.7802340760827065,0.21976592391729355,1.1537414965986394,7.504424778761061,-5.002323655798831,997.3511485357925,Hard
2025-01-13,42896,Jack Draper,Thanasi Kokkinakis,P1,0.14667217937529595,True,P1,0.6661329418420792,0.33386705815792084,1.5034246575342465,2.9863945578231292,0.07383839167180993,997.4249869274643,Hard
2025-01-13,42897,Arthur Fils,Quentin Halys,P2,8.466719287356849,False,P1,0.6500573456287384,0.3499426543712616,1.2771618625277161,4.608,-8.466719287356849,988.9582676401075,Hard
2025-01-13,42898,Aleksandar Vukic,Sebastian Korda,P1,3.5869165551393394,True,P1,0.2911672294139862,0.7088327705860138,4.2421875,1.308433734939759,11.629456018615826,1000.5877236587232,Hard
2025-01-13,42899,Jiri Lehecka,Hugo Gaston,P2,8.012486066754985,False,P1,0.755082331597805,0.24491766840219498,1.1122554067971164,9.908256880733946,-8.012486066754985,992.5752375919683,Hard
2025-01-13,42900,Tomas Machac,Reilly Opelka,P2,9.228626316116236,False,P1,0.587456464767456,0.41254353523254395,1.385714285714286,3.592592592592593,-9.228626316116236,983.3466112758521,Hard
2025-01-13,42901,Nuno Borges,Jordan Thompson,P2,7.4913260588079895,False,P1,0.42381805181503296,0.576181948184967,2.0,2.0,-7.4913260588079895,975.8552852170441,Hard
2025-01-13,42902,Alejandro Davidovich Fokina,Felix Auger-Aliassime,P1,5.847809120509142,True,P1,0.3437327593564987,0.6562672406435013,3.9312977099236637,1.3411458333333335,17.14166948301916,992.9969547000633,Hard
2025-01-13,42903,Benjamin Bonzi,Francesco Passaro,P2,7.509370885919376,False,P1,0.6468195021152496,0.35318049788475037,1.3121951219512196,4.203125,-7.509370885919376,985.4875838141439,Hard
2025-01-13,42904,Roberto Carballes Baena,James Duckworth,P1,13.318950425885825,True,P1,0.7084783911705017,0.2915216088294983,1.6653061224489796,2.503067484662577,8.861179262936284,994.3487630770802,Hard
2025-01-13,42906,Jannik Sinner,Marcos Giron,P2,3.0183428808752244,False,P1,0.910868939012289,0.08913106098771095,1.0312022025084124,33.04901960784313,-3.0183428808752244,991.330420196205,Hard
2025-01-13,42907,Gael Monfils,Taylor Fritz,P1,14.881680533556178,True,P1,0.39293673634529114,0.6070632636547089,7.548672566371684,1.1527027027027026,97.45525305160686,1088.7856732478117,Hard
2025-01-13,42908,Alex de Minaur,Francisco Cerundolo,P2,11.233331100182026,False,P1,0.7015037536621094,0.2984962463378906,1.131360946745562,8.61261261261261,-11.233331100182026,1077.5523421476296,Hard
2025-01-13,42909,Holger Rune,Miomir Kecmanovic,P1,1.2867645788501598,True,P1,0.6579029560089111,0.34209704399108887,1.5395683453237412,2.853333333333333,0.6942974346313815,1078.246639582261,Hard
2025-01-13,42910,Ben Shelton,Lorenzo Musetti,P2,2.4323396987942885,False,P1,0.5715188980102539,0.4284811019897461,1.670781893004115,2.4907975460122698,-2.4323396987942885,1075.8142998834667,Hard
2025-01-13,42911,Alex Michelsen,Karen Khachanov,P2,7.958729247363673,False,P1,0.332504466176033,0.667495533823967,2.5624999999999996,1.6399999999999997,-7.958729247363673,1067.855570636103,Hard
2025-01-13,42912,Lorenzo Sonego,Fabian Marozsan,P2,3.082461367160993,False,P1,0.4975752979516983,0.5024247020483017,1.8937198067632852,2.1189189189189186,-3.082461367160993,1064.773109268942,Hard
2025-01-13,42913,Learner Tien,Corentin Moutet,P2,11.523866659199854,False,P1,0.39678148925304413,0.6032185107469559,1.974747474747475,2.0259067357512954,-11.523866659199854,1053.2492426097422,Hard
2025-01-13,42915,Carlos Alcaraz,Nuno Borges,P2,6.809619536901008,False,P1,0.8339835703372955,0.16601642966270447,1.044017094017094,23.718446601941746,-6.809619536901008,1046.4396230728412,Hard
2025-01-13,42916,Novak Djokovic,Tomas Machac,P2,1.2885508766005214,False,P1,0.7793340086936951,0.22066599130630493,1.251546391752577,4.975409836065573,-1.2885508766005214,1045.1510721962406,Hard
2025-01-13,42917,Tommy Paul,Roberto Carballes Baena,P2,8.378945460221727,False,P1,0.7078600078821182,0.2921399921178818,1.1861958266452648,6.370689655172415,-8.378945460221727,1036.772126736019,Hard
2025-01-13,42918,Ugo Humbert,Arthur Fils,P1,5.675765250817335,True,P1,0.636301264166832,0.36369873583316803,1.6903765690376567,2.4484848484848483,3.9184153405224267,1040.6905420765413,Hard
2025-01-13,42919,Jack Draper,Aleksandar Vukic,P2,2.688243389903152,False,P1,0.7729898914694786,0.2270101085305214,1.2268431001890359,5.408333333333332,-2.688243389903152,1038.0022986866381,Hard
2025-01-13,42920,Jiri Lehecka,Benjamin Bonzi,P2,6.742314196956342,False,P1,0.6583138108253479,0.3416861891746521,1.3216957605985038,4.108527131782946,-6.742314196956342,1031.2599844896818,Hard
2025-01-13,42921,Alejandro Davidovich Fokina,Jakub Mensik,P1,1.157946689615928,True,P1,0.38321687281131744,0.6167831271886826,2.7096774193548385,1.5849056603773586,1.979715308053038,1033.2396997977348,Hard
2025-01-13,42922,Jannik Sinner,Holger Rune,P2,4.627102592702781,False,P1,0.8312346115708351,0.1687653884291649,1.095280498664292,11.495327102803738,-4.627102592702781,1028.612597205032,Hard
2025-01-13,42923,Alex de Minaur,Alex Michelsen,P2,2.792651106877977,False,P1,0.7215345501899719,0.2784654498100281,1.3106796116504853,4.218749999999999,-2.792651106877977,1025.819946098154,Hard
2025-01-13,42924,Ben Shelton,Gael Monfils,P2,14.456544357855527,False,P1,0.4378942400217056,0.5621057599782944,1.6399999999999997,2.5624999999999996,-14.456544357855527,1011.3634017402986,Hard
2025-01-13,42925,Lorenzo Sonego,Learner Tien,P1,3.9377582685765753,True,P1,0.5948217958211899,0.4051782041788101,1.7837837837837835,2.275862068965517,3.0863510753708283,1014.4497528156694,Hard
2025-01-13,42926,Alexander Zverev,Ugo Humbert,P2,13.820585525587505,False,P1,0.6069582253694534,0.39304177463054657,1.198641765704584,6.034188034188034,-13.820585525587505,1000.6291672900819,Hard
2025-01-13,42927,Carlos Alcaraz,Jack Draper,P2,9.428849970658176,False,P1,0.7322070151567459,0.2677929848432541,1.1083499005964215,10.229357798165138,-9.428849970658176,991.2003173194238,Hard
2025-01-13,42928,Novak Djokovic,Jiri Lehecka,P1,9.559285898193743,True,P1,0.8320213407278061,0.1679786592721939,1.262820512820513,4.8048780487804885,2.5123764219611777,993.712693741385,Hard
2025-01-13,42929,Tommy Paul,Alejandro Davidovich Fokina,P2,5.652036805546362,False,P1,0.69358229637146,0.30641770362854004,1.2777777777777775,4.6000000000000005,-5.652036805546362,988.0606569358387,Hard
2025-01-13,42930,Jannik Sinner,Alex de Minaur,P2,0.458616745164359,False,P1,0.8101727217435837,0.18982727825641632,1.2228464419475658,5.487394957983193,-0.458616745164359,987.6020401906743,Hard
2025-01-13,42931,Ben Shelton,Lorenzo Sonego,P2,1.9732560464823805,False,P1,0.6691184043884277,0.33088159561157227,1.4347826086956523,3.3000000000000007,-1.9732560464823805,985.628784144192,Hard
2025-01-13,42932,Alexander Zverev,Tommy Paul,P2,5.05000104272543,False,P1,0.6410909444093704,0.3589090555906296,1.4,3.4999999999999996,-5.05000104272543,980.5787831014666,Hard
2025-01-13,42933,Novak Djokovic,Carlos Alcaraz,P1,10.656446504315756,True,P1,0.5094395577907562,0.4905604422092438,2.6794871794871793,1.5954198473282442,17.897365282889282,998.4761483843558,Hard
2025-01-13,42934,Jannik Sinner,Ben Shelton,P2,4.430131329650398,False,P1,0.8221791237592697,0.17782087624073029,1.1083499005964215,10.229357798165138,-4.430131329650398,994.0460170547054,Hard
2025-01-13,42935,Alexander Zverev,Novak Djokovic,P1,1.1873750762105737,True,P1,0.4138553589582443,0.5861446410417557,2.503067484662577,1.6653061224489796,1.7847048691508625,995.8307219238563,Hard
2025-01-13,42936,Jannik Sinner,Alexander Zverev,P1,3.489807597570488,True,P1,0.747756764292717,0.252243235707283,1.372222222222222,3.686567164179104,1.298983939095681,997.129705862952,Hard
2025-01-27,42937,Aleksandar Kovacevic,David Goffin,P2,19.94259411725904,False,P1,0.3007735460996628,0.6992264539003372,1.6962025316455698,2.436363636363637,-19.94259411725904,977.187111745693,Hard
2025-01-27,42938,Nikoloz Basilashvili,Mikhail Kukushkin,P2,7.699761388855392,False,P1,0.48168009519577026,0.5183199048042297,1.7488986784140967,2.335294117647059,-7.699761388855392,969.4873503568376,Hard
2025-01-27,42939,Jesper de Jong,Quentin Halys,P2,8.570438445624244,False,P1,0.30944253504276276,0.6905574649572372,2.66025641025641,1.6023166023166024,-8.570438445624244,960.9169119112133,Hard
2025-01-27,42940,Tallon Griekspoor,Botic Van De Zandschulp,P2,2.2996569408888567,False,P1,0.5579850524663925,0.4420149475336075,1.7063829787234042,2.41566265060241,-2.2996569408888567,958.6172549703244,Hard
2025-01-27,42941,Arthur Rinderknech,Harold Mayot,P1,0.09863176511289307,True,P1,0.6696310043334961,0.3303689956665039,1.4948805460750851,3.020689655172414,0.048810941779418054,958.6660659121038,Hard
2025-01-27,42942,Mattia Bellucci,Lucas Pouille,P2,4.054681411126613,False,P1,0.4353491961956024,0.5646508038043976,2.1027027027027025,1.9068627450980393,-4.054681411126613,954.6113845009772,Hard
2025-01-27,42944,Richard Gasquet,Adrian Mannarino,P2,4.455740575984453,False,P1,0.4220203310251236,0.5779796689748764,2.1483516483516483,1.8708133971291872,-4.455740575984453,950.1556439249928,Hard
2025-01-27,42945,Constant Lestienne,Borna Coric,P2,19.003112878499856,False,P1,0.2609310522675514,0.7390689477324486,2.0,2.0,-19.003112878499856,931.1525310464929,Hard
2025-01-27,42946,Yunchaokete Bu,Daniel Altmaier,P2,1.9121084445279448,False,P1,0.5389430969953537,0.4610569030046463,1.7792792792792793,2.2832369942196533,-1.9121084445279448,929.240422601965,Hard
2025-01-27,42947,Arthur Cazaux,Stan Wawrinka,P2,11.834811359350848,False,P1,0.4630865305662155,0.5369134694337845,1.6093750000000002,2.641025641025641,-11.834811359350848,917.4056112426141,Hard
2025-01-27,42948,Dominik Koepfer,Gregoire Barrere,P1,18.348112224852283,True,P1,0.6991168707609177,0.30088312923908234,2.1027027027027025,1.9068627450980393,20.232512939837108,937.6381241824512,Hard
2025-01-27,42949,Jesper de Jong,Flavio Cobolli,P2,10.768684171138739,False,P1,0.29071490466594696,0.709285095334053,2.6496815286624202,1.606177606177606,-10.768684171138739,926.8694400113125,Hard
2025-01-27,42950,Tallon Griekspoor,Richard Gasquet,P1,0.41223131360874615,True,P1,0.6814305782318115,0.3185694217681885,1.4736842105263157,3.1111111111111107,0.195267464340985,927.0647074756534,Hard
2025-01-27,42951,Nikoloz Basilashvili,Arthur Rinderknech,P2,7.485259157120372,False,P1,0.3551613390445709,0.6448386609554291,2.36094674556213,1.7347826086956524,-7.485259157120372,919.5794483185331,Hard
2025-01-27,42952,Aleksandar Kovacevic,Mattia Bellucci,P2,9.657058996831658,False,P1,0.4379822164773941,0.5620177835226059,1.8036529680365299,2.244318181818182,-9.657058996831658,909.9223893217014,Hard
2025-01-27,42953,Andrey Rublev,Christopher Eubanks,P2,12.190663433455015,False,P1,0.5658552348613739,0.4341447651386261,1.2937062937062938,4.404761904761904,-12.190663433455015,897.7317258882464,Hard
2025-01-27,42954,Felix Auger-Aliassime,Arthur Cazaux,P1,4.388047123507937,True,P1,0.7139234393835068,0.2860765606164932,1.4642857142857142,3.153846153846154,2.037307593057256,899.7690334813036,Hard
2025-01-27,42955,Alexander Bublik,Dominik Koepfer,P2,12.773579987255196,False,P1,0.3951980173587799,0.6048019826412201,1.8119266055045873,2.2316384180790965,-12.773579987255196,886.9954534940484,Hard
2025-01-27,42956,Yunchaokete Bu,Constant Lestienne,P1,11.59956088580112,True,P1,0.7100222110748291,0.2899777889251709,1.6465863453815262,2.546583850931677,7.500117681180645,894.4955711752291,Hard
2025-01-27,42957,Andrey Rublev,Nikoloz Basilashvili,P2,9.379058201365815,False,P1,0.6204560548067093,0.3795439451932907,1.2737306843267107,4.653225806451613,-9.379058201365815,885.1165129738632,Hard
2025-01-27,42958,Felix Auger-Aliassime,Yunchaokete Bu,P2,7.038747882563588,False,P1,0.6503774672746658,0.34962253272533417,1.2930232558139536,4.412698412698413,-7.038747882563588,878.0777650912996,Hard
2025-01-27,42959,Aleksandar Kovacevic,Alexander Bublik,P1,2.592358247803542,True,P1,0.4633253514766693,0.5366746485233307,2.327485380116959,1.7533039647577093,3.441317673984819,881.5190827652845,Hard
2025-01-27,42960,Jesper de Jong,Tallon Griekspoor,P2,6.784874024972182,False,P1,0.27568379044532776,0.7243162095546722,3.0689655172413794,1.4833333333333332,-6.784874024972182,874.7342087403123,Hard
2025-01-27,42961,Aleksandar Kovacevic,Andrey Rublev,P1,5.601729939843794,True,P1,0.34439486265182495,0.655605137348175,4.0307692307692315,1.3299492385786804,16.977550740757348,891.7117594810696,Hard
2025-01-27,42962,Felix Auger-Aliassime,Jesper de Jong,P2,5.099922971724337,False,P1,0.7165938317775726,0.28340616822242737,1.2358674463937622,5.239669421487603,-5.099922971724337,886.6118365093453,Hard
2025-01-27,42963,Felix Auger-Aliassime,Aleksandar Kovacevic,P2,5.357930730421383,False,P1,0.6639402359724045,0.3360597640275955,1.3241206030150756,4.0852713178294575,-5.357930730421383,881.2539057789239,Hard
2025-02-03,43123,Arthur Fils,Constant Lestienne,P1,3.0230791110184523,True,P1,0.8115592822432518,0.1884407177567482,1.2536382536382535,4.942622950819672,0.7667685063290043,882.0206742852529,Hard
2025-02-03,43092,Taylor Fritz,Arthur Rinderknech,P2,1.3479929916721112,False,P1,0.8444896712899208,0.1555103287100792,1.1479524438573316,7.758928571428571,-1.3479929916721112,880.6726812935808,Hard
2025-02-03,43093,Tomas Machac,Kei Nishikori,P2,3.0389584396745484,False,P1,0.5940574258565903,0.40594257414340973,1.5671641791044775,2.7631578947368425,-3.0389584396745484,877.6337228539063,Hard
2025-02-03,43125,Tallon Griekspoor,Matteo Berrettini,P1,0.21644637620661716,True,P1,0.3850434422492981,0.6149565577507019,2.6178343949044587,1.6181102362204727,0.3501743920794953,877.9838972459858,Hard
2025-02-03,43094,Michael Mmoh,Roberto Carballes Baena,P2,4.931129679979033,False,P1,0.3706028610467911,0.6293971389532089,2.3952095808383236,1.7167381974248928,-4.931129679979033,873.0527675660068,Hard
2025-02-03,43095,Jaume Munar,Yunchaokete Bu,P2,7.47491372334064,False,P1,0.3401642292737961,0.6598357707262039,2.436363636363637,1.6962025316455698,-7.47491372334064,865.5778538426662,Hard
2025-02-03,43126,Fabian Marozsan,Jan-Lennard Struff,P1,4.439204297712243,True,P1,0.475004643201828,0.524995356798172,2.4096385542168677,1.7094017094017095,6.2576735281003915,871.8355273707666,Hard
2025-02-03,43096,Yoshihito Nishioka,Brandon Nakashima,P1,8.75930251800953,True,P1,0.5013091266155243,0.4986908733844757,2.66025641025641,1.6023166023166024,14.542688154900437,886.3782155256671,Hard
2025-02-03,43127,Andrea Vavassori,Felix Auger-Aliassime,P1,2.116403486919884,True,P1,0.16611824929714203,0.833881750702858,8.045045045045043,1.1419437340153453,14.91015789884098,901.2883734245081,Hard
2025-02-03,43128,Carlos Alcaraz,Botic Van De Zandschulp,P2,1.9247012278634126,False,P1,0.8709240406751633,0.12907595932483673,1.0991658943466172,11.084112149532709,-1.9247012278634126,899.3636721966446,Hard
2025-02-03,43097,Reilly Opelka,Alexander Shevchenko,P2,9.936617508727682,False,P1,0.5398541539907455,0.46014584600925446,1.4430379746835442,3.2571428571428576,-9.936617508727682,889.427054687917,Hard
2025-02-03,43129,Alex de Minaur,David Goffin,P2,3.0093356927753496,False,P1,0.8369987681508064,0.16300123184919357,1.1138975966562175,9.779816513761467,-3.0093356927753496,886.4177189951416,Hard
2025-02-03,43098,Denis Shapovalov,Miomir Kecmanovic,P2,4.2014723492528026,False,P1,0.5250179320573807,0.4749820679426193,1.7241379310344829,2.380952380952381,-4.2014723492528026,882.2162466458889,Hard
2025-02-03,43130,Andrey Rublev,Zhizhen Zhang,P2,12.338538707304009,False,P1,0.5600778013467789,0.43992219865322113,1.28604118993135,4.496,-12.338538707304009,869.8777079385849,Hard
2025-02-03,43131,Holger Rune,Lorenzo Sonego,P2,0.5962173157944797,False,P1,0.7094740271568298,0.29052597284317017,1.3901734104046242,3.562962962962963,-0.5962173157944797,869.2814906227904,Hard
2025-02-03,43100,Tommy Paul,Jenson Brooksby,P2,9.267917717518976,False,P1,0.7064708024263382,0.2935291975736618,1.113660062565172,9.79816513761468,-9.267917717518976,860.0135729052714,Hard
2025-02-03,43132,Jiri Lehecka,Alexei Popyrin,P2,6.193208952462946,False,P1,0.5889556705951691,0.41104432940483093,1.4533762057877813,3.2056737588652484,-6.193208952462946,853.8203639528085,Hard
2025-02-03,43101,Ben Shelton,Aleksandar Vukic,P2,3.7704508130691408,False,P1,0.7219398617744446,0.2780601382255554,1.262820512820513,4.8048780487804885,-3.7704508130691408,850.0499131397394,Hard
2025-02-03,43133,Pedro Martinez,Roberto Bautista Agut,P2,3.5396555053732945,False,P1,0.3730568140745163,0.6269431859254837,2.457317073170732,1.686192468619247,-3.5396555053732945,846.5102576343661,Hard
2025-02-03,43102,Cameron Norrie,Alex Michelsen,P2,8.551727293188666,False,P1,0.2949780225753784,0.7050219774246216,2.7051282051282053,1.586466165413534,-8.551727293188666,837.9585303411774,Hard
2025-02-03,43103,Frances Tiafoe,Taro Daniel,P2,2.8940562703252266,False,P1,0.759704701602459,0.24029529839754105,1.2253787878787878,5.436974789915966,-2.8940562703252266,835.0644740708522,Hard
2025-02-03,43134,Jakub Mensik,Alexander Bublik,P1,1.341033043993614,True,P1,0.6932159960269928,0.3067840039730072,1.4640522875816993,3.154929577464789,0.6223094517878861,835.6867835226401,Hard
2025-02-03,43104,Matteo Arnaldi,Christopher Eubanks,P1,5.228734555599379,True,P1,0.599486917257309,0.40051308274269104,1.8443396226415094,2.1843575418994416,4.4148277615674,840.1016112842075,Hard
2025-02-03,43135,Daniil Medvedev,Stan Wawrinka,P2,5.951572232972504,False,P1,0.7170716524124146,0.28292834758758545,1.1969696969696968,6.0769230769230775,-5.951572232972504,834.150039051235,Hard
2025-02-03,43136,Stefanos Tsitsipas,Harold Mayot,P1,5.987884571155206,True,P1,0.7734489887952805,0.22655101120471954,1.3596730245231607,3.78030303030303,2.1536805542029622,836.303719605438,Hard
2025-02-03,43137,Hubert Hurkacz,Flavio Cobolli,P2,4.123747550130269,False,P1,0.6624611616134644,0.33753883838653564,1.3606557377049182,3.7727272727272734,-4.123747550130269,832.1799720553078,Hard
2025-02-03,43106,Rinky Hijikata,Adrian Mannarino,P2,3.1123171430385277,False,P1,0.5108615458011627,0.4891384541988373,1.811059907834101,2.2329545454545454,-3.1123171430385277,829.0676549122692,Hard
2025-02-03,43139,Carlos Alcaraz,Andrea Vavassori,P1,5.152301232986779,True,P1,0.8845219500362873,0.11547804996371269,1.1518987341772151,7.583333333333331,0.7826280353903964,829.8502829476596,Hard
2025-02-03,43108,Denis Shapovalov,Taylor Fritz,P2,4.716153922973005,False,P1,0.2220112532377243,0.7779887467622757,3.9923076923076914,1.3341902313624678,-4.716153922973005,825.1341290246866,Hard
2025-02-03,43140,Alex de Minaur,Jakub Mensik,P2,0.02513947698825795,False,P1,0.701699823141098,0.298300176858902,1.4242424242424243,3.357142857142857,-0.02513947698825795,825.1089895476983,Hard
2025-02-03,43109,Casper Ruud,Michael Mmoh,P2,4.8332723933726705,False,P1,0.715932309627533,0.28406769037246704,1.233140655105973,5.289256198347108,-4.8332723933726705,820.2757171543257,Hard
2025-02-03,43141,Andrey Rublev,Fabian Marozsan,P2,13.749968200734575,False,P1,0.5077592730522156,0.4922407269477844,1.3091787439613527,4.234375,-13.749968200734575,806.5257489535911,Hard
2025-02-03,43111,Jaume Munar,Ben Shelton,P1,1.331093483074499,True,P1,0.155246339738369,0.844753660261631,7.910714285714286,1.144702842377261,9.198806749104126,815.7245557026953,Hard
2025-02-03,43142,Pedro Martinez,Holger Rune,P2,6.994008703783034,False,P1,0.2006063014268875,0.7993936985731125,4.130081300813009,1.3194805194805195,-6.994008703783034,808.7305469989122,Hard
2025-02-03,43112,Yoshihito Nishioka,Frances Tiafoe,P1,1.9027689009707593,True,P1,0.40355284512043,0.59644715487957,2.673076923076923,1.5977011494252877,3.1834787381626164,811.9140257370749,Hard
2025-02-03,43143,Stefanos Tsitsipas,Tallon Griekspoor,P2,2.9881467138725823,False,P1,0.5078700184822083,0.49212998151779175,1.8240740740740737,2.2134831460674156,-2.9881467138725823,808.9258790232024,Hard
2025-02-03,43113,Tomas Machac,Rinky Hijikata,P2,3.3513772183272748,False,P1,0.7768859341740608,0.22311406582593918,1.1805337519623234,6.539130434782609,-3.3513772183272748,805.5745018048751,Hard
2025-02-03,43144,Daniel Altmaier,Arthur Fils,P1,1.2858456679738968,True,P1,0.24384932965040207,0.7561506703495979,4.568,1.2802690582959642,4.587897343330863,810.162399148206,Hard
2025-02-03,43145,Mattia Bellucci,Daniil Medvedev,P2,5.199172575032271,False,P1,0.2297510951757431,0.7702489048242569,3.7938931297709924,1.3579234972677594,-5.199172575032271,804.9632265731736,Hard
2025-02-03,43114,Matteo Arnaldi,Alejandro Davidovich Fokina,P1,6.114797621136461,True,P1,0.5153870731592178,0.48461292684078217,2.333333333333333,1.75,8.153063494848613,813.1162900680223,Hard
2025-02-03,43146,Hubert Hurkacz,Jiri Lehecka,P1,2.1576998368754627,True,P1,0.48087215423583984,0.5191278457641602,2.2134831460674156,1.8240740740740737,2.618332386320786,815.734622454343,Hard
2025-02-03,43115,Reilly Opelka,Cameron Norrie,P2,0.06837162225981747,False,P1,0.5582565665245056,0.4417434334754944,1.7882882882882885,2.268571428571429,-0.06837162225981747,815.6662508320832,Hard
2025-02-03,43116,Casper Ruud,Yoshihito Nishioka,P2,3.3066261542742974,False,P1,0.6416611075401306,0.3583388924598694,1.4320987654320987,3.3142857142857145,-3.3066261542742974,812.3596246778088,Hard
2025-02-03,43147,Carlos Alcaraz,Pedro Martinez,P2,0.9751666538595145,False,P1,0.8509536609053612,0.14904633909463882,1.146938775510204,7.805555555555554,-0.9751666538595145,811.3844580239493,Hard
2025-02-03,43117,Tommy Paul,Reilly Opelka,P1,8.026150564401517,True,P1,0.6931197792291641,0.3068802207708359,1.6196078431372551,2.613924050632911,4.973065839903687,816.357523863853,Hard
2025-02-03,43148,Alex de Minaur,Daniel Altmaier,P2,3.181657617358853,False,P1,0.8358344659209251,0.16416553407907486,1.1031518624641832,10.694444444444443,-3.181657617358853,813.1758662464941,Hard
2025-02-03,43149,Hubert Hurkacz,Andrey Rublev,P1,12.652563177325286,True,P1,0.6319329738616943,0.36806702613830566,2.1475409836065573,1.8714285714285714,14.519334793651966,827.6952010401461,Hard
2025-02-03,43118,Denis Shapovalov,Tomas Machac,P2,9.628002196357789,False,P1,0.3457949310541153,0.6542050689458847,2.2191011235955056,1.8202764976958523,-9.628002196357789,818.0671988437883,Hard
2025-02-03,43119,Jaume Munar,Matteo Arnaldi,P2,2.466406228095012,False,P1,0.36265183985233307,0.6373481601476669,2.591194968553459,1.6284584980237156,-2.466406228095012,815.6007926156933,Hard
2025-02-03,43150,Mattia Bellucci,Stefanos Tsitsipas,P2,7.755603823547539,False,P1,0.2885103225708008,0.7114896774291992,2.8068965517241384,1.5534351145038168,-7.755603823547539,807.8451887921458,Hard
2025-02-03,43151,Carlos Alcaraz,Hubert Hurkacz,P2,2.4830164787819173,False,P1,0.7281102389097214,0.2718897610902786,1.2889908256880735,4.4603174603174605,-2.4830164787819173,805.3621723133639,Hard
2025-02-03,43120,Casper Ruud,Jaume Munar,P1,5.958982847085538,True,P1,0.7492998093366623,0.2507001906633377,1.4169184290030208,3.3985507246376816,2.484409767062851,807.8465820804267,Hard
2025-02-03,43152,Alex de Minaur,Mattia Bellucci,P1,11.326126470531037,True,P1,0.8661214709281921,0.13387852907180786,1.2285714285714284,5.375,2.5888289075499498,810.4354109879766,Hard
2025-02-03,43121,Denis Shapovalov,Tommy Paul,P2,8.596236848272365,False,P1,0.29306916892528534,0.7069308310747147,2.688311688311688,1.5923076923076922,-8.596236848272365,801.8391741397043,Hard
2025-02-03,43153,Carlos Alcaraz,Alex de Minaur,P1,0.4383051346094523,True,P1,0.7015744596719742,0.2984255403280258,1.4320987654320987,3.3142857142857145,0.18939110754729419,802.0285652472515,Hard
2025-02-03,43122,Denis Shapovalov,Casper Ruud,P2,13.622570989053896,False,P1,0.37826065719127655,0.6217393428087234,1.7456140350877196,2.3411764705882354,-13.622570989053896,788.4059942581977,Hard
2025-02-10,43208,Diego Schwartzman,Nicolas Jarry,P2,0.9854102389970113,False,P1,0.22377105802297592,0.7762289419770241,4.357142857142858,1.297872340425532,-0.9854102389970113,787.4205840192006,Clay
2025-02-10,43181,Learner Tien,Adam Walton,P2,1.9593478657249137,False,P1,0.6268903315067291,0.3731096684932709,1.5157894736842106,2.938775510204082,-1.9593478657249137,785.4612361534757,Hard
2025-02-10,43209,Joao Fonseca,Tomas Martin Etcheverry,P2,4.010881142511116,False,P1,0.4822330176830292,0.5177669823169708,1.8619047619047617,2.160220994475138,-4.010881142511116,781.4503550109646,Clay
2025-02-10,43155,Pierre-Hugues Herbert,Harold Mayot,P1,1.582056780051942,True,P1,0.5202451348304749,0.47975486516952515,2.0,2.0,1.582056780051942,783.0324117910166,Hard
2025-02-10,43182,Alejandro Davidovich Fokina,Taro Daniel,P2,1.477917331153202,False,P1,0.6947375535964966,0.3052624464035034,1.3850574712643677,3.5970149253731343,-1.477917331153202,781.5544944598633,Hard
2025-02-10,43210,Federico Coria,Hugo Gaston,P2,14.478591210446282,False,P1,0.3637770563364029,0.6362229436635971,1.7304347826086959,2.3690476190476186,-14.478591210446282,767.075903249417,Clay
2025-02-10,43156,Nuno Borges,Stan Wawrinka,P1,2.0613742868604303,True,P1,0.6321409791707993,0.36785902082920074,1.6360000000000001,2.5723270440251573,1.311034046443234,768.3869372958602,Hard
2025-02-10,43183,Arthur Rinderknech,Dmitry Popko,P2,0.747791084657125,False,P1,0.8251355513930321,0.17486444860696793,1.1883333333333335,6.309734513274337,-0.747791084657125,767.6391462112031,Hard
2025-02-10,43184,Yunchaokete Bu,Rinky Hijikata,P2,4.3301655144366515,False,P1,0.5040808320045471,0.4959191679954529,1.7599999999999998,2.3157894736842106,-4.3301655144366515,763.3089806967664,Hard
2025-02-10,43157,Daniel Altmaier,Luca Nardi,P1,15.266179613935329,True,P1,0.6941640228033066,0.3058359771966934,2.1311475409836067,1.8840579710144931,17.268301530517014,780.5772822272834,Hard
2025-02-10,43211,Corentin Moutet,Sumit Nagal,P1,6.831485692163942,True,P1,0.7312336936593056,0.2687663063406944,1.483221476510067,3.069444444444444,3.3011206029248576,783.8784028302082,Clay
2025-02-10,43185,Mackenzie McDonald,Kei Nishikori,P1,0.715491050733728,True,P1,0.375890776515007,0.624109223484993,2.745098039215686,1.5730337078651684,1.2486020297117995,785.12700485992,Hard
2025-02-10,43212,Francisco Cerundolo,Luciano Darderi,P1,1.8918490025741939,True,P1,0.7243178188800812,0.2756821811199188,1.4077380952380953,3.4525547445255476,0.7713789087876923,785.8983837687077,Clay
2025-02-10,43186,Yoshihito Nishioka,Aleksandar Vukic,P1,1.9767530927292154,True,P1,0.5711838901042938,0.4288161098957062,1.8232558139534885,2.214689265536723,1.627373476339866,787.5257572450475,Hard
2025-02-10,43159,Alexander Bublik,Richard Gasquet,P2,5.565441383741093,False,P1,0.4763050824403763,0.5236949175596237,1.8027522935779814,2.2457142857142856,-5.565441383741093,781.9603158613064,Hard
2025-02-10,43213,Sebastian Baez,Camilo Ugo Carabelli,P2,1.0542983256640859,False,P1,0.6479474455118179,0.35205255448818207,1.5017182130584192,2.9931506849315066,-1.0542983256640859,780.9060175356424,Clay
2025-02-10,43160,Jan-Lennard Struff,Manuel Guinard,P2,5.925824228848141,False,P1,0.6704934984445572,0.3295065015554428,1.2650862068965516,4.772357723577235,-5.925824228848141,774.9801933067943,Hard
2025-02-10,43187,Reilly Opelka,Christopher Eubanks,P2,1.5109845036740428,False,P1,0.6195661276578903,0.3804338723421097,1.5510948905109487,2.814569536423841,-1.5109845036740428,773.4692088031202,Hard
2025-02-10,43161,Luca Van Assche,Benjamin Bonzi,P1,0.8128394062258961,True,P1,0.3579699546098709,0.6420300453901291,2.9054054054054053,1.524822695035461,1.5487885983493426,775.0179974014695,Hard
2025-02-10,43215,Pedro Martinez,Damir Dzumhur,P2,0.19795664725395007,False,P1,0.685223326086998,0.314776673913002,1.4519230769230769,3.2127659574468086,-0.19795664725395007,774.8200407542156,Clay
2025-02-10,43189,Miomir Kecmanovic,Borna Gojo,P2,5.479050524177195,False,P1,0.6002572625875473,0.3997427374124527,1.4303405572755417,3.3237410071942444,-5.479050524177195,769.3409902300384,Hard
2025-02-10,43162,Zhizhen Zhang,Quentin Halys,P1,0.46276971284585294,True,P1,0.557550460100174,0.44244953989982605,1.811059907834101,2.2329545454545454,0.37533396064917085,769.7163241906876,Hard
2025-02-10,43216,Laslo Djere,Alexandre Muller,P2,8.253050480810701,False,P1,0.47673794627189636,0.5232620537281036,1.6477732793522268,2.54375,-8.253050480810701,761.463273709877,Clay
2025-02-10,43217,Dusan Lajovic,Roberto Carballes Baena,P2,0.8184207319480936,False,P1,0.3837270587682724,0.6162729412317276,2.55,1.6451612903225807,-0.8184207319480936,760.6448529779288,Clay
2025-02-10,43163,Otto Virtanen,Sebastian Korda,P2,15.212897059558577,False,P1,0.15046699345111847,0.8495330065488815,3.384057971014493,1.4194528875379937,-15.212897059558577,745.4319559183702,Hard
2025-02-10,43190,Michael Mmoh,Alexander Shevchenko,P1,5.06689150706833,True,P1,0.573525607585907,0.426474392414093,1.9746192893401011,2.0260416666666665,4.93829019978233,750.3702461181526,Hard
2025-02-10,43164,Lorenzo Sonego,Botic Van De Zandschulp,P2,0.9435666793187498,False,P1,0.5124214887619019,0.48757851123809814,1.9024390243902443,2.108108108108108,-0.9435666793187498,749.4266794388338,Hard
2025-02-10,43191,Cameron Norrie,Zachary Svajda,P1,11.15920857043549,True,P1,0.7506704404950142,0.2493295595049858,1.5505617977528088,2.8163265306122445,6.143833932037515,755.5705133708714,Hard
2025-02-10,43218,Mariano Navone,Francisco Comesana,P2,6.014613603285499,False,P1,0.5668693482875824,0.4331306517124176,1.483221476510067,3.069444444444444,-6.014613603285499,749.5558997675859,Clay
2025-02-10,43219,Thiago Seyboth Wild,Facundo Diaz Acosta,P1,1.550117911773708,True,P1,0.4671524167060852,0.5328475832939148,2.2514285714285713,1.7990867579908678,1.9398618438768116,751.4957616114626,Clay
2025-02-10,43220,Mariano Navone,Holger Rune,P2,15.029915232229254,False,P1,0.24464790523052216,0.7553520947694778,2.4124999999999996,1.7079646017699115,-15.029915232229254,736.4658463792334,Clay
2025-02-10,43193,Taylor Fritz,Yunchaokete Bu,P2,2.4616218451561838,False,P1,0.8168958574533463,0.18310414254665375,1.142312579415502,8.026785714285714,-2.4616218451561838,734.0042245340773,Hard
2025-02-10,43166,Daniil Medvedev,Pierre-Hugues Herbert,P2,5.783947666062617,False,P1,0.7096305638551712,0.2903694361448288,1.1870967741935483,6.344827586206898,-5.783947666062617,728.2202768680146,Hard
2025-02-10,43221,Lorenzo Musetti,Corentin Moutet,P2,4.851917870485818,False,P1,0.624988242983818,0.37501175701618195,1.386819484240688,3.585185185185186,-4.851917870485818,723.3683589975287,Clay
2025-02-10,43194,Matteo Arnaldi,Learner Tien,P1,3.1397426304796605,True,P1,0.5974598675966263,0.4025401324033737,1.7882882882882885,2.268571428571429,2.4750223438465797,725.8433813413753,Hard
2025-02-10,43167,Zhizhen Zhang,Hubert Hurkacz,P1,0.26629963495922765,True,P1,0.23613642156124115,0.7638635784387589,4.338582677165355,1.2995283018867927,0.889063348210335,726.7324446895857,Hard
2025-02-10,43168,Zizou Bergs,Nuno Borges,P2,6.015012311055596,False,P1,0.46053972840309143,0.5394602715969086,1.8119266055045873,2.2316384180790965,-6.015012311055596,720.7174323785301,Hard
2025-02-10,43195,Brandon Nakashima,Reilly Opelka,P2,2.5073199447723193,False,P1,0.43910200893878937,0.5608979910612106,2.1189189189189186,1.8937198067632852,-2.5073199447723193,718.2101124337578,Hard
2025-02-10,43222,Joao Fonseca,Federico Coria,P2,4.6658413151816545,False,P1,0.7225583791732788,0.2774416208267212,1.204152249134948,5.898305084745763,-4.6658413151816545,713.5442711185761,Clay
2025-02-10,43196,Alejandro Davidovich Fokina,Mackenzie McDonald,P2,7.586339851130553,False,P1,0.4800986349582672,0.5199013650417328,1.6399999999999997,2.5624999999999996,-7.586339851130553,705.9579312674456,Hard
2025-02-10,43169,Jan-Lennard Struff,Hugo Grenier,P1,3.6878491980088763,True,P1,0.7340222746133804,0.26597772538661957,1.4224924012158056,3.3669064748201447,1.5580882629885529,707.5160195304342,Hard
2025-02-10,43223,Pedro Martinez,Diego Schwartzman,P1,2.0297348792418166,True,P1,0.7098036408424377,0.29019635915756226,1.444794952681388,3.24822695035461,0.9028158295681264,708.4188353600023,Clay
2025-02-10,43197,Alex Michelsen,Michael Mmoh,P2,9.779057747223268,False,P1,0.5552257597446442,0.44477424025535583,1.3038277511961724,4.291338582677165,-9.779057747223268,698.639777612779,Hard
2025-02-10,43170,Ugo Humbert,Alexander Bublik,P1,5.438431014837599,True,P1,0.7801786735653877,0.21982132643461227,1.352,3.840909090909091,1.9143277172228355,700.5541053300018,Hard
2025-02-10,43224,Alexander Zverev,Dusan Lajovic,P2,0.887404444545165,False,P1,0.8577057644724846,0.1422942355275154,1.1363636363636365,8.333333333333334,-0.887404444545165,699.6667008854566,Clay
2025-02-10,43198,Marcos Giron,Ethan Quinn,P2,0.007972830348480656,False,P1,0.6813591569662094,0.3186408430337906,1.4673202614379082,3.13986013986014,-0.007972830348480656,699.6587280551081,Hard
2025-02-10,43171,Hamad Medjedovic,Karen Khachanov,P2,9.786914468702907,False,P1,0.3024997413158417,0.6975002586841583,2.380952380952381,1.7241379310344829,-9.786914468702907,689.8718135864052,Hard
2025-02-10,43225,Laslo Djere,Alejandro Tabilo,P2,0.5563814242310035,False,P1,0.6149187535047531,0.3850812464952469,1.6,2.6666666666666665,-0.5563814242310035,689.3154321621743,Clay
2025-02-10,43226,Francisco Cerundolo,Juan Manuel Cerundolo,P2,1.5437093642308901,False,P1,0.7580780237913132,0.24192197620868683,1.2600422832980973,4.845528455284553,-1.5437093642308901,687.7717227979434,Clay
2025-02-10,43172,Lorenzo Sonego,Luca Van Assche,P1,3.281212374046094,True,P1,0.6837117969989777,0.31628820300102234,1.5376344086021503,2.86,1.7640926742183294,689.5358154721617,Hard
2025-02-10,43199,Miomir Kecmanovic,Yoshihito Nishioka,P2,5.98244808267605,False,P1,0.4954812526702881,0.5045187473297119,1.668032786885246,2.4969325153374236,-5.98244808267605,683.5533673894857,Hard
2025-02-10,43227,Thiago Seyboth Wild,Sebastian Baez,P1,8.673414137470544,True,P1,0.5200332403182983,0.47996675968170166,2.8026315789473686,1.554744525547445,15.634970221492956,699.1883376109787,Clay
2025-02-10,43200,Cameron Norrie,Arthur Rinderknech,P2,8.28486481761026,False,P1,0.5104067176580429,0.4895932823419571,1.4949152542372883,3.02054794520548,-8.28486481761026,690.9034727933685,Hard
2025-02-10,43173,Daniel Altmaier,Otto Virtanen,P1,9.679945016850045,True,P1,0.6001173406839371,0.3998826593160629,2.25,1.7999999999999998,12.099931271062555,703.003404064431,Hard
2025-02-10,43174,Daniil Medvedev,Jan-Lennard Struff,P2,4.1499440955455,False,P1,0.6885295510292053,0.3114704489707947,1.2808988764044942,4.56,-4.1499440955455,698.8534599688855,Hard
2025-02-10,43228,Francisco Cerundolo,Alexander Zverev,P2,7.850264219731297,False,P1,0.23869599401950836,0.7613040059804916,3.24822695035461,1.444794952681388,-7.850264219731297,691.0031957491542,Clay
2025-02-10,43201,Alejandro Davidovich Fokina,Taylor Fritz,P2,7.434894567384005,False,P1,0.1389765366911888,0.8610234633088112,5.647058823529412,1.2151898734177216,-7.434894567384005,683.5683011817702,Hard
2025-02-10,43229,Laslo Djere,Thiago Seyboth Wild,P2,1.7478267858860903,False,P1,0.5250046849250793,0.47499531507492065,1.8073394495412844,2.2386363636363638,-1.7478267858860903,681.820474395884,Clay
2025-02-10,43202,Alex Michelsen,Cameron Norrie,P1,4.005919523618326,True,P1,0.6333920359611511,0.3666079640388489,1.7106382978723402,2.407185628742515,2.846759831677703,684.6672342275617,Hard
2025-02-10,43175,Ugo Humbert,Lorenzo Sonego,P2,0.2704400055253117,False,P1,0.6901565939188004,0.30984340608119965,1.4375,3.285714285714286,-0.2704400055253117,684.3967942220364,Hard
2025-02-10,43230,Joao Fonseca,Mariano Navone,P2,1.8114040054586378,False,P1,0.562174454331398,0.437825545668602,1.6846473029045643,2.460606060606061,-1.8114040054586378,682.5853902165778,Clay
2025-02-10,43176,Zizou Bergs,Zhizhen Zhang,P2,3.0762205829876454,False,P1,0.5328245311975479,0.4671754688024521,1.7076271186440675,2.413173652694611,-3.0762205829876454,679.5091696335902,Hard
2025-02-10,43203,Matteo Arnaldi,Brandon Nakashima,P1,3.1564381639037,True,P1,0.47938570380210876,0.5206142961978912,2.347058823529412,1.74235807860262,4.251907879611455,683.7610775132017,Hard
2025-02-10,43204,Miomir Kecmanovic,Marcos Giron,P2,1.4339601718339208,False,P1,0.44368019700050354,0.5563198029994965,2.1593406593406588,1.862559241706161,-1.4339601718339208,682.3271173413677,Hard
2025-02-10,43231,Pedro Martinez,Lorenzo Musetti,P1,4.024839051478131,True,P1,0.34898072481155396,0.651019275188446,3.818181818181818,1.3548387096774193,11.342728235983824,693.6698455773516,Clay
2025-02-10,43177,Hamad Medjedovic,Daniel Altmaier,P2,3.2811382011578916,False,P1,0.6103804707527161,0.38961952924728394,1.4833333333333332,3.0689655172413794,-3.2811382011578916,690.3887073761937,Hard
2025-02-10,43205,Miomir Kecmanovic,Alex Michelsen,P2,1.0971474329243163,False,P1,0.42191803455352783,0.5780819654464722,2.294797687861272,1.7723214285714286,-1.0971474329243163,689.2915599432694,Hard
2025-02-10,43178,Hamad Medjedovic,Daniil Medvedev,P1,5.400529693100483,True,P1,0.3703779876232147,0.6296220123767853,3.9465648854961826,1.339378238341969,15.91301115676936,705.2045711000387,Hard
2025-02-10,43232,Francisco Cerundolo,Pedro Martinez,P2,2.7004155155531,False,P1,0.683472290635109,0.31652770936489105,1.351063829787234,3.8484848484848486,-2.7004155155531,702.5041555844856,Clay
2025-02-10,43179,Ugo Humbert,Zizou Bergs,P1,0.32591390898740535,True,P1,0.7010754495859146,0.2989245504140854,1.4320987654320987,3.3142857142857145,0.14082699771060722,702.6449825821962,Hard
2025-02-10,43206,Alejandro Davidovich Fokina,Matteo Arnaldi,P1,3.139608439143624,True,P1,0.47183194756507874,0.5281680524349213,2.380952380952381,1.7241379310344829,4.335649749293576,706.9806323314898,Hard
2025-02-10,43233,Joao Fonseca,Laslo Djere,P2,3.798097457071205,False,P1,0.5090699791908264,0.4909300208091736,1.7533039647577093,2.327485380116959,-3.798097457071205,703.1825348744186,Clay
2025-02-10,43180,Ugo Humbert,Hamad Medjedovic,P2,2.4889978685907996,False,P1,0.6437647640705109,0.35623523592948914,1.4433962264150944,3.2553191489361706,-2.4889978685907996,700.6935370058278,Hard
2025-02-10,43207,Miomir Kecmanovic,Alejandro Davidovich Fokina,P2,0.8942460994523185,False,P1,0.5170685797929764,0.4829314202070236,1.8846153846153846,2.1304347826086953,-0.8942460994523185,699.7992909063755,Hard
2025-02-10,43234,Joao Fonseca,Francisco Cerundolo,P2,3.0413008788214886,False,P1,0.385776624083519,0.614223375916481,2.3668639053254434,1.7316017316017311,-3.0413008788214886,696.757990027554,Clay
2025-02-17,43266,Alexander Zverev,Yunchaokete Bu,P2,3.8191555900870293,False,P1,0.8366930484771729,0.16330695152282715,1.0641579272054287,16.58653846153846,-3.8191555900870293,692.938834437467,Clay
2025-02-17,43235,Alex de Minaur,Roman Safiullin,P2,0.3684824985385662,False,P1,0.8591544926166534,0.14084550738334656,1.1515561569688768,7.598214285714286,-0.3684824985385662,692.5703519389284,Hard
2025-02-17,43236,Matteo Berrettini,Novak Djokovic,P2,10.78203998661525,False,P1,0.1741688847541809,0.8258311152458191,3.953846153846154,1.3385416666666667,-10.78203998661525,681.7883119523132,Hard
2025-02-17,43267,Francisco Cerundolo,Hugo Gaston,P2,2.706030681846676,False,P1,0.7658602893352509,0.23413971066474915,1.2020725388601037,5.94871794871795,-2.706030681846676,679.0822812704665,Clay
2025-02-17,43237,Daniil Medvedev,Karen Khachanov,P2,3.392920112099537,False,P1,0.557084247469902,0.44291575253009796,1.615686274509804,2.6242038216560504,-3.392920112099537,675.689361158367,Hard
2025-02-17,43238,Andrey Rublev,Alexander Bublik,P2,7.216833321183302,False,P1,0.6078551709651947,0.3921448290348053,1.2937062937062938,4.404761904761904,-7.216833321183302,668.4725278371836,Hard
2025-02-17,43269,Camilo Ugo Carabelli,Pedro Martinez,P2,7.6044965092373245,False,P1,0.30632883310317993,0.6936711668968201,2.5217391304347827,1.6571428571428568,-7.6044965092373245,660.8680313279463,Clay
2025-02-17,43239,Hamad Medjedovic,Stefanos Tsitsipas,P1,6.935639680437576,True,P1,0.4919418394565582,0.5080581605434418,2.8013245033112586,1.5551470588235292,12.493337702510072,673.3613690304563,Hard
2025-02-17,43270,Tomas Martin Etcheverry,Corentin Moutet,P2,10.503846265526095,False,P1,0.4713911861181259,0.5286088138818741,1.459546925566343,3.176056338028169,-10.503846265526095,662.8575227649302,Clay
2025-02-17,43240,Felix Auger-Aliassime,Quentin Halys,P1,0.5133375268793986,True,P1,0.7684575095772743,0.23154249042272568,1.3075060532687652,4.251968503937007,0.15785439688543254,663.0153771618156,Hard
2025-02-17,43271,Luciano Darderi,Hugo Dellien,P1,12.486874171641402,True,P1,0.6827262341976166,0.3172737658023834,2.0366492146596857,1.9646464646464645,12.944508303586373,675.9598854654021,Clay
2025-02-17,43272,Damir Dzumhur,Dusan Lajovic,P1,4.106051746151126,True,P1,0.4149954617023468,0.5850045382976532,2.9931506849315066,1.5017182130584192,8.183979850205326,684.1438653156074,Clay
2025-02-17,43241,Zizou Bergs,Roberto Bautista Agut,P1,2.0062642825149237,True,P1,0.5842770636081696,0.41572293639183044,1.7909090909090908,2.264367816091954,1.5867726598072576,685.7306379754147,Hard
2025-02-17,43242,Nuno Borges,Otto Virtanen,P1,4.92902400766263,True,P1,0.7132773548364639,0.28672264516353607,1.5034482758620689,2.986301369863013,2.481508638340496,688.2121466137552,Hard
2025-02-17,43243,Tallon Griekspoor,Jan-Lennard Struff,P2,3.1365957088830303,False,P1,0.5348831117153168,0.4651168882846832,1.6991525423728815,2.43030303030303,-3.1365957088830303,685.0755509048721,Hard
2025-02-17,43274,Alexandre Muller,Joao Fonseca,P1,6.710299186853316,True,P1,0.3502868264913559,0.6497131735086441,5.208333333333334,1.2376237623762376,28.239175744674377,713.3147266495465,Clay
2025-02-17,43244,Luca Nardi,Zhizhen Zhang,P2,14.26629453299093,False,P1,0.22720728069543839,0.7727927193045616,2.4096385542168677,1.7094017094017095,-14.26629453299093,699.0484321165555,Hard
2025-02-17,43275,Mariano Navone,Roberto Carballes Baena,P2,7.773715611491902,False,P1,0.468474879860878,0.531525120139122,1.6598360655737707,2.515527950310559,-7.773715611491902,691.2747165050637,Clay
2025-02-17,43276,Chun-Hsin Tseng,Alejandro Tabilo,P1,4.269951175887623,True,P1,0.3540024608373642,0.6459975391626358,3.803030303030303,1.3567567567567564,11.968802538472884,703.2435190435366,Clay
2025-02-17,43245,Botic Van De Zandschulp,Abdullah Shelbayh,P2,1.9117412947743233,False,P1,0.7583618089556694,0.2416381910443306,1.246938775510204,5.049586776859504,-1.9117412947743233,701.3317777487623,Hard
2025-02-17,43277,Nicolas Jarry,Juan Manuel Cerundolo,P1,4.572866666735489,True,P1,0.6895772814750671,0.31042271852493286,1.5551470588235292,2.8013245033112586,2.538613480430363,703.8703912291927,Clay
2025-02-17,43246,Carlos Alcaraz,Marin Cilic,P2,3.891793962393168,False,P1,0.8370097205042839,0.1629902794957161,1.062612883804937,16.971153846153843,-3.891793962393168,699.9785972667995,Hard
2025-02-17,43247,Jiri Lehecka,Grigor Dimitrov,P2,7.159137724174147,False,P1,0.45108890533447266,0.5489110946655273,1.763392857142857,2.309941520467836,-7.159137724174147,692.8194595426254,Hard
2025-02-17,43248,Jack Draper,Alexei Popyrin,P1,2.6353760184709114,True,P1,0.6983108073472977,0.30168919265270233,1.4848484848484849,3.0625000000000004,1.277758069561654,694.097217612187,Hard
2025-02-17,43279,Thiago Monteiro,Facundo Diaz Acosta,P2,1.8009267953048669,False,P1,0.4473121911287308,0.5526878088712692,2.119565217391304,1.8932038834951457,-1.8009267953048669,692.2962908168821,Clay
2025-02-17,43280,Jaume Munar,Thiago Seyboth Wild,P2,2.2749942453693706,False,P1,0.522721990942955,0.477278009057045,1.7873303167420815,2.2701149425287355,-2.2749942453693706,690.0212965715127,Clay
2025-02-17,43249,Fabian Marozsan,Aziz Dougaz,P2,1.9331330874134283,False,P1,0.7801625207066536,0.2198374792933464,1.2099644128113878,5.76271186440678,-1.9331330874134283,688.0881634840993,Hard
2025-02-17,43250,Christopher O'Connell,Hady Habib,P2,11.579390356121825,False,P1,0.47645288705825806,0.5235471129417419,1.3924418604651165,3.548148148148148,-11.579390356121825,676.5087731279774,Hard
2025-02-17,43281,Alexander Shevchenko,Felipe Meligeni Alves,P1,11.95038760178921,True,P1,0.6493573486804962,0.3506426513195038,2.1843575418994416,1.8443396226415094,14.153531684800631,690.6623048127781,Clay
2025-02-17,43282,Francisco Cerundolo,Luciano Darderi,P1,0.16316366280129596,True,P1,0.7477593421936035,0.2522406578063965,1.3394736842105264,3.945736434108527,0.05538976974043995,690.7176945825186,Clay
2025-02-17,43251,Carlos Alcaraz,Luca Nardi,P2,0.8726334593012532,False,P1,0.928615216165781,0.07138478383421898,1.0496624879459981,21.135922330097088,-0.8726334593012532,689.8450611232173,Hard
2025-02-17,43252,Alex de Minaur,Botic Van De Zandschulp,P2,0.8900573072370327,False,P1,0.8161082491278648,0.18389175087213516,1.193708609271523,6.162393162393162,-0.8900573072370327,688.9550038159803,Hard
2025-02-17,43283,Alexandre Muller,Tomas Martin Etcheverry,P1,3.8894311287430723,True,P1,0.44397591054439545,0.5560240894556046,2.6794871794871793,1.5954198473282442,6.5322497162223385,695.4872535322027,Clay
2025-02-17,43253,Daniil Medvedev,Zizou Bergs,P2,2.971209224657027,False,P1,0.6540702134370804,0.3459297865629196,1.3982558139534884,3.5109489051094886,-2.971209224657027,692.5160443075456,Hard
2025-02-17,43254,Andrey Rublev,Nuno Borges,P2,8.681191922866535,False,P1,0.5571985840797424,0.44280141592025757,1.344736842105263,3.9007633587786255,-8.681191922866535,683.834852384679,Hard
2025-02-17,43285,Camilo Ugo Carabelli,Damir Dzumhur,P2,9.605097887737209,False,P1,0.4278977960348129,0.5721022039651871,1.6804979253112031,2.469512195121951,-9.605097887737209,674.2297544969418,Clay
2025-02-17,43286,Alexander Zverev,Alexander Shevchenko,P2,1.5335980592975555,False,P1,0.8690298050642014,0.13097019493579865,1.0983606557377048,11.166666666666666,-1.5335980592975555,672.6961564376443,Clay
2025-02-17,43255,Jack Draper,Christopher O'Connell,P2,1.9416593933860784,False,P1,0.7425428032875061,0.2574571967124939,1.2689804772234274,4.717741935483872,-1.9416593933860784,670.7544970442582,Hard
2025-02-17,43287,Sebastian Baez,Mariano Navone,P1,2.57254246496128,True,P1,0.49511007964611053,0.5048899203538895,2.206703910614525,1.8287037037037037,3.1042970526907068,673.8587940969489,Clay
2025-02-17,43256,Felix Auger-Aliassime,Hamad Medjedovic,P2,12.851333553830644,False,P1,0.4829224944114685,0.5170775055885315,1.2808988764044942,4.56,-12.851333553830644,661.0074605431183,Hard
2025-02-17,43257,Matteo Berrettini,Tallon Griekspoor,P2,3.7962610601070343,False,P1,0.5873907655477524,0.4126092344522476,1.5068965517241382,2.972789115646259,-3.7962610601070343,657.2111994830113,Hard
2025-02-17,43288,Francisco Comesana,Nicolas Jarry,P2,8.782983637935079,False,P1,0.2877264767885208,0.7122735232114792,2.546583850931677,1.6465863453815262,-8.782983637935079,648.4282158450762,Clay
2025-02-17,43289,Chun-Hsin Tseng,Thiago Monteiro,P1,2.8045431584348983,True,P1,0.40590742230415344,0.5940925776958466,2.86,1.5376344086021503,5.216450274688911,653.6446661197651,Clay
2025-02-17,43258,Jiri Lehecka,Fabian Marozsan,P2,4.656865093084552,False,P1,0.6107062250375748,0.38929377496242523,1.4041297935103245,3.4744525547445253,-4.656865093084552,648.9878010266806,Hard
2025-02-17,43259,Jiri Lehecka,Carlos Alcaraz,P2,2.049986282104307,False,P1,0.2236405834555626,0.7763594165444374,4.188976377952756,1.3135802469135802,-2.049986282104307,646.9378147445763,Hard
2025-02-17,43290,Francisco Comesana,Alexander Zverev,P2,1.7666986973223602,False,P1,0.13471703976392746,0.8652829602360725,7.017543859649125,1.1661807580174928,-1.7666986973223602,645.1711160472539,Clay
2025-02-17,43291,Alexandre Muller,Francisco Cerundolo,P2,4.1117288588278935,False,P1,0.31206077337265015,0.6879392266273499,2.796052631578948,1.5567765567765568,-4.1117288588278935,641.0593871884261,Clay
2025-02-17,43260,Andrey Rublev,Alex de Minaur,P2,11.554053157687884,False,P1,0.26184333860874176,0.7381566613912582,2.4424242424242424,1.6932773109243697,-11.554053157687884,629.5053340307381,Hard
2025-02-17,43261,Felix Auger-Aliassime,Daniil Medvedev,P1,1.8249616291092998,True,P1,0.39032870531082153,0.6096712946891785,2.834437086092715,1.5451263537906137,3.347777293134278,632.8531113238724,Hard
2025-02-17,43292,Sebastian Baez,Chun-Hsin Tseng,P2,3.080495137330059,False,P1,0.5988925397396088,0.40110746026039124,1.5071942446043167,2.971631205673759,-3.080495137330059,629.7726161865423,Clay
2025-02-17,43262,Jack Draper,Matteo Berrettini,P1,2.978662063471577,True,P1,0.6165075898170471,0.3834924101829529,1.7347826086956524,2.36094674556213,2.18866908142042,631.9612852679628,Hard
2025-02-17,43294,Sebastian Baez,Camilo Ugo Carabelli,P2,1.809060636086251,False,P1,0.6531454920768738,0.3468545079231262,1.4433962264150944,3.2553191489361706,-1.809060636086251,630.1522246318766,Clay
2025-02-17,43263,Andrey Rublev,Felix Auger-Aliassime,P2,7.860348538922433,False,P1,0.43342842161655426,0.5665715783834457,1.7316017316017311,2.3668639053254434,-7.860348538922433,622.2918760929542,Hard
2025-02-17,43264,Jack Draper,Jiri Lehecka,P1,5.210886542089562,True,P1,0.6248364001512527,0.37516359984874725,1.8202764976958523,2.2191011235955056,4.274367762635676,626.5662438555898,Hard
2025-02-17,43295,Alexandre Muller,Francisco Comesana,P1,2.400629037073701,True,P1,0.6311038732528687,0.36889612674713135,1.6653061224489796,2.503067484662577,1.5971531960939316,628.1633970516838,Clay
2025-02-17,43265,Andrey Rublev,Jack Draper,P2,12.386023135265686,False,P1,0.27515265345573425,0.7248473465442657,2.201117318435754,1.832558139534884,-12.386023135265686,615.7773739164181,Hard
2025-02-17,43296,Sebastian Baez,Alexandre Muller,P2,0.05812069292750083,False,P1,0.5451228618621826,0.4548771381378174,1.8309859154929575,2.2033898305084745,-0.05812069292750083,615.7192532234907,Clay
2025-02-24,43297,Daniil Medvedev,Jan-Lennard Struff,P2,4.025753088523694,False,P1,0.702073723077774,0.29792627692222595,1.2380952380952381,5.200000000000001,-4.025753088523694,611.6935001349669,Hard
2025-02-24,43329,Alexander Zverev,Matteo Arnaldi,P1,7.175273775930535,True,P1,0.79874037951231,0.20125962048768997,1.3567567567567564,3.803030303030303,2.5598274011427833,614.2533275361097,Hard
2025-02-24,43298,Marin Cilic,Alex de Minaur,P1,3.147349139786206,True,P1,0.22570940107107162,0.7742905989289284,7.283185840707964,1.1591549295774648,19.77537955086908,634.0287070869788,Hard
2025-02-24,43330,Holger Rune,Roberto Carballes Baena,P2,0.7860094028666339,False,P1,0.6876451671123505,0.31235483288764954,1.418181818181818,3.391304347826087,-0.7860094028666339,633.2426976841122,Hard
2025-02-24,43331,Frances Tiafoe,Alexandre Muller,P2,8.094315034645776,False,P1,0.5407955795526505,0.45920442044734955,1.3764044943820226,3.656716417910447,-8.094315034645776,625.1483826494664,Hard
2025-02-24,43299,Quentin Halys,Andrey Rublev,P2,3.681864688309531,False,P1,0.22183187305927277,0.7781681269407272,3.976923076923077,1.3359173126614987,-3.681864688309531,621.4665179611568,Hard
2025-02-24,43300,Ugo Humbert,Jiri Lehecka,P1,1.9821435691759361,True,P1,0.5655021816492081,0.43449781835079193,1.8660287081339713,2.154696132596685,1.716593234549495,623.1831111957063,Hard
2025-02-24,43333,Alejandro Davidovich Fokina,Mattia Bellucci,P1,5.405324534273442,True,P1,0.6722399592399597,0.3277600407600403,1.6571428571428568,2.5217391304347827,3.5520704082368315,626.7351816039431,Hard
2025-02-24,43301,Christopher O'Connell,Grigor Dimitrov,P2,8.676019564316228,False,P1,0.246839702129364,0.753160297870636,2.929577464788733,1.5182481751824817,-8.676019564316228,618.0591620396269,Hard
2025-02-24,43334,Alex Michelsen,Yunchaokete Bu,P2,2.8475504040622246,False,P1,0.6086755692958832,0.3913244307041168,1.4915254237288134,3.03448275862069,-2.8475504040622246,615.2116116355647,Hard
2025-02-24,43302,Nuno Borges,Arthur Fils,P1,4.573813856025647,True,P1,0.5062406361103058,0.4937593638896942,2.380952380952381,1.7241379310344829,6.316219134511608,621.5278307700763,Hard
2025-02-24,43303,Felix Auger-Aliassime,Alexander Bublik,P1,4.92785637342703,True,P1,0.7924585714936256,0.20754142850637436,1.3274111675126905,4.054263565891473,1.6134352085585968,623.1412659786349,Hard
2025-02-24,43335,Brandon Nakashima,Benjamin Bonzi,P2,1.8705434715435452,False,P1,0.6179393380880356,0.3820606619119644,1.5211267605633803,2.918918918918919,-1.8705434715435452,621.2707225070914,Hard
2025-02-24,43336,Rodrigo Pacheco Mendez,Aleksandar Vukic,P1,2.3251801281251807,True,P1,0.2852650284767151,0.7147349715232849,4.396825396825396,1.294392523364486,7.8982309114093425,629.1689534185007,Hard
2025-02-24,43304,Matteo Berrettini,Gael Monfils,P2,6.987796374663157,False,P1,0.4938281625509262,0.5061718374490738,1.5751879699248121,2.738562091503268,-6.987796374663157,622.1811570438375,Hard
2025-02-24,43337,Casper Ruud,Arthur Rinderknech,P2,2.110935390424037,False,P1,0.741655632853508,0.258344367146492,1.2568421052631578,4.89344262295082,-2.110935390424037,620.0702216534135,Hard
2025-02-24,43305,Tallon Griekspoor,Roman Safiullin,P1,7.2477008009460935,True,P1,0.6492196619510651,0.35078033804893494,1.8443396226415094,2.1843575418994416,6.11952095928939,626.1897426127028,Hard
2025-02-24,43338,Tommy Paul,Gabriel Diallo,P1,9.953652417004813,True,P1,0.8081626668572426,0.19183733314275742,1.391304347826087,3.555555555555555,3.894907467523622,630.0846500802264,Hard
2025-02-24,43339,Ben Shelton,Flavio Cobolli,P2,1.032255545388849,False,P1,0.716328039765358,0.28367196023464203,1.3502673796791445,3.854961832061069,-1.032255545388849,629.0523945348376,Hard
2025-02-24,43307,Luca Nardi,Marton Fucsovics,P2,4.302970523993099,False,P1,0.30798354744911194,0.6920164525508881,2.802721088435374,1.5547169811320756,-4.302970523993099,624.7494240108446,Hard
2025-02-24,43308,Stefanos Tsitsipas,Lorenzo Sonego,P2,2.656847542103478,False,P1,0.5740411281585693,0.42595887184143066,1.5938697318007664,2.6838709677419352,-2.656847542103478,622.0925764687411,Hard
2025-02-24,43340,Tomas Machac,Jakub Mensik,P1,5.709214633854837,True,P1,0.644481971859932,0.35551802814006805,1.7713004484304933,2.296511627906977,4.403519807278171,626.4960962760192,Hard
2025-02-24,43341,Daniel Altmaier,Miomir Kecmanovic,P2,5.7417171705184336,False,P1,0.2999309301376343,0.7000690698623657,2.722972972972973,1.5803921568627455,-5.7417171705184336,620.7543791055008,Hard
2025-02-24,43309,Roberto Bautista Agut,Fabian Marozsan,P1,0.5504941687386107,True,P1,0.41404566168785095,0.585954338312149,2.478527607361963,1.6763485477178421,0.8139208261718108,621.5682999316726,Hard
2025-02-24,43310,Zizou Bergs,Aziz Dougaz,P2,0.9111833303123281,False,P1,0.8067999184131622,0.19320008158683777,1.203125,5.923076923076924,-0.9111833303123281,620.6571166013603,Hard
2025-02-24,43342,Marcos Giron,Adam Walton,P1,12.413142332027206,True,P1,0.7896532565355301,0.2103467434644699,1.5454545454545454,2.833333333333333,6.770804908378476,627.4279215097388,Hard
2025-02-24,43343,David Goffin,Rinky Hijikata,P2,1.0162890147732297,False,P1,0.5462679117918015,0.45373208820819855,1.7713004484304933,2.296511627906977,-1.0162890147732297,626.4116324949656,Hard
2025-02-24,43311,Karen Khachanov,Daniel Evans,P2,1.1698054427337774,False,P1,0.768849641084671,0.23115035891532898,1.2520661157024793,4.967213114754099,-1.1698054427337774,625.2418270522318,Hard
2025-02-24,43312,Giovanni Mpetshi Perricard,Zhizhen Zhang,P1,2.9548911263189273,True,P1,0.5831549614667892,0.41684503853321075,1.8530805687203793,2.1722222222222225,2.5207602025469527,627.7625872547787,Hard
2025-02-24,43344,Learner Tien,Cameron Norrie,P2,1.532868289343411,False,P1,0.44030869007110596,0.559691309928894,2.160220994475138,1.8619047619047617,-1.532868289343411,626.2297189654354,Hard
2025-02-24,43345,Learner Tien,Alexander Zverev,P2,12.524594379308708,False,P1,0.1321956366300583,0.8678043633699417,4.147286821705426,1.3177339901477834,-12.524594379308708,613.7051245861267,Hard
2025-02-24,43313,Alexei Popyrin,Hady Habib,P2,3.467847266920133,False,P1,0.5857060700654984,0.41429392993450165,1.5143884892086328,2.9440559440559437,-3.467847266920133,610.2372773192066,Hard
2025-02-24,43314,Daniil Medvedev,Giovanni Mpetshi Perricard,P2,1.66990065053459,False,P1,0.6442154943943024,0.35578450560569763,1.4673202614379082,3.13986013986014,-1.66990065053459,608.567376668672,Hard
2025-02-24,43346,Rodrigo Pacheco Mendez,Casper Ruud,P1,2.7890993813612237,True,P1,0.15233264118433,0.84766735881567,14.971428571428572,1.0715746421267893,38.967702785303956,647.5350794539759,Hard
2025-02-24,43347,Marcos Giron,Tommy Paul,P1,1.3973529003925709,True,P1,0.3247029334306717,0.6752970665693283,3.3985507246376816,1.4169184290030208,3.351621811811167,650.886701265787,Hard
2025-02-24,43315,Stefanos Tsitsipas,Karen Khachanov,P2,5.1064303096534305,False,P1,0.4441871643066406,0.5558128356933594,1.898058252427185,2.1135135135135137,-5.1064303096534305,645.7802709561336,Hard
2025-02-24,43316,Tallon Griekspoor,Ugo Humbert,P1,3.0275092973155555,True,P1,0.32119686901569366,0.6788031309843063,3.984615384615384,1.3350515463917525,9.035950825834117,654.8162217819677,Hard
2025-02-24,43348,Brandon Nakashima,Holger Rune,P2,1.957588192762108,False,P1,0.4073451906442642,0.5926548093557358,2.308139534883721,1.7644444444444443,-1.957588192762108,652.8586335892055,Hard
2025-02-24,43349,David Goffin,Ben Shelton,P2,0.41040509249141227,False,P1,0.27372218668460846,0.7262778133153915,3.6074074074074076,1.3835227272727273,-0.41040509249141227,652.4482284967141,Hard
2025-02-24,43317,Felix Auger-Aliassime,Nuno Borges,P2,3.5486138332780444,False,P1,0.5760589241981506,0.42394107580184937,1.5471014492753625,2.827814569536424,-3.5486138332780444,648.8996146634361,Hard
2025-02-24,43350,Alejandro Davidovich Fokina,Frances Tiafoe,P2,5.043641534023741,False,P1,0.4427936375141144,0.5572063624858856,1.9073170731707316,2.102150537634408,-5.043641534023741,643.8559731294123,Hard
2025-02-24,43318,Matteo Berrettini,Christopher O'Connell,P2,0.7785491104728383,False,P1,0.7323302775621414,0.2676697224378586,1.3324808184143224,4.007692307692307,-0.7785491104728383,643.0774240189395,Hard
2025-02-24,43319,Marin Cilic,Alexei Popyrin,P1,5.299907547601214,True,P1,0.5266666114330292,0.4733333885669708,2.308139534883721,1.7644444444444443,6.933018594245775,650.0104426131853,Hard
2025-02-24,43351,Tomas Machac,Daniel Altmaier,P2,0.7679026901450177,False,P1,0.734604150056839,0.265395849943161,1.3291139240506329,4.038461538461539,-0.7679026901450177,649.2425399230403,Hard
2025-02-24,43352,Denis Shapovalov,Alex Michelsen,P2,7.049627161624792,False,P1,0.47200365364551544,0.5279963463544846,1.6585365853658534,2.518518518518518,-7.049627161624792,642.1929127614155,Hard
2025-02-24,43320,Quentin Halys,Roberto Bautista Agut,P2,3.980705672088841,False,P1,0.4558919817209244,0.5441080182790756,1.9215686274509802,2.0851063829787235,-3.980705672088841,638.2122070893267,Hard
2025-02-24,43321,Luca Nardi,Zizou Bergs,P2,7.359787659148512,False,P1,0.28460898995399475,0.7153910100460052,2.703225806451613,1.5871212121212122,-7.359787659148512,630.8524194301782,Hard
2025-02-24,43353,Tomas Machac,Learner Tien,P1,9.148827804697293,True,P1,0.7331259250640869,0.2668740749359131,1.6023166023166024,2.66025641025641,5.5104908785049345,636.3629103086831,Hard
2025-02-24,43322,Tallon Griekspoor,Daniil Medvedev,P1,6.180289380519201,True,P1,0.39567841589450836,0.6043215841054916,3.999999999999999,1.3333333333333333,18.5408681415576,654.9037784502407,Hard
2025-02-24,43354,Denis Shapovalov,Marcos Giron,P2,4.89897170109031,False,P1,0.5435282737016678,0.4564717262983322,1.5645756457564575,2.7712418300653594,-4.89897170109031,650.0048067491504,Hard
2025-02-24,43355,Alejandro Davidovich Fokina,Rodrigo Pacheco Mendez,P2,5.567438697523361,False,P1,0.7215200662612915,0.2784799337387085,1.1485411140583555,7.732142857142855,-5.567438697523361,644.437368051627,Hard
2025-02-24,43323,Stefanos Tsitsipas,Matteo Berrettini,P1,1.7922721747164012,True,P1,0.4209658354520798,0.5790341645479202,2.5849056603773586,1.6309523809523812,2.8405823146448625,647.2779503662719,Hard
2025-02-24,43324,Felix Auger-Aliassime,Marin Cilic,P2,4.402288124783321,False,P1,0.5805445164442062,0.41945548355579376,1.488215488215488,3.048275862068966,-4.402288124783321,642.8756622414885,Hard
2025-02-24,43356,Brandon Nakashima,David Goffin,P1,7.349447388505005,True,P1,0.6963606476783752,0.30363935232162476,1.6491935483870968,2.540372670807453,4.771213828827846,647.6468760703164,Hard
2025-02-24,43325,Quentin Halys,Luca Nardi,P1,0.5645831059309155,True,P1,0.5312763452529907,0.4687236547470093,1.9121951219512194,2.096256684491978,0.5150099551662497,648.1618860254827,Hard
2025-02-24,43357,Tomas Machac,Brandon Nakashima,P2,1.528146528454749,False,P1,0.5995184183120728,0.40048158168792725,1.5893536121673004,2.6967741935483867,-1.528146528454749,646.6337394970279,Hard
2025-02-24,43358,Alejandro Davidovich Fokina,Denis Shapovalov,P1,2.564050486382004,True,P1,0.44577302038669586,0.5542269796133041,2.5123456790123457,1.6612244897959183,3.877730673849327,650.5114701708773,Hard
2025-02-24,43326,Stefanos Tsitsipas,Tallon Griekspoor,P2,4.003921638907176,False,P1,0.5126152485609055,0.48738475143909454,1.7106382978723402,2.407185628742515,-4.003921638907176,646.5075485319701,Hard
2025-02-24,43359,Tomas Machac,Alejandro Davidovich Fokina,P1,6.260337951843998,True,P1,0.643665686249733,0.35633431375026703,1.7918552036199096,2.262857142857143,4.957281183586876,651.464829715557,Hard
2025-02-24,43327,Felix Auger-Aliassime,Quentin Halys,P2,2.7716626539056426,False,P1,0.6968307644128799,0.30316923558712006,1.3129584352078238,4.1953125,-2.7716626539056426,648.6931670616514,Hard
2025-02-24,43328,Stefanos Tsitsipas,Felix Auger-Aliassime,P2,2.42880075986299,False,P1,0.5243107080459595,0.4756892919540405,1.7644444444444443,2.308139534883721,-2.42880075986299,646.2643663017884,Hard
2025-03-03,43387,Matteo Arnaldi,Aleksandar Kovacevic,P2,2.3559647605068585,False,P1,0.6475550979375839,0.3524449020624161,1.4316770186335404,3.3165467625899288,-2.3559647605068585,643.9084015412816,Hard
2025-03-03,43388,Nuno Borges,Arthur Rinderknech,P1,1.3085350440003034,True,P1,0.7203577905893326,0.2796422094106674,1.4114114114114114,3.430656934306569,0.5383462493334581,644.4467477906151,Hard
2025-03-03,43389,Jenson Brooksby,Benjamin Bonzi,P1,3.211730568434576,True,P1,0.5671954900026321,0.43280450999736786,1.9257425742574261,2.0802139037433154,2.973235724243891,647.4199835148589,Hard
2025-03-03,43390,Joao Fonseca,Jacob Fearnley,P2,5.358405989358187,False,P1,0.6141691356897354,0.3858308643102646,1.3586956521739129,3.7878787878787876,-5.358405989358187,642.0615775255008,Hard
2025-03-03,43391,Hugo Gaston,Luciano Darderi,P2,2.2224701429954625,False,P1,0.5791963636875153,0.42080363631248474,1.6070038910505835,2.647435897435897,-2.2224701429954625,639.8391073825053,Hard
2025-03-03,43393,David Goffin,Lorenzo Sonego,P2,1.7399369045657533,False,P1,0.43773914873600006,0.5622608512639999,2.160220994475138,1.8619047619047617,-1.7399369045657533,638.0991704779395,Hard
2025-03-03,43394,Quentin Halys,Pablo Carreno Busta,P1,2.9071452862732836,True,P1,0.44444921612739563,0.5555507838726044,2.5723270440251573,1.6360000000000001,4.570983154517742,642.6701536324573,Hard
2025-03-03,43395,Rinky Hijikata,Alexander Shevchenko,P2,2.344954661148132,False,P1,0.39796511828899384,0.6020348817110062,2.329411764705882,1.752212389380531,-2.344954661148132,640.3251989713092,Hard
2025-03-03,43396,Dusan Lajovic,Li Tu,P1,8.839754142676307,True,P1,0.6455138772726059,0.3544861227273941,1.9595959595959598,2.0421052631578944,8.482592359133832,648.807791330443,Hard
2025-03-03,43397,Mackenzie McDonald,Alejandro Davidovich Fokina,P2,7.932059340873349,False,P1,0.2630087286233902,0.7369912713766098,2.87248322147651,1.5340501792114694,-7.932059340873349,640.8757319895697,Hard
2025-03-03,43398,Jakub Mensik,Tomas Martin Etcheverry,P2,5.188993636001016,False,P1,0.5187056064605713,0.4812943935394287,1.615686274509804,2.6242038216560504,-5.188993636001016,635.6867383535687,Hard
2025-03-03,43399,Gael Monfils,Jan-Lennard Struff,P1,8.371243152816664,True,P1,0.7186133563518524,0.2813866436481476,1.6181102362204727,2.6178343949044587,5.174351082646522,640.8610894362151,Hard
2025-03-03,43400,Mariano Navone,Learner Tien,P1,6.22431518601496,True,P1,0.4244632124900818,0.5755367875099182,3.4999999999999996,1.4,15.560787965037397,656.4218774012526,Hard
2025-03-03,43401,Botic Van De Zandschulp,Nick Kyrgios,P2,13.128437548025051,False,P1,0.27015794813632965,0.7298420518636703,1.4220183486238531,3.369565217391305,-13.128437548025051,643.2934398532275,Hard
2025-03-03,43402,Adam Walton,Giulio Zeppieri,P1,7.873714202381207,True,P1,0.6711507439613342,0.32884925603866577,1.7713004484304933,2.296511627906977,6.072999295110169,649.3664391483377,Hard
2025-03-03,43403,Zizou Bergs,Ethan Quinn,P1,8.46671861305011,True,P1,0.7043074369430542,0.2956925630569458,1.6666666666666667,2.5,5.644479075366741,655.0109182237044,Hard
2025-03-03,43405,Yunchaokete Bu,Nishesh Basavareddy,P1,11.297219654239619,True,P1,0.5782327204942703,0.4217672795057297,2.8079470198675502,1.5531135531135531,20.424774606671637,675.4356928303761,Hard
2025-03-03,43406,Gabriel Diallo,Zhizhen Zhang,P1,0.14744091855601588,True,P1,0.5021829009056091,0.49781709909439087,2.0,2.0,0.14744091855601588,675.5831337489321,Hard
2025-03-03,43407,Damir Dzumhur,Roberto Bautista Agut,P1,1.7207993960557715,True,P1,0.4642030596733093,0.5357969403266907,2.296511627906977,1.7713004484304933,2.231036426281611,677.8141701752138,Hard
2025-03-03,43408,Marcos Giron,Nikoloz Basilashvili,P1,5.966218093835932,True,P1,0.7475842535495758,0.2524157464504242,1.4416403785488958,3.2642857142857147,2.6349228174669728,680.4490929926808,Hard
2025-03-03,43409,Tallon Griekspoor,Miomir Kecmanovic,P1,3.675421868103766,True,P1,0.5265693962574005,0.4734306037425995,2.1311475409836067,1.8840579710144931,4.157444408182949,684.6065374008638,Hard
2025-03-03,43410,Fabian Marozsan,Pedro Martinez,P2,0.944993268893908,False,P1,0.6164693087339401,0.3835306912660599,1.5773584905660376,2.7320261437908493,-0.944993268893908,683.6615441319699,Hard
2025-03-03,43411,Corentin Moutet,Jordan Thompson,P2,6.349206570885335,False,P1,0.4207352548837662,0.5792647451162338,1.935323383084577,2.0691489361702122,-6.349206570885335,677.3123375610845,Hard
2025-03-03,43412,Kei Nishikori,Jaume Munar,P1,1.3082907586681727,True,P1,0.5610079020261765,0.43899209797382355,1.84037558685446,2.189944134078212,1.0994556140920324,678.4117931751765,Hard
2025-03-03,43413,Cameron Norrie,Luca Nardi,P2,3.906292497357025,False,P1,0.5438529253005981,0.45614707469940186,1.626984126984127,2.5949367088607596,-3.906292497357025,674.5055006778194,Hard
2025-03-03,43414,Christopher O'Connell,Roberto Carballes Baena,P2,0.2558216727363276,False,P1,0.5292877554893494,0.47071224451065063,1.875,2.142857142857143,-0.2558216727363276,674.2496790050831,Hard
2025-03-03,43415,Roman Safiullin,Reilly Opelka,P2,4.355973149273634,False,P1,0.41636769473552704,0.583632305264473,2.0913978494623655,1.9162561576354682,-4.355973149273634,669.8937058558095,Hard
2025-03-03,43416,Thiago Seyboth Wild,Alexandre Muller,P2,5.782625120820463,False,P1,0.33380985260009766,0.6661901473999023,2.478527607361963,1.6763485477178421,-5.782625120820463,664.111080734989,Hard
2025-03-03,43418,Yosuke Watanuki,Alexander Bublik,P1,6.682905561302657,True,P1,0.5432889610528946,0.4567110389471054,2.335294117647059,1.7488986784140967,8.923644484798254,673.0347252197872,Hard
2025-03-03,43419,Carlos Alcaraz,Quentin Halys,P2,2.0105679745405696,False,P1,0.8587903901934624,0.14120960980653763,1.0948581560283688,11.542056074766354,-2.0105679745405696,671.0241572452467,Hard
2025-03-03,43421,Botic Van De Zandschulp,Novak Djokovic,P1,1.7393870840013308,True,P1,0.16737014800310135,0.8326298519968987,8.207207207207206,1.13875,12.536123127937518,683.5602803731842,Hard
2025-03-03,43422,Matteo Arnaldi,Andrey Rublev,P1,3.505959078452822,True,P1,0.40515008568763733,0.5948499143123627,2.965986394557823,1.5086505190311417,6.892667848114731,690.4529482212989,Hard
2025-03-03,43423,Alex de Minaur,David Goffin,P2,3.1833345574349363,False,P1,0.7529628127813339,0.24703718721866608,1.2056239015817225,5.863247863247865,-3.1833345574349363,687.269613663864,Hard
2025-03-03,43424,Ben Shelton,Mariano Navone,P1,4.231621612331667,True,P1,0.7828895300626755,0.21711046993732452,1.3290816326530615,4.038759689922481,1.3925489489560852,688.6621626128201,Hard
2025-03-03,43425,Jack Draper,Joao Fonseca,P1,13.773243252256403,True,P1,0.7786088734865189,0.22139112651348114,1.6451612903225807,2.55,8.88596338855252,697.5481260013727,Hard
2025-03-03,43426,Grigor Dimitrov,Nuno Borges,P1,10.473863948254904,True,P1,0.6006791889667511,0.3993208110332489,2.329411764705882,1.752212389380531,13.92407795473887,711.4722039561116,Hard
2025-03-03,43427,Jenson Brooksby,Felix Auger-Aliassime,P1,5.84747987123446,True,P1,0.37654682993888855,0.6234531700611115,3.938461538461538,1.3403141361256545,17.182594698550485,728.654798654662,Hard
2025-03-03,43428,Hubert Hurkacz,Hugo Gaston,P1,11.593559504176092,True,P1,0.8449377045035362,0.15506229549646378,1.294392523364486,4.396825396825396,3.4130572372107184,732.0678558918728,Hard
2025-03-03,43429,Karen Khachanov,Jakub Mensik,P2,0.5001591165267629,False,P1,0.5395984202623367,0.46040157973766327,1.8279069767441858,2.207865168539326,-0.5001591165267629,731.567696775346,Hard
2025-03-03,43430,Gael Monfils,Sebastian Korda,P1,0.07941572892349243,True,P1,0.554269328713417,0.44573067128658295,1.8073394495412844,2.2386363636363638,0.06411545087401224,731.6318122262201,Hard
2025-03-03,43431,Francisco Cerundolo,Mackenzie McDonald,P1,6.901918339686086,True,P1,0.6315908133983612,0.3684091866016388,1.8317757009345794,2.202247191011236,5.7408479647856225,737.3726601910057,Hard
2025-03-03,43432,Denis Shapovalov,Adam Walton,P1,7.901974723589402,True,P1,0.800122544169426,0.19987745583057404,1.341207349081365,3.930769230769231,2.6962118479438915,740.0688720389496,Hard
2025-03-03,43433,Alejandro Tabilo,Dusan Lajovic,P2,5.414480648618197,False,P1,0.3973633944988251,0.6026366055011749,2.1483516483516483,1.8708133971291872,-5.414480648618197,734.6543913903314,Hard
2025-03-03,43434,Brandon Nakashima,Rinky Hijikata,P2,2.9832035987410843,False,P1,0.7067586183547974,0.29324138164520264,1.2999999999999998,4.333333333333333,-2.9832035987410843,731.6711877915903,Hard
2025-03-03,43435,Tallon Griekspoor,Alexander Zverev,P1,2.5711058725342637,True,P1,0.3105037808418274,0.6894962191581726,3.870229007633588,1.3484042553191489,7.379662657044911,739.0508504486353,Hard
2025-03-03,43436,Marcos Giron,Casper Ruud,P2,0.2935425525014887,False,P1,0.3934016078710556,0.6065983921289444,2.5217391304347827,1.6571428571428568,-0.2935425525014887,738.7573078961339,Hard
2025-03-03,43437,Daniil Medvedev,Yunchaokete Bu,P2,4.228965024383275,False,P1,0.6921955198049545,0.30780448019504547,1.2792792792792793,4.580645161290324,-4.228965024383275,734.5283428717506,Hard
2025-03-03,43438,Stefanos Tsitsipas,Thiago Seyboth Wild,P2,1.3253879307395176,False,P1,0.7414706647396088,0.25852933526039124,1.2999999999999998,4.333333333333333,-1.3253879307395176,733.2029549410111,Hard
2025-03-03,43440,Holger Rune,Corentin Moutet,P2,3.917497501455918,False,P1,0.6158904433250427,0.3841095566749573,1.45016077170418,3.2214285714285715,-3.917497501455918,729.2854574395551,Hard
2025-03-03,43441,Lorenzo Musetti,Roman Safiullin,P1,1.7424881570132464,True,P1,0.5434256792068481,0.45657432079315186,1.9211822660098525,2.085561497326203,1.605149188972794,730.8906066285278,Hard
2025-03-03,43442,Frances Tiafoe,Damir Dzumhur,P2,6.162537548118983,False,P1,0.6362048089504242,0.3637951910495758,1.3067632850241546,4.259842519685039,-6.162537548118983,724.7280690804089,Hard
2025-03-03,43443,Ugo Humbert,Kei Nishikori,P2,1.559621122026254,False,P1,0.6702843606472015,0.32971563935279846,1.4276923076923078,3.3381294964028783,-1.559621122026254,723.1684479583827,Hard
2025-03-03,43444,Yosuke Watanuki,Tomas Machac,P2,0.4489637352742825,False,P1,0.22542665153741837,0.7745733484625816,4.3809523809523805,1.295774647887324,-0.4489637352742825,722.7194842231083,Hard
2025-03-03,43445,Arthur Fils,Gabriel Diallo,P2,0.844039653474069,False,P1,0.5668453723192215,0.4331546276807785,1.722943722943723,2.3832335329341316,-0.844039653474069,721.8754445696343,Hard
2025-03-03,43446,Cameron Norrie,Jiri Lehecka,P2,6.6140069092572,False,P1,0.33034999668598175,0.6696500033140182,2.4723926380368098,1.6791666666666667,-6.6140069092572,715.261437660377,Hard
2025-03-03,43447,Alexei Popyrin,Zizou Bergs,P2,8.832089032331425,False,P1,0.3813590109348297,0.6186409890651703,1.9746192893401011,2.0260416666666665,-8.832089032331425,706.4293486280457,Hard
2025-03-03,43448,Matteo Berrettini,Christopher O'Connell,P2,2.147992721636551,False,P1,0.7437219470739365,0.25627805292606354,1.262820512820513,4.8048780487804885,-2.147992721636551,704.2813559064091,Hard
2025-03-03,43449,Giovanni Mpetshi Perricard,Fabian Marozsan,P2,0.3965885766111953,False,P1,0.44896766543388367,0.5510323345661163,2.202247191011236,1.8317757009345794,-0.3965885766111953,703.8847673297979,Hard
2025-03-03,43451,Carlos Alcaraz,Denis Shapovalov,P2,5.504491689128979,False,P1,0.6980640143156052,0.30193598568439484,1.2084805653710247,5.796610169491526,-5.504491689128979,698.380275640669,Hard
2025-03-03,43452,Taylor Fritz,Alejandro Tabilo,P1,7.150470634987346,True,P1,0.8812323287129402,0.11876767128705978,1.1755725190839694,6.695652173913044,1.2554261420206787,699.6357017826897,Hard
2025-03-03,43453,Alex de Minaur,Hubert Hurkacz,P1,1.8980153672997593,True,P1,0.6579228341579437,0.3420771658420563,1.5666666666666667,2.7647058823529416,1.0755420414698635,700.7112438241595,Hard
2025-03-03,43454,Ben Shelton,Karen Khachanov,P2,3.2529210024629016,False,P1,0.5154282599687576,0.48457174003124237,1.7599999999999998,2.3157894736842106,-3.2529210024629016,697.4583228216966,Hard
2025-03-03,43455,Jack Draper,Jenson Brooksby,P1,1.9815252074443457,True,P1,0.8027024194598198,0.1972975805401802,1.2645161290322582,4.7804878048780495,0.5241453774530207,697.9824681991496,Hard
2025-03-03,43456,Grigor Dimitrov,Gael Monfils,P1,1.0724066440857365,True,P1,0.5029378235340118,0.49706217646598816,2.052631578947368,1.9499999999999997,1.128849099037617,699.1113172981873,Hard
2025-03-03,43457,Francisco Cerundolo,Botic Van De Zandschulp,P2,1.2781719608424522,False,P1,0.560192421078682,0.43980757892131805,1.7198275862068966,2.389221556886228,-1.2781719608424522,697.8331453373448,Hard
2025-03-03,43458,Brandon Nakashima,Matteo Arnaldi,P1,1.9005513000403083,True,P1,0.5187712162733078,0.4812287837266922,2.036458333333334,1.964824120603015,1.969842232854279,699.8029875701991,Hard
2025-03-03,43459,Daniil Medvedev,Alex Michelsen,P2,3.587314916827708,False,P1,0.6530417948961258,0.3469582051038742,1.3743016759776538,3.6716417910447765,-3.587314916827708,696.2156726533714,Hard
2025-03-03,43460,Stefanos Tsitsipas,Matteo Berrettini,P2,3.757704080027708,False,P1,0.42891572415828705,0.571084275841713,2.079787234042553,1.9261083743842367,-3.757704080027708,692.4579685733437,Hard
2025-03-03,43461,Tommy Paul,Cameron Norrie,P2,0.6005432541264271,False,P1,0.7307412922382355,0.2692587077617645,1.344736842105263,3.9007633587786255,-0.6005432541264271,691.8574253192172,Hard
2025-03-03,43462,Holger Rune,Ugo Humbert,P2,10.286135941747009,False,P1,0.3378478139638901,0.6621521860361099,2.079787234042553,1.9261083743842367,-10.286135941747009,681.5712893774702,Hard
2025-03-03,43463,Arthur Fils,Lorenzo Musetti,P2,0.4674418763255803,False,P1,0.5345505475997925,0.4654494524002075,1.8450704225352113,2.183333333333333,-0.4674418763255803,681.1038475011446,Hard
2025-03-03,43464,Yosuke Watanuki,Frances Tiafoe,P1,1.7980301356159893,True,P1,0.35246556997299194,0.6475344300270081,3.1608391608391604,1.4627831715210353,3.885253929407976,684.9891014305526,Hard
2025-03-03,43465,Marcos Giron,Alexei Popyrin,P2,0.5044754084681384,False,P1,0.5451496988534927,0.45485030114650726,1.8073394495412844,2.2386363636363638,-0.5044754084681384,684.4846260220845,Hard
2025-03-03,43466,Tallon Griekspoor,Giovanni Mpetshi Perricard,P1,2.4564501502092075,True,P1,0.5978471785783768,0.40215282142162323,1.7644444444444443,2.308139534883721,1.8778196703821493,686.3624456924666,Hard
2025-03-03,43467,Carlos Alcaraz,Grigor Dimitrov,P2,5.341535692432316,False,P1,0.7397423088550568,0.26025769114494324,1.1414141414141414,8.071428571428571,-5.341535692432316,681.0209100000343,Hard
2025-03-03,43468,Jack Draper,Taylor Fritz,P2,8.603982021881187,False,P1,0.3965377062559128,0.6034622937440872,1.8846153846153846,2.1304347826086953,-8.603982021881187,672.4169279781531,Hard
2025-03-03,43469,Francisco Cerundolo,Alex de Minaur,P1,1.2520104295881136,True,P1,0.27113017439842224,0.7288698256015778,4.116279069767441,1.3208955223880599,3.9016138968559813,676.3185418750091,Hard
2025-03-03,43470,Ben Shelton,Brandon Nakashima,P2,1.9918725514872324,False,P1,0.5819341391324997,0.4180658608675003,1.6171874999999998,2.6202531645569613,-1.9918725514872324,674.326669323522,Hard
2025-03-03,43471,Daniil Medvedev,Tommy Paul,P2,1.5205990741665663,False,P1,0.5030932128429413,0.4969067871570587,1.898058252427185,2.1135135135135137,-1.5205990741665663,672.8060702493555,Hard
2025-03-03,43472,Holger Rune,Stefanos Tsitsipas,P1,3.4850066997238467,True,P1,0.46569032967090607,0.5343096703290939,2.475609756097561,1.6776859504132233,5.142509886177871,677.9485801355333,Hard
2025-03-03,43473,Arthur Fils,Marcos Giron,P2,6.614278207506249,False,P1,0.48529152572155,0.51470847427845,1.6585365853658534,2.518518518518518,-6.614278207506249,671.3343019280271,Hard
2025-03-03,43474,Tallon Griekspoor,Yosuke Watanuki,P1,0.7359452498943594,True,P1,0.6805835664272308,0.31941643357276917,1.4849498327759196,3.0620689655172413,0.35689652586850196,671.6911984538956,Hard
2025-03-03,43475,Carlos Alcaraz,Francisco Cerundolo,P2,2.0563106456825087,False,P1,0.8525583744049072,0.14744162559509277,1.101123595505618,10.888888888888888,-2.0563106456825087,669.6348878082131,Hard
2025-03-03,43476,Daniil Medvedev,Arthur Fils,P2,4.290891209472636,False,P1,0.6174792647361755,0.38252073526382446,1.4119402985074627,3.427536231884058,-4.290891209472636,665.3439965987404,Hard
2025-03-03,43477,Jack Draper,Ben Shelton,P2,0.25533745874211283,False,P1,0.633398711681366,0.36660128831863403,1.5666666666666667,2.7647058823529416,-0.25533745874211283,665.0886591399983,Hard
2025-03-03,43478,Holger Rune,Tallon Griekspoor,P2,8.494009697124653,False,P1,0.4463791847229004,0.5536208152770996,1.668032786885246,2.4969325153374236,-8.494009697124653,656.5946494428737,Hard
2025-03-03,43479,Jack Draper,Carlos Alcaraz,P2,2.027170039828971,False,P1,0.24907688051462173,0.7509231194853783,3.7669172932330826,1.3614130434782608,-2.027170039828971,654.5674794030447,Hard
2025-03-03,43480,Holger Rune,Daniil Medvedev,P2,2.7891420763260832,False,P1,0.34058600664138794,0.6594139933586121,2.6858974358974357,1.5931558935361219,-2.7891420763260832,651.7783373267185,Hard
2025-03-03,43481,Jack Draper,Holger Rune,P1,5.071517606463915,True,P1,0.6841171830892563,0.3158828169107437,1.5977011494252877,2.673076923076923,3.031251902714066,654.8095892294326,Hard
2025-03-17,43482,Matteo Arnaldi,Yibing Wu,P2,3.8237971246715827,False,P1,0.6850022226572037,0.3149977773427963,1.2893518518518519,4.456,-3.8237971246715827,650.985792104761,Hard
2025-03-17,43483,Zizou Bergs,Nuno Borges,P1,0.16924648233772027,True,P1,0.4631640315055847,0.5368359684944153,2.1722222222222225,1.8530805687203793,0.19839448762921658,651.1841865923902,Hard
2025-03-17,43484,Yunchaokete Bu,Cameron Norrie,P1,2.039042234729111,True,P1,0.4616590738296509,0.5383409261703491,2.3491124260355027,1.7412280701754383,2.750897216084244,653.9350838084745,Hard
2025-03-17,43485,Luciano Darderi,Pedro Martinez,P2,3.1706668223231804,False,P1,0.33945152163505554,0.6605484783649445,2.66025641025641,1.6023166023166024,-3.1706668223231804,650.7644169861513,Hard
2025-03-17,43486,Alejandro Davidovich Fokina,Jan-Lennard Struff,P1,10.206206961673958,True,P1,0.720698744058609,0.279301255941391,1.686192468619247,2.457317073170732,7.003422350269998,657.7678393364213,Hard
2025-03-17,43487,Gabriel Diallo,Tomas Martin Etcheverry,P1,0.15681738240811507,True,P1,0.4805249869823456,0.5194750130176544,2.0918918918918914,1.9158415841584158,0.17122762835913097,657.9390669647804,Hard
2025-03-17,43488,Jacob Fearnley,Benjamin Bonzi,P2,10.243981791980708,False,P1,0.4526933282613754,0.5473066717386246,1.5211267605633803,2.918918918918919,-10.243981791980708,647.6950851727997,Hard
2025-03-17,43489,Joao Fonseca,Learner Tien,P2,8.123055716428766,False,P1,0.5360172986984253,0.4639827013015747,1.3976608187134503,3.514705882352941,-8.123055716428766,639.572029456371,Hard
2025-03-17,43490,Hugo Gaston,Yoshihito Nishioka,P2,8.74203131421508,False,P1,0.30124054849147797,0.698759451508522,2.4121212121212126,1.7081545064377686,-8.74203131421508,630.8299981421559,Hard
2025-03-17,43491,Jakub Mensik,Roberto Bautista Agut,P2,0.6047222438607769,False,P1,0.6605574488639832,0.33944255113601685,1.4848484848484849,3.0625000000000004,-0.6047222438607769,630.2252758982951,Hard
2025-03-17,43492,Reilly Opelka,Christopher Eubanks,P2,0.048345074174894344,False,P1,0.6059485226869583,0.3940514773130417,1.6477732793522268,2.54375,-0.048345074174894344,630.1769308241202,Hard
2025-03-17,43493,Roman Safiullin,Jenson Brooksby,P2,7.766012661869068,False,P1,0.3932298570871353,0.6067701429128647,1.9162561576354682,2.0913978494623655,-7.766012661869068,622.4109181622512,Hard
2025-03-17,43494,Lorenzo Sonego,Mariano Navone,P2,3.864011023575981,False,P1,0.5575401335954666,0.4424598664045334,1.5708955223880594,2.7516339869281046,-3.864011023575981,618.5469071386752,Hard
2025-03-17,43495,Jordan Thompson,Marcos Giron,P1,0.9610139416418987,True,P1,0.39209164679050446,0.6079083532094955,2.6838709677419352,1.5938697318007664,1.6182234759260357,620.1651306146013,Hard
2025-03-17,43496,Thiago Agustin Tirante,Flavio Cobolli,P2,1.3147020022284843,False,P1,0.3964136093854904,0.6035863906145096,2.41566265060241,1.7063829787234042,-1.3147020022284843,618.8504286123728,Hard
2025-03-17,43497,Coleman Wong,Daniel Altmaier,P1,6.846480672827456,True,P1,0.44469913840293884,0.5553008615970612,3.485294117647059,1.4023668639053255,17.015518142762353,635.8659467551352,Hard
2025-03-17,43498,Alexander Bublik,Sebastian Baez,P2,9.843059365810792,False,P1,0.43463726341724396,0.565362736582756,1.5884615384615381,2.699346405228758,-9.843059365810792,626.0228873893244,Hard
2025-03-17,43499,Roberto Carballes Baena,Christopher O'Connell,P1,1.5266409017470848,True,P1,0.40606294572353363,0.5939370542764664,2.6623376623376624,1.6015625,2.53779266783931,628.5606800571637,Hard
2025-03-17,43501,David Goffin,Aleksandar Vukic,P2,3.8307731157726432,False,P1,0.5207647979259491,0.4792352020740509,1.686192468619247,2.457317073170732,-3.8307731157726432,624.729906941391,Hard
2025-03-17,43502,Quentin Halys,Thiago Seyboth Wild,P2,2.097711107188554,False,P1,0.5532252341508865,0.44677476584911346,1.686192468619247,2.457317073170732,-2.097711107188554,622.6321958342025,Hard
2025-03-17,43503,Rinky Hijikata,Hamad Medjedovic,P2,3.2702585847722205,False,P1,0.27917805314064026,0.7208219468593597,3.2056737588652484,1.4533762057877813,-3.2702585847722205,619.3619372494303,Hard
2025-03-17,43504,Miomir Kecmanovic,Aleksandar Kovacevic,P1,3.6879194917770146,True,P1,0.6553888320922852,0.34461116790771484,1.6425702811244978,2.5562500000000004,2.369747464595671,621.731684714026,Hard
2025-03-17,43505,Nick Kyrgios,Mackenzie McDonald,P1,12.43463369428052,True,P1,0.7134644538164139,0.2865355461835861,3.069444444444444,1.483221476510067,25.732783617330515,647.4644683313564,Hard
2025-03-17,43506,Gael Monfils,Fabian Marozsan,P1,2.982315142735544,True,P1,0.6973742991685867,0.30262570083141327,1.4999999999999998,2.9999999999999996,1.4911575713677714,648.9556259027243,Hard
2025-03-17,43509,Jaume Munar,Arthur Rinderknech,P2,1.572819405498623,False,P1,0.5576284378767014,0.44237156212329865,1.7063829787234042,2.41566265060241,-1.572819405498623,647.3828064972256,Hard
2025-03-17,43512,Chun-Hsin Tseng,Mattia Bellucci,P2,1.4047812251983893,False,P1,0.3232652395963669,0.6767347604036331,2.9591836734693877,1.5104166666666667,-1.4047812251983893,645.9780252720273,Hard
2025-03-17,43513,Camilo Ugo Carabelli,Brandon Holt,P1,12.194681152431823,True,P1,0.6358709335327148,0.36412906646728516,2.4096385542168677,1.7094017094017095,17.19009270884968,663.1681179808769,Hard
2025-03-17,43514,Alexander Zverev,Jacob Fearnley,P2,0.41533978657492165,False,P1,0.8161182776093483,0.1838817223906517,1.2099644128113878,5.76271186440678,-0.41533978657492165,662.752778194302,Hard
2025-03-17,43515,Taylor Fritz,Lorenzo Sonego,P2,1.0589336438012174,False,P1,0.8103292882442474,0.18967071175575256,1.1946308724832213,6.137931034482758,-1.0589336438012174,661.6938445505008,Hard
2025-03-17,43516,Jakub Mensik,Jack Draper,P2,9.87871485025442,False,P1,0.17844123393297195,0.821558766067028,3.930769230769231,1.341207349081365,-9.87871485025442,651.8151297002464,Hard
2025-03-17,43517,Zizou Bergs,Andrey Rublev,P1,6.066995275449116,True,P1,0.4039459228515625,0.5960540771484375,3.7368421052631584,1.3653846153846154,16.604408122281797,668.4195378225282,Hard
2025-03-17,43518,Alex de Minaur,Yunchaokete Bu,P2,3.659854341352284,False,P1,0.7315239310264587,0.26847606897354126,1.2173112338858196,5.601694915254238,-3.659854341352284,664.759683481176,Hard
2025-03-17,43519,Reilly Opelka,Holger Rune,P1,4.482327793203732,True,P1,0.4238969683647156,0.5761030316352844,2.9931506849315066,1.5017182130584192,8.933954711111546,673.6936381922876,Hard
2025-03-17,43520,Coleman Wong,Ben Shelton,P1,5.938660465567864,True,P1,0.27789099514484406,0.722109004855156,8.108108108108109,1.140684410646388,42.21264060660401,715.9062787988917,Hard
2025-03-17,43521,Frances Tiafoe,Alejandro Davidovich Fokina,P2,1.3635616392738787,False,P1,0.433225154876709,0.566774845123291,2.2203389830508478,1.8194444444444444,-1.3635616392738787,714.5427171596178,Hard
2025-03-17,43522,Arthur Fils,Gabriel Diallo,P1,2.469100882942438,True,P1,0.6503486186265945,0.34965138137340546,1.6015625,2.6623376623376624,1.4853184998950604,716.0280356595129,Hard
2025-03-17,43523,Joao Fonseca,Ugo Humbert,P2,14.320560713190257,False,P1,0.25566714257001877,0.7443328574299812,2.3431952662721893,1.7444933920704846,-14.320560713190257,701.7074749463226,Hard
2025-03-17,43524,Tomas Machac,Matteo Arnaldi,P2,0.3444933226168849,False,P1,0.6318299621343613,0.36817003786563873,1.5671641791044775,2.7631578947368425,-0.3444933226168849,701.3629816237057,Hard
2025-03-17,43525,Roman Safiullin,Alexei Popyrin,P1,3.5042837719849134,True,P1,0.524577260017395,0.475422739982605,2.119565217391304,1.8932038834951457,3.923274222983109,705.2862558466887,Hard
2025-03-17,43526,Denis Shapovalov,Thiago Agustin Tirante,P2,2.6781211336500093,False,P1,0.7339464873075485,0.2660535126924515,1.2590233545647558,4.860655737704918,-2.6781211336500093,702.6081347130387,Hard
2025-03-17,43527,Jordan Thompson,Giovanni Mpetshi Perricard,P1,4.3389742693305,True,P1,0.5651350319385529,0.43486496806144714,1.9846938775510201,2.0155440414507773,4.272561397861154,706.8806961108999,Hard
2025-03-17,43528,Matteo Berrettini,Hugo Gaston,P2,0.7888953610202195,False,P1,0.8291549012064934,0.17084509879350662,1.179127725856698,6.5826086956521745,-0.7888953610202195,706.0918007498797,Hard
2025-03-17,43529,Adam Walton,Luciano Darderi,P2,5.660312985825669,False,P1,0.5141695439815521,0.4858304560184479,1.6330645161290323,2.579617834394904,-5.660312985825669,700.431487764054,Hard
2025-03-17,43530,David Goffin,Carlos Alcaraz,P1,3.829150774083818,True,P1,0.15868638455867767,0.8413136154413223,18.04807692307692,1.0586576424139875,65.27965694664047,765.7111447106945,Hard
2025-03-17,43531,Novak Djokovic,Rinky Hijikata,P1,4.834006150742949,True,P1,0.8929526135325432,0.10704738646745682,1.139622641509434,8.162162162162161,0.6749367078395815,766.3860814185341,Hard
2025-03-17,43532,Casper Ruud,Miomir Kecmanovic,P1,0.41587049034993695,True,P1,0.5631684809923172,0.4368315190076828,1.7909090909090908,2.264367816091954,0.3289157514585864,766.7149971699927,Hard
2025-03-17,43533,Jaume Munar,Daniil Medvedev,P1,4.425908466712315,True,P1,0.2735978066921234,0.7264021933078766,5.593220338983051,1.2177121771217714,20.329172787780294,787.044169957773,Hard
2025-03-17,43534,Stefanos Tsitsipas,Chun-Hsin Tseng,P2,0.3158291152781996,False,P1,0.8700372576713562,0.1299627423286438,1.1401515151515151,8.135135135135133,-0.3158291152781996,786.7283408424947,Hard
2025-03-17,43535,Tommy Paul,Alexander Bublik,P1,3.949803973384089,True,P1,0.797754243016243,0.20224575698375702,1.2900232018561486,4.448,1.1455347950649915,787.8738756375598,Hard
2025-03-17,43537,Lorenzo Musetti,Quentin Halys,P2,0.1275356282992223,False,P1,0.6092680543661118,0.39073194563388824,1.6360000000000001,2.5723270440251573,-0.1275356282992223,787.7463400092605,Hard
2025-03-17,43539,Karen Khachanov,Nick Kyrgios,P2,15.75492680018521,False,P1,0.397026926279068,0.602973073720932,1.438871473354232,3.278571428571428,-15.75492680018521,771.9914132090753,Hard
2025-03-17,43540,Francisco Cerundolo,Alexandre Muller,P1,4.486217988193545,True,P1,0.662912055850029,0.337087944149971,1.616600790513834,2.6217948717948714,2.7662055579375218,774.7576187670128,Hard
2025-03-17,43542,Gael Monfils,Jiri Lehecka,P1,11.805666303033894,True,P1,0.6117936223745346,0.3882063776254654,2.264367816091954,1.7909090909090908,14.926704521077337,789.6843232880901,Hard
2025-03-17,43543,Alejandro Tabilo,Corentin Moutet,P2,6.465034743479179,False,P1,0.36414481699466705,0.635855183005333,2.296511627906977,1.7713004484304933,-6.465034743479179,783.219288544611,Hard
2025-03-17,43544,Brandon Nakashima,Roberto Carballes Baena,P2,5.978706905319529,False,P1,0.6222845613956451,0.37771543860435486,1.3616438356164382,3.7651515151515156,-5.978706905319529,777.2405816392915,Hard
2025-03-17,43545,Camilo Ugo Carabelli,Alex Michelsen,P1,8.125186543370928,True,P1,0.3677825629711151,0.6322174370288849,4.983606557377049,1.251028806584362,32.367546394084194,809.6081280333757,Hard
2025-03-17,43546,Alexander Zverev,Jordan Thompson,P2,4.335982763032478,False,P1,0.7331071197986603,0.2668928802013397,1.2179487179487178,5.588235294117647,-4.335982763032478,805.2721452703432,Hard
2025-03-17,43547,Taylor Fritz,Denis Shapovalov,P1,1.1196684201171225,True,P1,0.6854031831026077,0.3145968168973923,1.4784053156146177,3.0902777777777772,0.5356553239098524,805.8078005942531,Hard
2025-03-17,43548,Alex de Minaur,Joao Fonseca,P1,14.848112066874357,True,P1,0.7170363217592239,0.28296367824077606,1.8119266055045873,2.2316384180790965,12.055577228608998,817.863377822862,Hard
2025-03-17,43549,Arthur Fils,Frances Tiafoe,P2,0.7200045743397786,False,P1,0.5175779163837433,0.4824220836162567,1.898058252427185,2.1135135135135137,-0.7200045743397786,817.1433732485223,Hard
2025-03-17,43550,Tomas Machac,Reilly Opelka,P1,2.974861140126926,True,P1,0.6638391464948654,0.3361608535051346,1.5687732342007437,2.758169934640523,1.6920213919681033,818.8353946404903,Hard
2025-03-17,43551,Matteo Berrettini,Zizou Bergs,P1,0.670669408187662,True,P1,0.6965201944112778,0.30347980558872223,1.4462025316455696,3.24113475177305,0.2992543878305706,819.134649028321,Hard
2025-03-17,43552,Jakub Mensik,Roman Safiullin,P2,0.2675637173664632,False,P1,0.6291958689689636,0.3708041310310364,1.5789473684210527,2.7272727272727275,-0.2675637173664632,818.8670853109545,Hard
2025-03-17,43553,Adam Walton,Coleman Wong,P2,16.37734170621909,False,P1,0.36226025223731995,0.63773974776268,1.5893536121673004,2.6967741935483867,-16.37734170621909,802.4897436047354,Hard
2025-03-17,43554,Novak Djokovic,Camilo Ugo Carabelli,P2,0.9996221332357524,False,P1,0.8811446130275726,0.11885538697242737,1.106614017769003,10.37962962962963,-0.9996221332357524,801.4901214714996,Hard
2025-03-17,43555,Casper Ruud,Alejandro Tabilo,P1,9.778277759193795,True,P1,0.7798994481563568,0.2201005518436432,1.4107142857142858,3.4347826086956528,4.016078365383167,805.5061998368827,Hard
2025-03-17,43556,Sebastian Korda,Stefanos Tsitsipas,P1,6.266506256086163,True,P1,0.512354239821434,0.487645760178566,2.3668639053254434,1.7316017316017311,8.565461213940255,814.071661050823,Hard
2025-03-17,43557,Francisco Cerundolo,Tommy Paul,P1,1.3749068156953115,True,P1,0.38243862986564636,0.6175613701343536,2.7712418300653594,1.5645756457564575,2.4352924644014995,816.5069535152245,Hard
2025-03-17,43558,Grigor Dimitrov,Karen Khachanov,P2,0.7847260789979853,False,P1,0.5302177965641022,0.4697822034358978,1.8497652582159625,2.1767955801104972,-0.7847260789979853,815.7222274362265,Hard
2025-03-17,43559,Lorenzo Musetti,Felix Auger-Aliassime,P1,5.932337550620542,True,P1,0.4760423004627228,0.5239576995372772,2.5849056603773586,1.6309523809523812,9.402195363247651,825.1244227994741,Hard
2025-03-17,43560,Brandon Nakashima,David Goffin,P2,2.9693962034919243,False,P1,0.613007664680481,0.38699233531951904,1.5138888888888888,2.9459459459459456,-2.9693962034919243,822.1550265959822,Hard
2025-03-17,43561,Gael Monfils,Jaume Munar,P1,5.923448698777386,True,P1,0.696616068482399,0.303383931517601,1.5490909090909089,2.821192052980132,3.252511830965036,825.4075384269473,Hard
2025-03-17,43562,Arthur Fils,Alexander Zverev,P1,1.6916485691436483,True,P1,0.2848678231239319,0.7151321768760681,3.932330827067668,1.341025641025641,4.960473247864831,830.3680116748121,Hard
2025-03-17,43563,Taylor Fritz,Adam Walton,P2,0.47485431935752426,False,P1,0.8919430859386921,0.10805691406130791,1.1083249749247743,10.231481481481481,-0.47485431935752426,829.8931573554546,Hard
2025-03-17,43564,Novak Djokovic,Lorenzo Musetti,P1,14.070667029486032,True,P1,0.8207264095544815,0.1792735904455185,1.372222222222222,3.686567164179104,5.237414949864242,835.1305723053189,Hard
2025-03-17,43565,Francisco Cerundolo,Casper Ruud,P2,6.09791061182599,False,P1,0.47130225598812103,0.528697744011879,1.8119266055045873,2.2316384180790965,-6.09791061182599,829.0326616934929,Hard
2025-03-17,43566,Matteo Berrettini,Alex de Minaur,P1,4.77494431217552,True,P1,0.47745898365974426,0.5225410163402557,2.4424242424242424,1.6932773109243697,6.887495432107719,835.9201571256006,Hard
2025-03-17,43567,Grigor Dimitrov,Brandon Nakashima,P2,3.845418558905678,False,P1,0.5285347253084183,0.4714652746915817,1.7179487179487178,2.392857142857143,-3.845418558905678,832.0747385666949,Hard
2025-03-17,43568,Jakub Mensik,Tomas Machac,P2,3.5680734452146488,False,P1,0.425552636384964,0.574447363615036,2.1483516483516483,1.8708133971291872,-3.5680734452146488,828.5066651214803,Hard
2025-03-17,43569,Sebastian Korda,Gael Monfils,P2,4.533476765990485,False,P1,0.49600960314273834,0.5039903968572617,1.7954545454545456,2.257142857142857,-4.533476765990485,823.9731883554898,Hard
2025-03-17,43570,Taylor Fritz,Matteo Berrettini,P2,0.53709116351117,False,P1,0.6511216759681702,0.34887832403182983,1.5157894736842106,2.938775510204082,-0.53709116351117,823.4360971919787,Hard
2025-03-17,43571,Novak Djokovic,Sebastian Korda,P2,4.12893144125061,False,P1,0.6958224326372147,0.30417756736278534,1.2930232558139536,4.412698412698413,-4.12893144125061,819.307165750728,Hard
2025-03-17,43572,Jakub Mensik,Arthur Fils,P2,4.076633539201057,False,P1,0.43987926840782166,0.5601207315921783,2.0471204188481673,1.9549999999999998,-4.076633539201057,815.2305322115269,Hard
2025-03-17,43573,Grigor Dimitrov,Francisco Cerundolo,P2,0.7665035575282242,False,P1,0.5094185918569565,0.4905814081430435,1.9261083743842367,2.079787234042553,-0.7665035575282242,814.4640286539986,Hard
2025-03-17,43574,Jakub Mensik,Taylor Fritz,P1,0.7547326870694161,True,P1,0.3004220128059387,0.6995779871940613,3.4817518248175183,1.4029411764705884,1.8730592233839525,816.3370878773826,Hard
2025-03-17,43575,Novak Djokovic,Grigor Dimitrov,P2,1.5289673055949022,False,P1,0.7398765236139297,0.26012347638607025,1.3009478672985784,4.322834645669291,-1.5289673055949022,814.8081205717878,Hard
2025-03-17,43576,Jakub Mensik,Novak Djokovic,P1,2.1184970235510012,True,P1,0.27250541746616364,0.7274945825338364,4.299212598425197,1.3031026252983295,6.989372069825745,821.7974926416135,Hard
2025-03-31,43631,Roberto Bautista Agut,Yunchaokete Bu,P2,4.375755855139334,False,P1,0.4888146370649338,0.5111853629350662,1.8279069767441858,2.207865168539326,-4.375755855139334,817.4217367864742,Clay
2025-03-31,43577,Ethan Quinn,Jordan Thompson,P2,8.38748847064082,False,P1,0.31595031917095184,0.6840496808290482,2.515527950310559,1.6598360655737707,-8.38748847064082,809.0342483158333,Clay
2025-03-31,43605,Vit Kopriva,Borna Gojo,P2,9.69843439352405,False,P1,0.4458589255809784,0.5541410744190216,1.7051282051282053,2.4181818181818184,-9.69843439352405,799.3358139223093,Clay
2025-03-31,43578,Kei Nishikori,Mitchell Krueger,P1,3.0146750331733805,True,P1,0.7874162718653679,0.2125837281346321,1.2985781990521326,4.349206349206349,0.900116242132336,800.2359301644416,Clay
2025-03-31,43632,Camilo Ugo Carabelli,Radu Albot,P2,1.7652279217971303,False,P1,0.7380863428115845,0.2619136571884155,1.2950819672131146,4.388888888888888,-1.7652279217971303,798.4707022426445,Clay
2025-03-31,43633,Francisco Comesana,Martin Klizan,P2,0.19761676883452442,False,P1,0.7307712137699127,0.2692287862300873,1.3616438356164382,3.7651515151515156,-0.19761676883452442,798.2730854738099,Clay
2025-03-31,43606,Kamil Majchrzak,Jaume Munar,P2,7.154881748103645,False,P1,0.26256367564201355,0.7374363243579865,3.125874125874126,1.470394736842105,-7.154881748103645,791.1182037257063,Clay
2025-03-31,43579,Christopher Eubanks,Rinky Hijikata,P1,1.9530694345652353,True,P1,0.5246874541044235,0.4753125458955765,2.0,2.0,1.9530694345652353,793.0712731602715,Clay
2025-03-31,43607,Mattia Bellucci,Pavel Kotov,P1,3.805393845594147,True,P1,0.5155304968357086,0.4844695031642914,2.154696132596685,1.8660287081339713,4.394073556514789,797.4653467167863,Clay
2025-03-31,43580,Adrian Mannarino,Yannick Hanfmann,P2,5.01195030934227,False,P1,0.30047644674777985,0.6995235532522202,2.909722222222222,1.5236363636363635,-5.01195030934227,792.453396407444,Clay
2025-03-31,43634,Gabriel Diallo,Chun-Hsin Tseng,P1,5.159841996212711,True,P1,0.4942658692598343,0.5057341307401657,2.389221556886228,1.7198275862068966,7.1681637312655635,799.6215601387095,Clay
2025-03-31,43635,Damir Dzumhur,Valentin Vacherot,P2,1.4567083669917653,False,P1,0.5670856684446335,0.4329143315553665,1.6991525423728815,2.43030303030303,-1.4567083669917653,798.1648517717177,Clay
2025-03-31,43581,Mackenzie McDonald,Daniel Elahi Galan,P1,7.617175611966905,True,P1,0.5266573280096054,0.4733426719903946,2.4096385542168677,1.7094017094017095,10.737464416869013,808.9023161885867,Clay
2025-03-31,43609,Jesper de Jong,Elliot Benchetrit,P2,15.572777103246716,False,P1,0.554586797952652,0.445413202047348,1.1088709677419355,10.185185185185183,-15.572777103246716,793.32953908534,Clay
2025-03-31,43636,Marton Fucsovics,Luca Nardi,P1,11.634028263877257,True,P1,0.7374093234539032,0.2625906765460968,1.5912698412698414,2.691275167785235,6.878850044911554,800.2083891302516,Clay
2025-03-31,43637,Filip Misolic,Alexander Shevchenko,P2,8.156712436881799,False,P1,0.4175105392932892,0.5824894607067108,1.9068627450980393,2.1027027027027025,-8.156712436881799,792.0516766933698,Clay
2025-03-31,43610,Hugo Gaston,Juan Manuel Cerundolo,P1,12.769511704714022,True,P1,0.6438473910093307,0.35615260899066925,2.108108108108108,1.9024390243902443,14.149999456574994,806.2016761499448,Clay
2025-03-31,43583,Adam Walton,Michael Mmoh,P1,12.012161060034284,True,P1,0.5968327969312668,0.4031672030687332,2.3491124260355027,1.7412280701754383,16.20575574963205,822.4074318995769,Clay
2025-03-31,43638,Christopher O'Connell,Dusan Lajovic,P1,3.1734412646573285,True,P1,0.45689068734645844,0.5431093126535416,2.43030303030303,1.6991525423728815,4.538982657328058,826.9464145569049,Clay
2025-03-31,43584,Alex Michelsen,Learner Tien,P1,12.239686447814535,True,P1,0.643486350774765,0.356513649225235,2.0260416666666665,1.9746192893401011,12.558428282393036,839.5048428392979,Clay
2025-03-31,43611,Pierre-Hugues Herbert,Federico Coria,P1,9.459332381267606,True,P1,0.5238767564296722,0.47612324357032776,2.5949367088607596,1.626984126984127,15.087036456198966,854.5918792954968,Clay
2025-03-31,43639,Stan Wawrinka,Timofey Skatov,P2,6.881175066434135,False,P1,0.49669769406318665,0.5033023059368134,1.6890756302521008,2.451219512195122,-6.881175066434135,847.7107042290627,Clay
2025-03-31,43612,Otto Virtanen,Daniel Altmaier,P1,7.384292644472944,True,P1,0.3888552486896515,0.6111447513103485,3.847328244274809,1.351206434316354,21.025505010598533,868.7362092396612,Clay
2025-03-31,43585,Aleksandar Kovacevic,Tomas Martin Etcheverry,P1,6.636279793496736,True,P1,0.39007197320461273,0.6099280267953873,3.5703703703703704,1.3890489913544668,17.05769695069161,885.7939061903528,Clay
2025-03-31,43586,Jenson Brooksby,Taro Daniel,P2,11.949762054016116,False,P1,0.5177999287843704,0.4822000712156296,1.4101796407185627,3.4379562043795615,-11.949762054016116,873.8441441363367,Clay
2025-03-31,43640,Mariano Navone,Laslo Djere,P1,2.1127647224382367,True,P1,0.5009371489286423,0.4990628510713577,2.1027027027027025,1.9068627450980393,2.329751369607569,876.1738955059443,Clay
2025-03-31,43641,Richard Gasquet,Botic Van De Zandschulp,P1,5.163560020104588,True,P1,0.3414088040590286,0.6585911959409714,3.9461538461538463,1.3394255874673628,15.212642213077363,891.3865377190217,Clay
2025-03-31,43615,Hugo Dellien,Aleksandar Vukic,P2,16.421804657558557,False,P1,0.3804861903190613,0.6195138096809387,1.6598360655737707,2.515527950310559,-16.421804657558557,874.9647330614631,Clay
2025-03-31,43588,Cristian Garin,Alexander Ritschard,P1,17.499294661229264,True,P1,0.7780720144510269,0.22192798554897308,1.5961538461538458,2.6774193548387095,10.432271817271285,885.3970048787344,Clay
2025-03-31,43589,Frances Tiafoe,Adam Walton,P2,8.590304664264083,False,P1,0.6017388105392456,0.3982611894607544,1.339378238341969,3.9465648854961826,-8.590304664264083,876.8067002144703,Clay
2025-03-31,43616,Tallon Griekspoor,Pablo Carreno Busta,P2,3.423807606878195,False,P1,0.5090404748916626,0.4909595251083374,1.811059907834101,2.2329545454545454,-3.423807606878195,873.3828926075921,Clay
2025-03-31,43643,Pedro Martinez,Stan Wawrinka,P2,11.083344560760382,False,P1,0.39223194122314453,0.6077680587768555,1.9024390243902443,2.108108108108108,-11.083344560760382,862.2995480468318,Clay
2025-03-31,43644,Christopher O'Connell,Nicolas Jarry,P2,4.873095340269616,False,P1,0.4514268785715103,0.5485731214284897,1.964824120603015,2.036458333333334,-4.873095340269616,857.4264527065621,Clay
2025-03-31,43590,Brandon Nakashima,Mackenzie McDonald,P1,0.9252337142839883,True,P1,0.6716267168521881,0.3283732831478119,1.5051546391752577,2.9795918367346936,0.4673861030919116,857.8938388096541,Clay
2025-03-31,43617,Vit Kopriva,Lorenzo Sonego,P2,13.79389196466129,False,P1,0.28154607117176056,0.7184539288282394,2.4096385542168677,1.7094017094017095,-13.79389196466129,844.0999468449928,Clay
2025-03-31,43618,Luciano Darderi,Hugo Gaston,P2,6.978033574075474,False,P1,0.5109768211841583,0.4890231788158417,1.6334661354581674,2.5786163522012573,-6.978033574075474,837.1219132709174,Clay
2025-03-31,43591,Alex Michelsen,Adrian Mannarino,P2,7.637080133669047,False,P1,0.696343868970871,0.30365613102912903,1.1740458015267177,6.74561403508772,-7.637080133669047,829.4848331372483,Clay
2025-03-31,43645,Marton Fucsovics,Mariano Navone,P1,8.383281921556325,True,P1,0.5039761960506439,0.4960238039493561,2.643312101910828,1.6085271317829455,13.77634863542377,843.2611817726721,Clay
2025-03-31,43592,Christopher Eubanks,Kei Nishikori,P1,5.061434526839855,True,P1,0.3176814019680023,0.6823185980319977,4.4523809523809526,1.289655172413793,17.474000152185212,860.7351819248573,Clay
2025-03-31,43619,Mattia Bellucci,Pierre-Hugues Herbert,P2,8.845703712365294,False,P1,0.4786386340856552,0.5213613659143448,1.6598360655737707,2.515527950310559,-8.845703712365294,851.889478212492,Clay
2025-03-31,43647,Sebastian Baez,Gabriel Diallo,P2,6.949955842643941,False,P1,0.6053330302238464,0.39466696977615356,1.3824362606232292,3.6148148148148143,-6.949955842643941,844.9395223698481,Clay
2025-03-31,43593,Tommy Paul,Cristian Garin,P2,3.4685759115729113,False,P1,0.6537128239870071,0.34628717601299286,1.4041297935103245,3.4744525547445253,-3.4685759115729113,841.4709464582752,Clay
2025-03-31,43620,Alexandre Muller,Hugo Dellien,P1,7.879266379181494,True,P1,0.706569105386734,0.293430894613266,1.5650557620817847,2.7697368421052633,4.452224868533783,845.923171326809,Clay
2025-03-31,43594,Jenson Brooksby,Alejandro Tabilo,P1,8.934318859578381,True,P1,0.5715830773115158,0.4284169226884842,2.188888888888889,1.841121495327103,10.621912421943188,856.5450837487522,Clay
2025-03-31,43648,Flavio Cobolli,Richard Gasquet,P2,8.384055063867292,False,P1,0.5274893492460251,0.4725106507539749,1.5246478873239437,2.906040268456376,-8.384055063867292,848.1610286848849,Clay
2025-03-31,43649,Francisco Comesana,Roberto Bautista Agut,P2,3.5303422648388305,False,P1,0.5195703506469727,0.48042964935302734,1.7644444444444443,2.308139534883721,-3.5303422648388305,844.630686420046,Clay
2025-03-31,43622,Roberto Carballes Baena,Otto Virtanen,P2,4.344885528813424,False,P1,0.6196793615818024,0.38032063841819763,1.4477124183006536,3.233576642335766,-4.344885528813424,840.2858008912326,Clay
2025-03-31,43650,Filip Misolic,Camilo Ugo Carabelli,P1,3.7876931889770664,True,P1,0.41115009784698486,0.5888499021530151,2.834437086092715,1.5451263537906137,6.9482848566003135,847.234085747833,Clay
2025-03-31,43623,Kamil Majchrzak,Jesper de Jong,P1,0.1436832922623341,True,P1,0.532360777258873,0.467639222741127,1.8840579710144931,2.1311475409836067,0.1270243598261215,847.3611101076591,Clay
2025-03-31,43624,Tallon Griekspoor,Mattia Bellucci,P2,1.5600144683366395,False,P1,0.6435790061950684,0.35642099380493164,1.4965986394557824,3.0136986301369864,-1.5600144683366395,845.8010956393225,Clay
2025-03-31,43651,Sebastian Baez,Francisco Comesana,P2,1.1141849040537612,False,P1,0.638608917593956,0.361391082406044,1.5246478873239437,2.906040268456376,-1.1141849040537612,844.6869107352687,Clay
2025-03-31,43598,Frances Tiafoe,Alex Michelsen,P2,6.719745332177614,False,P1,0.5352958291769028,0.46470417082309723,1.5708955223880594,2.7516339869281046,-6.719745332177614,837.9671654030911,Clay
2025-03-31,43625,Kamil Majchrzak,Alexandre Muller,P1,6.175964579224517,True,P1,0.5076255202293396,0.4923744797706604,2.3668639053254434,1.7316017316017311,8.441703063910433,846.4088684670015,Clay
2025-03-31,43652,Damir Dzumhur,Pedro Martinez,P1,8.366643190034388,True,P1,0.5672057420015335,0.4327942579984665,2.1712707182320443,1.8537735849056602,9.79960417838282,856.2084726453843,Clay
2025-03-31,43626,Roberto Carballes Baena,Nuno Borges,P2,2.3042461411456125,False,P1,0.46219830214977264,0.5378016978502274,2.0471204188481673,1.9549999999999998,-2.3042461411456125,853.9042265042386,Clay
2025-03-31,43599,Brandon Nakashima,Christopher Eubanks,P2,4.549929346821773,False,P1,0.6673613935709,0.33263860642910004,1.338753387533875,3.951999999999999,-4.549929346821773,849.3542971574169,Clay
2025-03-31,43653,Flavio Cobolli,Filip Misolic,P2,7.330556323333481,False,P1,0.46892108023166656,0.5310789197683334,1.7644444444444443,2.308139534883721,-7.330556323333481,842.0237408340835,Clay
2025-03-31,43627,Luciano Darderi,Vit Kopriva,P1,2.722652107862776,True,P1,0.642173707485199,0.357826292514801,1.6196078431372551,2.613924050632911,1.686976600165956,843.7107174342494,Clay
2025-03-31,43600,Jenson Brooksby,Aleksandar Kovacevic,P1,1.4722406660201008,True,P1,0.5759405493736267,0.4240594506263733,1.7837837837837835,2.275862068965517,1.1539183598535923,844.864635794103,Clay
2025-03-31,43654,Marton Fucsovics,Christopher O'Connell,P2,1.5799686700149038,False,P1,0.6096455901861191,0.3903544098138809,1.5789473684210527,2.7272727272727275,-1.5799686700149038,843.2846671240882,Clay
2025-03-31,43655,Sebastian Baez,Marton Fucsovics,P1,3.521400740333917,True,P1,0.5732404142618179,0.42675958573818207,1.8714285714285714,2.1475409836065573,3.0686492165766994,846.3533163406648,Clay
2025-03-31,43628,Tallon Griekspoor,Kamil Majchrzak,P1,5.705579397771414,True,P1,0.6344645619392395,0.3655354380607605,1.7316017316017311,2.3668639053254434,4.174211767200729,850.5275281078656,Clay
2025-03-31,43601,Jenson Brooksby,Tommy Paul,P1,4.930958422221198,True,P1,0.3258918225765228,0.6741081774234772,4.2109375,1.311435523114355,15.832999308850878,866.3605274167164,Clay
2025-03-31,43656,Flavio Cobolli,Damir Dzumhur,P2,9.704788207468459,False,P1,0.45168066024780273,0.5483193397521973,1.7179487179487178,2.392857142857143,-9.704788207468459,856.6557392092479,Clay
2025-03-31,43602,Frances Tiafoe,Brandon Nakashima,P1,0.7335946498526751,True,P1,0.5386514216661453,0.4613485783338547,1.8846153846153846,2.1304347826086953,0.6489491133312125,857.3046883225792,Clay
2025-03-31,43629,Luciano Darderi,Roberto Carballes Baena,P2,0.2300672828881686,False,P1,0.47701776027679443,0.5229822397232056,2.0851063829787235,1.9215686274509802,-0.2300672828881686,857.074621039691,Clay
2025-03-31,43630,Luciano Darderi,Tallon Griekspoor,P2,9.582120817255259,False,P1,0.3288508653640747,0.6711491346359253,2.36094674556213,1.7347826086956524,-9.582120817255259,847.4925002224358,Clay
2025-03-31,43603,Jenson Brooksby,Frances Tiafoe,P1,3.1383034855569054,True,P1,0.40150073170661926,0.5984992682933807,2.827814569536424,1.5471014492753625,5.736236834527854,853.2287370569636,Clay
2025-03-31,43657,Flavio Cobolli,Sebastian Baez,P1,0.4410938067937262,True,P1,0.394673615694046,0.605326384305954,2.575,1.6349206349206347,0.6947227457001188,853.9234598026637,Clay
2025-04-07,43658,Nuno Borges,Holger Rune,P1,4.6640289723171655,True,P1,0.37781891226768494,0.6221810877323151,3.3165467625899288,1.4316770186335404,10.804441216446962,864.7279010191107,Clay
2025-04-07,43659,Arthur Fils,Tallon Griekspoor,P2,16.926055891520715,False,P1,0.3912960886955261,0.6087039113044739,1.5551470588235292,2.8013245033112586,-16.926055891520715,847.80184512759,Clay
2025-04-07,43660,Frances Tiafoe,Miomir Kecmanovic,P1,14.642027174150966,True,P1,0.5844378769397736,0.41556212306022644,2.738562091503268,1.5751879699248121,25.45607338773959,873.2579185153296,Clay
2025-04-07,43661,Grigor Dimitrov,Nicolas Jarry,P2,7.794408791391546,False,P1,0.5782137960195541,0.42178620398044586,1.420731707317073,3.3768115942028993,-7.794408791391546,865.463509723938,Clay
2025-04-07,43662,Roberto Bautista Agut,Brandon Nakashima,P2,8.511770823496946,False,P1,0.3411003649234772,0.6588996350765228,2.3550295857988166,1.737991266375546,-8.511770823496946,856.9517389004411,Clay
2025-04-07,43663,Flavio Cobolli,Dusan Lajovic,P1,10.950184225722774,True,P1,0.6363923996686935,0.36360760033130646,1.9547738693467334,2.0473684210526315,10.454949763252896,867.406688663694,Clay
2025-04-07,43664,Tomas Martin Etcheverry,Corentin Moutet,P2,5.339750857990259,False,P1,0.4906088709831238,0.5093911290168762,1.7873303167420815,2.2701149425287355,-5.339750857990259,862.0669378057038,Clay
2025-04-07,43665,Tomas Machac,Sebastian Baez,P1,4.598218966663435,True,P1,0.5808262676000595,0.4191737323999405,1.8840579710144931,2.1311475409836067,4.065092129948836,866.1320299356527,Clay
2025-04-07,43666,Pedro Martinez,Lorenzo Sonego,P1,3.72768166829962,True,P1,0.42359262704849243,0.5764073729515076,2.707792207792208,1.5855513307984792,6.366105706251949,872.4981356419046,Clay
2025-04-07,43667,Alexei Popyrin,Ugo Humbert,P2,7.908097750238584,False,P1,0.35264988243579865,0.6473501175642014,2.3216374269005846,1.756637168141593,-7.908097750238584,864.590037891666,Clay
2025-04-07,43668,Daniil Medvedev,Karen Khachanov,P1,6.336400480674813,True,P1,0.5732879191637039,0.4267120808362961,2.0,2.0,6.336400480674813,870.9264383723408,Clay
2025-04-07,43669,Alejandro Davidovich Fokina,Ben Shelton,P2,12.405651783150166,False,P1,0.4265914559364319,0.5734085440635681,1.6763485477178421,2.478527607361963,-12.405651783150166,858.5207865891907,Clay
2025-04-07,43670,Lorenzo Musetti,Yunchaokete Bu,P2,5.939192707470261,False,P1,0.6820109635591507,0.3179890364408493,1.2633832976445396,4.796747967479675,-5.939192707470261,852.5815938817204,Clay
2025-04-07,43671,Daniel Altmaier,Felix Auger-Aliassime,P2,17.05163187763441,False,P1,0.224545419216156,0.775454580783844,2.52258064516129,1.6567796610169492,-17.05163187763441,835.529962004086,Clay
2025-04-07,43672,Matteo Berrettini,Mariano Navone,P1,16.71059924008172,True,P1,0.7844657003879547,0.2155342996120453,1.5833333333333335,2.7142857142857144,9.747849556714339,845.2778115608003,Clay
2025-04-07,43673,Francisco Cerundolo,Fabio Fognini,P2,3.490592432905595,False,P1,0.7774863690137863,0.22251363098621368,1.1799687010954618,6.556521739130435,-3.490592432905595,841.7872191278947,Clay
2025-04-07,43674,Marcos Giron,Denis Shapovalov,P1,2.6619274637753323,True,P1,0.385662779211998,0.614337220788002,2.9054054054054053,1.524822695035461,5.0720509782746195,846.8592701061693,Clay
2025-04-07,43675,Jiri Lehecka,Sebastian Korda,P2,14.59428309324238,False,P1,0.3931989371776581,0.6068010628223419,1.6666666666666667,2.5,-14.59428309324238,832.264987012927,Clay
2025-04-07,43676,Gael Monfils,Fabian Marozsan,P1,15.113305166486699,True,P1,0.6474773734807968,0.3525226265192032,2.2399999999999998,1.8064516129032258,18.740498406443503,851.0054854193705,Clay
2025-04-07,43677,Alexandre Muller,Camilo Ugo Carabelli,P1,7.237992082729298,True,P1,0.5733184963464737,0.4266815036535263,2.0582010582010586,1.945,7.659250881195027,858.6647363005656,Clay
2025-04-07,43678,Alejandro Tabilo,Stan Wawrinka,P2,11.615928405098858,False,P1,0.41892389953136444,0.5810761004686356,1.7412280701754383,2.3491124260355027,-11.615928405098858,847.0488078954667,Clay
2025-04-07,43679,Richard Gasquet,Matteo Arnaldi,P1,8.485447609117974,True,P1,0.3873792588710785,0.6126207411289215,4.275590551181103,1.3052884615384617,27.794852010969116,874.8436599064357,Clay
2025-04-07,43680,Jordan Thompson,Giovanni Mpetshi Perricard,P1,9.261357102494003,True,P1,0.5360781401395798,0.4639218598604202,2.43030303030303,1.6991525423728815,13.246547128415664,888.0902070348513,Clay
2025-04-07,43681,Valentin Vacherot,Jan-Lennard Struff,P2,0.44038330741348836,False,P1,0.3407725691795349,0.6592274308204651,2.9054054054054053,1.524822695035461,-0.44038330741348836,887.6498237274378,Clay
2025-04-07,43682,Carlos Alcaraz,Francisco Cerundolo,P1,4.361054871860178,True,P1,0.7036537528038025,0.2963462471961975,1.4895104895104894,3.0428571428571427,2.1347821051063804,889.7846058325442,Clay
2025-04-07,43683,Alejandro Tabilo,Novak Djokovic,P2,17.795692116650883,False,P1,0.1051282249391079,0.8948717750608921,3.951999999999999,1.338753387533875,-17.795692116650883,871.9889137158933,Clay
2025-04-07,43684,Casper Ruud,Roberto Bautista Agut,P2,5.295168752792378,False,P1,0.6928767710924149,0.30712322890758514,1.2679738562091503,4.7317073170731705,-5.295168752792378,866.6937449631009,Clay
2025-04-07,43685,Andrey Rublev,Gael Monfils,P2,12.467985899916217,False,P1,0.45693834125995636,0.5430616587400436,1.5588235294117647,2.789473684210527,-12.467985899916217,854.2257590631847,Clay
2025-04-07,43686,Alex de Minaur,Tomas Machac,P2,3.0274574883345733,False,P1,0.5218975692987442,0.4781024307012558,1.780269058295964,2.2816091954022983,-3.0274574883345733,851.1983015748501,Clay
2025-04-07,43687,Daniil Medvedev,Alexandre Muller,P1,13.555532897256661,True,P1,0.7242403030395508,0.2757596969604492,1.6796536796536794,2.471337579617834,9.213067813286992,860.4113693881371,Clay
2025-04-07,43688,Arthur Fils,Flavio Cobolli,P2,2.6116737345061365,False,P1,0.6160717159509659,0.3839282840490341,1.5246478873239437,2.906040268456376,-2.6116737345061365,857.799695653631,Clay
2025-04-07,43689,Lorenzo Musetti,Jiri Lehecka,P2,4.846111876734784,False,P1,0.5081367492675781,0.4918632507324219,1.7456140350877196,2.3411764705882354,-4.846111876734784,852.9535837768963,Clay
2025-04-07,43690,Alexei Popyrin,Frances Tiafoe,P2,13.004227439159207,False,P1,0.3904340863227844,0.6095659136772156,1.780269058295964,2.2816091954022983,-13.004227439159207,839.9493563377371,Clay
2025-04-07,43691,Grigor Dimitrov,Valentin Vacherot,P2,3.0855790139284642,False,P1,0.7430582344532013,0.2569417655467987,1.2469135802469138,5.050000000000002,-3.0855790139284642,836.8637773238086,Clay
2025-04-07,43692,Daniel Altmaier,Richard Gasquet,P2,10.170812533625705,False,P1,0.49585941433906555,0.5041405856609344,1.526501766784452,2.8993288590604025,-10.170812533625705,826.6929647901828,Clay
2025-04-07,43693,Nuno Borges,Pedro Martinez,P1,4.221890599145963,True,P1,0.6715663820505142,0.3284336179494858,1.5767790262172285,2.7337662337662336,2.43509794857108,829.1280627387539,Clay
2025-04-07,43694,Alejandro Davidovich Fokina,Tomas Martin Etcheverry,P2,0.5568505113754535,False,P1,0.5958001166582108,0.40419988334178925,1.6558704453441293,2.524691358024691,-0.5568505113754535,828.5712122273784,Clay
2025-04-07,43695,Matteo Berrettini,Alexander Zverev,P1,8.524446253591362,True,P1,0.5238478183746338,0.4761521816253662,2.4969325153374236,1.668032786885246,12.760520772247196,841.3317329996256,Clay
2025-04-07,43696,Jack Draper,Marcos Giron,P2,3.520537015472474,False,P1,0.6987079083919525,0.3012920916080475,1.311435523114355,4.2109375,-3.520537015472474,837.8111959841532,Clay
2025-04-07,43697,Stefanos Tsitsipas,Jordan Thompson,P2,7.660296663036366,False,P1,0.6995175033807755,0.30048249661922455,1.168141592920354,6.947368421052633,-7.660296663036366,830.1508993211169,Clay
2025-04-07,43698,Carlos Alcaraz,Daniel Altmaier,P1,13.072066028465379,True,P1,0.8809036128222942,0.11909638717770576,1.2104283054003724,5.752212389380531,2.750732702451746,832.9016320235686,Clay
2025-04-07,43699,Alexei Popyrin,Casper Ruud,P1,7.798360444918363,True,P1,0.3544270694255829,0.6455729305744171,4.861788617886178,1.2589473684210526,30.11561960435953,863.0172516279281,Clay
2025-04-07,43700,Alejandro Davidovich Fokina,Jack Draper,P2,3.6984904093157054,False,P1,0.33741629123687744,0.6625837087631226,2.7096774193548385,1.5849056603773586,-3.6984904093157054,859.3187612186124,Clay
2025-04-07,43701,Stefanos Tsitsipas,Nuno Borges,P2,6.194756381447577,False,P1,0.6418662667274475,0.3581337332725525,1.3333333333333333,4.0,-6.194756381447577,853.1240048371648,Clay
2025-04-07,43702,Arthur Fils,Andrey Rublev,P1,4.298451969531043,True,P1,0.5993302911520004,0.4006697088479996,1.8036529680365299,2.244318181818182,3.45446368327609,856.5784685204409,Clay
2025-04-07,43703,Alex de Minaur,Daniil Medvedev,P2,7.791274431785635,False,P1,0.4904482811689377,0.5095517188310623,1.668032786885246,2.4969325153374236,-7.791274431785635,848.7871940886553,Clay
2025-04-07,43704,Lorenzo Musetti,Matteo Berrettini,P2,13.767583394569346,False,P1,0.3111514300107956,0.6888485699892044,2.1712707182320443,1.8537735849056602,-13.767583394569346,835.0196106940859,Clay
2025-04-07,43705,Grigor Dimitrov,Alejandro Tabilo,P1,11.02549311961778,True,P1,0.7103092223405838,0.2896907776594162,1.6491935483870968,2.540372670807453,7.157679001042188,842.1772896951281,Clay
2025-04-07,43706,Carlos Alcaraz,Arthur Fils,P1,6.266537110112794,True,P1,0.734356239438057,0.26564376056194305,1.4536741214057507,3.2042253521126765,2.842965717686954,845.0202554128151,Clay
2025-04-07,43707,Lorenzo Musetti,Stefanos Tsitsipas,P1,0.37708906275954257,True,P1,0.46170036494731903,0.538299635052681,2.188888888888889,1.841121495327103,0.4483169968363451,845.4685724096514,Clay
2025-04-07,43708,Alex de Minaur,Grigor Dimitrov,P2,4.5811857482878855,False,P1,0.544523224234581,0.455476775765419,1.6374501992031876,2.5687499999999996,-4.5811857482878855,840.8873866613635,Clay
2025-04-07,43709,Alejandro Davidovich Fokina,Alexei Popyrin,P2,5.3426617451567004,False,P1,0.5397815704345703,0.4602184295654297,1.6171874999999998,2.6202531645569613,-5.3426617451567004,835.5447249162069,Clay
2025-04-07,43710,Carlos Alcaraz,Alejandro Davidovich Fokina,P2,0.6298894514472098,False,P1,0.7806301042437553,0.21936989575624466,1.2617021276595746,4.821138211382114,-0.6298894514472098,834.9148354647597,Clay
2025-04-07,43711,Lorenzo Musetti,Alex de Minaur,P2,13.09782489778311,False,P1,0.3117724061012268,0.6882275938987732,2.201117318435754,1.832558139534884,-13.09782489778311,821.8170105669766,Clay
2025-04-07,43712,Carlos Alcaraz,Lorenzo Musetti,P1,0.7603904479206036,True,P1,0.7916003987193108,0.20839960128068924,1.2695652173913043,4.709677419354838,0.2049748163959888,822.0219853833726,Clay
2025-04-14,43744,Mariano Navone,Felix Auger-Aliassime,P2,7.644468446544997,False,P1,0.3624718338251114,0.6375281661748886,2.2457142857142856,1.8027522935779814,-7.644468446544997,814.3775169368275,Clay
2025-04-14,43713,Carlos Alcaraz,Ethan Quinn,P2,2.816901301464918,False,P1,0.8846384100615978,0.11536158993840218,1.052204764318297,20.15533980582524,-2.816901301464918,811.5606156353626,Clay
2025-04-14,43714,Casper Ruud,Daniel Elahi Galan,P2,1.3102654377442804,False,P1,0.8275334388017654,0.17246656119823456,1.1693907875185734,6.9035087719298245,-1.3102654377442804,810.2503501976183,Clay
2025-04-14,43745,Ugo Humbert,Nicolas Jarry,P1,5.062460134537104,True,P1,0.5949305146932602,0.4050694853067398,1.8619047619047617,2.160220994475138,4.363358496910551,814.6137086945289,Clay
2025-04-14,43746,Francisco Cerundolo,Jan-Lennard Struff,P2,0.7754696577952525,False,P1,0.7225042432546616,0.27749575674533844,1.3577235772357723,3.7954545454545445,-0.7754696577952525,813.8382390367336,Clay
2025-04-14,43715,Stefanos Tsitsipas,Reilly Opelka,P2,2.9738707877829946,False,P1,0.7794243693351746,0.22057563066482544,1.1892332789559545,6.28448275862069,-2.9738707877829946,810.8643682489507,Clay
2025-04-14,43716,Alex de Minaur,Tomas Martin Etcheverry,P1,14.3713302656216,True,P1,0.8042126968502998,0.19578730314970016,1.4353312302839116,3.297101449275363,6.256288885349465,817.1206571343001,Clay
2025-04-14,43747,Yannick Hanfmann,Jakub Mensik,P1,4.935468194306014,True,P1,0.37147441506385803,0.628525584936142,3.50735294117647,1.3988269794721404,12.374960693076106,829.4956178273762,Clay
2025-04-14,43717,Arthur Fils,Pablo Carreno Busta,P2,6.113280447640812,False,P1,0.6612643897533417,0.3387356102466583,1.2893518518518519,4.456,-6.113280447640812,823.3823373797354,Clay
2025-04-14,43749,Zizou Bergs,Alexander Bublik,P2,7.584919531940561,False,P1,0.5219329744577408,0.4780670255422592,1.5629629629629629,2.776315789473684,-7.584919531940561,815.7974178477948,Clay
2025-04-14,43718,Jaume Munar,Frances Tiafoe,P2,15.468225696596328,False,P1,0.35271742939949036,0.6472825706005096,1.7599999999999998,2.3157894736842106,-15.468225696596328,800.3291921511985,Clay
2025-04-14,43719,Sebastian Baez,Damir Dzumhur,P2,7.3524777376841435,False,P1,0.5994692891836166,0.40053071081638336,1.3616438356164382,3.7651515151515156,-7.3524777376841435,792.9767144135144,Clay
2025-04-14,43720,Alejandro Davidovich Fokina,Stan Wawrinka,P2,3.268994204043581,False,P1,0.720482736825943,0.279517263174057,1.2735229759299782,4.656000000000001,-3.268994204043581,789.7077202094708,Clay
2025-04-14,43721,Laslo Djere,Arthur Rinderknech,P2,3.164591709796052,False,P1,0.6858403384685516,0.31415966153144836,1.341207349081365,3.930769230769231,-3.164591709796052,786.5431284996748,Clay
2025-04-14,43752,Alexander Shevchenko,Flavio Cobolli,P1,1.5069210141642362,True,P1,0.27552030980587006,0.7244796901941299,4.054263565891473,1.3274111675126905,4.602533950238055,791.1456624499128,Clay
2025-04-14,43722,Karen Khachanov,Cameron Norrie,P1,7.761338623592645,True,P1,0.6764973402023315,0.32350265979766846,1.6735537190082643,2.4846625766871164,5.2276784944033095,796.3733409443162,Clay
2025-04-14,43753,Botic Van De Zandschulp,Roberto Bautista Agut,P2,6.148045205058124,False,P1,0.4946753680706024,0.5053246319293976,1.7094017094017095,2.4096385542168677,-6.148045205058124,790.2252957392581,Clay
2025-04-14,43754,Alexander Zverev,Alexandre Muller,P2,1.2383677928197039,False,P1,0.7965168505907059,0.20348314940929413,1.216117216117216,5.627118644067797,-1.2383677928197039,788.9869279464383,Clay
2025-04-14,43723,Andrey Rublev,Jesper de Jong,P1,2.582986055127974,True,P1,0.7143376469612122,0.28566235303878784,1.4402515723270441,3.2714285714285714,1.1371636720689198,790.1240916185072,Clay
2025-04-14,43724,Holger Rune,Albert Ramos-Vinolas,P1,4.63149561408683,True,P1,0.8595325350761414,0.14046746492385864,1.1892332789559545,6.28448275862069,0.8764331015237732,791.000524720031,Clay
2025-04-14,43755,Ben Shelton,Borna Gojo,P1,2.911579484991246,True,P1,0.6818919032812119,0.31810809671878815,1.5229681978798588,2.9121621621621623,1.5226634762498394,792.5231881962808,Clay
2025-04-14,43725,Jacob Fearnley,Roberto Carballes Baena,P1,4.814599216457752,True,P1,0.2931942343711853,0.7068057656288147,5.116666666666667,1.242914979757085,19.82010010775108,812.3432883040318,Clay
2025-04-14,43756,Daniel Altmaier,Chun-Hsin Tseng,P2,2.225241479222105,False,P1,0.6093851923942566,0.3906148076057434,1.5510948905109487,2.814569536423841,-2.225241479222105,810.1180468248098,Clay
2025-04-14,43757,David Goffin,Billy Harris,P1,6.325878437690818,True,P1,0.7663781344890594,0.23362186551094055,1.3828571428571428,3.6119402985074625,2.421907744715913,812.5399545695257,Clay
2025-04-14,43726,Sebastian Korda,Matteo Arnaldi,P1,15.858342281949058,True,P1,0.656485989689827,0.34351401031017303,2.2906976744186047,1.7747747747747746,20.46832550344588,833.0082800729715,Clay
2025-04-14,43758,Tallon Griekspoor,Learner Tien,P1,16.66016560145943,True,P1,0.8217993229627609,0.17820067703723907,1.4375,3.285714285714286,7.2888224506385,840.29710252361,Clay
2025-04-14,43727,Pedro Martinez,Brandon Nakashima,P2,5.239341448384766,False,P1,0.38877443969249725,0.6112255603075027,2.2514285714285713,1.7990867579908678,-5.239341448384766,835.0577610752252,Clay
2025-04-14,43728,Hamad Medjedovic,Giovanni Mpetshi Perricard,P2,7.217187145812705,False,P1,0.5507992058992386,0.4492007941007614,1.5017182130584192,2.9931506849315066,-7.217187145812705,827.8405739294126,Clay
2025-04-14,43759,Miomir Kecmanovic,Marcos Giron,P2,6.388536150869732,False,P1,0.5657026022672653,0.4342973977327347,1.4948805460750851,3.020689655172414,-6.388536150869732,821.4520377785428,Clay
2025-04-14,43729,Carlos Alcaraz,Laslo Djere,P2,5.83899477025789,False,P1,0.7738422900438309,0.22615770995616913,1.1085427135678392,10.212962962962962,-5.83899477025789,815.613043008285,Clay
2025-04-14,43760,Fabian Marozsan,Ugo Humbert,P2,12.243868213502154,False,P1,0.36416228115558624,0.6358377188444138,1.9215686274509802,2.0851063829787235,-12.243868213502154,803.3691747947828,Clay
2025-04-14,43761,Francisco Cerundolo,Alexander Shevchenko,P2,3.031429632439959,False,P1,0.8089655786752701,0.19103442132472992,1.142857142857143,8.0,-3.031429632439959,800.3377451623428,Clay
2025-04-14,43730,Alejandro Davidovich Fokina,Andrey Rublev,P1,6.9587354736354605,True,P1,0.5689886808395386,0.4310113191604614,2.090909090909091,1.9166666666666667,7.591347789420502,807.9290929517633,Clay
2025-04-14,43731,Alex de Minaur,Jacob Fearnley,P2,2.5988455975583764,False,P1,0.8397006988525391,0.16029930114746094,1.1142857142857143,9.749999999999998,-2.5988455975583764,805.330247354205,Clay
2025-04-14,43732,Karen Khachanov,Jaume Munar,P1,10.569855662587957,True,P1,0.6740834563970566,0.3259165436029434,1.7918552036199096,2.262857142857143,8.36979520793164,813.7000425621366,Clay
2025-04-14,43763,David Goffin,Mariano Navone,P1,9.723042290556794,True,P1,0.48751363158226013,0.5124863684177399,3.0620689655172413,1.4849498327759196,20.049583757768836,833.7496263199054,Clay
2025-04-14,43764,Alexander Zverev,Daniel Altmaier,P1,0.7724676472186484,True,P1,0.8446786850690842,0.15532131493091583,1.1880064829821717,6.318965517241379,0.14522892557109104,833.8948552454765,Clay
2025-04-14,43733,Casper Ruud,Hamad Medjedovic,P2,2.060841028960989,False,P1,0.6682447791099548,0.33175522089004517,1.4224924012158056,3.3669064748201447,-2.060841028960989,831.8340142165155,Clay
2025-04-14,43765,Ben Shelton,Botic Van De Zandschulp,P1,1.4980182389788503,True,P1,0.5511225312948227,0.4488774687051773,1.8714285714285714,2.1475409836065573,1.305415893967284,833.1394301104827,Clay
2025-04-14,43734,Stefanos Tsitsipas,Sebastian Korda,P2,10.253510697058223,False,P1,0.5617272257804871,0.43827277421951294,1.3420365535248042,3.9236641221374047,-10.253510697058223,822.8859194134245,Clay
2025-04-14,43735,Holger Rune,Sebastian Baez,P2,2.6449698333938167,False,P1,0.5245673805475235,0.4754326194524765,1.7837837837837835,2.275862068965517,-2.6449698333938167,820.2409495800307,Clay
2025-04-14,43766,Luciano Darderi,Miomir Kecmanovic,P2,2.6741834813527086,False,P1,0.5042660981416702,0.4957339018583298,1.8537735849056602,2.1712707182320443,-2.6741834813527086,817.566766098678,Clay
2025-04-14,43767,Tallon Griekspoor,Yannick Hanfmann,P2,2.654437206472061,False,P1,0.6610968708992004,0.33890312910079956,1.4144144144144142,3.4130434782608696,-2.654437206472061,814.912328892206,Clay
2025-04-14,43736,Arthur Fils,Pedro Martinez,P2,1.14735346796886,False,P1,0.7702618837356567,0.22973811626434326,1.2617021276595746,4.821138211382114,-1.14735346796886,813.7649754242372,Clay
2025-04-14,43737,Carlos Alcaraz,Alex de Minaur,P2,9.446267956561508,False,P1,0.601206436753273,0.398793563246727,1.2771618625277161,4.608,-9.446267956561508,804.3187074676756,Clay
2025-04-14,43768,Alexander Zverev,Tallon Griekspoor,P2,4.365133041125681,False,P1,0.6753466874361038,0.3246533125638962,1.32,4.125,-4.365133041125681,799.95357442655,Clay
2025-04-14,43769,Ben Shelton,Luciano Darderi,P1,12.41148402495589,True,P1,0.6017012000083923,0.39829879999160767,2.3668639053254434,1.7316017316017311,16.964809525235562,816.9183839517855,Clay
2025-04-14,43738,Holger Rune,Casper Ruud,P1,0.2570076531318389,True,P1,0.3940805643796921,0.6059194356203079,2.5624999999999996,1.6399999999999997,0.4015744580184981,817.3199584098039,Clay
2025-04-14,43739,Arthur Fils,Stefanos Tsitsipas,P2,1.7167523918673278,False,P1,0.5167786926031113,0.48322130739688873,1.8537735849056602,2.1712707182320443,-1.7167523918673278,815.6032060179366,Clay
2025-04-14,43770,Francisco Cerundolo,David Goffin,P2,5.908423889367567,False,P1,0.7086658924818039,0.2913341075181961,1.2066549912434326,5.8389830508474585,-5.908423889367567,809.694782128569,Clay
2025-04-14,43740,Karen Khachanov,Alejandro Davidovich Fokina,P1,8.914600145191473,True,P1,0.5035930573940277,0.4964069426059723,2.7516339869281046,1.5708955223880594,15.6151165941916,825.3098987227606,Clay
2025-04-14,43771,Fabian Marozsan,Zizou Bergs,P2,2.2161205447327887,False,P1,0.5304992944002151,0.46950070559978485,1.7837837837837835,2.275862068965517,-2.2161205447327887,823.0937781780278,Clay
2025-04-14,43772,Alexander Zverev,Fabian Marozsan,P1,0.19650895356991832,True,P1,0.8032131865620613,0.1967868134379387,1.2464646464646465,5.057377049180328,0.04843250976874755,823.1422106877966,Clay
2025-04-14,43741,Carlos Alcaraz,Arthur Fils,P2,3.049224551706713,False,P1,0.6737331300973892,0.3262668699026108,1.3743016759776538,3.6716417910447765,-3.049224551706713,820.0929861360898,Clay
2025-04-14,43773,Ben Shelton,Francisco Cerundolo,P1,3.256694076433996,True,P1,0.335665762424469,0.664334237575531,3.592592592592593,1.385714285714286,8.443280938902953,828.5362670749928,Clay
2025-04-14,43742,Holger Rune,Karen Khachanov,P2,16.570725341499855,False,P1,0.3587508052587509,0.6412491947412491,1.6374501992031876,2.5687499999999996,-16.570725341499855,811.965541733493,Clay
2025-04-14,43743,Holger Rune,Carlos Alcaraz,P1,1.5474457391860685,True,P1,0.21903465688228607,0.7809653431177139,5.316666666666666,1.2316602316602316,6.679807440819862,818.6453491743129,Clay
2025-04-14,43774,Alexander Zverev,Ben Shelton,P2,5.7905664662001435,False,P1,0.6884988397359848,0.3115011602640152,1.2469635627530362,5.049180327868852,-5.7905664662001435,812.8547827081127,Clay
2025-04-21,43775,Matteo Arnaldi,Borna Coric,P1,12.253953152014711,True,P1,0.6784417927265167,0.3215582072734833,1.8530805687203793,2.1722222222222225,10.453609323993595,823.3083920321063,Clay
2025-04-21,43776,Luciano Darderi,Quentin Halys,P2,2.658314470910004,False,P1,0.6488605737686157,0.3511394262313843,1.4416403785488958,3.2642857142857147,-2.658314470910004,820.6500775611963,Clay
2025-04-21,43777,Gabriel Diallo,Zizou Bergs,P1,2.8584254351367964,True,P1,0.4179772436618805,0.5820227563381195,2.670967741935484,1.5984555984555984,4.776336694841485,825.4264142560378,Clay
2025-04-21,43778,Damir Dzumhur,Mattia Bellucci,P2,3.113918817704507,False,P1,0.46227502822875977,0.5377249717712402,2.0,2.0,-3.113918817704507,822.3124954383333,Clay
2025-04-21,43779,Tomas Martin Etcheverry,Hamad Medjedovic,P2,0.9149499494118177,False,P1,0.42220889031887054,0.5777911096811295,2.3157894736842106,1.7599999999999998,-0.9149499494118177,821.3975454889214,Clay
2025-04-21,43780,Jacob Fearnley,Yunchaokete Bu,P2,2.6874834161152537,False,P1,0.4960373640060425,0.5039626359939575,1.8840579710144931,2.1311475409836067,-2.6874834161152537,818.7100620728062,Clay
2025-04-21,43782,Marcos Giron,Learner Tien,P1,6.369024428920677,True,P1,0.6144133657217026,0.3855866342782974,1.84037558685446,2.189944134078212,5.352372642144606,824.0624347149508,Clay
2025-04-21,43783,Tallon Griekspoor,Vit Kopriva,P1,16.481248694299016,True,P1,0.8470422178506851,0.15295778214931488,1.351206434316354,3.847328244274809,5.7883205870058205,829.8507553019566,Clay
2025-04-21,43784,Nicolas Jarry,Daniel Altmaier,P1,6.901953177350316,True,P1,0.5212241411209106,0.47877585887908936,2.3491124260355027,1.7412280701754383,9.311510795478531,839.1622660974351,Clay
2025-04-21,43785,Alexandre Muller,David Goffin,P2,10.164901307905254,False,P1,0.41366250813007355,0.5863374918699265,1.8317757009345794,2.202247191011236,-10.164901307905254,828.9973647895299,Clay
2025-04-21,43786,Kei Nishikori,Aleksandar Vukic,P2,1.4370275651848836,False,P1,0.6641989499330521,0.33580105006694794,1.4533762057877813,3.2056737588652484,-1.4370275651848836,827.5603372243451,Clay
2025-04-21,43787,Cameron Norrie,Martin Landaluce,P1,10.163057664888422,True,P1,0.8077057600021362,0.19229423999786377,1.3421052631578947,3.9230769230769225,3.476835516935512,831.0371727412805,Clay
2025-04-21,43788,Reilly Opelka,Rinky Hijikata,P1,4.847257204600686,True,P1,0.7122135907411575,0.28778640925884247,1.483221476510067,3.069444444444444,2.3422987834312035,833.3794715247117,Clay
2025-04-21,43789,Lorenzo Sonego,Miomir Kecmanovic,P2,4.876523716212321,False,P1,0.3717768043279648,0.6282231956720352,2.375,1.7272727272727275,-4.876523716212321,828.5029478084994,Clay
2025-04-21,43790,Jan-Lennard Struff,Botic Van De Zandschulp,P1,2.7696938028372666,True,P1,0.44011612236499786,0.5598838776350021,2.5,1.6666666666666667,4.1545407042559,832.6574885127552,Clay
2025-04-21,43791,Roberto Bautista Agut,Jaume Munar,P1,8.104721725930006,True,P1,0.48215264081954956,0.5178473591804504,2.8013245033112586,1.5551470588235292,14.599233837436834,847.256722350192,Clay
2025-04-21,43792,Benjamin Bonzi,Marin Cilic,P1,5.0044432428917025,True,P1,0.3504810929298401,0.6495189070701599,3.7954545454545445,1.3577235772357723,13.98969361081089,861.246415961003,Clay
2025-04-21,43793,Nuno Borges,Pablo Carreno Busta,P2,3.96747940385374,False,P1,0.5213944017887115,0.47860559821128845,1.7412280701754383,2.3491124260355027,-3.96747940385374,857.2789365571492,Clay
2025-04-21,43794,Alexander Bublik,Alex Michelsen,P1,0.8110942011109755,True,P1,0.49681851267814636,0.5031814873218536,2.0529100529100535,1.9497487437185932,0.8540092382067948,858.132945795356,Clay
2025-04-21,43795,Juan Manuel Cerundolo,Aleksandar Kovacevic,P2,12.624387121392884,False,P1,0.41855888068675995,0.58144111931324,1.686192468619247,2.457317073170732,-12.624387121392884,845.5085586739632,Clay
2025-04-21,43797,Flavio Cobolli,Fabian Marozsan,P1,6.70878503338248,True,P1,0.5040051639080048,0.49599483609199524,2.436363636363637,1.6962025316455698,9.636254866131202,855.1448135400944,Clay
2025-04-21,43798,Francisco Comesana,Pedro Martinez,P2,1.1584427798827739,False,P1,0.5002090036869049,0.4997909963130951,1.945,2.0582010582010586,-1.1584427798827739,853.9863707602117,Clay
2025-04-21,43799,Laslo Djere,Fabio Fognini,P2,6.123047755444102,False,P1,0.670904129743576,0.32909587025642395,1.2767857142857142,4.612903225806452,-6.123047755444102,847.8633230047676,Clay
2025-04-21,43800,Harold Mayot,Corentin Moutet,P2,7.578792901395683,False,P1,0.31647248566150665,0.6835275143384933,2.5949367088607596,1.626984126984127,-7.578792901395683,840.2845301033719,Clay
2025-04-21,43801,Gael Monfils,Borna Gojo,P1,14.618891750351596,True,P1,0.7277695387601852,0.27223046123981476,1.7167381974248928,2.3952095808383236,10.477918121496637,850.7624482248685,Clay
2025-04-21,43802,Mariano Navone,Giovanni Mpetshi Perricard,P2,4.8269767421523255,False,P1,0.5297265648841858,0.4702734351158142,1.6735537190082643,2.4846625766871164,-4.8269767421523255,845.9354714827163,Clay
2025-04-21,43803,Christopher O'Connell,Camilo Ugo Carabelli,P1,0.395882347284373,True,P1,0.4407270848751068,0.5592729151248932,2.296511627906977,1.7713004484304933,0.5132660665372976,846.4487375492536,Clay
2025-04-21,43804,Sebastian Ofner,Hugo Gaston,P1,6.726589792451401,True,P1,0.5008153170347214,0.4991846829652786,2.460122699386503,1.684873949579832,9.821646445419837,856.2703839946734,Clay
2025-04-21,43805,Ethan Quinn,Dusan Lajovic,P1,10.279360322758366,True,P1,0.5239156484603882,0.4760843515396118,2.6774193548387095,1.5961538461538458,17.24279796075597,873.5131819554293,Clay
2025-04-21,43806,Arthur Rinderknech,Roman Safiullin,P1,4.08699096457717,True,P1,0.44373486936092377,0.5562651306390762,2.5886075949367084,1.6294820717131475,6.492624886764997,880.0058068421944,Clay
2025-04-21,43807,Matteo Arnaldi,Novak Djokovic,P2,17.600116136843887,False,P1,0.14249137043952942,0.8575086295604706,4.0703125,1.3256997455470738,-17.600116136843887,862.4056907053505,Clay
2025-04-21,43808,Jack Draper,Tallon Griekspoor,P2,5.92305055367142,False,P1,0.5326220691204071,0.4673779308795929,1.6196078431372551,2.613924050632911,-5.92305055367142,856.4826401516791,Clay
2025-04-21,43809,Alex de Minaur,Lorenzo Sonego,P2,1.723422320228137,False,P1,0.788422703742981,0.21157729625701904,1.2173112338858196,5.601694915254238,-1.723422320228137,854.759217831451,Clay
2025-04-21,43810,Lorenzo Musetti,Tomas Martin Etcheverry,P1,1.3688087521962327,True,P1,0.6788092702627182,0.3211907297372818,1.4965986394557824,3.0136986301369864,0.6797485640158164,855.4389663954668,Clay
2025-04-21,43811,Tommy Paul,Joao Fonseca,P1,17.108779327909335,True,P1,0.6481833904981613,0.3518166095018387,2.673076923076923,1.5977011494252877,28.624303875540615,884.0632702710074,Clay
2025-04-21,43812,Grigor Dimitrov,Nicolas Jarry,P1,3.8218783794448288,True,P1,0.6434972286224365,0.3565027713775635,1.6399999999999997,2.5624999999999996,2.4460021628446893,886.5092724338521,Clay
2025-04-21,43813,Frances Tiafoe,Luciano Darderi,P1,2.8471429090682476,True,P1,0.4629305303096771,0.5370694696903229,2.347058823529412,1.74235807860262,3.835268977509581,890.3445414113617,Clay
2025-04-21,43814,Stefanos Tsitsipas,Jan-Lennard Struff,P2,3.2166909199499303,False,P1,0.7062703520059586,0.29372964799404144,1.3135802469135802,4.188976377952756,-3.2166909199499303,887.1278504914118,Clay
2025-04-21,43815,Jacob Fearnley,Tomas Machac,P2,4.55777121585146,False,P1,0.2717151939868927,0.7282848060131073,3.302158273381295,1.4343749999999997,-4.55777121585146,882.5700792755604,Clay
2025-04-21,43816,Alexandre Muller,Ugo Humbert,P2,7.584117664657094,False,P1,0.40665483474731445,0.5933451652526855,2.036458333333334,1.964824120603015,-7.584117664657094,874.9859616109032,Clay
2025-04-21,43817,Karen Khachanov,Reilly Opelka,P2,4.937545969673913,False,P1,0.6443630009889603,0.35563699901103973,1.376770538243626,3.6541353383458643,-4.937545969673913,870.0484156412293,Clay
2025-04-21,43818,Cameron Norrie,Jiri Lehecka,P1,6.986751927898086,True,P1,0.41958755254745483,0.5804124474525452,3.24113475177305,1.4462025316455696,15.658252547629758,885.7066681888591,Clay
2025-04-21,43819,Denis Shapovalov,Kei Nishikori,P2,0.3565109310391744,False,P1,0.5350975394248962,0.46490246057510376,1.8537735849056602,2.1712707182320443,-0.3565109310391744,885.3501572578199,Clay
2025-04-21,43820,Matteo Berrettini,Marcos Giron,P2,4.498000410897159,False,P1,0.734550267457962,0.26544973254203796,1.2230483271375465,5.483333333333333,-4.498000410897159,880.8521568469228,Clay
2025-04-21,43821,Damir Dzumhur,Sebastian Baez,P1,10.990955703407227,True,P1,0.4324833005666733,0.5675166994333267,4.10236220472441,1.322335025380711,34.097925568050776,914.9500824149735,Clay
2025-04-21,43822,Gabriel Diallo,Kamil Majchrzak,P2,0.7678052211564361,False,P1,0.4727485775947571,0.5272514224052429,2.079787234042553,1.9261083743842367,-0.7678052211564361,914.1822771938171,Clay
2025-04-21,43823,Alexander Zverev,Roberto Bautista Agut,P2,2.5783974549223814,False,P1,0.8334053680300713,0.16659463196992874,1.1322115384615383,8.563636363636364,-2.5783974549223814,911.6038797388946,Clay
2025-04-21,43824,Taylor Fritz,Christopher O'Connell,P1,8.50810102223555,True,P1,0.8028272092342377,0.19717279076576233,1.32,4.125,2.7225923271153767,914.3264720660101,Clay
2025-04-21,43825,Andrey Rublev,Gael Monfils,P2,18.247350732124644,False,P1,0.4240589886903763,0.5759410113096237,1.4169184290030208,3.3985507246376816,-18.247350732124644,896.0791213338854,Clay
2025-04-21,43826,Flavio Cobolli,Holger Rune,P1,3.6646193799204125,True,P1,0.3588377386331558,0.6411622613668442,3.3142857142857145,1.4320987654320987,8.480976279244384,904.5600976131298,Clay
2025-04-21,43827,Daniil Medvedev,Laslo Djere,P1,6.240335688259023,True,P1,0.650933101773262,0.349066898226738,1.6804979253112031,2.469512195121951,4.246535489105724,908.8066331022354,Clay
2025-04-21,43828,Ben Shelton,Mariano Navone,P1,12.675187318502187,True,P1,0.6660746186971664,0.33392538130283356,1.862559241706161,2.1593406593406588,10.933099961930795,919.7397330641662,Clay
2025-04-21,43829,Francisco Comesana,Arthur Fils,P1,3.0580082056480578,True,P1,0.2397996336221695,0.7602003663778305,5.386554621848739,1.2279693486590038,13.414120028136857,933.153853092303,Clay
2025-04-21,43830,Casper Ruud,Arthur Rinderknech,P2,5.6469287682075935,False,P1,0.7490065097808838,0.2509934902191162,1.17351598173516,6.763157894736843,-5.6469287682075935,927.5069243240955,Clay
2025-04-21,43831,Juan Manuel Cerundolo,Felix Auger-Aliassime,P2,4.226973986440056,False,P1,0.23523253947496414,0.7647674605250359,3.8636363636363633,1.3492063492063493,-4.226973986440056,923.2799503376555,Clay
2025-04-21,43832,Francisco Cerundolo,Harold Mayot,P2,0.012339019211742125,False,P1,0.8654760420322418,0.13452395796775818,1.1551246537396123,7.44642857142857,-0.012339019211742125,923.2676113184438,Clay
2025-04-21,43833,Jakub Mensik,Ethan Quinn,P1,6.963164765073242,True,P1,0.7446962147951126,0.2553037852048874,1.4299065420560748,3.3260869565217397,2.993510085919338,926.261121404363,Clay
2025-04-21,43835,Alexander Bublik,Alexei Popyrin,P2,0.2673674774796664,False,P1,0.39476658403873444,0.6052334159612656,2.518518518518518,1.6585365853658534,-0.2673674774796664,925.9937539268834,Clay
2025-04-21,43836,Benjamin Bonzi,Hubert Hurkacz,P2,6.611379275054461,False,P1,0.29097773134708405,0.709022268652916,2.9459459459459456,1.5138888888888888,-6.611379275054461,919.382374651829,Clay
2025-04-21,43837,Alejandro Davidovich Fokina,Nuno Borges,P2,7.9811483597435045,False,P1,0.569042518734932,0.43095748126506805,1.4522292993630572,3.211267605633803,-7.9811483597435045,911.4012262920854,Clay
2025-04-21,43838,Brandon Nakashima,Sebastian Ofner,P2,1.439424305102129,False,P1,0.5661120414733887,0.43388795852661133,1.7106382978723402,2.407185628742515,-1.439424305102129,909.9618019869833,Clay
2025-04-21,43839,Jack Draper,Matteo Berrettini,P2,10.353045418633558,False,P1,0.47174014151096344,0.5282598584890366,1.6374501992031876,2.5687499999999996,-10.353045418633558,899.6087565683498,Clay
2025-04-21,43840,Alex de Minaur,Denis Shapovalov,P1,5.860939406392952,True,P1,0.8077667877078056,0.19223321229219437,1.2837528604118993,4.524193548387097,1.6630583212648193,901.2718148896146,Clay
2025-04-21,43841,Lorenzo Musetti,Stefanos Tsitsipas,P2,3.6898472050499387,False,P1,0.4344041794538498,0.5655958205461502,2.1135135135135137,1.898058252427185,-3.6898472050499387,897.5819676845647,Clay
2025-04-21,43842,Tommy Paul,Karen Khachanov,P2,10.222293930024026,False,P1,0.4242355227470398,0.5757644772529602,1.8202764976958523,2.2191011235955056,-10.222293930024026,887.3596737545406,Clay
2025-04-21,43843,Frances Tiafoe,Alexandre Muller,P2,0.012266689082112267,False,P1,0.5712705850601196,0.42872941493988037,1.75,2.333333333333333,-0.012266689082112267,887.3474070654585,Clay
2025-04-21,43844,Gabriel Diallo,Cameron Norrie,P1,1.3574746151145765,True,P1,0.4880954623222351,0.5119045376777649,2.1189189189189186,1.8937198067632852,1.518904028803877,888.8663110942623,Clay
2025-04-21,43845,Grigor Dimitrov,Jacob Fearnley,P2,1.7893943862860195,False,P1,0.6999298483133316,0.3000701516866684,1.3711911357340723,3.6940298507462686,-1.7893943862860195,887.0769167079762,Clay
2025-04-21,43846,Matteo Arnaldi,Damir Dzumhur,P2,7.645274023038202,False,P1,0.5717180669307709,0.4282819330692291,1.4476190476190474,3.234042553191489,-7.645274023038202,879.4316426849381,Clay
2025-04-21,43847,Alexander Zverev,Alejandro Davidovich Fokina,P1,9.700112906514054,True,P1,0.7939159944653511,0.2060840055346489,1.3594594594594593,3.781954887218045,3.486797342071267,882.9184400270093,Clay
2025-04-21,43848,Taylor Fritz,Benjamin Bonzi,P2,1.8213623363839047,False,P1,0.820907786488533,0.17909221351146698,1.1679049034175333,6.95575221238938,-1.8213623363839047,881.0970776906254,Clay
2025-04-21,43849,Alexander Bublik,Andrey Rublev,P1,7.124610560603458,True,P1,0.35014858841896057,0.6498514115810394,4.448818897637795,1.2899543378995435,24.571491539719016,905.6685692303444,Clay
2025-04-21,43850,Daniil Medvedev,Juan Manuel Cerundolo,P1,10.064100003446654,True,P1,0.7925991639494896,0.2074008360505104,1.3636363636363635,3.749999999999999,3.659672728526055,909.3282419588704,Clay
2025-04-21,43851,Jakub Mensik,Ben Shelton,P2,3.0278544001148258,False,P1,0.5266564935445786,0.47334350645542145,1.7723214285714286,2.294797687861272,-3.0278544001148258,906.3003875587556,Clay
2025-04-21,43852,Casper Ruud,Sebastian Korda,P2,13.752144106599157,False,P1,0.4915747195482254,0.5084252804517746,1.4169184290030208,3.3985507246376816,-13.752144106599157,892.5482434521564,Clay
2025-04-21,43853,Francisco Cerundolo,Francisco Comesana,P2,0.6271894190013306,False,P1,0.7626793161034584,0.2373206838965416,1.2927400468384076,4.416,-0.6271894190013306,891.9210540331551,Clay
2025-04-21,43854,Brandon Nakashima,Flavio Cobolli,P1,3.9713412354041013,True,P1,0.4345077574253082,0.5654922425746918,2.6369426751592355,1.6108949416342413,6.500857945852573,898.4219119790076,Clay
2025-04-21,43855,Jack Draper,Tommy Paul,P2,0.19913293463600001,False,P1,0.60462486743927,0.39537513256073,1.6465863453815262,2.546583850931677,-0.19913293463600001,898.2227790443716,Clay
2025-04-21,43856,Lorenzo Musetti,Alex de Minaur,P2,12.325323764046662,False,P1,0.31095513701438904,0.689044862985611,2.333333333333333,1.75,-12.325323764046662,885.897455280325,Clay
2025-04-21,43857,Gabriel Diallo,Grigor Dimitrov,P1,2.432816307544778,True,P1,0.33241383731365204,0.667586162686348,3.4057971014492754,1.4156626506024097,5.852862421049756,891.7503177013747,Clay
2025-04-21,43858,Matteo Arnaldi,Frances Tiafoe,P2,6.341693573405958,False,P1,0.4680723249912262,0.5319276750087738,1.832558139534884,2.201117318435754,-6.341693573405958,885.4086241279688,Clay
2025-04-21,43859,Francisco Cerundolo,Alexander Zverev,P1,1.785291575874333,True,P1,0.3913712501525879,0.6086287498474121,2.7337662337662336,1.5767790262172285,3.0952782516782267,888.503902379647,Clay
2025-04-21,43860,Casper Ruud,Taylor Fritz,P2,11.042256602755087,False,P1,0.4312784969806671,0.5687215030193329,1.74235807860262,2.347058823529412,-11.042256602755087,877.4616457768919,Clay
2025-04-21,43861,Daniil Medvedev,Brandon Nakashima,P2,2.209048120101316,False,P1,0.6498702615499496,0.35012973845005035,1.461290322580645,3.167832167832168,-2.209048120101316,875.2525976567906,Clay
2025-04-21,43862,Jakub Mensik,Alexander Bublik,P2,0.5799360114246719,False,P1,0.7174523174762726,0.2825476825237274,1.3753501400560222,3.6641791044776113,-0.5799360114246719,874.6726616453659,Clay
2025-04-21,43863,Jack Draper,Matteo Arnaldi,P2,1.9550703789520238,False,P1,0.7108745276927948,0.2891254723072052,1.3438320209973753,3.9083969465648853,-1.9550703789520238,872.7175912664139,Clay
2025-04-21,43864,Casper Ruud,Daniil Medvedev,P2,0.4392897808083214,False,P1,0.644607424736023,0.35539257526397705,1.5357142857142856,2.8666666666666667,-0.4392897808083214,872.2783014856057,Clay
2025-04-21,43865,Lorenzo Musetti,Gabriel Diallo,P2,7.892199114997425,False,P1,0.6560368835926056,0.3439631164073944,1.2484725050916494,5.024590163934427,-7.892199114997425,864.3861023706082,Clay
2025-04-21,43866,Francisco Cerundolo,Jakub Mensik,P2,4.062044215873098,False,P1,0.5264365971088409,0.47356340289115906,1.7210300429184548,2.3869047619047614,-4.062044215873098,860.3240581547351,Clay
2025-04-21,43867,Jack Draper,Lorenzo Musetti,P2,11.318926888303158,False,P1,0.45428287982940674,0.5457171201705933,1.6220472440944884,2.6075949367088613,-11.318926888303158,849.0051312664319,Clay
2025-04-21,43868,Casper Ruud,Francisco Cerundolo,P2,2.5565654978135455,False,P1,0.47470687329769135,0.5252931267023087,1.979695431472081,2.0207253886010363,-2.5565654978135455,846.4485657686184,Clay
2025-04-21,43869,Casper Ruud,Jack Draper,P1,8.599080507787445,True,P1,0.4699968695640564,0.5300031304359436,2.9863945578231292,1.5034246575342465,17.08116672295193,863.5297324915704,Clay
2025-05-05,43870,Roberto Bautista Agut,Matteo Arnaldi,P1,8.316087642446291,True,P1,0.36522194743156433,0.6347780525684357,4.67741935483871,1.2719298245614037,30.58174165286701,894.1114741444374,Clay
2025-05-05,43871,Alexander Bublik,Roman Safiullin,P1,4.546062555586085,True,P1,0.5427619814872742,0.45723801851272583,2.0366492146596857,1.9646464646464645,4.712672178042118,898.8241463224795,Clay
2025-05-05,43872,Jesper de Jong,Alexander Shevchenko,P2,6.598188090460532,False,P1,0.5119090676307678,0.4880909323692322,1.6666666666666667,2.5,-6.598188090460532,892.2259582320189,Clay
2025-05-05,43873,Jacob Fearnley,Fabio Fognini,P2,2.883147921328456,False,P1,0.636804461479187,0.363195538520813,1.4688524590163936,3.132867132867133,-2.883147921328456,889.3428103106904,Clay
2025-05-05,43875,Marcos Giron,Gabriel Diallo,P1,1.801649824298101,True,P1,0.4052595794200897,0.5947404205799103,2.630573248407643,1.61328125,2.9377220064988134,892.2805323171892,Clay
2025-05-05,43876,Nicolas Jarry,Hugo Gaston,P1,0.4467829861381798,True,P1,0.6320197433233261,0.3679802566766739,1.5916030534351142,2.690322580645161,0.2643181788222055,892.5448504960115,Clay
2025-05-05,43877,Fabian Marozsan,Joao Fonseca,P1,8.789871137046863,True,P1,0.4463636726140976,0.5536363273859024,3.2198581560283692,1.450479233226837,19.512267134011832,912.0571176300233,Clay
2025-05-05,43878,Pedro Martinez,Mattia Bellucci,P2,9.138270842875446,False,P1,0.4534507840871811,0.5465492159128189,1.763392857142857,2.309941520467836,-9.138270842875446,902.9188467871478,Clay
2025-05-05,43879,Jaume Munar,Tomas Barrios Vera,P1,11.602352388085878,True,P1,0.7086261063814163,0.2913738936185837,1.6451612903225807,2.55,7.485388637474761,910.4042354246226,Clay
2025-05-05,43880,Luca Nardi,Flavio Cobolli,P2,13.120420282579602,False,P1,0.21123412251472473,0.7887658774852753,3.369565217391305,1.4220183486238531,-13.120420282579602,897.283815142043,Clay
2025-05-05,43882,Sebastian Ofner,Roberto Carballes Baena,P2,5.206485381544636,False,P1,0.5025503039360046,0.49744969606399536,1.7589285714285714,2.317647058823529,-5.206485381544636,892.0773297604983,Clay
2025-05-05,43883,Thiago Seyboth Wild,Nuno Borges,P2,16.032892610809345,False,P1,0.29488201439380646,0.7051179856061935,2.1722222222222225,1.8530805687203793,-16.032892610809345,876.044437149689,Clay
2025-05-05,43884,Learner Tien,Reilly Opelka,P2,13.957520380743897,False,P1,0.3450545221567154,0.6549454778432846,1.9746192893401011,2.0260416666666665,-13.957520380743897,862.0869167689451,Clay
2025-05-05,43885,Aleksandar Vukic,Nicolas Moreno De Alboran,P1,6.9930574387502284,True,P1,0.5230862349271774,0.47691376507282257,2.3216374269005846,1.756637168141593,9.242286439517844,871.329203208463,Clay
2025-05-05,43887,Francisco Comesana,Daniel Altmaier,P1,9.70612891352112,True,P1,0.6490654498338699,0.35093455016613007,1.8232558139534885,2.214689265536723,7.990627059038318,879.3198302675013,Clay
2025-05-05,43888,Luciano Darderi,Yunchaokete Bu,P2,1.469613065303379,False,P1,0.6791014671325684,0.32089853286743164,1.4233128834355828,3.3623188405797104,-1.469613065303379,877.8502172021979,Clay
2025-05-05,43889,Laslo Djere,Tomas Martin Etcheverry,P1,4.802770996887905,True,P1,0.5627235174179077,0.4372764825820923,1.9646464646464645,2.0366492146596857,4.632976062654494,882.4831932648524,Clay
2025-05-05,43891,Tallon Griekspoor,Miomir Kecmanovic,P1,4.731015395956075,True,P1,0.6389006078243256,0.36109939217567444,1.6791666666666667,2.4723926380368098,3.2131479564201677,885.6963412212725,Clay
2025-05-05,43892,Vit Kopriva,Quentin Halys,P2,17.71392682442545,False,P1,0.31056489050388336,0.6894351094961166,1.5855513307984792,2.707792207792208,-17.71392682442545,867.982414396847,Clay
2025-05-05,43893,Dusan Lajovic,Yoshihito Nishioka,P2,17.359648287936942,False,P1,0.4000305235385895,0.5999694764614105,1.2792792792792793,4.580645161290324,-17.359648287936942,850.6227661089101,Clay
2025-05-05,43894,Corentin Moutet,Rinky Hijikata,P2,6.883712920277783,False,P1,0.6322312951087952,0.36776870489120483,1.3256997455470738,4.0703125,-6.883712920277783,843.7390531886324,Clay
2025-05-05,43895,Alexandre Muller,Jiri Lehecka,P1,1.3939932138903495,True,P1,0.40567535161972046,0.5943246483802795,2.5949367088607596,1.626984126984127,2.223330948736507,845.9623841373689,Clay
2025-05-05,43896,Cameron Norrie,Christopher O'Connell,P1,5.365062912201406,True,P1,0.6323533803224564,0.36764661967754364,1.7272727272727275,2.375,3.901863936146478,849.8642480735153,Clay
2025-05-05,43897,Francesco Passaro,Chun-Hsin Tseng,P2,9.016535027709974,False,P1,0.29757560789585114,0.7024243921041489,2.647435897435897,1.6070038910505835,-9.016535027709974,840.8477130458053,Clay
2025-05-05,43898,Carlos Taberner,Aleksandar Kovacevic,P2,16.816954260916106,False,P1,0.22103165835142136,0.7789683416485786,1.6571428571428568,2.5217391304347827,-16.816954260916106,824.0307587848893,Clay
2025-05-05,43899,Jordan Thompson,Giovanni Mpetshi Perricard,P2,1.7312710245759741,False,P1,0.5324815064668655,0.46751849353313446,1.7990867579908678,2.2514285714285713,-1.7312710245759741,822.2994877603132,Clay
2025-05-05,43900,Camilo Ugo Carabelli,Pablo Carreno Busta,P2,11.328408579321563,False,P1,0.36502858996391296,0.634971410036087,1.9846938775510201,2.0155440414507773,-11.328408579321563,810.9710791809916,Clay
2025-05-05,43901,Otto Virtanen,Hamad Medjedovic,P1,2.491145008560097,True,P1,0.28135789930820465,0.7186421006917953,4.26771653543307,1.306024096385542,8.140355736633387,819.111434917625,Clay
2025-05-05,43902,Jannik Sinner,Mariano Navone,P2,3.4756414654360563,False,P1,0.8229460418224335,0.17705395817756653,1.1120246659815005,9.926605504587156,-3.4756414654360563,815.635793452189,Clay
2025-05-05,43903,Marcos Giron,Taylor Fritz,P1,3.591580949323693,True,P1,0.23685036599636078,0.7631496340036392,6.129310344827586,1.1949579831932773,18.422333317651702,834.0581267698407,Clay
2025-05-05,43904,Casper Ruud,Alexander Bublik,P2,3.4059933271918337,False,P1,0.7538922801613808,0.24610771983861923,1.2181146025878005,5.584745762711864,-3.4059933271918337,830.6521334426488,Clay
2025-05-05,43905,Alex de Minaur,Luca Nardi,P2,1.0249313243804983,False,P1,0.8605784550309181,0.13942154496908188,1.1333333333333333,8.5,-1.0249313243804983,829.6272021182683,Clay
2025-05-05,43906,Tommy Paul,Roberto Bautista Agut,P2,6.846601928730318,False,P1,0.6567487269639969,0.3432512730360031,1.2713347921225382,4.685483870967742,-6.846601928730318,822.780600189538,Clay
2025-05-05,43907,Jaume Munar,Ben Shelton,P2,10.165859683928566,False,P1,0.33187852799892426,0.6681214720010757,2.268571428571429,1.7882882882882885,-10.165859683928566,812.6147405056093,Clay
2025-05-05,43908,Sebastian Ofner,Frances Tiafoe,P2,5.249973981902038,False,P1,0.3794618248939514,0.6205381751060486,2.294797687861272,1.7723214285714286,-5.249973981902038,807.3647665237073,Clay
2025-05-05,43909,Fabian Marozsan,Andrey Rublev,P2,1.9191077635157892,False,P1,0.4386647641658783,0.5613352358341217,2.1712707182320443,1.8537735849056602,-1.9191077635157892,805.4456587601916,Clay
2025-05-05,43910,Francisco Cerundolo,Nicolas Jarry,P2,5.124061406200268,False,P1,0.6996307820081711,0.3003692179918289,1.2474645030425964,5.0409836065573765,-5.124061406200268,800.3215973539914,Clay
2025-05-05,43911,Tomas Machac,Learner Tien,P1,5.81619349941801,True,P1,0.7792284265160561,0.22077157348394394,1.3482849604221636,3.8712121212121207,2.025692722752447,802.3472900767438,Clay
2025-05-05,43913,Sebastian Korda,Aleksandar Vukic,P1,8.294503454412034,True,P1,0.771211713552475,0.22878828644752502,1.4053254437869822,3.4671532846715327,3.3619732936522144,805.709263370396,Clay
2025-05-05,43914,Jesper de Jong,Alejandro Davidovich Fokina,P1,1.1573499215092378,True,P1,0.26513248682022095,0.734867513179779,4.108527131782946,1.3216957605985038,3.5976536319783285,809.3069170023743,Clay
2025-05-05,43915,Matteo Berrettini,Jacob Fearnley,P1,3.2343870123488685,True,P1,0.7489014118909836,0.2510985881090164,1.3753501400560222,3.6641791044776113,1.214027618080527,810.5209446204549,Clay
2025-05-05,43916,Hubert Hurkacz,Pedro Martinez,P1,7.250557660773214,True,P1,0.6442637294530869,0.35573627054691315,1.7644444444444443,2.308139534883721,5.542648522902189,816.063593143357,Clay
2025-05-05,43917,Hugo Dellien,Thiago Seyboth Wild,P2,3.277358501667337,False,P1,0.3304756134748459,0.6695243865251541,2.7828947368421053,1.5608856088560885,-3.277358501667337,812.7862346416897,Clay
2025-05-05,43918,Alexander Zverev,Camilo Ugo Carabelli,P2,1.4828812784461798,False,P1,0.8557955548167229,0.14420444518327713,1.125866050808314,8.944954128440367,-1.4828812784461798,811.3033533632436,Clay
2025-05-05,43919,Carlos Alcaraz,Dusan Lajovic,P2,1.7197708384533152,False,P1,0.8942870460450649,0.10571295395493507,1.0708024275118004,15.123809523809523,-1.7197708384533152,809.5835825247902,Clay
2025-05-05,43920,Jack Draper,Luciano Darderi,P2,4.650888701142815,False,P1,0.6933571696281433,0.3066428303718567,1.2765486725663715,4.616,-4.650888701142815,804.9326938236475,Clay
2025-05-05,43921,Lorenzo Musetti,Otto Virtanen,P2,2.6390733617696354,False,P1,0.8400232046842575,0.1599767953157425,1.112382934443288,9.898148148148145,-2.6390733617696354,802.2936204618778,Clay
2025-05-05,43922,Holger Rune,Francisco Comesana,P2,6.09787466255058,False,P1,0.6134018450975418,0.3865981549024582,1.3824362606232292,3.6148148148148143,-6.09787466255058,796.1957457993273,Clay
2025-05-05,43923,Daniil Medvedev,Cameron Norrie,P2,3.6637517702710687,False,P1,0.6669310033321381,0.33306899666786194,1.3614130434782608,3.7669172932330826,-3.6637517702710687,792.5319940290561,Clay
2025-05-05,43924,Arthur Fils,Tallon Griekspoor,P2,7.2608247879973575,False,P1,0.5220386236906052,0.47796137630939484,1.5645756457564575,2.7712418300653594,-7.2608247879973575,785.2711692410588,Clay
2025-05-05,43925,Francesco Passaro,Grigor Dimitrov,P2,4.846330481705872,False,P1,0.20777937769889832,0.7922206223011017,4.218749999999999,1.3106796116504853,-4.846330481705872,780.424838759353,Clay
2025-05-05,43926,Stefanos Tsitsipas,Alexandre Muller,P2,3.1674144297152145,False,P1,0.6868737190961838,0.3131262809038162,1.337696335078534,3.9612403100775198,-3.1674144297152145,777.2574243296377,Clay
2025-05-05,43929,Alexei Popyrin,Carlos Taberner,P1,12.680542914799387,True,P1,0.7554560080170631,0.24454399198293686,1.569811320754717,2.754966887417219,7.225516906168709,784.4829412358065,Clay
2025-05-05,43930,Vilius Gaubas,Denis Shapovalov,P1,0.7601608397009818,True,P1,0.3614566922187805,0.6385433077812195,2.8666666666666667,1.5357142857142856,1.418966900775166,785.9019081365817,Clay
2025-05-05,43931,Brandon Nakashima,Jordan Thompson,P2,8.853697249529928,False,P1,0.5441056191921234,0.4558943808078766,1.4237804878048779,3.3597122302158278,-8.853697249529928,777.0482108870518,Clay
2025-05-05,43932,Laslo Djere,Alex Michelsen,P1,2.5127295531825644,True,P1,0.7014471888542175,0.29855281114578247,1.4688524590163936,3.132867132867133,1.1780994298528094,778.2263103169047,Clay
2025-05-05,43933,Vit Kopriva,Sebastian Baez,P2,3.426982080437983,False,P1,0.3217317461967468,0.6782682538032532,2.834437086092715,1.5451263537906137,-3.426982080437983,774.7993282364667,Clay
2025-05-05,43934,Jannik Sinner,Jesper de Jong,P2,2.859109791025842,False,P1,0.8695359230041504,0.1304640769958496,1.0651629072681703,16.346153846153847,-2.859109791025842,771.9402184454409,Clay
2025-05-05,43935,Casper Ruud,Matteo Berrettini,P2,4.565086649519828,False,P1,0.5277315676212311,0.4722684323787689,1.670781893004115,2.4907975460122698,-4.565086649519828,767.3751317959211,Clay
2025-05-05,43936,Alex de Minaur,Hugo Dellien,P2,3.3390245235539315,False,P1,0.8597526475787163,0.14024735242128372,1.061904761904762,17.153846153846153,-3.3390245235539315,764.0361072723672,Clay
2025-05-05,43937,Tommy Paul,Tomas Machac,P2,3.481275472867917,False,P1,0.518376424908638,0.481623575091362,1.7533039647577093,2.327485380116959,-3.481275472867917,760.5548317994993,Clay
2025-05-05,43938,Francisco Cerundolo,Sebastian Ofner,P2,2.319827730379425,False,P1,0.7757533714175224,0.22424662858247757,1.2104316546762588,5.752136752136751,-2.319827730379425,758.2350040691199,Clay
2025-05-05,43939,Jakub Mensik,Fabian Marozsan,P1,8.374112671050309,True,P1,0.6680459678173065,0.3319540321826935,1.74235807860262,2.347058823529412,6.216590192482761,764.4515942616026,Clay
2025-05-05,43940,Jaume Munar,Sebastian Korda,P2,11.25117189733392,False,P1,0.3249897360801697,0.6750102639198303,2.1712707182320443,1.8537735849056602,-11.25117189733392,753.2004223642687,Clay
2025-05-05,43941,Hubert Hurkacz,Marcos Giron,P2,2.1218109185543903,False,P1,0.6137081682682037,0.38629183173179626,1.5376344086021503,2.86,-2.1218109185543903,751.0786114457143,Clay
2025-05-05,43942,Alexander Zverev,Vilius Gaubas,P2,1.8635679483056478,False,P1,0.8748024180531502,0.12519758194684982,1.0863895680521598,12.575471698113207,-1.8635679483056478,749.2150434974086,Clay
2025-05-05,43943,Carlos Alcaraz,Laslo Djere,P2,5.507277351353899,False,P1,0.7628524601459503,0.23714753985404968,1.1181525241675616,9.463636363636363,-5.507277351353899,743.7077661460547,Clay
2025-05-05,43944,Jack Draper,Vit Kopriva,P2,0.8425922814129433,False,P1,0.8454586416482925,0.15454135835170746,1.1559888579387188,7.410714285714286,-0.8425922814129433,742.8651738646417,Clay
2025-05-05,43945,Lorenzo Musetti,Brandon Nakashima,P2,4.486124435489961,False,P1,0.7222647815942764,0.27773521840572357,1.2173112338858196,5.601694915254238,-4.486124435489961,738.3790494291518,Clay
2025-05-05,43946,Corentin Moutet,Holger Rune,P1,6.984353248148275,True,P1,0.3456088602542877,0.6543911397457123,5.183333333333333,1.2390438247011952,29.217877754753612,767.5969271839054,Clay
2025-05-05,43947,Daniil Medvedev,Alexei Popyrin,P2,2.9239890268681625,False,P1,0.6647654622793198,0.33523453772068024,1.3896848137535818,3.566176470588235,-2.9239890268681625,764.6729381570373,Clay
2025-05-05,43948,Arthur Fils,Stefanos Tsitsipas,P1,0.759903458904527,True,P1,0.5522272735834122,0.44777272641658783,1.841121495327103,2.188888888888889,0.6391711336580135,765.3121092906953,Clay
2025-05-05,43949,Karen Khachanov,Francesco Passaro,P1,2.8199160027708152,True,P1,0.6961210817098618,0.30387891829013824,1.488215488215488,3.048275862068966,1.3767266680194212,766.6888359587147,Clay
2025-05-05,43950,Casper Ruud,Jaume Munar,P2,0.1605563106682018,False,P1,0.7836456298828125,0.2163543701171875,1.2707423580786024,4.693548387096774,-0.1605563106682018,766.5282796480465,Clay
2025-05-05,43951,Jannik Sinner,Francisco Cerundolo,P1,0.9863319335970607,True,P1,0.7624193206429482,0.23758067935705185,1.3225000000000002,4.10077519379845,0.3180920485850523,766.8463716966315,Clay
2025-05-05,43952,Alexander Zverev,Arthur Fils,P1,2.222440615095704,True,P1,0.6444716602563858,0.3555283397436142,1.606177606177606,2.6496815286624202,1.3471937319306002,768.1935654285621,Clay
2025-05-05,43953,Carlos Alcaraz,Karen Khachanov,P2,4.766764361420798,False,P1,0.794258326292038,0.20574167370796204,1.1027857829010566,10.728971962616821,-4.766764361420798,763.4268010671414,Clay
2025-05-05,43954,Jack Draper,Corentin Moutet,P2,4.783249497717648,False,P1,0.7573663368821144,0.2426336631178856,1.1549100968188104,7.455357142857143,-4.783249497717648,758.6435515694237,Clay
2025-05-05,43955,Tommy Paul,Alex de Minaur,P2,4.927552469102278,False,P1,0.3119211047887802,0.6880788952112198,2.789473684210527,1.5588235294117647,-4.927552469102278,753.7159991003215,Clay
2025-05-05,43956,Lorenzo Musetti,Daniil Medvedev,P1,0.7343182370653069,True,P1,0.6396198868751526,0.3603801131248474,1.581132075471698,2.72077922077922,0.4267358811624801,754.142734981484,Clay
2025-05-05,43957,Hubert Hurkacz,Jakub Mensik,P1,7.516756268949044,True,P1,0.46200379729270935,0.5379962027072906,3.048275862068966,1.488215488215488,15.396390426743906,769.5391254082278,Clay
2025-05-05,43958,Jannik Sinner,Casper Ruud,P2,1.4159403223976588,False,P1,0.7300805300474167,0.2699194699525833,1.3193069306930691,4.1317829457364335,-1.4159403223976588,768.1231850858302,Clay
2025-05-05,43959,Tommy Paul,Hubert Hurkacz,P2,7.630168413452228,False,P1,0.5517927259206772,0.4482072740793228,1.4522292993630572,3.211267605633803,-7.630168413452228,760.493016672378,Clay
2025-05-05,43960,Lorenzo Musetti,Alexander Zverev,P1,3.504885275278028,True,P1,0.4661172330379486,0.5338827669620514,2.4277108433734944,1.7004219409282701,5.003962712294536,765.4969793846725,Clay
2025-05-05,43961,Carlos Alcaraz,Jack Draper,P1,3.345350727926448,True,P1,0.7419685199856758,0.2580314800143242,1.3942028985507247,3.536764705882353,1.3187469536173824,766.8157263382899,Clay
2025-05-05,43962,Jannik Sinner,Tommy Paul,P2,0.39740666997265617,False,P1,0.8832225315272808,0.11677746847271919,1.1204819277108433,9.3,-0.39740666997265617,766.4183196683173,Clay
2025-05-05,43963,Carlos Alcaraz,Lorenzo Musetti,P1,2.4467033127863185,True,P1,0.7316885739564896,0.26831142604351044,1.4017595307917887,3.489051094890511,0.9829863749317463,767.4013060432491,Clay
2025-05-05,43964,Carlos Alcaraz,Jannik Sinner,P1,2.988674841771,True,P1,0.44809719920158386,0.5519028007984161,2.4907975460122698,1.670781893004115,4.455509119940816,771.8568151631899,Clay
2025-05-19,43996,Hubert Hurkacz,Arthur Cazaux,P1,15.437136303263799,True,P1,0.8886710479855537,0.11132895201444626,1.2731277533039649,4.661290322580646,4.216310355957515,776.0731255191474,Clay
2025-05-19,43965,Frances Tiafoe,Yunchaokete Bu,P1,2.609056503305632,True,P1,0.6585821062326431,0.3414178937673569,1.5773584905660376,2.7320261437908493,1.5063609245500438,777.5794864436974,Clay
2025-05-19,43966,Alejandro Davidovich Fokina,Gael Monfils,P2,13.41653396295447,False,P1,0.4601345509290695,0.5398654490709305,1.4233128834355828,3.3623188405797104,-13.41653396295447,764.162952480743,Clay
2025-05-19,43967,Felix Auger-Aliassime,Daniel Altmaier,P1,9.550553250872492,True,P1,0.6761195957660675,0.3238804042339325,1.7599999999999998,2.3157894736842106,7.258420470663092,771.421372951406,Clay
2025-05-19,43998,Arthur Rinderknech,Miomir Kecmanovic,P1,2.1678028898147685,True,P1,0.3810446411371231,0.6189553588628769,2.9054054054054053,1.524822695035461,4.130543344106518,775.5519162955126,Clay
2025-05-19,43999,Matteo Arnaldi,Hugo Gaston,P2,0.1343884668819362,False,P1,0.7085065096616745,0.2914934903383255,1.4065281899109792,3.4598540145985406,-0.1343884668819362,775.4175278286307,Clay
2025-05-19,43968,Camilo Ugo Carabelli,Sebastian Baez,P2,0.8957861708542713,False,P1,0.3975455164909363,0.6024544835090637,2.457317073170732,1.686192468619247,-0.8957861708542713,774.5217416577764,Clay
2025-05-19,44000,Jacob Fearnley,Dusan Lajovic,P1,8.611590186970615,True,P1,0.620181605219841,0.379818394780159,1.9547738693467334,2.0473684210526315,8.222121284042293,782.7438629418186,Clay
2025-05-19,44001,Marton Fucsovics,Zizou Bergs,P2,1.4772489346845497,False,P1,0.5456836223602295,0.4543163776397705,1.763392857142857,2.309941520467836,-1.4772489346845497,781.2666140071341,Clay
2025-05-19,43970,Tomas Martin Etcheverry,Francisco Comesana,P2,7.752356330952549,False,P1,0.35308516025543213,0.6469148397445679,2.2701149425287355,1.7873303167420815,-7.752356330952549,773.5142576761815,Clay
2025-05-19,44002,Quentin Halys,Jaume Munar,P1,1.9063090220322962,True,P1,0.35693518817424774,0.6430648118257523,3.0902777777777772,1.4784053156146177,3.9847153863313958,777.4989730625128,Clay
2025-05-19,43971,Giovanni Mpetshi Perricard,Alexander Bublik,P2,4.211883087078838,False,P1,0.4094336926937103,0.5905663073062897,2.1777777777777776,1.8490566037735847,-4.211883087078838,773.287089975434,Clay
2025-05-19,43972,Alexander Zverev,Aleksandar Kovacevic,P2,2.3449669829868935,False,P1,0.8798981010913849,0.12010189890861511,1.0675675675675675,15.799999999999999,-2.3449669829868935,770.9421229924471,Clay
2025-05-19,44003,Kei Nishikori,Learner Tien,P1,10.059923037016503,True,P1,0.6532278507947922,0.3467721492052078,1.8840579710144931,2.1311475409836067,8.893555148666767,779.8356781411139,Clay
2025-05-19,43973,Andrey Rublev,Damir Dzumhur,P2,9.042068253018792,False,P1,0.6252840459346771,0.3747159540653229,1.2284069097888677,5.378151260504202,-9.042068253018792,770.7936098880951,Clay
2025-05-19,44004,Cameron Norrie,Dominic Stricker,P2,3.976988635333558,False,P1,0.6515584290027618,0.34844157099723816,1.3764044943820226,3.656716417910447,-3.976988635333558,766.8166212527616,Clay
2025-05-19,44006,Alexei Popyrin,Nicolas Jarry,P1,0.7736706221612819,True,P1,0.5100893825292587,0.48991061747074127,2.0,2.0,0.7736706221612819,767.5902918749229,Clay
2025-05-19,43975,Roberto Bautista Agut,Marcos Giron,P2,6.416135638243118,False,P1,0.4217643141746521,0.5782356858253479,1.9746192893401011,2.0260416666666665,-6.416135638243118,761.1741562366798,Clay
2025-05-19,44007,Nuno Borges,Alex Michelsen,P1,8.516578416569637,True,P1,0.6676113605499268,0.33238863945007324,1.7488986784140967,2.335294117647059,6.378054320779022,767.5522105574588,Clay
2025-05-19,44008,Taylor Fritz,Quentin Halys,P2,2.7944458236044176,False,P1,0.7299796789884567,0.2700203210115433,1.270152505446623,4.701612903225806,-2.7944458236044176,764.7577647338544,Clay
2025-05-19,43977,Jiri Lehecka,Borna Gojo,P1,3.9148397756833258,True,P1,0.7088803797960281,0.29111962020397186,1.4799999999999998,3.083333333333333,1.8791230923279953,766.6368878261824,Clay
2025-05-19,43978,Alexandre Muller,Elias Ymer,P1,7.992166519699102,True,P1,0.7585836946964264,0.2414163053035736,1.438871473354232,3.278571428571428,3.50753389579271,770.144421721975,Clay
2025-05-19,44009,Novak Djokovic,Marton Fucsovics,P1,6.686146713165068,True,P1,0.8007452934980392,0.19925470650196075,1.3177339901477834,4.147286821705426,2.124416073887424,772.2688377958625,Clay
2025-05-19,43979,Francisco Cerundolo,Pedro Martinez,P2,1.2916935222073553,False,P1,0.7973304688930511,0.20266953110694885,1.2122302158273381,5.711864406779661,-1.2916935222073553,770.9771442736552,Clay
2025-05-19,44010,Cameron Norrie,Tomas Machac,P2,3.9241786658378532,False,P1,0.3352143168449402,0.6647856831550598,2.6794871794871793,1.5954198473282442,-3.9241786658378532,767.0529656078173,Clay
2025-05-19,44011,Alexei Popyrin,Jacob Fearnley,P1,5.6118196622304035,True,P1,0.5753497034311295,0.42465029656887054,1.989795918367347,2.010309278350516,5.554556196289277,772.6075218041066,Clay
2025-05-19,44012,Hubert Hurkacz,Arthur Rinderknech,P1,3.5132837101600414,True,P1,0.745090052485466,0.254909947514534,1.3896848137535818,3.566176470588235,1.3690733082572084,773.9765951123637,Clay
2025-05-19,43981,Alexandre Muller,Alexander Zverev,P1,1.311814934215343,True,P1,0.15280290693044662,0.8471970930695534,8.124999999999998,1.1403508771929822,9.346681406284317,783.3232765186481,Clay
2025-05-19,44013,Matteo Arnaldi,Fabian Marozsan,P1,1.1277427320215456,True,P1,0.4700270742177963,0.5299729257822037,2.201117318435754,1.832558139534884,1.3545513261711302,784.6778278448191,Clay
2025-05-19,43982,Roberto Bautista Agut,Frances Tiafoe,P1,2.704747695891025,True,P1,0.42117175459861755,0.5788282454013824,2.643312101910828,1.6085271317829455,4.444744621273149,789.1225724660923,Clay
2025-05-19,44014,Sebastian Ofner,Nuno Borges,P2,5.060343212205575,False,P1,0.4550207108259201,0.5449792891740799,1.9158415841584158,2.0918918918918914,-5.060343212205575,784.0622292538867,Clay
2025-05-19,44015,Karen Khachanov,Kei Nishikori,P2,4.427783579450472,False,P1,0.6360019147396088,0.36399808526039124,1.3947368421052633,3.533333333333333,-4.427783579450472,779.6344456744363,Clay
2025-05-19,43984,Jiri Lehecka,Francisco Cerundolo,P2,6.562631625276035,False,P1,0.26486800611019135,0.7351319938898087,3.13986013986014,1.4673202614379082,-6.562631625276035,773.0718140491603,Clay
2025-05-19,44016,Hubert Hurkacz,Taylor Fritz,P1,2.4258405596325807,True,P1,0.45444150269031525,0.5455584973096848,2.392857142857143,1.7179487179487178,3.3788493509168087,776.450663400077,Clay
2025-05-19,43985,Flavio Cobolli,Alejandro Davidovich Fokina,P1,1.3162536893152659,True,P1,0.34090809524059296,0.659091904759407,3.146853146853146,1.4657980456026056,2.825803374963542,779.2764667750406,Clay
2025-05-19,43986,Felix Auger-Aliassime,Giovanni Mpetshi Perricard,P2,5.601995308113244,False,P1,0.5734000355005264,0.42659996449947357,1.4932432432432434,3.0273972602739727,-5.601995308113244,773.6744714669273,Clay
2025-05-19,44017,Novak Djokovic,Matteo Arnaldi,P1,9.021879266155967,True,P1,0.804955393075943,0.195044606924057,1.3411458333333335,3.9312977099236637,3.0777765204855005,776.7522479874128,Clay
2025-05-19,44018,Sebastian Ofner,Karen Khachanov,P2,3.8432125153621133,False,P1,0.314415842294693,0.685584157705307,2.865771812080537,1.535971223021583,-3.8432125153621133,772.9090354720507,Clay
2025-05-19,43987,Luciano Darderi,Brandon Nakashima,P2,3.6670622413104588,False,P1,0.5162311494350433,0.48376885056495667,1.7533039647577093,2.327485380116959,-3.6670622413104588,769.2419732307403,Clay
2025-05-19,43988,Tomas Martin Etcheverry,Camilo Ugo Carabelli,P2,3.7119920801746176,False,P1,0.5075017213821411,0.4924982786178589,1.780269058295964,2.2816091954022983,-3.7119920801746176,765.5299811505657,Clay
2025-05-19,44019,Cameron Norrie,Alexei Popyrin,P1,1.5199011945109286,True,P1,0.47354575991630554,0.5264542400836945,2.2134831460674156,1.8240740740740737,1.8443744832267446,767.3743556337924,Clay
2025-05-19,43989,Andrey Rublev,Luciano Darderi,P2,5.8031580978001065,False,P1,0.554047018289566,0.44595298171043396,1.5319148936170213,2.8799999999999994,-5.8031580978001065,761.5711975359924,Clay
2025-05-19,44020,Novak Djokovic,Cameron Norrie,P1,12.723870061857538,True,P1,0.8725188188254833,0.12748118117451668,1.2367906066536203,5.22314049586777,3.012892910929083,764.5840904469214,Clay
2025-05-19,44021,Hubert Hurkacz,Sebastian Ofner,P2,0.4209891565855445,False,P1,0.6486663371324539,0.3513336628675461,1.5246478873239437,2.906040268456376,-0.4209891565855445,764.1631012903359,Clay
2025-05-19,43990,Felix Auger-Aliassime,Alexandre Muller,P2,9.482490356881605,False,P1,0.5051823854446411,0.4948176145553589,1.488215488215488,3.048275862068966,-9.482490356881605,754.6806109334543,Clay
2025-05-19,43991,Flavio Cobolli,Roberto Bautista Agut,P2,6.2863009696264145,False,P1,0.48804858326911926,0.5119514167308807,1.7076271186440675,2.413173652694611,-6.2863009696264145,748.3943099638279,Clay
2025-05-19,44022,Novak Djokovic,Hubert Hurkacz,P2,0.47889760605509624,False,P1,0.7092320770025253,0.29076792299747467,1.3919308357348703,3.551470588235294,-0.47889760605509624,747.9154123577729,Clay
2025-05-19,43992,Tomas Martin Etcheverry,Jiri Lehecka,P2,0.6933426625276157,False,P1,0.37219592928886414,0.6278040707111359,2.6369426751592355,1.6108949416342413,-0.6933426625276157,747.2220696952453,Clay
2025-05-19,43993,Andrey Rublev,Felix Auger-Aliassime,P1,1.7192093246347515,True,P1,0.569012314081192,0.430987685918808,1.8240740740740737,2.2134831460674156,1.4167558323378966,748.6388255275832,Clay
2025-05-19,43994,Flavio Cobolli,Tomas Martin Etcheverry,P1,6.2772810077232855,True,P1,0.545825332403183,0.454174667596817,2.201117318435754,1.832558139534884,7.539750931064281,756.1785764586475,Clay
2025-05-19,43995,Flavio Cobolli,Andrey Rublev,P1,5.504532489471207,True,P1,0.4074839651584625,0.5925160348415375,3.2624113475177303,1.4420062695924765,12.45351676695968,768.6320932256072,Clay
2025-05-26,44023,Alexander Zverev,Learner Tien,P2,1.2453245186827542,False,P1,0.8968459144234657,0.10315408557653427,1.0788880540946655,13.676190476190476,-1.2453245186827542,767.3867687069244,Clay
2025-05-26,44024,Jack Draper,Mattia Bellucci,P2,4.152921953939455,False,P1,0.8563853427767754,0.14361465722322464,1.0413122721749697,25.205882352941174,-4.152921953939455,763.233846752985,Clay
2025-05-26,44025,Novak Djokovic,Mackenzie McDonald,P2,0.8962087367387848,False,P1,0.9333779476583004,0.0666220523416996,1.0462165835976438,22.637254901960784,-0.8962087367387848,762.3376380162462,Clay
2025-05-26,44026,Alex de Minaur,Laslo Djere,P2,4.175108020580896,False,P1,0.6994314938783646,0.30056850612163544,1.2731277533039649,4.661290322580646,-4.175108020580896,758.1625299956653,Clay
2025-05-26,44027,Cameron Norrie,Daniil Medvedev,P1,7.0893931265798535,True,P1,0.365929052233696,0.634070947766304,4.544,1.2821670428893905,25.124809240599,783.2873392362643,Clay
2025-05-26,44029,Andrey Rublev,Lloyd Harris,P2,4.561049433451466,False,P1,0.7992836609482765,0.20071633905172348,1.1054158607350097,10.486238532110091,-4.561049433451466,778.7262898028129,Clay
2025-05-26,44030,Jakub Mensik,Alexandre Muller,P1,0.6022815534999741,True,P1,0.7003599405288696,0.29964005947113037,1.4375,3.285714285714286,0.2634981796562387,778.9897879824691,Clay
2025-05-26,44031,Matteo Arnaldi,Felix Auger-Aliassime,P1,0.9255329382665273,True,P1,0.4894675761461258,0.5105324238538742,2.096256684491978,1.9121951219512194,1.0146216702921818,780.0044096527613,Clay
2025-05-26,44032,Joao Fonseca,Hubert Hurkacz,P2,15.600088193055226,False,P1,0.2638629227876663,0.7361370772123337,1.8937198067632852,2.1189189189189186,-15.600088193055226,764.4043214597061,Clay
2025-05-26,44033,Alexander Bublik,James Duckworth,P2,6.972052093203166,False,P1,0.6815122365951538,0.3184877634048462,1.199658703071672,6.0085470085470085,-6.972052093203166,757.432269366503,Clay
2025-05-26,44034,Flavio Cobolli,Marin Cilic,P2,3.2271117250316146,False,P1,0.6292937994003296,0.3707062005996704,1.4536741214057507,3.2042253521126765,-3.2271117250316146,754.2051576414714,Clay
2025-05-26,44035,Jesper de Jong,Francesco Passaro,P2,5.818888928855551,False,P1,0.5405266284942627,0.4594733715057373,1.5645756457564575,2.7712418300653594,-5.818888928855551,748.3862687126158,Clay
2025-05-26,44037,Pierre-Hugues Herbert,Benjamin Bonzi,P1,4.481139617054924,True,P1,0.4624292850494385,0.5375707149505615,2.5687499999999996,1.6374501992031876,7.029787774254911,755.4160564868707,Clay
2025-05-26,44038,Gael Monfils,Hugo Dellien,P1,11.374604822123054,True,P1,0.8096622824668884,0.19033771753311157,1.3743016759776538,3.6716417910447765,4.257533648504162,759.6735901353749,Clay
2025-05-26,44041,Alexander Shevchenko,Dusan Lajovic,P1,10.462608812809588,True,P1,0.5208354294300079,0.47916457056999207,2.952702702702703,1.5121107266435987,20.430364506094403,780.1039546414693,Clay
2025-05-26,44042,Adam Walton,Maximilian Marterer,P1,13.429241275839107,True,P1,0.5082202255725861,0.49177977442741394,3.999999999999999,1.3333333333333333,40.28772382751731,820.3916784689866,Clay
2025-05-26,44043,Jannik Sinner,Arthur Rinderknech,P2,1.6958798823107581,False,P1,0.934983391314745,0.06501660868525505,1.0253196289796942,40.4950495049505,-1.6958798823107581,818.6957985866758,Clay
2025-05-26,44044,Carlos Alcaraz,Giulio Zeppieri,P2,2.329781719989264,False,P1,0.9259076006710529,0.07409239932894707,1.0185525349008082,54.9009900990099,-2.329781719989264,816.3660168666866,Clay
2025-05-26,44045,Daniel Altmaier,Taylor Fritz,P2,16.32732033733373,False,P1,0.13584434241056442,0.8641556575894356,3.8333333333333335,1.352941176470588,-16.32732033733373,800.0386965293528,Clay
2025-05-26,44046,Casper Ruud,Albert Ramos-Vinolas,P2,1.6599083904956735,False,P1,0.9061765037477016,0.09382349625229836,1.0577456968350916,18.317307692307693,-1.6599083904956735,798.3787881388571,Clay
2025-05-26,44047,Holger Rune,Roberto Bautista Agut,P2,9.401212796879555,False,P1,0.6327988356351852,0.36720116436481476,1.2081128747795415,5.805084745762714,-9.401212796879555,788.9775753419775,Clay
2025-05-26,44048,Arthur Fils,Nicolas Jarry,P2,4.602382886161828,False,P1,0.737564355134964,0.262435644865036,1.197635135135135,6.0598290598290605,-4.602382886161828,784.3751924558156,Clay
2025-05-26,44049,Gabriel Diallo,Francisco Cerundolo,P1,7.528992713007489,True,P1,0.2898900508880615,0.7101099491119385,8.252252252252253,1.137888198757764,54.60215436009936,838.977346815915,Clay
2025-05-26,44050,Stefanos Tsitsipas,Tomas Martin Etcheverry,P2,5.608596013432106,False,P1,0.6855189204216003,0.31448107957839966,1.2637130801687761,4.792,-5.608596013432106,833.3687508024829,Clay
2025-05-26,44051,Ugo Humbert,Christopher O'Connell,P1,1.4373825719226732,True,P1,0.6388041526079178,0.3611958473920822,1.5977011494252877,2.673076923076923,0.8591252154020581,834.2278760178849,Clay
2025-05-26,44052,Sebastian Korda,Luciano Darderi,P1,5.948402491074216,True,P1,0.5691058486700058,0.4308941513299942,2.010309278350516,1.989795918367347,6.009726228095602,840.2376022459805,Clay
2025-05-26,44053,Karen Khachanov,Aleksandar Vukic,P2,4.097118982080144,False,P1,0.8054365813732147,0.19456341862678528,1.1204819277108433,9.3,-4.097118982080144,836.1404832639004,Clay
2025-05-26,44054,Alexei Popyrin,Yoshihito Nishioka,P2,12.369603916273952,False,P1,0.5777445584535599,0.4222554415464401,1.2187499999999998,5.571428571428571,-12.369603916273952,823.7708793476264,Clay
2025-05-26,44056,Denis Shapovalov,Pedro Martinez,P1,3.0488568621136354,True,P1,0.6448919177055359,0.3551080822944641,1.6220472440944884,2.6075949367088613,1.8965330087163565,825.6674123563428,Clay
2025-05-26,44057,Jacob Fearnley,Stan Wawrinka,P2,4.78172155132353,False,P1,0.5840409994125366,0.4159590005874634,1.5138888888888888,2.9459459459459456,-4.78172155132353,820.8856908050192,Clay
2025-05-26,44058,Richard Gasquet,Terence Atmane,P1,16.417713816100385,True,P1,0.6325929462909698,0.36740705370903015,2.613924050632911,1.6196078431372551,26.49694318421264,847.3826339892319,Clay
2025-05-26,44060,Tallon Griekspoor,Marcos Giron,P2,6.77446648145263,False,P1,0.6296766549348831,0.3703233450651169,1.3341902313624678,3.9923076923076914,-6.77446648145263,840.6081675077793,Clay
2025-05-26,44061,Miomir Kecmanovic,Sebastian Baez,P1,3.862879259138407,True,P1,0.4932105988264084,0.5067894011735916,2.262857142857143,1.7918552036199096,4.878264664397646,845.4864321721769,Clay
2025-05-26,44062,Jiri Lehecka,Jordan Thompson,P2,9.776483181540295,False,P1,0.6422360390424728,0.35776396095752716,1.1969696969696968,6.0769230769230775,-9.776483181540295,835.7099489906367,Clay
2025-05-26,44063,Filip Misolic,Yunchaokete Bu,P2,4.099475549382042,False,P1,0.5429081916809082,0.4570918083190918,1.6612244897959183,2.5123456790123457,-4.099475549382042,831.6104734412546,Clay
2025-05-26,44064,Jaume Munar,Camilo Ugo Carabelli,P2,0.21448496577823034,False,P1,0.574521079659462,0.425478920340538,1.7316017316017311,2.3668639053254434,-0.21448496577823034,831.3959884754764,Clay
2025-05-26,44065,Sebastian Ofner,Jan-Lennard Struff,P2,5.542189956578868,False,P1,0.6004432290792465,0.3995567709207535,1.4433962264150944,3.2553191489361706,-5.542189956578868,825.8537985188975,Clay
2025-05-26,44066,Alejandro Tabilo,Arthur Cazaux,P2,7.145012509274456,False,P1,0.5058145523071289,0.4941854476928711,1.6349206349206347,2.575,-7.145012509274456,818.708786009623,Clay
2025-05-26,44067,Lorenzo Musetti,Yannick Hanfmann,P2,3.6491349646878484,False,P1,0.8427188843488693,0.15728111565113068,1.0808543096872618,13.367924528301886,-3.6491349646878484,815.0596510449352,Clay
2025-05-26,44069,Ben Shelton,Lorenzo Sonego,P1,6.462621712765007,True,P1,0.6788784861564636,0.3211215138435364,1.6171874999999998,2.6202531645569613,3.9886493383471517,819.0483003832824,Clay
2025-05-26,44070,Frances Tiafoe,Roman Safiullin,P2,4.322038715620247,False,P1,0.5908372402191162,0.4091627597808838,1.5138888888888888,2.9459459459459456,-4.322038715620247,814.7262616676621,Clay
2025-05-26,44071,Quentin Halys,Tomas Machac,P1,3.92514779301256,True,P1,0.36900651454925537,0.6309934854507446,3.3142857142857145,1.4320987654320987,9.083913463829068,823.8101751314912,Clay
2025-05-26,44072,Mariano Navone,Brandon Nakashima,P2,10.370198735453325,False,P1,0.49076128005981445,0.5092387199401855,1.5246478873239437,2.906040268456376,-10.370198735453325,813.4399763960379,Clay
2025-05-26,44073,Giovanni Mpetshi Perricard,Zizou Bergs,P2,0.9212910785321561,False,P1,0.507421225309372,0.49257877469062805,1.9261083743842367,2.079787234042553,-0.9212910785321561,812.5186853175057,Clay
2025-05-26,44074,Juan Manuel Cerundolo,Alex Michelsen,P2,6.471983916219293,False,P1,0.43647247552871704,0.563527524471283,1.9261083743842367,2.079787234042553,-6.471983916219293,806.0467014012864,Clay
2025-05-26,44076,Jenson Brooksby,Jaime Faria,P1,8.978443162674708,True,P1,0.6833536922931671,0.3166463077068329,1.6874999999999998,2.454545454545454,6.17267967433886,812.2193810756253,Clay
2025-05-26,44077,Pablo Carreno Busta,Francisco Comesana,P1,12.90232341438187,True,P1,0.5672858357429504,0.43271416425704956,2.7337662337662336,1.5767790262172285,22.369612672986747,834.588993748612,Clay
2025-05-26,44078,Damir Dzumhur,Thiago Agustin Tirante,P2,0.10585628745877454,False,P1,0.5591839551925659,0.4408160448074341,1.7837837837837835,2.275862068965517,-0.10585628745877454,834.4831374611532,Clay
2025-05-26,44079,Marton Fucsovics,Tristan Schoolkate,P2,6.458122511367693,False,P1,0.751871183514595,0.24812881648540497,1.124153498871332,9.054545454545453,-6.458122511367693,828.0250149497855,Clay
2025-05-26,44082,Vit Kopriva,Thiago Monteiro,P2,15.60246984575427,False,P1,0.4290921092033386,0.5709078907966614,1.4522292993630572,3.211267605633803,-15.60246984575427,812.4225451040312,Clay
2025-05-26,44083,Fabian Marozsan,Luca Nardi,P2,3.509735075525363,False,P1,0.7156783789396286,0.2843216210603714,1.2765486725663715,4.616,-3.509735075525363,808.9128100285059,Clay
2025-05-26,44084,Hamad Medjedovic,Kamil Majchrzak,P2,6.613818350040292,False,P1,0.5035299956798553,0.49647000432014465,1.6612244897959183,2.5123456790123457,-6.613818350040292,802.2989916784655,Clay
2025-05-26,44085,Emilio Nava,Botic Van De Zandschulp,P2,16.045979833569312,False,P1,0.24803050607442856,0.7519694939255714,2.2316384180790965,1.8119266055045873,-16.045979833569312,786.2530118448963,Clay
2025-05-26,44086,Reilly Opelka,Rinky Hijikata,P1,4.528387756442806,True,P1,0.7037193477153778,0.2962806522846222,1.5034246575342465,2.9863945578231292,2.2797020554694942,788.5327139003657,Clay
2025-05-26,44087,Jannik Sinner,Richard Gasquet,P2,1.9544073315378023,False,P1,0.9266920350492001,0.07330796495079994,1.0256150139487699,40.039603960396036,-1.9544073315378023,786.5783065688279,Clay
2025-05-26,44088,Alexander Zverev,Jesper de Jong,P2,4.76101996215063,False,P1,0.8283848240971565,0.17161517590284348,1.0610328638497653,17.384615384615383,-4.76101996215063,781.8172866066773,Clay
2025-05-26,44089,Jack Draper,Gael Monfils,P2,8.565534100752824,False,P1,0.6698833256959915,0.3301166743040085,1.1656976744186047,7.035087719298246,-8.565534100752824,773.2517525059244,Clay
2025-05-26,44090,Novak Djokovic,Corentin Moutet,P1,3.0978565482719853,True,P1,0.9044172279536724,0.09558277204632759,1.1159574468085105,9.623853211009173,0.3592195359166447,773.610972041841,Clay
2025-05-26,44091,Alexander Bublik,Alex de Minaur,P1,5.3284384660308035,True,P1,0.23279201239347458,0.7672079876065254,9.072727272727274,1.123873873873874,43.01503052577595,816.626002567617,Clay
2025-05-26,44092,Arthur Fils,Jaume Munar,P2,3.697356091340742,False,P1,0.7479191720485687,0.2520808279514313,1.2159709618874772,5.630252100840336,-3.697356091340742,812.9286464762762,Clay
2025-05-26,44093,Andrey Rublev,Adam Walton,P2,7.922162754191458,False,P1,0.7656377032399178,0.23436229676008224,1.0515361744301288,20.40384615384615,-7.922162754191458,805.0064837220847,Clay
2025-05-26,44095,Jacob Fearnley,Ugo Humbert,P1,1.7803113425546184,True,P1,0.4641900956630707,0.5358099043369293,2.275862068965517,1.7837837837837835,2.2714317129145125,807.2779154349992,Clay
2025-05-26,44096,Jiri Lehecka,Alejandro Davidovich Fokina,P1,3.8085314296789616,True,P1,0.5160675048828125,0.4839324951171875,2.1475409836065573,1.8714285714285714,4.370445902910284,811.6483613379095,Clay
2025-05-26,44097,Filip Misolic,Denis Shapovalov,P2,3.2680686821641456,False,P1,0.37141185998916626,0.6285881400108337,2.475609756097561,1.6776859504132233,-3.2680686821641456,808.3802926557453,Clay
2025-05-26,44098,Flavio Cobolli,Matteo Arnaldi,P1,1.102794711368065,True,P1,0.5347880274057388,0.46521197259426117,1.9166666666666667,2.090909090909091,1.010895152087393,809.3911878078327,Clay
2025-05-26,44099,Joao Fonseca,Pierre-Hugues Herbert,P2,12.572543002636788,False,P1,0.6419952064752579,0.3580047935247421,1.0737359550561798,14.56190476190476,-12.572543002636788,796.818644805196,Clay
2025-05-26,44100,Tallon Griekspoor,Gabriel Diallo,P1,0.5604763227036421,True,P1,0.6128412783145905,0.38715872168540955,1.6465863453815262,2.546583850931677,0.36239633716982483,797.1810411423658,Clay
2025-05-26,44102,Ethan Quinn,Alexander Shevchenko,P1,4.419203087531489,True,P1,0.5005646795034409,0.49943532049655914,2.2816091954022983,1.780269058295964,5.663691313330585,802.8447324556963,Clay
2025-05-26,44103,Carlos Alcaraz,Fabian Marozsan,P2,5.385329134932782,False,P1,0.8216506019234657,0.17834939807653427,1.05378590078329,19.592233009708735,-5.385329134932782,797.4594033207635,Clay
2025-05-26,44104,Nuno Borges,Casper Ruud,P1,4.562405063962894,True,P1,0.20371845364570618,0.7962815463542938,9.91743119266055,1.1121399176954734,40.68493323093516,838.1443365516986,Clay
2025-05-26,44105,Lorenzo Musetti,Daniel Elahi Galan,P2,3.601969673121864,False,P1,0.8684123158454895,0.1315876841545105,1.0525517938352704,20.02884615384615,-3.601969673121864,834.5423668785768,Clay
2025-05-26,44106,Holger Rune,Emilio Nava,P2,2.1002564864777806,False,P1,0.8268462121486664,0.17315378785133362,1.1485411140583555,7.732142857142855,-2.1002564864777806,832.442110392099,Clay
2025-05-26,44107,Tommy Paul,Marton Fucsovics,P2,5.207996150160356,False,P1,0.7024434804916382,0.2975565195083618,1.2454728370221329,5.073770491803279,-5.207996150160356,827.2341142419386,Clay
2025-05-26,44108,Ben Shelton,Hugo Gaston,P2,1.6256380495759686,False,P1,0.6608750969171524,0.3391249030828476,1.4536741214057507,3.2042253521126765,-1.6256380495759686,825.6084761923627,Clay
2025-05-26,44109,Frances Tiafoe,Pablo Carreno Busta,P2,6.874553862666604,False,P1,0.5025315582752228,0.4974684417247772,1.6585365853658534,2.518518518518518,-6.874553862666604,818.733922329696,Clay
2025-05-26,44111,Sebastian Korda,Jenson Brooksby,P2,10.225112146316711,False,P1,0.5431050360202789,0.45689496397972107,1.38135593220339,3.6222222222222222,-10.225112146316711,808.5088101833793,Clay
2025-05-26,44112,Karen Khachanov,Sebastian Ofner,P2,4.546986888811892,False,P1,0.6093139797449112,0.3906860202550888,1.4565916398713825,3.1901408450704225,-4.546986888811892,803.9618232945674,Clay
2025-05-26,44113,Alexei Popyrin,Alejandro Tabilo,P1,1.9631186291171498,True,P1,0.6424540579319,0.3575459420681,1.6023166023166024,2.66025641025641,1.1824189426342682,805.1442422372016,Clay
2025-05-26,44114,Damir Dzumhur,Giovanni Mpetshi Perricard,P1,5.903828857097748,True,P1,0.4739072471857071,0.5260927528142929,2.6075949367088613,1.6220472440944884,9.490965377866004,814.6352076150677,Clay
2025-05-26,44115,Daniel Altmaier,Vit Kopriva,P2,10.146631421941438,False,P1,0.46613307297229767,0.5338669270277023,1.6108949416342413,2.6369426751592355,-10.146631421941438,804.4885761931262,Clay
2025-05-26,44116,Quentin Halys,Miomir Kecmanovic,P1,5.782363951563311,True,P1,0.4964500069618225,0.5035499930381775,2.4277108433734944,1.7004219409282701,8.255543713978946,812.7441199071051,Clay
2025-05-26,44117,Hamad Medjedovic,Juan Manuel Cerundolo,P2,5.684127097035063,False,P1,0.5747199207544327,0.4252800792455673,1.4965986394557824,3.0136986301369864,-5.684127097035063,807.05999281007,Clay
2025-05-26,44118,Mariano Navone,Reilly Opelka,P2,12.943651908567642,False,P1,0.5313214212656021,0.4686785787343979,1.2783964365256124,4.5920000000000005,-12.943651908567642,794.1163409015023,Clay
2025-05-26,44119,Jannik Sinner,Jiri Lehecka,P2,0.6903085411127832,False,P1,0.9118555039167404,0.08814449608325958,1.0775988286969251,13.886792452830186,-0.6903085411127832,793.4260323603895,Clay
2025-05-26,44120,Alexander Zverev,Flavio Cobolli,P2,2.102091573397559,False,P1,0.766557976603508,0.233442023396492,1.235408560311284,5.247933884297521,-2.102091573397559,791.3239407869919,Clay
2025-05-26,44121,Jack Draper,Joao Fonseca,P1,7.574798872008319,True,P1,0.7424873262643814,0.2575126737356186,1.4673202614379082,3.13986013986014,3.5398569892064997,794.8637977761985,Clay
2025-05-26,44122,Novak Djokovic,Filip Misolic,P2,0.6957144763106741,False,P1,0.8940784856677055,0.10592151433229446,1.0988909426987061,11.11214953271028,-0.6957144763106741,794.1680832998878,Clay
2025-05-26,44123,Andrey Rublev,Arthur Fils,P2,14.685050855931944,False,P1,0.36550310254096985,0.6344968974590302,1.7241379310344829,2.380952380952381,-14.685050855931944,779.4830324439558,Clay
2025-05-26,44125,Tallon Griekspoor,Ethan Quinn,P2,2.358685151051633,False,P1,0.7713631689548492,0.22863683104515076,1.2179487179487178,5.588235294117647,-2.358685151051633,777.1243472929042,Clay
2025-05-26,44126,Cameron Norrie,Jacob Fearnley,P1,8.974458395710634,True,P1,0.6458137780427933,0.3541862219572067,1.8537735849056602,2.1712707182320443,7.662155517092569,784.7865028099967,Clay
2025-05-26,44127,Carlos Alcaraz,Damir Dzumhur,P2,3.7828242884221597,False,P1,0.8937023431062698,0.10629765689373016,1.0110705192073508,91.33,-3.7828242884221597,781.0036785215746,Clay
2025-05-26,44128,Lorenzo Musetti,Mariano Navone,P2,1.9813248280061704,False,P1,0.8271985352039337,0.17280146479606628,1.147562582345191,7.776785714285713,-1.9813248280061704,779.0223536935683,Clay
2025-05-26,44129,Holger Rune,Quentin Halys,P2,6.44675012414472,False,P1,0.6909490376710892,0.3090509623289108,1.2077464788732395,5.813559322033899,-6.44675012414472,772.5756035694236,Clay
2025-05-26,44130,Tommy Paul,Karen Khachanov,P1,6.997454415669011,True,P1,0.5561937093734741,0.4438062906265259,2.183333333333333,1.8450704225352113,8.280321058541661,780.8559246279652,Clay
2025-05-26,44131,Ben Shelton,Matteo Gigante,P1,8.919324544341483,True,P1,0.723406583070755,0.276593416929245,1.5588235294117647,2.789473684210527,4.984328421837888,785.8402530498031,Clay
2025-05-26,44132,Frances Tiafoe,Sebastian Korda,P2,4.455035997358067,False,P1,0.4229526221752167,0.5770473778247833,2.096256684491978,1.9121951219512194,-4.455035997358067,781.385217052445,Clay
2025-05-26,44133,Alexei Popyrin,Nuno Borges,P2,1.4973657924926642,False,P1,0.5138716399669647,0.4861283600330353,1.8714285714285714,2.1475409836065573,-1.4973657924926642,779.8878512599523,Clay
2025-05-26,44134,Daniel Altmaier,Hamad Medjedovic,P1,0.19531838369709864,True,P1,0.39572490751743317,0.6042750924825668,2.546583850931677,1.6465863453815262,0.30207625801600974,780.1899275179683,Clay
2025-05-26,44135,Jannik Sinner,Andrey Rublev,P2,3.5012190207724863,False,P1,0.8405818939208984,0.15941810607910156,1.082877247849883,13.066037735849052,-3.5012190207724863,776.6887084971958,Clay
2025-05-26,44136,Alexander Zverev,Tallon Griekspoor,P2,7.344551561115617,False,P1,0.6884990930557251,0.3115009069442749,1.17774343122102,6.62608695652174,-7.344551561115617,769.3441569360801,Clay
2025-05-26,44137,Alexander Bublik,Jack Draper,P1,4.6300786109280265,True,P1,0.20526211708784103,0.794737882912159,10.361111111111109,1.1068249258160237,43.34268033007624,812.6868372661564,Clay
2025-05-26,44138,Novak Djokovic,Cameron Norrie,P2,3.2733752843513697,False,P1,0.8456393703818321,0.15436062961816788,1.0872756933115824,12.457943925233645,-3.2733752843513697,809.4134619818051,Clay
2025-05-26,44139,Carlos Alcaraz,Ben Shelton,P2,3.931290256965991,False,P1,0.839364193379879,0.160635806620121,1.0756484149855907,14.219047619047616,-3.931290256965991,805.4821717248391,Clay
2025-05-26,44140,Lorenzo Musetti,Holger Rune,P1,4.962973957304867,True,P1,0.698989063501358,0.30101093649864197,1.5228070175438597,2.9127516778523495,2.5946776127664046,808.0768493376055,Clay
2025-05-26,44141,Tommy Paul,Alexei Popyrin,P1,7.4161566683374165,True,P1,0.6616699248552322,0.33833007514476776,1.7076271186440675,2.413173652694611,5.247873574628593,813.324722912234,Clay
2025-05-26,44142,Frances Tiafoe,Daniel Altmaier,P1,9.349970761534225,True,P1,0.7176372408866882,0.28236275911331177,1.5789473684210527,2.7272727272727275,5.413140967204026,818.7378638794381,Clay
2025-05-26,44143,Jannik Sinner,Alexander Bublik,P2,2.1139006377847984,False,P1,0.894424207508564,0.105575792491436,1.060304449648712,17.58252427184466,-2.1139006377847984,816.6239632416533,Clay
2025-05-26,44144,Novak Djokovic,Alexander Zverev,P1,8.191971894319293,True,P1,0.5982654392719269,0.4017345607280731,2.010309278350516,1.989795918367347,8.276425212817433,824.9003884544708,Clay
2025-05-26,44145,Carlos Alcaraz,Tommy Paul,P2,5.505223389322972,False,P1,0.7579661160707474,0.24203388392925262,1.143222506393862,7.982142857142857,-5.505223389322972,819.3951650651478,Clay
2025-05-26,44146,Lorenzo Musetti,Frances Tiafoe,P2,7.219699096798033,False,P1,0.6592934876680374,0.3407065123319626,1.2494887525562373,5.008196721311475,-7.219699096798033,812.1754659683497,Clay
2025-05-26,44147,Jannik Sinner,Novak Djokovic,P2,10.469098491726989,False,P1,0.5692440122365952,0.43075598776340485,1.3038277511961724,4.291338582677165,-10.469098491726989,801.7063674766227,Clay
2025-05-26,44148,Carlos Alcaraz,Lorenzo Musetti,P2,6.863077077905841,False,P1,0.705806776881218,0.29419322311878204,1.1742424242424243,6.739130434782609,-6.863077077905841,794.8432903987169,Clay
2025-05-26,44149,Carlos Alcaraz,Jannik Sinner,P1,2.51391861939709,True,P1,0.5136596113443375,0.48634038865566254,2.079787234042553,1.9261083743842367,2.714497232646857,797.5577876313638,Clay
2025-06-09,44150,Arthur Rinderknech,Denis Shapovalov,P1,0.8415239121065464,True,P1,0.3400193452835083,0.6599806547164917,3.069444444444444,1.483221476510067,1.7414869847760472,799.2992746161399,Grass
2025-06-09,44177,Hubert Hurkacz,Roberto Bautista Agut,P1,1.5339041893200989,True,P1,0.7289800941944122,0.27101990580558777,1.3924418604651165,3.548148148148148,0.6019682138320159,799.9012428299719,Grass
2025-06-09,44178,Daniel Evans,Rinky Hijikata,P1,7.148044339870428,True,P1,0.4820244461297989,0.5179755538702011,2.707792207792208,1.5855513307984792,12.207374424583914,812.1086172545558,Grass
2025-06-09,44151,Alex Michelsen,Gael Monfils,P2,16.242172345091117,False,P1,0.31321729719638824,0.6867827028036118,1.9068627450980393,2.1027027027027025,-16.242172345091117,795.8664449094647,Grass
2025-06-09,44180,Adrian Mannarino,Christopher O'Connell,P2,4.495634140456201,False,P1,0.5071908533573151,0.49280914664268494,1.7488986784140967,2.335294117647059,-4.495634140456201,791.3708107690085,Grass
2025-06-09,44153,Marton Fucsovics,Yannick Hanfmann,P1,0.6952001213724693,True,P1,0.6380519270896912,0.36194807291030884,1.5833333333333335,2.7142857142857144,0.40553340413394057,791.7763441731424,Grass
2025-06-09,44154,Quentin Halys,Lorenzo Sonego,P2,1.7128809203514912,False,P1,0.5764022320508957,0.4235977679491043,1.6598360655737707,2.515527950310559,-1.7128809203514912,790.0634632527909,Grass
2025-06-09,44182,Mackenzie McDonald,Mattia Bellucci,P2,0.9458312933879793,False,P1,0.5754364877939224,0.4245635122060776,1.6962025316455698,2.436363636363637,-0.9458312933879793,789.117631959403,Grass
2025-06-09,44155,Pierre-Hugues Herbert,Damir Dzumhur,P2,5.68808125621294,False,P1,0.5558940768241882,0.44410592317581177,1.5395683453237412,2.853333333333333,-5.68808125621294,783.42955070319,Grass
2025-06-09,44183,Reilly Opelka,Jesper de Jong,P2,1.5442768680064396,False,P1,0.5374364703893661,0.46256352961063385,1.7873303167420815,2.2701149425287355,-1.5442768680064396,781.8852738351835,Grass
2025-06-09,44156,Corentin Moutet,Fabio Fognini,P2,11.465006970706387,False,P1,0.5152970999479294,0.4847029000520706,1.3715083798882683,3.691729323308271,-11.465006970706387,770.4202668644771,Grass
2025-06-09,44157,Learner Tien,Yoshihito Nishioka,P2,15.408405337289542,False,P1,0.38494186103343964,0.6150581389665604,1.5034482758620689,2.986301369863013,-15.408405337289542,755.0118615271875,Grass
2025-06-09,44184,Otto Virtanen,Tomas Martin Etcheverry,P2,7.70112453125164,False,P1,0.48924872279167175,0.5107512772083282,1.626984126984127,2.5949367088607596,-7.70112453125164,747.3107369959359,Grass
2025-06-09,44185,Jordan Thompson,Aleksandar Kovacevic,P2,1.0563488970490744,False,P1,0.6594657450914383,0.3405342549085617,1.4735099337748345,3.1118881118881125,-1.0563488970490744,746.2543880988869,Grass
2025-06-09,44158,Brandon Nakashima,Jacob Fearnley,P2,1.6022342267938448,False,P1,0.4896010309457779,0.5103989690542221,1.9547738693467334,2.0473684210526315,-1.6022342267938448,744.6521538720931,Grass
2025-06-09,44186,Nuno Borges,Nishesh Basavareddy,P1,7.9179542922454065,True,P1,0.691994845867157,0.308005154132843,1.6425702811244978,2.5562500000000004,5.087842115499055,749.7399959875921,Grass
2025-06-09,44159,Jiri Lehecka,Benjamin Bonzi,P1,3.992281179716899,True,P1,0.7147972732782364,0.2852027267217636,1.4688524590163936,3.132867132867133,1.8717908481951369,751.6117868357873,Grass
2025-06-09,44160,Giovanni Mpetshi Perricard,Roman Safiullin,P2,4.3184306379942115,False,P1,0.5346025079488754,0.4653974920511246,1.6556016597510372,2.5253164556962022,-4.3184306379942115,747.2933561977931,Grass
2025-06-09,44187,Nicolas Jarry,Luciano Darderi,P2,5.894767409704822,False,P1,0.5176675319671631,0.4823324680328369,1.626984126984127,2.5949367088607596,-5.894767409704822,741.3985887880882,Grass
2025-06-09,44188,Gabriel Diallo,Aleksandar Vukic,P2,4.08076173182396,False,P1,0.5277672708034515,0.47223272919654846,1.686192468619247,2.457317073170732,-4.08076173182396,737.3178270562643,Grass
2025-06-09,44161,Jan-Lennard Struff,Matteo Arnaldi,P2,2.8686084336959548,False,P1,0.45279668271541595,0.547203317284584,2.0366492146596857,1.9646464646464645,-2.8686084336959548,734.4492186225683,Grass
2025-06-09,44162,Alexander Zverev,Corentin Moutet,P2,6.751725378936716,False,P1,0.7351222634315491,0.2648777365684509,1.1102123356926188,10.073394495412844,-6.751725378936716,727.6974932436316,Grass
2025-06-09,44189,Daniil Medvedev,Adrian Mannarino,P2,3.6853071275564817,False,P1,0.6700777560472488,0.32992224395275116,1.341207349081365,3.930769230769231,-3.6853071275564817,724.0121861160751,Grass
2025-06-09,44190,Ugo Humbert,Daniel Evans,P2,4.368163899065625,False,P1,0.6440196484327316,0.35598035156726837,1.3653846153846154,3.7368421052631584,-4.368163899065625,719.6440222170095,Grass
2025-06-09,44163,Felix Auger-Aliassime,Giovanni Mpetshi Perricard,P2,1.6540452916020143,False,P1,0.5455041974782944,0.4544958025217056,1.7488986784140967,2.335294117647059,-1.6540452916020143,717.9899769254075,Grass
2025-06-09,44191,Zizou Bergs,Alexei Popyrin,P2,1.9150666028443073,False,P1,0.4057091921567917,0.5942908078432083,2.333333333333333,1.75,-1.9150666028443073,716.0749103225633,Grass
2025-06-09,44164,Brandon Nakashima,Learner Tien,P2,3.6094303605571665,False,P1,0.6272956281900406,0.3727043718099594,1.4334365325077403,3.307142857142857,-3.6094303605571665,712.465479962006,Grass
2025-06-09,44193,Reilly Opelka,Nicolas Jarry,P2,1.9719037256374699,False,P1,0.5143871903419495,0.48561280965805054,1.8364485981308412,2.195530726256983,-1.9719037256374699,710.4935762363685,Grass
2025-06-09,44166,Taylor Fritz,Quentin Halys,P2,3.233102723340988,False,P1,0.62530517578125,0.37469482421875,1.4536741214057507,3.2042253521126765,-3.233102723340988,707.2604735130276,Grass
2025-06-09,44167,Ben Shelton,Pierre-Hugues Herbert,P2,4.592754902218561,False,P1,0.6382082849740982,0.3617917150259018,1.3633879781420766,3.7518796992481214,-4.592754902218561,702.6677186108091,Grass
2025-06-09,44194,Karen Khachanov,Mackenzie McDonald,P2,1.2976444702406515,False,P1,0.628667563199997,0.37133243680000305,1.5319148936170213,2.8799999999999994,-1.2976444702406515,701.3700741405684,Grass
2025-06-09,44168,Jiri Lehecka,Jan-Lennard Struff,P2,2.017866444612205,False,P1,0.6144572198390961,0.38554278016090393,1.5338078291814947,2.873333333333333,-2.017866444612205,699.3522076959562,Grass
2025-06-09,44195,Gabriel Diallo,Jordan Thompson,P1,3.6544423595699795,True,P1,0.4424709677696228,0.5575290322303772,2.6496815286624202,1.606177606177606,6.028666058144106,705.3808737541003,Grass
2025-06-09,44196,Nuno Borges,Otto Virtanen,P2,6.016723337472758,False,P1,0.5168755650520325,0.48312443494796753,1.6046511627906976,2.6538461538461537,-6.016723337472758,699.3641504166276,Grass
2025-06-09,44169,Marton Fucsovics,Arthur Rinderknech,P1,4.115984155299044,True,P1,0.6801163256168365,0.31988367438316345,1.5687732342007437,2.758169934640523,2.3410616199284533,701.7052120365561,Grass
2025-06-09,44170,Alexander Zverev,Brandon Nakashima,P1,4.263704114273103,True,P1,0.7752337008714676,0.2247662991285324,1.3438320209973753,3.9083969465648853,1.465998002545345,703.1712100391014,Grass
2025-06-09,44197,Reilly Opelka,Daniil Medvedev,P1,1.4647760377605972,True,P1,0.2911701202392578,0.7088298797607422,3.840909090909091,1.352,4.161295561819879,707.3325056009213,Grass
2025-06-09,44171,Taylor Fritz,Marton Fucsovics,P2,3.845977809553833,False,P1,0.6306755244731903,0.3693244755268097,1.4131736526946106,3.420289855072464,-3.845977809553833,703.4865277913675,Grass
2025-06-09,44198,Ugo Humbert,Nuno Borges,P2,5.895865332039104,False,P1,0.5766826570034027,0.4233173429965973,1.4433962264150944,3.2553191489361706,-5.895865332039104,697.5906624593284,Grass
2025-06-09,44172,Ben Shelton,Jiri Lehecka,P2,0.8279945661089392,False,P1,0.4931371212005615,0.5068628787994385,1.979695431472081,2.0207253886010363,-0.8279945661089392,696.7626678932195,Grass
2025-06-09,44199,Gabriel Diallo,Karen Khachanov,P2,1.261844595882893,False,P1,0.3893100619316101,0.6106899380683899,2.475609756097561,1.6776859504132233,-1.261844595882893,695.5008232973366,Grass
2025-06-09,44200,Zizou Bergs,Mark Lajal,P2,5.832909828731368,False,P1,0.44373437762260437,0.5562656223773956,1.8755980861244024,2.14207650273224,-5.832909828731368,689.6679134686053,Grass
2025-06-09,44201,Gabriel Diallo,Ugo Humbert,P1,6.465432374304301,True,P1,0.4914531260728836,0.5085468739271164,2.673076923076923,1.5977011494252877,10.817165703162964,700.4850791717682,Grass
2025-06-09,44174,Alexander Zverev,Ben Shelton,P1,6.86714834230267,True,P1,0.6835379153490067,0.31646208465099335,1.6491935483870968,2.540372670807453,4.4581083996400395,704.9431875714083,Grass
2025-06-09,44175,Taylor Fritz,Felix Auger-Aliassime,P1,7.491745159642404,True,P1,0.6907813996076584,0.3092186003923416,1.6465863453815262,2.546583850931677,4.844060123302921,709.7872476947113,Grass
2025-06-09,44202,Zizou Bergs,Reilly Opelka,P1,2.5873117138643633,True,P1,0.4655836820602417,0.5344163179397583,2.36094674556213,1.7347826086956524,3.5211934567384824,713.3084411514498,Grass
2025-06-09,44203,Gabriel Diallo,Zizou Bergs,P2,1.8349073875743942,False,P1,0.5928451269865036,0.4071548730134964,1.6,2.6666666666666665,-1.8349073875743942,711.4735337638754,Grass
2025-06-09,44176,Taylor Fritz,Alexander Zverev,P1,3.1458683005359327,True,P1,0.4661788195371628,0.5338211804628372,2.413173652694611,1.7076271186440675,4.445658197164552,715.9191919610399,Grass
2025-06-16,44235,Alexander Zverev,Marcos Giron,P2,1.61771259229937,False,P1,0.8159706071019173,0.18402939289808273,1.1701492537313434,6.877192982456142,-1.61771259229937,714.3014793687405,Grass
2025-06-16,44204,Carlos Alcaraz,Adam Walton,P2,3.3190311569692987,False,P1,0.8753512986004353,0.12464870139956474,1.036234458259325,28.598039215686274,-3.3190311569692987,710.9824482117712,Grass
2025-06-16,44205,Jack Draper,Jenson Brooksby,P2,5.264754982813969,False,P1,0.7742584347724915,0.22574156522750854,1.1002811621368325,10.97196261682243,-5.264754982813969,705.7176932289572,Grass
2025-06-16,44236,Karen Khachanov,Zizou Bergs,P2,0.7235086733662827,False,P1,0.6218278855085373,0.3781721144914627,1.5751879699248121,2.738562091503268,-0.7235086733662827,704.9941845555909,Grass
2025-06-16,44237,Jannik Sinner,Yannick Hanfmann,P2,2.7734590994497785,False,P1,0.8838646560907364,0.11613534390926361,1.0423764021603656,24.598039215686274,-2.7734590994497785,702.2207254561412,Grass
2025-06-16,44206,Corentin Moutet,Taylor Fritz,P1,2.9928302677609,True,P1,0.2307976931333542,0.7692023068666458,6.28448275862069,1.1892332789559545,15.81555994946062,718.0362854056018,Grass
2025-06-16,44207,Jiri Lehecka,Alex de Minaur,P1,8.504090969404173,True,P1,0.4728383719921112,0.5271616280078888,3.234042553191489,1.4476190476190474,18.998501101860384,737.0347865074622,Grass
2025-06-16,44238,Andrey Rublev,Sebastian Ofner,P2,3.4553793912428388,False,P1,0.591482475399971,0.408517524600029,1.5321428571428573,2.879194630872483,-3.4553793912428388,733.5794071162194,Grass
2025-06-16,44208,Arthur Rinderknech,Ben Shelton,P1,2.5632909131497703,True,P1,0.26378992199897766,0.7362100780010223,4.796747967479675,1.2633832976445396,9.732169564560511,743.3115766807799,Grass
2025-06-16,44239,Alex Michelsen,Francisco Cerundolo,P2,7.11743776403558,False,P1,0.4135996699333191,0.5864003300666809,1.9547738693467334,2.0473684210526315,-7.11743776403558,736.1941389167444,Grass
2025-06-16,44240,Denis Shapovalov,Ugo Humbert,P2,2.3155309466784697,False,P1,0.39891430735588074,0.6010856926441193,2.3491124260355027,1.7412280701754383,-2.3155309466784697,733.8786079700659,Grass
2025-06-16,44209,Gabriel Diallo,Billy Harris,P1,14.6514554276119,True,P1,0.8024870678782463,0.1975129321217537,1.4898648648648647,3.0413793103448277,7.177233233120692,741.0558412031866,Grass
2025-06-16,44210,Jaume Munar,Jordan Thompson,P1,2.0756454699044977,True,P1,0.3251621425151825,0.6748378574848175,3.50735294117647,1.3988269794721404,5.204375773804658,746.2602169769913,Grass
2025-06-16,44241,Tomas Machac,Jesper de Jong,P2,6.918390208013301,False,P1,0.5534064322710037,0.4465935677289963,1.4719471947194718,3.118881118881119,-6.918390208013301,739.341826768978,Grass
2025-06-16,44242,Felix Auger-Aliassime,Laslo Djere,P2,2.5127686677793855,False,P1,0.6864629089832306,0.3135370910167694,1.3577235772357723,3.7954545454545445,-2.5127686677793855,736.8290581011986,Grass
2025-06-16,44211,Brandon Nakashima,Giovanni Mpetshi Perricard,P2,2.3058208701615697,False,P1,0.581059455871582,0.41894054412841797,1.61328125,2.630573248407643,-2.3058208701615697,734.523237231037,Grass
2025-06-16,44212,Reilly Opelka,Camilo Ugo Carabelli,P2,4.190203749855936,False,P1,0.7197993099689484,0.28020069003105164,1.2307692307692306,5.333333333333333,-4.190203749855936,730.333033481181,Grass
2025-06-16,44243,Flavio Cobolli,Joao Fonseca,P1,6.721812565162399,True,P1,0.48539999127388,0.51460000872612,2.707792207792208,1.5855513307984792,11.479459121024096,741.8124926022051,Grass
2025-06-16,44213,Alexei Popyrin,Aleksandar Vukic,P2,0.9822830203597182,False,P1,0.5739389359951019,0.42606106400489807,1.6962025316455698,2.436363636363637,-0.9822830203597182,740.8302095818453,Grass
2025-06-16,44244,Tomas Martin Etcheverry,Pedro Martinez,P2,2.0532820297479484,False,P1,0.6574526727199554,0.34254732728004456,1.4367088607594936,3.2898550724637685,-2.0532820297479484,738.7769275520974,Grass
2025-06-16,44245,Lorenzo Sonego,Jan-Lennard Struff,P1,1.7554846157182609,True,P1,0.4705781042575836,0.5294218957424164,2.2514285714285713,1.7990867579908678,2.196863604813138,740.9737911569106,Grass
2025-06-16,44214,Holger Rune,Christopher O'Connell,P2,0.8367433804246088,False,P1,0.7636593654751778,0.23634063452482224,1.2799097065462754,4.572580645161291,-0.8367433804246088,740.1370477764859,Grass
2025-06-16,44215,Daniel Evans,Frances Tiafoe,P1,5.8744722971396115,True,P1,0.3558619022369385,0.6441380977630615,4.26771653543307,1.306024096385542,19.1961102623066,759.3331580387925,Grass
2025-06-16,44246,Daniil Medvedev,Daniel Altmaier,P1,14.292532239901652,True,P1,0.8842394687235355,0.11576053127646446,1.2279693486590038,5.386554621848739,3.2582592654181917,762.5914173042107,Grass
2025-06-16,44216,Jakub Mensik,Cameron Norrie,P1,6.554930276918338,True,P1,0.6504553109407425,0.3495446890592575,1.7304347826086959,2.3690476190476186,4.787949071836005,767.3793663760467,Grass
2025-06-16,44247,Alexander Bublik,Alexandre Muller,P2,6.035882567254734,False,P1,0.6054610162973404,0.3945389837026596,1.3918128654970758,3.5522388059701484,-6.035882567254734,761.343483808792,Grass
2025-06-16,44248,Quentin Halys,Benjamin Bonzi,P2,1.7057231211136084,False,P1,0.5509796291589737,0.4490203708410263,1.7336244541484718,2.3630952380952377,-1.7057231211136084,759.6377606876785,Grass
2025-06-16,44217,Roberto Bautista Agut,Nuno Borges,P1,1.3932149236318485,True,P1,0.5745748728513718,0.42542512714862823,1.7909090909090908,2.264367816091954,1.1019063486906437,760.739667036369,Grass
2025-06-16,44249,Fabian Marozsan,Miomir Kecmanovic,P2,6.6078279070214,False,P1,0.4131394326686859,0.5868605673313141,2.0,2.0,-6.6078279070214,754.1318391293477,Grass
2025-06-16,44218,Jacob Fearnley,Alex Bolt,P2,3.7330064558584106,False,P1,0.6211730241775513,0.37882697582244873,1.450479233226837,3.2198581560283692,-3.7330064558584106,750.3988326734892,Grass
2025-06-16,44250,Stefanos Tsitsipas,Luciano Darderi,P2,2.351148796527872,False,P1,0.7020972520112991,0.29790274798870087,1.3350515463917525,3.984615384615384,-2.351148796527872,748.0476838769613,Grass
2025-06-16,44219,Mackenzie McDonald,Gael Monfils,P2,2.667830399926857,False,P1,0.4346470832824707,0.5653529167175293,2.1366120218579234,1.879807692307692,-2.667830399926857,745.3798534770344,Grass
2025-06-16,44251,Alexander Bublik,Jannik Sinner,P2,0.1493535367142395,False,P1,0.15024074912071228,0.8497592508792877,6.629310344827586,1.1776416539050536,-0.1493535367142395,745.2304999403202,Grass
2025-06-16,44220,Carlos Alcaraz,Jaume Munar,P2,3.244921737738449,False,P1,0.8657030388712883,0.1342969611287117,1.054535920293655,19.336538461538463,-3.244921737738449,741.9855782025818,Grass
2025-06-16,44221,Jacob Fearnley,Corentin Moutet,P2,9.468643524310478,False,P1,0.44977886974811554,0.5502211302518845,1.6558704453441293,2.524691358024691,-9.468643524310478,732.5169346782714,Grass
2025-06-16,44252,Alexander Zverev,Lorenzo Sonego,P2,1.552240548795537,False,P1,0.8361542895436287,0.1638457104563713,1.14526588845655,7.88392857142857,-1.552240548795537,730.9646941294758,Grass
2025-06-16,44253,Tomas Martin Etcheverry,Andrey Rublev,P1,2.4220830223903147,True,P1,0.26855187118053436,0.7314481288194656,4.616,1.2765486725663715,8.758252208963377,739.7229463384392,Grass
2025-06-16,44222,Jiri Lehecka,Gabriel Diallo,P2,9.539892798322349,False,P1,0.4644601345062256,0.5355398654937744,1.5977011494252877,2.673076923076923,-9.539892798322349,730.1830535401168,Grass
2025-06-16,44223,Arthur Rinderknech,Reilly Opelka,P2,0.5748497125504771,False,P1,0.45080365240573883,0.5491963475942612,2.183333333333333,1.8450704225352113,-0.5748497125504771,729.6082038275663,Grass
2025-06-16,44254,Tomas Machac,Fabian Marozsan,P1,2.814583739552095,True,P1,0.5609987527132034,0.43900124728679657,1.9073170731707316,2.102150537634408,2.5537198807643398,732.1619237083306,Grass
2025-06-16,44224,Jack Draper,Alexei Popyrin,P2,4.9582299192141805,False,P1,0.7330455631017685,0.2669544368982315,1.1794071762870515,6.573913043478262,-4.9582299192141805,727.2036937891164,Grass
2025-06-16,44255,Karen Khachanov,Felix Auger-Aliassime,P1,11.454771313762496,True,P1,0.5988797098398209,0.40112029016017914,2.413173652694611,1.7076271186440675,16.187581018251194,743.3912748073676,Grass
2025-06-16,44225,Holger Rune,Mackenzie McDonald,P2,3.372881186419695,False,P1,0.6397756487131119,0.3602243512868881,1.4212121212121214,3.3741007194244608,-3.372881186419695,740.0183936209479,Grass
2025-06-16,44256,Flavio Cobolli,Denis Shapovalov,P1,7.295455596353154,True,P1,0.5258718580007553,0.4741281419992447,2.4424242424242424,1.6932773109243697,10.523142011709398,750.5415356326573,Grass
2025-06-16,44257,Daniil Medvedev,Quentin Halys,P1,6.2904149498588,True,P1,0.7206407189369202,0.27935928106307983,1.5051546391752577,2.9795918367346936,3.1776322942585686,753.7191679269159,Grass
2025-06-16,44226,Roberto Bautista Agut,Jakub Mensik,P2,1.4619535178082133,False,P1,0.3468506187200546,0.6531493812799454,2.7712418300653594,1.5645756457564575,-1.4619535178082133,752.2572144091077,Grass
2025-06-16,44258,Alex Michelsen,Stefanos Tsitsipas,P2,13.562514379720605,False,P1,0.3552323132753372,0.6447676867246628,1.7999999999999998,2.25,-13.562514379720605,738.6947000293871,Grass
2025-06-16,44227,Brandon Nakashima,Daniel Evans,P2,3.3154170293997507,False,P1,0.6300103664398193,0.36998963356018066,1.444794952681388,3.24822695035461,-3.3154170293997507,735.3792829999874,Grass
2025-06-16,44228,Carlos Alcaraz,Arthur Rinderknech,P2,1.8778029782786587,False,P1,0.8304468914866447,0.16955310851335526,1.1426735218508997,8.009009009009008,-1.8778029782786587,733.5014800217087,Grass
2025-06-16,44259,Alexander Zverev,Flavio Cobolli,P2,3.467574771036486,False,P1,0.7792638465762138,0.22073615342378616,1.1619318181818181,7.175438596491228,-3.467574771036486,730.0339052506722,Grass
2025-06-16,44229,Jack Draper,Brandon Nakashima,P2,3.8260366827217673,False,P1,0.7229768335819244,0.27702316641807556,1.2381889763779528,5.198347107438017,-3.8260366827217673,726.2078685679504,Grass
2025-06-16,44260,Daniil Medvedev,Alex Michelsen,P1,6.212096496881322,True,P1,0.7360019832849503,0.26399801671504974,1.4673202614379082,3.13986013986014,2.903038559000093,729.1109071269505,Grass
2025-06-16,44230,Roberto Bautista Agut,Holger Rune,P1,8.977820356221418,True,P1,0.4498969316482544,0.5501030683517456,3.7014925373134324,1.3701657458563536,24.25351469367278,753.3644218206232,Grass
2025-06-16,44261,Alexander Bublik,Tomas Machac,P2,3.4765773866441987,False,P1,0.5651338249444962,0.43486617505550385,1.606177606177606,2.6496815286624202,-3.4765773866441987,749.887844433979,Grass
2025-06-16,44231,Jiri Lehecka,Jacob Fearnley,P1,3.7807534140454204,True,P1,0.679171234369278,0.32082876563072205,1.554744525547445,2.8026315789473686,2.09735225888651,751.9851966928655,Grass
2025-06-16,44262,Karen Khachanov,Tomas Martin Etcheverry,P1,0.8478018435932073,True,P1,0.7224771976470947,0.2775228023529053,1.3965014577259474,3.5220588235294117,0.3361546668474523,752.321351359713,Grass
2025-06-16,44263,Daniil Medvedev,Alexander Zverev,P2,4.426308299589207,False,P1,0.39214636385440826,0.6078536361455917,2.25,1.7999999999999998,-4.426308299589207,747.8950430601238,Grass
2025-06-16,44232,Carlos Alcaraz,Roberto Bautista Agut,P2,2.933029537504357,False,P1,0.8077671080827713,0.1922328919172287,1.140880503144654,8.098214285714285,-2.933029537504357,744.9620135226195,Grass
2025-06-16,44264,Alexander Bublik,Karen Khachanov,P2,12.535713885800897,False,P1,0.4022897183895111,0.5977102816104889,1.6491935483870968,2.540372670807453,-12.535713885800897,732.4262996368186,Grass
2025-06-16,44233,Jiri Lehecka,Jack Draper,P2,2.3790919695247705,False,P1,0.3336276262998581,0.6663723737001419,2.8026315789473686,1.554744525547445,-2.3790919695247705,730.0472076672938,Grass
2025-06-16,44265,Alexander Bublik,Daniil Medvedev,P2,0.3661123865894259,False,P1,0.40532277524471283,0.5946772247552872,2.4424242424242424,1.6932773109243697,-0.3661123865894259,729.6810952807044,Grass
2025-06-16,44234,Carlos Alcaraz,Jiri Lehecka,P1,8.791423393178466,True,P1,0.8335452154278755,0.16645478457212448,1.2808988764044942,4.56,2.4695009531400167,732.1505962338445,Grass
2025-06-23,44266,Roberto Bautista Agut,Tomas Martin Etcheverry,P1,3.77314310943461,True,P1,0.6482627987861633,0.35173720121383667,1.6451612903225807,2.55,2.434285877054587,734.584882110899,Grass
2025-06-23,44293,Jacob Fearnley,Flavio Cobolli,P2,10.493099139440647,False,P1,0.4050782769918442,0.5949217230081558,1.763392857142857,2.309941520467836,-10.493099139440647,724.0917829714583,Grass
2025-06-23,44267,Brandon Holt,Benjamin Bonzi,P2,11.192219050856933,False,P1,0.2983267158269882,0.7016732841730118,2.3157894736842106,1.7599999999999998,-11.192219050856933,712.8995639206014,Grass
2025-06-23,44295,Jenson Brooksby,Francisco Comesana,P2,0.14009649014234196,False,P1,0.6420164704322815,0.3579835295677185,1.5514705882352942,2.8133333333333335,-0.14009649014234196,712.759467430459,Grass
2025-06-23,44268,Bernard Tomic,Rinky Hijikata,P2,1.336949458077889,False,P1,0.36677229404449463,0.6332277059555054,2.6242038216560504,1.615686274509804,-1.336949458077889,711.4225179723811,Grass
2025-06-23,44296,James Duckworth,Aleksandar Vukic,P1,1.2732024642445838,True,P1,0.3804745674133301,0.6195254325866699,2.7973856209150325,1.5563636363636362,2.2884358017468007,713.7109537741279,Grass
2025-06-23,44269,Roman Safiullin,Alexandre Muller,P2,4.257164663019747,False,P1,0.5244883745908737,0.4755116254091263,1.6791666666666667,2.4723926380368098,-4.257164663019747,709.4537891111082,Grass
2025-06-23,44297,Marcos Giron,Luciano Darderi,P2,5.3673237835040135,False,P1,0.51876001060009,0.48123998939991,1.6360000000000001,2.5723270440251573,-5.3673237835040135,704.0864653276042,Grass
2025-06-23,44270,Gabriel Diallo,Jaume Munar,P1,9.555043935777919,True,P1,0.7060419172048569,0.2939580827951431,1.6763485477178421,2.478527607361963,6.46254008934357,710.5490054169477,Grass
2025-06-23,44271,Hamad Medjedovic,Nishesh Basavareddy,P2,2.754388521031282,False,P1,0.5330865681171417,0.4669134318828583,1.7304347826086959,2.3690476190476186,-2.754388521031282,707.7946168959164,Grass
2025-06-23,44298,Billy Harris,Cameron Norrie,P1,3.034209724945122,True,P1,0.3516691327095032,0.6483308672904968,3.4379562043795615,1.4101796407185627,7.397270424318763,715.1918873202352,Grass
2025-06-23,44272,Corentin Moutet,Pedro Martinez,P1,1.3996353938016644,True,P1,0.7588575631380081,0.24114243686199188,1.3350515463917525,3.984615384615384,0.4689500030778771,715.6608373233131,Grass
2025-06-23,44273,Ethan Quinn,Camilo Ugo Carabelli,P2,8.264454046433396,False,P1,0.5301971286535263,0.4698028713464737,1.450479233226837,3.2198581560283692,-8.264454046433396,707.3963832768798,Grass
2025-06-23,44300,Alejandro Davidovich Fokina,Chun-Hsin Tseng,P2,2.253762476056933,False,P1,0.6802361309528351,0.3197638690471649,1.3764044943820226,3.656716417910447,-2.253762476056933,705.1426208008228,Grass
2025-06-23,44301,Mattia Bellucci,Quentin Halys,P2,6.460891106950761,False,P1,0.34974154829978943,0.6502584517002106,2.335294117647059,1.7488986784140967,-6.460891106950761,698.6817296938721,Grass
2025-06-23,44274,Arthur Rinderknech,Damir Dzumhur,P2,6.056174393048078,False,P1,0.6138897985219955,0.38611020147800446,1.3465608465608467,3.8854961832061066,-6.056174393048078,692.625555300824,Grass
2025-06-23,44302,Daniel Evans,Miomir Kecmanovic,P1,3.4854397154214176,True,P1,0.48253150284290314,0.5174684971570969,2.3550295857988166,1.737991266375546,4.7228739339142285,697.3484292347382,Grass
2025-06-23,44276,Daniel Altmaier,Fabio Fognini,P2,7.992955993843101,False,P1,0.502435639500618,0.497564360499382,1.5340501792114694,2.87248322147651,-7.992955993843101,689.3554732408951,Grass
2025-06-23,44303,Joao Fonseca,Zizou Bergs,P2,5.178291562598713,False,P1,0.5366932153701782,0.4633067846298218,1.5833333333333335,2.7142857142857144,-5.178291562598713,684.1771816782964,Grass
2025-06-23,44304,Lorenzo Sonego,Fabian Marozsan,P2,1.8030784573548246,False,P1,0.548432245850563,0.45156775414943695,1.7272727272727275,2.375,-1.8030784573548246,682.3741032209416,Grass
2025-06-23,44277,Laslo Djere,Yunchaokete Bu,P1,6.946876639918375,True,P1,0.6503156423568726,0.34968435764312744,1.7828054298642535,2.277456647398844,5.438052754325244,687.8121559752668,Grass
2025-06-23,44305,Taylor Fritz,Joao Fonseca,P1,1.8592308169481937,True,P1,0.7094177901744843,0.29058220982551575,1.4433962264150944,3.2553191489361706,0.8243759282694821,688.6365319035363,Grass
2025-06-23,44278,Learner Tien,Ben Shelton,P1,5.8529940635321145,True,P1,0.38030044734477997,0.61969955265522,3.9465648854961826,1.339378238341969,17.246226782621342,705.8827586861576,Grass
2025-06-23,44279,Alex Michelsen,Brandon Holt,P2,2.8603968294386166,False,P1,0.6856547594070435,0.31434524059295654,1.3402597402597405,3.9389312977099245,-2.8603968294386166,703.0223618567189,Grass
2025-06-23,44306,Daniel Evans,Tommy Paul,P2,0.37114352603783557,False,P1,0.294501855969429,0.705498144030571,3.3597122302158278,1.4237804878048779,-0.37114352603783557,702.6512183306811,Grass
2025-06-23,44280,Roberto Bautista Agut,Bernard Tomic,P2,2.703825580399148,False,P1,0.7309346944093704,0.2690653055906296,1.262820512820513,4.8048780487804885,-2.703825580399148,699.947392750282,Grass
2025-06-23,44307,Jakub Mensik,Reilly Opelka,P1,3.7190415929359055,True,P1,0.6839489787817001,0.31605102121829987,1.5471014492753625,2.827814569536424,2.0346930454105867,701.9820857956926,Grass
2025-06-23,44308,Ugo Humbert,Lorenzo Sonego,P2,3.7388556218201536,False,P1,0.5245288908481598,0.4754711091518402,1.7033898305084747,2.421686746987952,-3.7388556218201536,698.2432301738725,Grass
2025-06-23,44281,Corentin Moutet,Daniel Altmaier,P1,0.8427375463047404,True,P1,0.6649693101644516,0.3350306898355484,1.5228070175438597,2.9127516778523495,0.44058910315581173,698.6838192770283,Grass
2025-06-23,44282,Felix Auger-Aliassime,Arthur Rinderknech,P2,8.139513614772138,False,P1,0.5476315170526505,0.45236848294734955,1.4005847953216373,3.496350364963503,-8.139513614772138,690.5443056622562,Grass
2025-06-23,44309,Alejandro Davidovich Fokina,James Duckworth,P2,0.30900620008623736,False,P1,0.6569118201732635,0.34308817982673645,1.5086505190311417,2.965986394557823,-0.30900620008623736,690.2352994621699,Grass
2025-06-23,44310,Jenson Brooksby,Nuno Borges,P1,4.875848914626471,True,P1,0.5475801527500153,0.45241984724998474,2.1135135135135137,1.898058252427185,5.4293236562867735,695.6646231184567,Grass
2025-06-23,44283,Tallon Griekspoor,Ethan Quinn,P1,9.657163798756223,True,P1,0.7284616976976395,0.27153830230236053,1.6023166023166024,2.66025641025641,5.816670087281741,701.4812932057384,Grass
2025-06-23,44311,Marcos Giron,Jacob Fearnley,P1,6.735626991912298,True,P1,0.4700678735971451,0.5299321264028549,2.906040268456376,1.5246478873239437,12.83837627988653,714.319669485625,Grass
2025-06-23,44284,Gabriel Diallo,Laslo Djere,P1,4.964987157853337,True,P1,0.7232541888952255,0.2767458111047745,1.4736842105263157,3.1111111111111107,2.351836022141054,716.671505507766,Grass
2025-06-23,44312,Billy Harris,Mattia Bellucci,P1,5.595884859555105,True,P1,0.4838667958974838,0.5161332041025162,2.575,1.6349206349206347,8.813518653799292,725.4850241615653,Grass
2025-06-23,44285,Hamad Medjedovic,Roman Safiullin,P2,3.1505569022161577,False,P1,0.4972348213195801,0.5027651786804199,1.8364485981308412,2.195530726256983,-3.1505569022161577,722.3344672593491,Grass
2025-06-23,44286,Felix Auger-Aliassime,Hamad Medjedovic,P2,5.004132967086886,False,P1,0.5794825553894043,0.4205174446105957,1.4865771812080535,3.055172413793103,-5.004132967086886,717.3303342922623,Grass
2025-06-23,44313,Taylor Fritz,Marcos Giron,P2,1.8926230771170613,False,P1,0.7384061962366104,0.2615938037633896,1.2828054298642535,4.5360000000000005,-1.8926230771170613,715.4377112151452,Grass
2025-06-23,44287,Alex Michelsen,Roberto Bautista Agut,P2,10.978835568968208,False,P1,0.3394352048635483,0.6605647951364517,2.0418848167539267,1.959798994974874,-10.978835568968208,704.458875646177,Grass
2025-06-23,44314,Alejandro Davidovich Fokina,Jakub Mensik,P2,5.485224587301085,False,P1,0.30537471175193787,0.6946252882480621,2.7647058823529416,1.5666666666666667,-5.485224587301085,698.9736510588759,Grass
2025-06-23,44315,Ugo Humbert,Billy Harris,P2,4.79998557831944,False,P1,0.6652555763721466,0.3347444236278534,1.2967289719626167,4.37007874015748,-4.79998557831944,694.1736654805565,Grass
2025-06-23,44288,Tallon Griekspoor,Gabriel Diallo,P1,4.356806894721737,True,P1,0.5549347102642059,0.44506528973579407,2.036458333333334,1.964824120603015,4.51564881275847,698.689314293315,Grass
2025-06-23,44289,Corentin Moutet,Learner Tien,P1,6.664743762838207,True,P1,0.5554403215646744,0.4445596784353256,2.2191011235955056,1.8202764976958523,8.124996609752197,706.8143109030672,Grass
2025-06-23,44316,Jenson Brooksby,Daniel Evans,P1,2.0622654187515193,True,P1,0.5581506341695786,0.44184936583042145,1.8840579710144931,2.1311475409836067,1.823162181794822,708.637473084862,Grass
2025-06-23,44317,Taylor Fritz,Alejandro Davidovich Fokina,P1,2.694725994336608,True,P1,0.7329522371292114,0.2670477628707886,1.4065281899109792,3.4598540145985406,1.0954820807837249,709.7329551656458,Grass
2025-06-23,44290,Tallon Griekspoor,Felix Auger-Aliassime,P1,14.194659103312915,True,P1,0.6615951061248779,0.33840489387512207,2.36094674556213,1.7347826086956524,19.318175111017574,729.0511302766633,Grass
2025-06-23,44318,Jenson Brooksby,Ugo Humbert,P1,6.640688145172313,True,P1,0.46042248606681824,0.5395775139331818,2.93918918918919,1.515679442508711,12.877550659894963,741.9286809365583,Grass
2025-06-23,44291,Corentin Moutet,Alex Michelsen,P1,7.029402512942368,True,P1,0.5042511522769928,0.4957488477230072,2.575,1.6349206349206347,11.07130895788423,752.9999898944425,Grass
2025-06-23,44292,Tallon Griekspoor,Corentin Moutet,P1,1.7262917704032603,True,P1,0.6254081875085831,0.37459181249141693,1.6463414634146345,2.547169811320755,1.1157739491630836,754.1157638436056,Grass
2025-06-23,44319,Taylor Fritz,Jenson Brooksby,P2,1.6030160710041597,False,P1,0.717653438448906,0.28234656155109406,1.3341902313624678,3.9923076923076914,-1.6030160710041597,752.5127477726014,Grass
2025-06-30,44320,Jannik Sinner,Luca Nardi,P1,6.064329702270893,True,P1,0.9395279958844185,0.06047200411558151,1.0776923076923077,13.87128712871287,0.4711517691764311,752.9838995417779,Grass
2025-06-30,44321,Jack Draper,Sebastian Baez,P2,0.6059809114146391,False,P1,0.9212589375674725,0.07874106243252754,1.068,15.70588235294118,-0.6059809114146391,752.3779186303632,Grass
2025-06-30,44322,Novak Djokovic,Alexandre Muller,P2,3.6199491072289156,False,P1,0.8672104179859161,0.13278958201408386,1.042161277118297,24.718446601941746,-3.6199491072289156,748.7579695231343,Grass
2025-06-30,44323,Nikoloz Basilashvili,Lorenzo Musetti,P2,9.94606830573103,False,P1,0.18252171576023102,0.817478284239769,4.023255813953488,1.330769230769231,-9.94606830573103,738.8119012174033,Grass
2025-06-30,44324,Ben Shelton,Alex Bolt,P2,3.1666215449504107,False,P1,0.690087229013443,0.309912770986557,1.3248730964467006,4.078125000000001,-3.1666215449504107,735.6452796724528,Grass
2025-06-30,44325,Alex de Minaur,Roberto Carballes Baena,P2,2.7492956341808448,False,P1,0.8585519716143608,0.1414480283856392,1.0776923076923077,13.87128712871287,-2.7492956341808448,732.895984038272,Grass
2025-06-30,44327,Jakub Mensik,Hugo Gaston,P2,3.4799081078694756,False,P1,0.8195214942097664,0.1804785057902336,1.1043478260869564,10.583333333333332,-3.4799081078694756,729.4160759304025,Grass
2025-06-30,44328,Gael Monfils,Ugo Humbert,P1,8.274805954276976,True,P1,0.4400509297847748,0.5599490702152252,3.6268656716417906,1.3806818181818183,21.736803700787277,751.1528796311898,Grass
2025-06-30,44329,Grigor Dimitrov,Yoshihito Nishioka,P2,5.2382432231608895,False,P1,0.6912207901477814,0.30877920985221863,1.2449392712550609,5.082644628099174,-5.2382432231608895,745.9146364080289,Grass
2025-06-30,44330,Tomas Machac,Damir Dzumhur,P2,7.709211382598449,False,P1,0.6330599784851074,0.3669400215148926,1.2531120331950205,4.950819672131147,-7.709211382598449,738.2054250254304,Grass
2025-06-30,44331,Flavio Cobolli,Beibit Zhukayev,P1,5.692608039618285,True,P1,0.7848330289125443,0.21516697108745575,1.341207349081365,3.930769230769231,1.942359698557421,740.1477847239878,Grass
2025-06-30,44332,Mariano Navone,Denis Shapovalov,P1,7.119240883300579,True,P1,0.31805285811424255,0.6819471418857574,6.426086956521741,1.184294871794872,38.62962009721359,778.7774048212013,Grass
2025-06-30,44333,Jaume Munar,Alexander Bublik,P1,3.294442473131393,True,P1,0.2713582217693329,0.7286417782306671,4.901639344262295,1.2563025210084033,12.853726370578222,791.6311311917796,Grass
2025-06-30,44334,Brandon Nakashima,Yunchaokete Bu,P2,4.290879646436799,False,P1,0.7565039694309235,0.24349603056907654,1.1785714285714286,6.600000000000001,-4.290879646436799,787.3402515453428,Grass
2025-06-30,44335,Miomir Kecmanovic,Alex Michelsen,P1,2.830541612359061,True,P1,0.3898610770702362,0.6101389229297638,2.918918918918919,1.5211267605633803,5.431579850743063,792.7718313960859,Grass
2025-06-30,44336,Arthur Cazaux,Adam Walton,P2,14.927398437362335,False,P1,0.38906948268413544,0.6109305173158646,1.6023166023166024,2.66025641025641,-14.927398437362335,777.8444329587236,Grass
2025-06-30,44338,Jesper de Jong,Christopher Eubanks,P2,1.7646769415409613,False,P1,0.5560699254274368,0.44393007457256317,1.7167381974248928,2.3952095808383236,-1.7646769415409613,776.0797560171826,Grass
2025-06-30,44339,Daniel Evans,Jay Clarke,P1,3.2239127904543956,True,P1,0.8297765329480171,0.17022346705198288,1.2279693486590038,5.386554621848739,0.7349532989733198,776.8147093161559,Grass
2025-06-30,44340,Marton Fucsovics,Aleksandar Kovacevic,P2,4.73888531324645,False,P1,0.6597626805305481,0.3402373194694519,1.330769230769231,4.023255813953488,-4.73888531324645,772.0758240029095,Grass
2025-06-30,44341,Marcos Giron,Camilo Ugo Carabelli,P2,5.964016423978778,False,P1,0.7661028429865837,0.2338971570134163,1.1036468330134357,10.648148148148147,-5.964016423978778,766.1118075789307,Grass
2025-06-30,44342,Rinky Hijikata,David Goffin,P2,9.740549732773637,False,P1,0.44669046998023987,0.5533095300197601,1.6694214876033058,2.493827160493827,-9.740549732773637,756.371257846157,Grass
2025-06-30,44346,Corentin Moutet,Francisco Comesana,P2,0.7811548305632582,False,P1,0.632206067442894,0.367793932557106,1.5490909090909089,2.821192052980132,-0.7811548305632582,755.5901030155937,Grass
2025-06-30,44347,Sebastian Ofner,Hamad Medjedovic,P1,2.3411664350598533,True,P1,0.40531541407108307,0.5946845859289169,2.7320261437908493,1.5773584905660376,4.054961472489287,759.645064488083,Grass
2025-06-30,44348,Reilly Opelka,Alexander Shevchenko,P1,1.1187217365770754,True,P1,0.7292897999286652,0.27071020007133484,1.386819484240688,3.585185185185186,0.4327433651515912,760.0778078532346,Grass
2025-06-30,44350,Lorenzo Sonego,Jaime Faria,P2,2.496405983579243,False,P1,0.7020840346813202,0.2979159653186798,1.330769230769231,4.023255813953488,-2.496405983579243,757.5814018696553,Grass
2025-06-30,44351,Aleksandar Vukic,Chun-Hsin Tseng,P2,10.949004938797746,False,P1,0.5477799326181412,0.4522200673818588,1.297872340425532,4.357142857142858,-10.949004938797746,746.6323969308576,Grass
2025-06-30,44352,Carlos Alcaraz,Fabio Fognini,P2,1.2958113107046791,False,P1,0.9111558012664318,0.08884419873356819,1.0594117647058825,17.831683168316832,-1.2958113107046791,745.3365856201528,Grass
2025-06-30,44353,Arthur Rinderknech,Alexander Zverev,P1,3.6520314883380127,True,P1,0.20310313999652863,0.7968968600034714,8.581818181818182,1.13189448441247,27.68903873885366,773.0256243590065,Grass
2025-06-30,44354,Taylor Fritz,Giovanni Mpetshi Perricard,P2,0.704339250345018,False,P1,0.8098932579159737,0.19010674208402634,1.2122302158273381,5.711864406779661,-0.704339250345018,772.3212851086615,Grass
2025-06-30,44355,Nicolas Jarry,Holger Rune,P1,1.8709134644137997,True,P1,0.29291869699954987,0.7070813030004501,3.8923076923076922,1.3457446808510638,5.411257404766067,777.7325425134276,Grass
2025-06-30,44356,Benjamin Bonzi,Daniil Medvedev,P1,2.2010296871176886,True,P1,0.1582123339176178,0.8417876660823822,9.28440366972477,1.1207087486157254,18.23421841713094,795.9667609305585,Grass
2025-06-30,44357,Frances Tiafoe,Elmer Moller,P2,5.4055031320674765,False,P1,0.7963237166404724,0.2036762833595276,1.085209003215434,12.735849056603772,-5.4055031320674765,790.561257798491,Grass
2025-06-30,44358,Andrey Rublev,Laslo Djere,P2,4.428754337391212,False,P1,0.6860046088695526,0.3139953911304474,1.294392523364486,4.396825396825396,-4.428754337391212,786.1325034610999,Grass
2025-06-30,44359,Nuno Borges,Francisco Cerundolo,P2,3.33315594813962,False,P1,0.35665927827358246,0.6433407217264175,2.566037735849057,1.63855421686747,-3.33315594813962,782.7993475129603,Grass
2025-06-30,44360,Karen Khachanov,Mackenzie McDonald,P2,4.3158561340434165,False,P1,0.7138215452432632,0.28617845475673676,1.2464358452138493,5.0578512396694215,-4.3158561340434165,778.4834913789168,Grass
2025-06-30,44362,Jiri Lehecka,Hugo Dellien,P2,1.6840705452969669,False,P1,0.8958189003169537,0.10418109968304634,1.068,15.70588235294118,-1.6840705452969669,776.7994208336198,Grass
2025-06-30,44364,Felix Auger-Aliassime,James Duckworth,P2,3.7575010489529057,False,P1,0.7301085740327835,0.2698914259672165,1.2371541501976284,5.216666666666667,-3.7575010489529057,773.0419197846669,Grass
2025-06-30,44365,Alejandro Davidovich Fokina,Brandon Holt,P2,1.55061290163099,False,P1,0.7566718310117722,0.24332816898822784,1.2685589519650655,4.723577235772358,-1.55061290163099,771.4913068830359,Grass
2025-06-30,44366,Jenson Brooksby,Tallon Griekspoor,P1,0.46918761905972833,True,P1,0.36797167360782623,0.6320283263921738,2.776315789473684,1.5629629629629629,0.8334253759613595,772.3247322589973,Grass
2025-06-30,44367,Kamil Majchrzak,Matteo Berrettini,P1,3.544853985516952,True,P1,0.21529510617256165,0.7847048938274384,7.353982300884955,1.1573816155988859,22.523939483196205,794.8486717421935,Grass
2025-06-30,44369,Luciano Darderi,Roman Safiullin,P1,7.012798317207284,True,P1,0.4369087964296341,0.5630912035703659,3.1619718309859155,1.462540716612378,15.161472418187579,810.0101441603811,Grass
2025-06-30,44370,Gabriel Diallo,Daniel Altmaier,P2,3.5713254800168457,False,P1,0.7408539354801178,0.2591460645198822,1.2307692307692306,5.333333333333333,-3.5713254800168457,806.4388186803642,Grass
2025-06-30,44371,Joao Fonseca,Jacob Fearnley,P2,8.885035395795631,False,P1,0.5082282423973083,0.49177175760269165,1.5340501792114694,2.87248322147651,-8.885035395795631,797.5537832845686,Grass
2025-06-30,44373,Billy Harris,Dusan Lajovic,P1,13.43002069996923,True,P1,0.7743210792541504,0.2256789207458496,1.5157894736842106,2.938775510204082,6.927063308405183,804.4808465929738,Grass
2025-06-30,44374,Lloyd Harris,Zizou Bergs,P1,3.659659412589196,True,P1,0.4351732134819031,0.5648267865180969,2.641025641025641,1.6093750000000002,6.005594933479706,810.4864415264535,Grass
2025-06-30,44375,Adrian Mannarino,Christopher O'Connell,P2,5.5977168226260785,False,P1,0.5855289697647095,0.4144710302352905,1.4719471947194718,3.118881118881119,-5.5977168226260785,804.8887247038274,Grass
2025-06-30,44376,Shintaro Mochizuki,Giulio Zeppieri,P2,11.848684091837484,False,P1,0.454301655292511,0.545698344707489,1.5531135531135531,2.8079470198675502,-11.848684091837484,793.0400406119899,Grass
2025-06-30,44377,Cameron Norrie,Roberto Bautista Agut,P2,10.962548199902546,False,P1,0.3682754337787628,0.6317245662212372,1.9646464646464645,2.0366492146596857,-10.962548199902546,782.0774924120873,Grass
2025-06-30,44379,Jan-Lennard Struff,Filip Misolic,P1,7.149882512267574,True,P1,0.6637634634971619,0.33623653650283813,1.6991525423728815,2.43030303030303,4.998858536119279,787.0763509482066,Grass
2025-06-30,44381,Jordan Thompson,Vit Kopriva,P1,1.9961829325716822,True,P1,0.6956357210874557,0.30436427891254425,1.4719471947194718,3.118881118881119,0.9420929351740939,788.0184438833807,Grass
2025-06-30,44382,Learner Tien,Nishesh Basavareddy,P1,0.8118225818298578,True,P1,0.6383046507835388,0.3616953492164612,1.5855513307984792,2.707792207792208,0.47536379316273053,788.4938076765434,Grass
2025-06-30,44383,Botic Van De Zandschulp,Matteo Arnaldi,P1,4.95882250745496,True,P1,0.49168138206005096,0.508318617939949,2.389221556886228,1.7198275862068966,6.888903124129048,795.3827108006724,Grass
2025-06-30,44384,Jannik Sinner,Aleksandar Vukic,P2,1.3818077444393322,False,P1,0.9111228510737419,0.08887714892625809,1.0594117647058825,17.831683168316832,-1.3818077444393322,794.000903056233,Grass
2025-06-30,44385,Marin Cilic,Jack Draper,P1,8.123135682298631,True,P1,0.3099805861711502,0.6900194138288498,7.548672566371684,1.1527027027027026,53.19575579558398,847.196658851817,Grass
2025-06-30,44386,Novak Djokovic,Daniel Evans,P2,1.1696115855711418,False,P1,0.9035814553499222,0.09641854465007782,1.0761494252873562,14.132075471698112,-1.1696115855711418,846.0270472662459,Grass
2025-06-30,44387,Ben Shelton,Rinky Hijikata,P2,4.495055002600964,False,P1,0.6937179565429688,0.30628204345703125,1.288329519450801,4.468253968253968,-4.495055002600964,841.531992263645,Grass
2025-06-30,44388,Alex de Minaur,Arthur Cazaux,P2,3.653219644784178,False,P1,0.8097274303436279,0.19027256965637207,1.1277584204413473,8.827272727272726,-3.653219644784178,837.8787726188608,Grass
2025-06-30,44389,Sebastian Ofner,Tommy Paul,P1,5.93830004346452,True,P1,0.27520108222961426,0.7247989177703857,6.431034482758621,1.1841269841269841,32.25111230502282,870.1298849238837,Grass
2025-06-30,44390,Jakub Mensik,Marcos Giron,P1,4.014339257390877,True,P1,0.6496866792440414,0.35031332075595856,1.6284584980237156,2.591194968553459,2.5228456202575082,872.6527305441411,Grass
2025-06-30,44391,Grigor Dimitrov,Corentin Moutet,P2,3.1605502910773753,False,P1,0.546436533331871,0.45356346666812897,1.6974789915966384,2.4337349397590358,-3.1605502910773753,869.4921802530638,Grass
2025-06-30,44392,August Holmgren,Tomas Machac,P1,10.332361131146076,True,P1,0.3476722091436386,0.6523277908563614,6.929824561403509,1.168639053254438,61.26908881276095,930.7612690658248,Grass
2025-06-30,44394,Brandon Nakashima,Reilly Opelka,P2,5.52850541718987,False,P1,0.6067944318056107,0.39320556819438934,1.4522292993630572,3.211267605633803,-5.52850541718987,925.2327636486349,Grass
2025-06-30,44395,Marton Fucsovics,Gael Monfils,P1,1.7302279522859758,True,P1,0.521168664097786,0.47883133590221405,1.989795918367347,2.010309278350516,1.7125725650177517,926.9453362136527,Grass
2025-06-30,44396,Miomir Kecmanovic,Jesper de Jong,P2,10.026958574064599,False,P1,0.5423993766307831,0.4576006233692169,1.444794952681388,3.24822695035461,-10.026958574064599,916.9183776395881,Grass
2025-06-30,44397,Pedro Martinez,Mariano Navone,P2,0.41855171308871436,False,P1,0.35755467414855957,0.6424453258514404,2.7712418300653594,1.5645756457564575,-0.41855171308871436,916.4998259264994,Grass
2025-06-30,44398,Jaume Munar,Fabian Marozsan,P2,2.60725452158534,False,P1,0.5239467173814774,0.47605328261852264,1.7999999999999998,2.25,-2.60725452158534,913.8925714049141,Grass
2025-06-30,44399,Lorenzo Sonego,Nikoloz Basilashvili,P2,3.838403946690652,False,P1,0.6175272762775421,0.3824727237224579,1.4833333333333332,3.0689655172413794,-3.838403946690652,910.0541674582234,Grass
2025-06-30,44401,Taylor Fritz,Gabriel Diallo,P2,1.1034845020808708,False,P1,0.7222079485654831,0.2777920514345169,1.351063829787234,3.8484848484848486,-1.1034845020808708,908.9506829561426,Grass
2025-06-30,44402,Cameron Norrie,Frances Tiafoe,P1,1.1236376061364952,True,P1,0.3927968144416809,0.6072031855583191,2.6496815286624202,1.606177606177606,1.8536442037538359,910.8043271598964,Grass
2025-06-30,44403,Andrey Rublev,Lloyd Harris,P2,6.948374873419333,False,P1,0.6306021213531494,0.3693978786468506,1.3438320209973753,3.9083969465648853,-6.948374873419333,903.8559522864771,Grass
2025-06-30,44404,Karen Khachanov,Shintaro Mochizuki,P2,0.003991288327802594,False,P1,0.8556206300854683,0.1443793699145317,1.168639053254438,6.929824561403509,-0.003991288327802594,903.8519609981493,Grass
2025-06-30,44405,Mattia Bellucci,Jiri Lehecka,P1,4.9222117391948,True,P1,0.28143012523651123,0.7185698747634888,5.165289256198348,1.2400793650793653,20.50243567400149,924.3543966721508,Grass
2025-06-30,44406,Jan-Lennard Struff,Felix Auger-Aliassime,P1,2.9411666460378245,True,P1,0.333703950047493,0.666296049952507,3.4671532846715327,1.4053254437869822,7.256308951538574,931.6107056236893,Grass
2025-06-30,44407,Alejandro Davidovich Fokina,Botic Van De Zandschulp,P2,6.695276393390086,False,P1,0.6280416995286942,0.37195830047130585,1.3633879781420766,3.7518796992481214,-6.695276393390086,924.9154292302993,Grass
2025-06-30,44408,Nuno Borges,Billy Harris,P2,5.275677670546819,False,P1,0.5478157997131348,0.45218420028686523,1.6171874999999998,2.6202531645569613,-5.275677670546819,919.6397515597525,Grass
2025-06-30,44410,Joao Fonseca,Jenson Brooksby,P2,18.39279503119505,False,P1,0.38680365681648254,0.6131963431835175,1.4833333333333332,3.0689655172413794,-18.39279503119505,901.2469565285575,Grass
2025-06-30,44411,Nicolas Jarry,Learner Tien,P2,4.003907001872656,False,P1,0.506192997097969,0.49380700290203094,1.7999999999999998,2.25,-4.003907001872656,897.2430495266848,Grass
2025-06-30,44412,Kamil Majchrzak,Ethan Quinn,P1,6.563751932813677,True,P1,0.5152409821748734,0.48475901782512665,2.3139534883720927,1.7610619469026547,8.624464748929597,905.8675142756144,Grass
2025-06-30,44414,Arthur Rinderknech,Cristian Garin,P2,1.4324709784907776,False,P1,0.5404306650161743,0.4595693349838257,1.7918552036199096,2.262857142857143,-1.4324709784907776,904.4350432971237,Grass
2025-06-30,44415,Jordan Thompson,Benjamin Bonzi,P1,8.375329856635013,True,P1,0.5087270140647888,0.4912729859352112,2.518518518518518,1.6585365853658534,12.718093486001312,917.153136783125,Grass
2025-06-30,44416,Jannik Sinner,Pedro Martinez,P2,2.683569248958443,False,P1,0.9189473912119865,0.08105260878801346,1.024520514688031,41.78217821782177,-2.683569248958443,914.4695675341666,Grass
2025-06-30,44417,Novak Djokovic,Miomir Kecmanovic,P2,1.8144917084531516,False,P1,0.8989445939660072,0.10105540603399277,1.0682704811443433,15.647619047619047,-1.8144917084531516,912.6550758257134,Grass
2025-06-30,44418,Ben Shelton,Marton Fucsovics,P2,11.789764423569782,False,P1,0.5493075996637344,0.45069240033626556,1.350132625994695,3.856060606060606,-11.789764423569782,900.8653114021437,Grass
2025-06-30,44419,Alex de Minaur,August Holmgren,P2,9.783841002514968,False,P1,0.7113869935274124,0.2886130064725876,1.100371747211896,10.96296296296296,-9.783841002514968,891.0814703996288,Grass
2025-06-30,44420,Flavio Cobolli,Jakub Mensik,P2,1.4161748890756358,False,P1,0.35416871309280396,0.645831286907196,2.7337662337662336,1.5767790262172285,-1.4161748890756358,889.6652955105532,Grass
2025-06-30,44421,Grigor Dimitrov,Sebastian Ofner,P2,7.06912280490142,False,P1,0.6267217844724655,0.3732782155275345,1.3420365535248042,3.9236641221374047,-7.06912280490142,882.5961727056517,Grass
2025-06-30,44422,Lorenzo Sonego,Brandon Nakashima,P1,5.267603928880516,True,P1,0.4335829019546509,0.5664170980453491,2.8026315789473686,1.554744525547445,9.495549187587246,892.091721893239,Grass
2025-06-30,44423,Marin Cilic,Jaume Munar,P2,1.7328379568371168,False,P1,0.59344682097435,0.40655317902565,1.6196078431372551,2.613924050632911,-1.7328379568371168,890.3588839364019,Grass
2025-06-30,44424,Carlos Alcaraz,Jan-Lennard Struff,P2,5.356693482058511,False,P1,0.8239642754197121,0.17603572458028793,1.0676110753380554,15.790476190476188,-5.356693482058511,885.0021904543433,Grass
2025-06-30,44425,Taylor Fritz,Alejandro Davidovich Fokina,P1,11.79824120281861,True,P1,0.8173590302467346,0.18264096975326538,1.3316326530612246,4.015384615384614,3.9126820315469892,888.9148724858903,Grass
2025-06-30,44426,Andrey Rublev,Adrian Mannarino,P2,6.220815218941716,False,P1,0.647479385137558,0.352520614862442,1.3282828282828285,4.046153846153846,-6.220815218941716,882.6940572669486,Grass
2025-06-30,44427,Karen Khachanov,Nuno Borges,P2,1.6326917401895142,False,P1,0.652776300907135,0.347223699092865,1.4752475247524752,3.104166666666667,-1.6326917401895142,881.061365526759,Grass
2025-06-30,44428,Nicolas Jarry,Joao Fonseca,P1,8.661549127802852,True,P1,0.45305347442626953,0.5469465255737305,3.132867132867133,1.4688524590163936,18.473933454404683,899.5352989811637,Grass
2025-06-30,44429,Kamil Majchrzak,Arthur Rinderknech,P1,3.065585633797883,True,P1,0.5079310685396194,0.49206893146038055,2.1189189189189186,1.8937198067632852,3.4301417632224953,902.9654407443862,Grass
2025-06-30,44430,Cameron Norrie,Mattia Bellucci,P2,1.7308222606311026,False,P1,0.5863802433013916,0.4136197566986084,1.6399999999999997,2.5624999999999996,-1.7308222606311026,901.2346184837551,Grass
2025-06-30,44431,Jordan Thompson,Luciano Darderi,P1,0.37132965458878037,True,P1,0.5494290441274643,0.4505709558725357,1.832558139534884,2.201117318435754,0.3091535263785661,901.5437720101337,Grass
2025-06-30,44432,Jannik Sinner,Grigor Dimitrov,P2,7.178337244610764,False,P1,0.7953916788101196,0.20460832118988037,1.0570321151716502,18.533980582524272,-7.178337244610764,894.3654347655229,Grass
2025-06-30,44433,Novak Djokovic,Alex de Minaur,P1,4.4083403463939455,True,P1,0.8315103352069855,0.16848966479301453,1.2298850574712643,5.35,1.0134115738836653,895.3788463394066,Grass
2025-06-30,44434,Ben Shelton,Lorenzo Sonego,P2,10.035536531765034,False,P1,0.5742416232824326,0.42575837671756744,1.351063829787234,3.8484848484848486,-10.035536531765034,885.3433098076415,Grass
2025-06-30,44435,Flavio Cobolli,Marin Cilic,P2,6.066863691575225,False,P1,0.44802717864513397,0.551972821354866,1.9261083743842367,2.079787234042553,-6.066863691575225,879.2764461160663,Grass
2025-06-30,44436,Carlos Alcaraz,Andrey Rublev,P2,6.122328776813324,False,P1,0.7628289610147476,0.23717103898525238,1.1283547257876314,8.790909090909091,-6.122328776813324,873.1541173392529,Grass
2025-06-30,44437,Taylor Fritz,Jordan Thompson,P2,1.1096611873482505,False,P1,0.8253456652164459,0.17465433478355408,1.180817610062893,6.530434782608697,-1.1096611873482505,872.0444561519047,Grass
2025-06-30,44438,Karen Khachanov,Kamil Majchrzak,P2,3.1566226261702295,False,P1,0.6575421392917633,0.3424578607082367,1.4107142857142858,3.4347826086956528,-3.1566226261702295,868.8878335257344,Grass
2025-06-30,44439,Cameron Norrie,Nicolas Jarry,P2,2.7169480979293157,False,P1,0.4891103357076645,0.5108896642923355,1.9166666666666667,2.090909090909091,-2.7169480979293157,866.1708854278052,Grass
2025-06-30,44440,Jannik Sinner,Ben Shelton,P1,17.04023949880833,True,P1,0.837270125746727,0.162729874253273,1.366666666666667,3.727272727272728,6.248087816229725,872.4189732440349,Grass
2025-06-30,44441,Novak Djokovic,Flavio Cobolli,P2,1.4208869725023272,False,P1,0.8536719009280205,0.14632809907197952,1.1332533013205284,8.504504504504505,-1.4208869725023272,870.9980862715325,Grass
2025-06-30,44442,Carlos Alcaraz,Cameron Norrie,P2,3.4976286628055697,False,P1,0.8374072015285492,0.1625927984714508,1.098255280073462,11.177570093457946,-3.4976286628055697,867.500457608727,Grass
2025-06-30,44443,Taylor Fritz,Karen Khachanov,P2,4.8056827187726,False,P1,0.6747994869947433,0.32520051300525665,1.3177339901477834,4.147286821705426,-4.8056827187726,862.6947748899544,Grass
2025-06-30,44444,Jannik Sinner,Novak Djokovic,P2,17.109919904633124,False,P1,0.40176813304424286,0.5982318669557571,1.5017064846416384,2.993197278911565,-17.109919904633124,845.5848549853213,Grass
2025-06-30,44445,Carlos Alcaraz,Taylor Fritz,P2,7.596337442494813,False,P1,0.6648167073726654,0.3351832926273346,1.233918128654971,5.275,-7.596337442494813,837.9885175428265,Grass
2025-06-30,44446,Jannik Sinner,Carlos Alcaraz,P2,9.757164908550624,False,P1,0.4050910323858261,0.5949089676141739,1.8937198067632852,2.1189189189189186,-9.757164908550624,828.2313526342758,Grass
2025-07-14,44474,David Goffin,Martin Landaluce,P1,16.564627052685516,True,P1,0.732832133769989,0.267167866230011,2.41566265060241,1.7063829787234042,23.449923839645162,851.681276473921,Clay
2025-07-14,44501,Filip Misolic,Elmer Moller,P2,3.920856457284436,False,P1,0.5897280722856522,0.41027192771434784,1.5395683453237412,2.853333333333333,-3.920856457284436,847.7604200166365,Clay
2025-07-14,44447,Daniel Altmaier,Mitchell Krueger,P2,2.213740440341343,False,P1,0.6156104654073715,0.3843895345926285,1.5395683453237412,2.853333333333333,-2.213740440341343,845.5466795762952,Hard
2025-07-14,44475,Francisco Comesana,Marco Trungelliti,P1,11.4492902102121,True,P1,0.7083255648612976,0.2916744351387024,1.6666666666666667,2.5,7.632860140141401,853.1795397164366,Clay
2025-07-14,44502,Mariano Navone,Tomas Barrios Vera,P1,5.5887606805477565,True,P1,0.8087610453367233,0.19123895466327667,1.2821670428893905,4.544,1.5769640746466582,854.7565037910832,Clay
2025-07-14,44449,Adam Walton,Rodrigo Pacheco Mendez,P2,7.55578030457227,False,P1,0.5184616297483444,0.4815383702516556,1.5877862595419847,2.7012987012987018,-7.55578030457227,847.2007234865109,Hard
2025-07-14,44503,Camilo Ugo Carabelli,Cristian Garin,P2,13.724944629108611,False,P1,0.2870422899723053,0.7129577100276947,2.3550295857988166,1.737991266375546,-13.724944629108611,833.4757788574024,Clay
2025-07-14,44476,Francesco Passaro,Arthur Rinderknech,P2,13.783191638029793,False,P1,0.33462996780872345,0.6653700321912766,2.0,2.0,-13.783191638029793,819.6925872193725,Clay
2025-07-14,44477,Roberto Carballes Baena,Carlos Taberner,P1,16.39385174438745,True,P1,0.7218538075685501,0.2781461924314499,1.879807692307692,2.1366120218579234,14.423436871263956,834.1160240906364,Clay
2025-07-14,44504,Damir Dzumhur,Sebastian Ofner,P2,4.327019979773319,False,P1,0.35849958658218384,0.6415004134178162,2.5,1.6666666666666667,-4.327019979773319,829.7890041108631,Clay
2025-07-14,44478,Juan Manuel Cerundolo,Jan-Lennard Struff,P2,13.49450520130022,False,P1,0.276949018239975,0.723050981760025,2.436363636363637,1.6962025316455698,-13.49450520130022,816.2944989095629,Clay
2025-07-14,44505,Vit Kopriva,Hugo Dellien,P2,0.24580119176004794,False,P1,0.5929421037435532,0.40705789625644684,1.6763485477178421,2.478527607361963,-0.24580119176004794,816.0486977178028,Clay
2025-07-14,44451,Nishesh Basavareddy,Nicolas Mejia,P2,7.50798480436265,False,P1,0.5869711935520172,0.4130288064479828,1.3901734104046242,3.562962962962963,-7.50798480436265,808.5407129134402,Hard
2025-07-14,44452,James Duckworth,Adrian Mannarino,P2,12.108448491195881,False,P1,0.36820437014102936,0.6317956298589706,1.9024390243902443,2.108108108108108,-12.108448491195881,796.4322644222443,Hard
2025-07-14,44507,Hugo Gaston,Chun-Hsin Tseng,P1,7.894374642596768,True,P1,0.530142679810524,0.469857320189476,2.41566265060241,1.7063829787234042,11.175771331386994,807.6080357536313,Clay
2025-07-14,44480,Alexander Shevchenko,Stan Wawrinka,P1,3.918711466484076,True,P1,0.5461952388286591,0.45380476117134094,2.0103626943005177,1.9897435897435893,3.959319875463184,811.5673556290944,Clay
2025-07-14,44454,Tristan Schoolkate,Yibing Wu,P1,7.434517911756481,True,P1,0.4848566800355911,0.5151433199644089,2.707792207792208,1.5855513307984792,12.696611758389315,824.2639673874837,Hard
2025-07-14,44455,Aleksandar Kovacevic,Hady Habib,P2,7.323456059131489,False,P1,0.5787884742021561,0.42121152579784393,1.420731707317073,3.3768115942028993,-7.323456059131489,816.9405113283523,Hard
2025-07-14,44509,Botic Van De Zandschulp,Mikael Ymer,P2,1.8067433599175906,False,P1,0.6479418575763702,0.35205814242362976,1.4750830564784052,3.104895104895105,-1.8067433599175906,815.1337679684347,Clay
2025-07-14,44483,Arthur Cazaux,Nikoloz Basilashvili,P2,8.396022251497723,False,P1,0.4413330554962158,0.5586669445037842,1.7990867579908678,2.2514285714285713,-8.396022251497723,806.737745716937,Clay
2025-07-14,44484,Kamil Majchrzak,Terence Atmane,P2,2.149103166406861,False,P1,0.6851528286933899,0.3148471713066101,1.381766381766382,3.6194029850746268,-2.149103166406861,804.58864255053,Clay
2025-07-14,44458,Emilio Nava,Aleksandar Vukic,P2,16.0917728510106,False,P1,0.23839980363845825,0.7616001963615417,2.1366120218579234,1.879807692307692,-16.0917728510106,788.4968696995195,Hard
2025-07-14,44485,Dominic Stricker,Pierre-Hugues Herbert,P2,7.752112143623918,False,P1,0.46510887145996094,0.5348911285400391,1.7272727272727275,2.375,-7.752112143623918,780.7447575558956,Clay
2025-07-14,44486,Alexander Bublik,Alexander Shevchenko,P1,8.752978332563139,True,P1,0.7192419767379761,0.2807580232620239,1.5671641791044775,2.7631578947368425,4.96437577070745,785.709133326603,Clay
2025-07-14,44513,Francisco Cerundolo,Mariano Navone,P1,3.276369636431777,True,P1,0.5814500749111176,0.41854992508888245,1.84037558685446,2.189944134078212,2.753381055968488,788.4625143825715,Clay
2025-07-14,44487,Arthur Cazaux,Tomas Martin Etcheverry,P1,5.638989799077051,True,P1,0.44679658114910126,0.5532034188508987,2.821192052980132,1.5490909090909089,10.269683408915158,798.7321977914867,Clay
2025-07-14,44460,James Duckworth,Alejandro Davidovich Fokina,P1,0.41399743989111365,True,P1,0.22415481507778168,0.7758451849222183,4.629032258064517,1.2755555555555556,1.5024100641209772,800.2346078556077,Hard
2025-07-14,44514,Filip Misolic,Nuno Borges,P2,2.135423166111769,False,P1,0.4239361137151718,0.5760638862848282,2.2329545454545454,1.811059907834101,-2.135423166111769,798.0991846894959,Clay
2025-07-14,44515,Camilo Ugo Carabelli,Botic Van De Zandschulp,P2,13.460382395574845,False,P1,0.31775087118148804,0.682249128818512,2.085561497326203,1.9211822660098525,-13.460382395574845,784.6388022939211,Clay
2025-07-14,44488,Francisco Comesana,Roberto Carballes Baena,P2,7.812237542031178,False,P1,0.5264981836080551,0.4735018163919449,1.5211267605633803,2.918918918918919,-7.812237542031178,776.8265647518899,Clay
2025-07-14,44516,Damir Dzumhur,Hugo Gaston,P1,0.6659543996121335,True,P1,0.5337741523981094,0.46622584760189056,1.9024390243902443,2.108108108108108,0.6009832386743647,777.4275479905643,Clay
2025-07-14,44463,Tristan Schoolkate,Daniel Altmaier,P1,1.9382669100867274,True,P1,0.43556253612041473,0.5644374638795853,2.4634146341463414,1.6833333333333333,2.836488161102528,780.2640361516669,Hard
2025-07-14,44490,Casper Ruud,Dominic Stricker,P1,8.67952578994517,True,P1,0.8041123300790787,0.19588766992092133,1.3367875647668395,3.9692307692307685,2.9231563541266126,783.1871925057935,Clay
2025-07-14,44491,Juan Manuel Cerundolo,David Goffin,P2,12.499979177351614,False,P1,0.3941427618265152,0.6058572381734848,1.7272727272727275,2.375,-12.499979177351614,770.6872133284419,Clay
2025-07-14,44464,Emilio Nava,Yunchaokete Bu,P2,4.789725536563192,False,P1,0.39662860333919525,0.6033713966608047,2.207865168539326,1.8279069767441858,-4.789725536563192,765.8974877918787,Hard
2025-07-14,44519,Luciano Darderi,Elias Ymer,P2,2.3760211319459072,False,P1,0.7349766343832016,0.2650233656167984,1.2761692650334076,4.620967741935484,-2.3760211319459072,763.5214666599328,Clay
2025-07-14,44466,Adam Walton,Nishesh Basavareddy,P1,4.663570735938525,True,P1,0.4694133698940277,0.5305866301059723,2.527950310559006,1.6544715447154474,7.1257043542911624,770.647171014224,Hard
2025-07-14,44520,Jesper de Jong,Vit Kopriva,P1,9.542401857746661,True,P1,0.6073836237192154,0.3926163762807846,2.0913978494623655,1.9162561576354682,10.414556866250388,781.0617278804743,Clay
2025-07-14,44467,Andrey Rublev,Emilio Nava,P2,0.5141315712775953,False,P1,0.8049299791455269,0.19507002085447311,1.225988700564972,5.425,-0.5141315712775953,780.5475963091967,Hard
2025-07-14,44494,Juan Manuel Cerundolo,Casper Ruud,P2,0.9033932611224729,False,P1,0.2053045555949211,0.7946954444050789,4.758064516129033,1.2660944206008584,-0.9033932611224729,779.6442030480742,Clay
2025-07-14,44521,Francisco Cerundolo,Damir Dzumhur,P2,8.086599613983482,False,P1,0.6383776366710663,0.3616223633289337,1.2415169660678644,5.140495867768595,-8.086599613983482,771.5576034340908,Clay
2025-07-14,44495,Alexander Bublik,Francisco Comesana,P1,2.100463761670287,True,P1,0.6081704944372177,0.3918295055627823,1.7076271186440675,2.413173652694611,1.4863451194870243,773.0439485535778,Clay
2025-07-14,44468,Denis Shapovalov,Tristan Schoolkate,P2,2.327876128921778,False,P1,0.6740581095218658,0.32594189047813416,1.3942028985507247,3.536764705882353,-2.327876128921778,770.7160724246561,Hard
2025-07-14,44522,Jesper de Jong,Tallon Griekspoor,P2,7.159425446668356,False,P1,0.3411169499158859,0.6588830500841141,2.3869047619047614,1.7210300429184548,-7.159425446668356,763.5566469779877,Clay
2025-07-14,44523,Luciano Darderi,Sebastian Baez,P1,2.7885294081062915,True,P1,0.5903588235378265,0.40964117646217346,1.7918552036199096,2.262857142857143,2.208111522256113,765.7647585002438,Clay
2025-07-14,44470,Adam Walton,James Duckworth,P2,5.275859761559581,False,P1,0.5000799298286438,0.4999200701713562,1.7241379310344829,2.380952380952381,-5.275859761559581,760.4888987386843,Hard
2025-07-14,44524,Camilo Ugo Carabelli,Filip Misolic,P2,10.020521648126907,False,P1,0.3635268956422806,0.6364731043577194,2.0259067357512954,1.974747474747475,-10.020521648126907,750.4683770905574,Clay
2025-07-14,44525,Luciano Darderi,Francisco Cerundolo,P2,0.8429177099385473,False,P1,0.38719038665294647,0.6128096133470535,2.524691358024691,1.6558704453441293,-0.8429177099385473,749.6254593806188,Clay
2025-07-14,44471,Aleksandar Kovacevic,Andrey Rublev,P1,1.584278250312258,True,P1,0.2618206888437271,0.7381793111562729,4.362204724409449,1.2974238875878221,5.32666781797901,754.9521271985979,Hard
2025-07-14,44498,Alexander Bublik,Arthur Cazaux,P1,5.1199048543912715,True,P1,0.7456666529178619,0.25433334708213806,1.4169184290030208,3.3985507246376816,2.134582688537749,757.0867098871356,Clay
2025-07-14,44526,Jesper de Jong,Camilo Ugo Carabelli,P1,6.180080096647416,True,P1,0.6093787997961044,0.39062120020389557,1.8755980861244024,2.14207650273224,5.411266304719989,762.4979761918556,Clay
2025-07-14,44472,Denis Shapovalov,Adam Walton,P2,1.725798994392971,False,P1,0.6895294040441513,0.3104705959558487,1.3846153846153846,3.5999999999999996,-1.725798994392971,760.7721771974626,Hard
2025-07-14,44527,Luciano Darderi,Jesper de Jong,P2,4.170381270763766,False,P1,0.5445918887853622,0.45540811121463776,1.6349206349206347,2.575,-4.170381270763766,756.6017959266989,Clay
2025-07-14,44473,Denis Shapovalov,Aleksandar Kovacevic,P2,3.3596233960036086,False,P1,0.6393985152244568,0.3606014847755432,1.4250764525993882,3.3525179856115113,-3.3596233960036086,753.2421725306953,Hard
2025-07-14,44500,Alexander Bublik,Juan Manuel Cerundolo,P2,3.141461045594164,False,P1,0.6788875907659531,0.32111240923404694,1.350132625994695,3.856060606060606,-3.141461045594164,750.1007114851011,Clay
2025-07-21,44555,Filip Misolic,Tomas Martin Etcheverry,P1,2.8520419722231183,True,P1,0.5487105548381805,0.45128944516181946,1.9547738693467334,2.0473684210526315,2.723055149358755,752.8237666344598,Clay
2025-07-21,44582,Yunchaokete Bu,David Goffin,P2,13.356682920176238,False,P1,0.40419523417949677,0.5958047658205032,1.5961538461538458,2.6774193548387095,-13.356682920176238,739.4670837142836,Hard
2025-07-21,44556,Arthur Cazaux,Ignacio Buse,P2,6.209976096565431,False,P1,0.4063957631587982,0.5936042368412018,2.0473684210526315,1.9547738693467334,-6.209976096565431,733.2571076177181,Clay
2025-07-21,44583,Aleksandar Kovacevic,Quentin Halys,P1,4.0006163221277165,True,P1,0.5648653507232666,0.4351346492767334,1.9547738693467334,2.0473684210526315,3.8196839256495774,737.0767915433677,Hard
2025-07-21,44529,Dino Prizmic,Elmer Moller,P2,14.741535830867354,False,P1,0.28106458485126495,0.718935415148735,1.7713004484304933,2.296511627906977,-14.741535830867354,722.3352557125003,Clay
2025-07-21,44530,Mariano Navone,Tomas Barrios Vera,P2,0.1421383512189538,False,P1,0.768701933324337,0.231298066675663,1.295774647887324,4.3809523809523805,-0.1421383512189538,722.1931173612813,Clay
2025-07-21,44584,Jaume Munar,Marcos Giron,P2,5.2465424563811185,False,P1,0.39565640687942505,0.604343593120575,2.160220994475138,1.8619047619047617,-5.2465424563811185,716.9465749049002,Hard
2025-07-21,44585,Zachary Svajda,Miomir Kecmanovic,P2,12.275764175088213,False,P1,0.24837401509284973,0.7516259849071503,2.647435897435897,1.6070038910505835,-12.275764175088213,704.670810729812,Hard
2025-07-21,44531,Nikoloz Basilashvili,Roberto Carballes Baena,P2,5.482212544809539,False,P1,0.46935123205184937,0.5306487679481506,1.7990867579908678,2.2514285714285713,-5.482212544809539,699.1885981850025,Clay
2025-07-21,44559,Jan-Lennard Struff,Sebastian Ofner,P1,4.999693893315977,True,P1,0.521479994058609,0.478520005941391,2.264367816091954,1.7909090909090908,6.321452049020201,705.5100502340227,Clay
2025-07-21,44586,Yibing Wu,Gael Monfils,P2,4.393861309260249,False,P1,0.3110392391681671,0.6889607608318329,2.814569536423841,1.5510948905109487,-4.393861309260249,701.1161889247625,Hard
2025-07-21,44587,Matteo Arnaldi,Daniel Altmaier,P2,1.0050003400781753,False,P1,0.5553960502147675,0.44460394978523254,1.7488986784140967,2.335294117647059,-1.0050003400781753,700.1111885846843,Hard
2025-07-21,44533,Terence Atmane,Dusan Lajovic,P1,10.91835778604468,True,P1,0.5481872409582138,0.4518127590417862,2.9121621621621623,1.5229681978798588,20.877670631423275,720.9888592161076,Clay
2025-07-21,44560,Thiago Agustin Tirante,Jaime Faria,P2,7.922737237773713,False,P1,0.47881828248500824,0.5211817175149918,1.6294820717131475,2.5886075949367084,-7.922737237773713,713.0661219783339,Clay
2025-07-21,44561,Botic Van De Zandschulp,Nicolas Jarry,P1,7.500430898173104,True,P1,0.5146672129631042,0.48533278703689575,2.5949367088607596,1.626984126984127,11.96271257176976,725.0288345501036,Clay
2025-07-21,44588,Daniel Evans,Zizou Bergs,P1,3.753548230974504,True,P1,0.471491202712059,0.528508797287941,2.436363636363637,1.6962025316455698,5.391460186308835,730.4202947364124,Hard
2025-07-21,44589,Fabian Marozsan,Benjamin Bonzi,P1,0.48687102795243636,True,P1,0.5940141081809998,0.40598589181900024,1.6991525423728815,2.43030303030303,0.3403971170006441,730.760691853413,Hard
2025-07-21,44535,Carlos Taberner,Pierre-Hugues Herbert,P2,13.39222550132478,False,P1,0.3995276838541031,0.6004723161458969,1.5855513307984792,2.707792207792208,-13.39222550132478,717.3684663520883,Clay
2025-07-21,44562,Arthur Rinderknech,Facundo Bagnis,P1,12.213852367721122,True,P1,0.7597602158784866,0.24023978412151337,1.5730337078651684,2.745098039215686,6.998949109593001,724.3674154616813,Clay
2025-07-21,44536,Chun-Hsin Tseng,Giulio Zeppieri,P1,0.9449739774411271,True,P1,0.47423936426639557,0.5257606357336044,2.1731843575418996,1.8523809523809525,1.1086286886180823,725.4760441502993,Clay
2025-07-21,44591,Alexandre Muller,Beibit Zhukayev,P2,10.699248207554277,False,P1,0.4758635610342026,0.5241364389657974,1.4816053511705687,3.076388888888889,-10.699248207554277,714.776795942745,Hard
2025-07-21,44565,Norbert Gombos,Hugo Gaston,P2,3.5433282233545467,False,P1,0.3441222161054611,0.6558777838945389,2.6178343949044587,1.6181102362204727,-3.5433282233545467,711.2334677193904,Clay
2025-07-21,44592,Yoshihito Nishioka,Jenson Brooksby,P1,4.313227304977307,True,P1,0.3785182535648346,0.6214817464351654,3.4160583941605838,1.4138972809667674,10.421009036113055,721.6544767555035,Hard
2025-07-21,44566,Alexander Shevchenko,Daniel Elahi Galan,P1,0.116629284050435,True,P1,0.5838494747877121,0.4161505252122879,1.7167381974248928,2.3952095808383236,0.08359266281726457,721.7380694183208,Clay
2025-07-21,44593,Cameron Norrie,Billy Harris,P2,1.5101471164368618,False,P1,0.7546071410179138,0.24539285898208618,1.269736842105263,4.7073170731707314,-1.5101471164368618,720.227922301884,Hard
2025-07-21,44567,Alexander Bublik,Thiago Agustin Tirante,P1,10.539548902713731,True,P1,0.7446228861808777,0.2553771138191223,1.5650557620817847,2.7697368421052633,5.955432837221145,726.1833551391051,Clay
2025-07-21,44540,Carlos Taberner,Francisco Cerundolo,P1,1.310943765435487,True,P1,0.210426464676857,0.789573535323143,5.529411764705882,1.2207792207792207,5.937804114031323,732.1211592531364,Clay
2025-07-21,44541,Luciano Darderi,Chun-Hsin Tseng,P1,7.076892088013261,True,P1,0.7616251558065414,0.23837484419345856,1.4194528875379937,3.384057971014493,2.9684228211119437,735.0895820742484,Clay
2025-07-21,44568,Yannick Hanfmann,Sebastian Baez,P1,8.276567845204248,True,P1,0.5986857116222382,0.40131428837776184,2.074468085106383,1.9306930693069304,8.89290800388967,743.9824900781381,Clay
2025-07-21,44595,Ethan Quinn,Christopher O'Connell,P2,8.556302787941572,False,P1,0.47984662652015686,0.5201533734798431,1.6046511627906976,2.6538461538461537,-8.556302787941572,735.4261872901965,Hard
2025-07-21,44569,Jan-Lennard Struff,Pedro Martinez,P1,4.278208517459076,True,P1,0.705448791384697,0.29455120861530304,1.4999999999999998,2.9999999999999996,2.139104258729537,737.565291548926,Clay
2025-07-21,44542,Damir Dzumhur,Stan Wawrinka,P2,1.083451883614491,False,P1,0.617877408862114,0.38212259113788605,1.5708955223880594,2.7516339869281046,-1.083451883614491,736.4818396653114,Clay
2025-07-21,44596,Learner Tien,Emilio Nava,P2,1.5645158468408784,False,P1,0.5543500930070877,0.4456499069929123,1.7272727272727275,2.375,-1.5645158468408784,734.9173238184705,Hard
2025-07-21,44597,Aleksandar Vukic,Giovanni Mpetshi Perricard,P2,2.33632677240501,False,P1,0.3745677322149277,0.6254322677850723,2.5,1.6666666666666667,-2.33632677240501,732.5809970460656,Hard
2025-07-21,44570,Thiago Seyboth Wild,Roberto Bautista Agut,P2,7.272058621204738,False,P1,0.42333921790122986,0.5766607820987701,1.8932038834951457,2.119565217391304,-7.272058621204738,725.3089384248608,Clay
2025-07-21,44543,Jesper de Jong,Mariano Navone,P1,11.80385883119796,True,P1,0.5457347929477692,0.45426520705223083,3.0625000000000004,1.4848484848484849,24.3454588393458,749.6543972642066,Clay
2025-07-21,44571,Arthur Rinderknech,Norbert Gombos,P2,1.4616398634084709,False,P1,0.622622936964035,0.37737706303596497,1.5434782608695654,2.84,-1.4616398634084709,748.1927574007982,Clay
2025-07-21,44598,Taylor Fritz,Aleksandar Vukic,P1,7.2386315954389016,True,P1,0.8847852051258087,0.11521479487419128,1.1666666666666665,7.0,1.206438599239816,749.399196000038,Hard
2025-07-21,44572,Arthur Cazaux,Francisco Comesana,P1,6.02863161319695,True,P1,0.4444528967142105,0.5555471032857895,2.9591836734693877,1.5104166666666667,11.811196629936882,761.2103926299749,Clay
2025-07-21,44545,Dino Prizmic,Nikoloz Basilashvili,P2,11.911636609615957,False,P1,0.43839332461357117,0.5616066753864288,1.5671641791044775,2.7631578947368425,-11.911636609615957,749.298756020359,Clay
2025-07-21,44599,Learner Tien,Andrey Rublev,P2,0.8487161049156857,False,P1,0.34014375507831573,0.6598562449216843,2.873333333333333,1.5338078291814947,-0.8487161049156857,748.4500399154433,Hard
2025-07-21,44573,Alexander Shevchenko,Marton Fucsovics,P2,1.1889610187431976,False,P1,0.38968217372894287,0.6103178262710571,2.4846625766871164,1.6735537190082643,-1.1889610187431976,747.2610788967002,Clay
2025-07-21,44600,Frances Tiafoe,Aleksandar Kovacevic,P2,5.702510601507133,False,P1,0.5743955969810486,0.4256044030189514,1.4752475247524752,3.104166666666667,-5.702510601507133,741.558568295193,Hard
2025-07-21,44546,Camilo Ugo Carabelli,Francesco Passaro,P2,2.2442220802925203,False,P1,0.48543454706668854,0.5145654529333115,1.935323383084577,2.0691489361702122,-2.2442220802925203,739.3143462149005,Clay
2025-07-21,44601,Alex de Minaur,Yunchaokete Bu,P2,3.822723553240953,False,P1,0.7531333565711975,0.2468666434288025,1.1904761904761905,6.25,-3.822723553240953,735.4916226616596,Hard
2025-07-21,44547,Pablo Llamas Ruiz,Terence Atmane,P2,5.347100666308146,False,P1,0.5584698021411896,0.4415301978588104,1.5302491103202847,2.885906040268457,-5.347100666308146,730.1445219953514,Clay
2025-07-21,44574,Botic Van De Zandschulp,Filip Misolic,P1,6.530940885783353,True,P1,0.5101820975542068,0.48981790244579315,2.478527607361963,1.6763485477178421,9.65617640167968,739.800698397031,Clay
2025-07-21,44602,Daniil Medvedev,Reilly Opelka,P2,4.483641135045849,False,P1,0.6539417505264282,0.3460582494735718,1.3438320209973753,3.9083969465648853,-4.483641135045849,735.3170572619852,Hard
2025-07-21,44548,Luciano Darderi,Dino Prizmic,P1,11.47487058475297,True,P1,0.7079046219587326,0.2920953780412674,1.737991266375546,2.3550295857988166,8.468354274337345,743.7854115363225,Clay
2025-07-21,44575,Alexander Bublik,Alexander Shevchenko,P2,0.38696851347325634,False,P1,0.7298998087644577,0.2701001912355423,1.3557951482479784,3.810606060606061,-0.38696851347325634,743.3984430228493,Clay
2025-07-21,44549,Camilo Ugo Carabelli,Pablo Llamas Ruiz,P1,5.953888646370548,True,P1,0.5532416850328445,0.44675831496715546,2.1366120218579234,1.879807692307692,6.767261412268164,750.1657044351174,Clay
2025-07-21,44576,Arthur Rinderknech,Yannick Hanfmann,P1,2.071952245294261,True,P1,0.4761962741613388,0.5238037258386612,2.244318181818182,1.8036529680365299,2.5781678506786547,752.7438722857961,Clay
2025-07-21,44603,Flavio Cobolli,Yoshihito Nishioka,P2,5.735154183020153,False,P1,0.5872400254011154,0.4127599745988846,1.4433962264150944,3.2553191489361706,-5.735154183020153,747.0087181027759,Hard
2025-07-21,44577,Arthur Cazaux,Jan-Lennard Struff,P2,0.17540563250680238,False,P1,0.4020438939332962,0.5979561060667038,2.475609756097561,1.6776859504132233,-0.17540563250680238,746.8333124702691,Clay
2025-07-21,44604,Yibing Wu,Alexei Popyrin,P2,2.014494208789902,False,P1,0.44647879898548126,0.5535212010145187,2.1189189189189186,1.8937198067632852,-2.014494208789902,744.8188182614792,Hard
2025-07-21,44551,Carlos Taberner,Jesper de Jong,P2,3.202248718080691,False,P1,0.28386737406253815,0.7161326259374619,3.2198581560283692,1.450479233226837,-3.202248718080691,741.6165695433986,Clay
2025-07-21,44578,Botic Van De Zandschulp,Thiago Seyboth Wild,P1,2.186831226715869,True,P1,0.5750982761383057,0.42490172386169434,1.8232558139534885,2.214689265536723,1.8003215215288784,743.4168910649274,Clay
2025-07-21,44605,Jiri Lehecka,Zachary Svajda,P1,14.86833782129855,True,P1,0.864157609641552,0.13584239035844803,1.4420062695924765,3.2624113475177303,6.571898535432901,749.9887896003603,Hard
2025-07-21,44552,Luciano Darderi,Camilo Ugo Carabelli,P2,4.674074981253435,False,P1,0.6388687938451767,0.3611312061548233,1.3701657458563536,3.7014925373134324,-4.674074981253435,745.3147146191069,Clay
2025-07-21,44606,Alejandro Davidovich Fokina,Jaume Munar,P1,4.033828662313733,True,P1,0.5971259027719498,0.40287409722805023,1.8240740740740737,2.2134831460674156,3.3241736198696494,748.6388882389765,Hard
2025-07-21,44579,Alexander Bublik,Botic Van De Zandschulp,P2,3.629512241780442,False,P1,0.6590713858604431,0.3409286141395569,1.3701657458563536,3.7014925373134324,-3.629512241780442,745.0093759971961,Clay
2025-07-21,44553,Carlos Taberner,Damir Dzumhur,P2,8.256216881568198,False,P1,0.3633667528629303,0.6366332471370697,2.14207650273224,1.8755980861244024,-8.256216881568198,736.7531591156279,Clay
2025-07-21,44580,Arthur Cazaux,Arthur Rinderknech,P2,9.981489460534348,False,P1,0.4298078417778015,0.5701921582221985,1.6962025316455698,2.436363636363637,-9.981489460534348,726.7716696550935,Clay
2025-07-21,44607,Matteo Arnaldi,Lorenzo Sonego,P2,3.7604252050343905,False,P1,0.4390634596347809,0.5609365403652191,2.0418848167539267,1.959798994974874,-3.7604252050343905,723.0112444500592,Hard
2025-07-21,44581,Alexander Bublik,Arthur Cazaux,P1,8.276080469715236,True,P1,0.7957134991884232,0.20428650081157684,1.3604336043360434,3.774436090225563,2.982977513474598,725.9942219635337,Clay
2025-07-21,44608,Cameron Norrie,Lorenzo Musetti,P2,12.984855521353563,False,P1,0.2822172939777374,0.7177827060222626,2.275862068965517,1.7837837837837835,-12.984855521353563,713.0093664421802,Hard
2025-07-21,44554,Luciano Darderi,Carlos Taberner,P1,1.0738192724827746,True,P1,0.6759721636772156,0.3240278363227844,1.5017064846416384,2.993197278911565,0.5387420923377745,713.548108534518,Clay
2025-07-21,44609,Ben Shelton,Mackenzie McDonald,P2,4.418892421182867,False,P1,0.6699917912483215,0.33000820875167847,1.3076923076923077,4.250000000000001,-4.418892421182867,709.1292161133351,Hard
2025-07-21,44610,Daniel Evans,Alex Michelsen,P1,10.193645378282056,True,P1,0.48541489243507385,0.5145851075649261,3.5999999999999996,1.3846153846153846,26.503477983533344,735.6326940968685,Hard
2025-07-21,44611,Brandon Nakashima,Ethan Quinn,P1,6.942132104155672,True,P1,0.7289651036262512,0.2710348963737488,1.5017064846416384,2.993197278911565,3.482912693893802,739.1156067907623,Hard
2025-07-21,44612,Gabriel Diallo,Fabian Marozsan,P2,3.4553934253645155,False,P1,0.5425598919391632,0.4574401080608368,1.670781893004115,2.4907975460122698,-3.4553934253645155,735.6602133653978,Hard
2025-07-21,44613,Corentin Moutet,Alexandre Muller,P1,0.6179727133224734,True,P1,0.5046089887619019,0.49539101123809814,2.0155440414507773,1.9846938775510201,0.6275785067938072,736.2877918721916,Hard
2025-07-21,44614,Taylor Fritz,Matteo Arnaldi,P1,1.7413047096047514,True,P1,0.8475679308176041,0.15243206918239594,1.1904761904761905,6.25,0.33167708754376213,736.6194689597354,Hard
2025-07-21,44615,Ben Shelton,Gabriel Diallo,P2,0.13339569505321255,False,P1,0.6286671757698059,0.3713328242301941,1.5849056603773586,2.7096774193548385,-0.13339569505321255,736.4860732646822,Hard
2025-07-21,44616,Frances Tiafoe,Flavio Cobolli,P2,5.135629218337912,False,P1,0.4717664569616318,0.5282335430383682,1.8240740740740737,2.2134831460674156,-5.135629218337912,731.3504440463443,Hard
2025-07-21,44617,Alex de Minaur,Jiri Lehecka,P2,8.456600769532578,False,P1,0.4841584414243698,0.5158415585756302,1.5877862595419847,2.7012987012987018,-8.456600769532578,722.8938432768117,Hard
2025-07-21,44618,Daniil Medvedev,Yibing Wu,P2,1.9278142300533505,False,P1,0.7290003597736359,0.27099964022636414,1.2985781990521326,4.349206349206349,-1.9278142300533505,720.9660290467583,Hard
2025-07-21,44619,Alejandro Davidovich Fokina,Learner Tien,P1,1.6310931973640634,True,P1,0.6180989742279053,0.3819010257720947,1.6666666666666667,2.5,1.0873954649093758,722.0534245116677,Hard
2025-07-21,44620,Brandon Nakashima,Cameron Norrie,P1,6.909272544202685,True,P1,0.6153360307216644,0.38466396927833557,1.9073170731707316,2.102150537634408,6.2689009425448745,728.3223254542125,Hard
2025-07-21,44621,Corentin Moutet,Daniel Evans,P2,12.973574245851268,False,P1,0.42522332072257996,0.57477667927742,1.5138888888888888,2.9459459459459456,-12.973574245851268,715.3487512083613,Hard
2025-07-21,44622,Alejandro Davidovich Fokina,Taylor Fritz,P2,11.173568958928977,False,P1,0.17831799387931824,0.8216820061206818,3.856060606060606,1.350132625994695,-11.173568958928977,704.1751822494323,Hard
2025-07-21,44623,Ben Shelton,Frances Tiafoe,P2,8.469128632403045,False,P1,0.5045724809169769,0.49542751908302307,1.5051546391752577,2.9795918367346936,-8.469128632403045,695.7060536170293,Hard
2025-07-21,44624,Alex de Minaur,Brandon Nakashima,P2,2.2463886830047257,False,P1,0.61346235871315,0.38653764128685,1.524822695035461,2.9054054054054053,-2.2463886830047257,693.4596649340245,Hard
2025-07-21,44625,Corentin Moutet,Daniil Medvedev,P1,4.138348394688822,True,P1,0.3138427138328552,0.6861572861671448,4.5280000000000005,1.2834467120181405,14.600093136462165,708.0597580704867,Hard
2025-07-21,44626,Alejandro Davidovich Fokina,Ben Shelton,P1,5.69077504702491,True,P1,0.3857855498790741,0.6142144501209259,3.729323308270676,1.3663911845730026,15.531964977970238,723.591723048457,Hard
2025-07-21,44627,Alex de Minaur,Corentin Moutet,P2,5.237847372678036,False,P1,0.7017242610454559,0.29827573895454407,1.2187499999999998,5.571428571428571,-5.237847372678036,718.3538756757789,Hard
2025-07-21,44628,Alex de Minaur,Alejandro Davidovich Fokina,P1,1.3295266539255273,True,P1,0.6876808404922485,0.31231915950775146,1.4799999999999998,3.083333333333333,0.6381727938842527,718.9920484696631,Hard
2025-07-27,44629,Corentin Moutet,Jenson Brooksby,P1,0.600680410887943,True,P1,0.5596457421779633,0.44035425782203674,1.811059907834101,2.2329545454545454,0.48718779869252493,719.4792362683556,Hard
2025-07-27,44631,Yunchaokete Bu,Vit Kopriva,P2,1.075277562562071,False,P1,0.6646648645401001,0.3353351354598999,1.459546925566343,3.176056338028169,-1.075277562562071,718.4039587057936,Hard
2025-07-27,44632,Roberto Carballes Baena,Camilo Ugo Carabelli,P2,3.3905457779941077,False,P1,0.3999389708042145,0.6000610291957855,2.264367816091954,1.7909090909090908,-3.3905457779941077,715.0134129277994,Hard
2025-07-27,44634,Francisco Comesana,Damir Dzumhur,P2,5.555071710624677,False,P1,0.527121976017952,0.47287802398204803,1.6023166023166024,2.66025641025641,-5.555071710624677,709.4583412171747,Hard
2025-07-27,44636,Hugo Gaston,Mattia Bellucci,P1,4.021939683911414,True,P1,0.42913419008255005,0.57086580991745,2.8079470198675502,1.5531135531135531,7.271453865614679,716.7297950827895,Hard
2025-07-27,44637,Matteo Gigante,Borna Coric,P2,0.0031354349039258516,False,P1,0.48324820399284363,0.5167517960071564,2.0691489361702122,1.935323383084577,-0.0031354349039258516,716.7266596478855,Hard
2025-07-27,44638,Adrian Mannarino,Marcos Giron,P1,2.6600484819361547,True,P1,0.36832091212272644,0.6316790878772736,3.1478873239436616,1.4655737704918033,5.7134844154262465,722.4401440633118,Hard
2025-07-27,44639,Fabian Marozsan,Hugo Dellien,P2,1.6941721714380233,False,P1,0.8231828808784485,0.1768171191215515,1.1578212290502792,7.336283185840708,-1.6941721714380233,720.7459718918738,Hard
2025-07-27,44640,Mackenzie McDonald,David Goffin,P2,3.4214646283035184,False,P1,0.5367463678121567,0.4632536321878433,1.686192468619247,2.457317073170732,-3.4214646283035184,717.3245072635702,Hard
2025-07-27,44642,Christopher O'Connell,Chun-Hsin Tseng,P2,2.093718778185296,False,P1,0.5397694408893585,0.4602305591106415,1.7444933920704846,2.3431952662721893,-2.093718778185296,715.2307884853849,Hard
2025-07-27,44643,Ethan Quinn,Yoshihito Nishioka,P2,9.895637581101493,False,P1,0.37930798530578613,0.6206920146942139,1.9068627450980393,2.1027027027027025,-9.895637581101493,705.3351509042834,Hard
2025-07-27,44644,Tristan Schoolkate,Joao Fonseca,P1,5.892645962374504,True,P1,0.37211236357688904,0.627887636423111,4.0625,1.3265306122448979,18.04622825977192,723.3813791640554,Hard
2025-07-27,44646,Aleksandar Vukic,Pedro Martinez,P2,5.331684998197242,False,P1,0.6095034927129745,0.39049650728702545,1.3988269794721404,3.50735294117647,-5.331684998197242,718.0496941658581,Hard
2025-07-27,44647,Yosuke Watanuki,Daniel Altmaier,P1,9.124738728024877,True,P1,0.5462460368871689,0.4537539631128311,2.5534591194968552,1.6437246963562753,14.17490859007638,732.2246027559345,Hard
2025-07-27,44649,Facundo Bagnis,Vasek Pospisil,P2,14.64449205511869,False,P1,0.441070094704628,0.558929905295372,1.2006920415224913,5.982758620689657,-14.64449205511869,717.5801107008158,Hard
2025-07-27,44650,Tomas Barrios Vera,Gael Monfils,P2,1.1620419135429942,False,P1,0.23038385808467865,0.7696161419153214,4.2,1.3125,-1.1620419135429942,716.4180687872728,Hard
2025-07-27,44651,James Duckworth,Juncheng Shang,P2,6.8025035803933624,False,P1,0.5060653239488602,0.49393467605113983,1.6007751937984493,2.6645161290322577,-6.8025035803933624,709.6155652068794,Hard
2025-07-27,44652,Tomas Martin Etcheverry,Pierre-Hugues Herbert,P2,7.789003017682493,False,P1,0.4949338436126709,0.5050661563873291,1.5769230769230766,2.733333333333333,-7.789003017682493,701.8265621891969,Hard
2025-07-27,44654,Miomir Kecmanovic,Quentin Halys,P2,0.717411675889063,False,P1,0.6029869467020035,0.3970130532979965,1.624505928853755,2.60126582278481,-0.717411675889063,701.1091505133079,Hard
2025-07-27,44655,Giovanni Mpetshi Perricard,Shintaro Mochizuki,P1,1.6146982389641549,True,P1,0.6681952178478241,0.3318047821521759,1.5333333333333337,2.8750000000000004,0.8611723941142164,701.9703229074221,Hard
2025-07-27,44656,Emilio Nava,Zizou Bergs,P1,0.9201806118820076,True,P1,0.42790253460407257,0.5720974653959274,2.4242424242424243,1.702127659574468,1.310560265407708,703.2808831728298,Hard
2025-07-27,44657,Reilly Opelka,Sebastian Ofner,P2,4.886904347059448,False,P1,0.5471744984388351,0.45282550156116486,1.5735849056603772,2.7434210526315783,-4.886904347059448,698.3939788257703,Hard
2025-07-27,44660,Adam Walton,Benjamin Bonzi,P2,3.6984786662018485,False,P1,0.44934743642807007,0.5506525635719299,1.9897435897435893,2.0103626943005177,-3.6984786662018485,694.6955001595685,Hard
2025-07-27,44661,Taylor Fritz,Roberto Carballes Baena,P2,1.6532822747629854,False,P1,0.8822465389966965,0.11775346100330353,1.0795198799699925,13.575471698113207,-1.6532822747629854,693.0422178848055,Hard
2025-07-27,44662,Ben Shelton,Adrian Mannarino,P2,0.669755136007304,False,P1,0.8049190565943718,0.1950809434056282,1.2183486238532109,5.579831932773109,-0.669755136007304,692.3724627487982,Hard
2025-07-27,44663,Andrey Rublev,Hugo Gaston,P2,7.304627167880537,False,P1,0.6941123604774475,0.3058876395225525,1.1366995073891626,8.315315315315313,-7.304627167880537,685.0678355809176,Hard
2025-07-27,44664,Frances Tiafoe,Yosuke Watanuki,P2,2.1593383554806205,False,P1,0.6580788791179657,0.3419211208820343,1.4237804878048779,3.3597122302158278,-2.1593383554806205,682.908497225437,Hard
2025-07-27,44665,Alex de Minaur,Francisco Comesana,P2,2.529563856840752,False,P1,0.8250753805041313,0.17492461949586868,1.1222222222222222,9.181818181818182,-2.529563856840752,680.3789333685963,Hard
2025-07-27,44668,Arthur Fils,Pablo Carreno Busta,P2,3.0629626360807762,False,P1,0.6359956711530685,0.36400432884693146,1.4307692307692306,3.3214285714285707,-3.0629626360807762,677.3159707325156,Hard
2025-07-27,44669,Jiri Lehecka,Mackenzie McDonald,P2,0.8001311202299783,False,P1,0.6971184313297272,0.3028815686702728,1.4005847953216373,3.496350364963503,-0.8001311202299783,676.5158396122856,Hard
2025-07-27,44670,Alejandro Davidovich Fokina,Corentin Moutet,P2,2.3965343095250096,False,P1,0.5441180169582367,0.4558819830417633,1.7076271186440675,2.413173652694611,-2.3965343095250096,674.1193053027606,Hard
2025-07-27,44671,Fabian Marozsan,Felix Auger-Aliassime,P1,2.2954621026011495,True,P1,0.4340427666902542,0.5659572333097458,2.546583850931677,1.6465863453815262,3.5501246183086104,677.6694299210692,Hard
2025-07-27,44672,Christopher O'Connell,Stefanos Tsitsipas,P1,0.006503000565063672,True,P1,0.31359754502773285,0.6864024549722672,3.1901408450704225,1.4565916398713825,0.014242487153061987,677.6836724082223,Hard
2025-07-27,44673,Brandon Nakashima,Ethan Quinn,P1,7.260291113822157,True,P1,0.7553202509880066,0.2446797490119934,1.4522292993630572,3.211267605633803,3.2833163635756244,680.9669887717979,Hard
2025-07-27,44674,Gabriel Diallo,Matteo Gigante,P2,4.455156690275125,False,P1,0.6410644352436066,0.35893556475639343,1.3557951482479784,3.810606060606061,-4.455156690275125,676.5118320815228,Hard
2025-07-27,44675,Lorenzo Sonego,Yunchaokete Bu,P1,2.2386087486348356,True,P1,0.5592945665121078,0.44070543348789215,1.8937198067632852,2.1189189189189186,2.000688978248525,678.5125210597713,Hard
2025-07-27,44676,Aleksandar Vukic,Cameron Norrie,P1,1.9092023831757141,True,P1,0.35683850944042206,0.6431614905595779,3.13986013986014,1.4673202614379082,4.085426078683696,682.597947138455,Hard
2025-07-27,44677,Alexander Zverev,Adam Walton,P2,3.083644208535808,False,P1,0.7928140163421631,0.20718598365783691,1.1473684210526316,7.785714285714286,-3.083644208535808,679.5143029299192,Hard
2025-07-27,44678,Lorenzo Musetti,James Duckworth,P1,4.311108616662238,True,P1,0.7677521929144859,0.23224780708551407,1.3623978201634879,3.7593984962406015,1.5623363651664246,681.0766392950856,Hard
2025-07-27,44679,Holger Rune,Giovanni Mpetshi Perricard,P1,4.4709402737121655,True,P1,0.6563581079244614,0.34364189207553864,1.6544715447154474,2.527950310559006,2.9261031872669063,684.0027424823525,Hard
2025-07-27,44680,Casper Ruud,Roman Safiullin,P1,2.3499473881662793,True,P1,0.6838745921850204,0.31612540781497955,1.5138888888888888,2.9459459459459456,1.2076118522521158,685.2103543346046,Hard
2025-07-27,44683,Francisco Cerundolo,Jaume Munar,P1,6.386709043918674,True,P1,0.6015524566173553,0.39844754338264465,1.959798994974874,2.0418848167539267,6.1299569215500815,691.3403112561547,Hard
2025-07-27,44684,Reilly Opelka,Tomas Machac,P1,1.6498566767913545,True,P1,0.43665169179439545,0.5633483082056046,2.4484848484848483,1.6903765690376567,2.3897923985038405,693.7301036546585,Hard
2025-07-27,44686,Learner Tien,Denis Shapovalov,P2,3.304918342964669,False,P1,0.36322516202926636,0.6367748379707336,2.4907975460122698,1.670781893004115,-3.304918342964669,690.4251853116938,Hard
2025-07-27,44687,Tomas Martin Etcheverry,Tallon Griekspoor,P2,1.446743639596452,False,P1,0.3267223536968231,0.6732776463031769,2.9324324324324325,1.5174825174825177,-1.446743639596452,688.9784416720973,Hard
2025-07-27,44688,Alex Michelsen,Tomas Barrios Vera,P2,0.7452517596458159,False,P1,0.7797629609704018,0.22023703902959824,1.254697286012526,4.926229508196722,-0.7452517596458159,688.2331899124515,Hard
2025-07-27,44689,Alexandre Muller,Miomir Kecmanovic,P2,0.6001060549217442,False,P1,0.3587871789932251,0.6412128210067749,2.738562091503268,1.5751879699248121,-0.6001060549217442,687.6330838575298,Hard
2025-07-27,44690,Nuno Borges,Facundo Bagnis,P2,6.853719135021706,False,P1,0.6737774908542633,0.3262225091457367,1.1883116883116882,6.310344827586207,-6.853719135021706,680.779364722508,Hard
2025-07-27,44691,Matteo Arnaldi,Tristan Schoolkate,P1,1.0318737722411897,True,P1,0.6029823571443558,0.3970176428556442,1.6932773109243697,2.4424242424242424,0.7153746740327576,681.4947393965408,Hard
2025-07-27,44693,Taylor Fritz,Gabriel Diallo,P1,7.609545827429382,True,P1,0.7620671764016151,0.23793282359838486,1.4416403785488958,3.2642857142857147,3.3606826998110826,684.8554220963518,Hard
2025-07-27,44694,Ben Shelton,Brandon Nakashima,P2,2.745057421247378,False,P1,0.6302198320627213,0.36978016793727875,1.459546925566343,3.176056338028169,-2.745057421247378,682.1103646751045,Hard
2025-07-27,44695,Andrey Rublev,Lorenzo Sonego,P2,7.137691694516668,False,P1,0.5405568033456802,0.45944319665431976,1.4627831715210353,3.1608391608391604,-7.137691694516668,674.9726729805878,Hard
2025-07-27,44696,Frances Tiafoe,Aleksandar Vukic,P1,0.789240571134082,True,P1,0.7027696073055267,0.29723039269447327,1.4375,3.285714285714286,0.3452927498711609,675.317965730459,Hard
2025-07-27,44697,Alejandro Davidovich Fokina,Jakub Mensik,P2,4.604103198274421,False,P1,0.4318231791257858,0.5681768208742142,2.0,2.0,-4.604103198274421,670.7138625321846,Hard
2025-07-27,44698,Flavio Cobolli,Fabian Marozsan,P1,3.2018648714022757,True,P1,0.5257612466812134,0.4742387533187866,2.102150537634408,1.9073170731707316,3.528937089448743,674.2427996216334,Hard
2025-07-27,44699,Jiri Lehecka,Arthur Fils,P2,1.516580244699629,False,P1,0.5470933467149734,0.45290665328502655,1.7456140350877196,2.3411764705882354,-1.516580244699629,672.7262193769337,Hard
2025-07-27,44700,Alexander Zverev,Matteo Arnaldi,P2,0.8587342520249946,False,P1,0.7776399850845337,0.2223600149154663,1.2531120331950205,4.950819672131147,-0.8587342520249946,671.8674851249087,Hard
2025-07-27,44701,Alex Michelsen,Lorenzo Musetti,P2,7.7924978804025296,False,P1,0.29055769741535187,0.7094423025846481,2.643312101910828,1.6085271317829455,-7.7924978804025296,664.0749872445062,Hard
2025-07-27,44702,Holger Rune,Alexandre Muller,P2,0.6193128025698225,False,P1,0.752246618270874,0.24775338172912598,1.3045563549160673,4.283464566929133,-0.6193128025698225,663.4556744419365,Hard
2025-07-27,44703,Casper Ruud,Nuno Borges,P2,0.4803515993020582,False,P1,0.6298958510160446,0.3701041489839554,1.5645756457564575,2.7712418300653594,-0.4803515993020582,662.9753228426345,Hard
2025-07-27,44704,Alexei Popyrin,Daniil Medvedev,P1,4.820564265072085,True,P1,0.3431113660335541,0.6568886339664459,4.322834645669291,1.3009478672985784,16.017937951656847,678.9932607942912,Hard
2025-07-27,44705,Karen Khachanov,Emilio Nava,P1,2.4777513625067975,True,P1,0.7618838921189308,0.23811610788106918,1.3456464379947228,3.893129770992366,0.8564259326870458,679.8496867269783,Hard
2025-07-27,44706,Francisco Cerundolo,Tomas Martin Etcheverry,P2,0.2982031669316609,False,P1,0.6326983273029327,0.36730167269706726,1.5666666666666667,2.7647058823529416,-0.2982031669316609,679.5514835600467,Hard
2025-07-27,44707,Alex de Minaur,Christopher O'Connell,P2,1.2720371162261976,False,P1,0.8630823120474815,0.13691768795251846,1.1152614727854857,9.675925925925924,-1.2720371162261976,678.2794464438205,Hard
2025-07-27,44708,Learner Tien,Reilly Opelka,P2,6.795337526757772,False,P1,0.4491625279188156,0.5508374720811844,1.780269058295964,2.2816091954022983,-6.795337526757772,671.4841089170627,Hard
2025-07-27,44709,Taylor Fritz,Jiri Lehecka,P2,2.267733573310405,False,P1,0.6774578839540482,0.32254211604595184,1.3764044943820226,3.656716417910447,-2.267733573310405,669.2163753437524,Hard
2025-07-27,44710,Ben Shelton,Flavio Cobolli,P2,1.8650044678117839,False,P1,0.6414258927106857,0.35857410728931427,1.4721311475409837,3.1180555555555554,-1.8650044678117839,667.3513708759406,Hard
2025-07-27,44711,Andrey Rublev,Alejandro Davidovich Fokina,P2,6.443845977318606,False,P1,0.3615652769804001,0.6384347230195999,2.2316384180790965,1.8119266055045873,-6.443845977318606,660.907524898622,Hard
2025-07-27,44712,Alex de Minaur,Frances Tiafoe,P2,3.1655892576208573,False,P1,0.6890779882669449,0.3109220117330551,1.3121951219512196,4.203125,-3.1655892576208573,657.7419356410012,Hard
2025-07-27,44713,Alexander Zverev,Francisco Cerundolo,P1,2.6320962825648757,True,P1,0.7700085788965225,0.22999142110347748,1.3333333333333333,3.999999999999999,0.877365427521625,658.6193010685229,Hard
2025-07-27,44714,Alexei Popyrin,Holger Rune,P1,1.5034136115145398,True,P1,0.3710988461971283,0.6289011538028717,2.9324324324324325,1.5174825174825177,2.9052452222510703,661.524546290774,Hard
2025-07-27,44715,Karen Khachanov,Casper Ruud,P2,0.9208132662350969,False,P1,0.5340731889009476,0.46592681109905243,1.8202764976958523,2.2191011235955056,-0.9208132662350969,660.6037330245389,Hard
2025-07-27,44716,Alex Michelsen,Learner Tien,P1,2.689165074738419,True,P1,0.5348343849182129,0.4651656150817871,2.0259067357512954,1.974747474747475,2.75883256372128,663.3625655882602,Hard
2025-07-27,44717,Taylor Fritz,Andrey Rublev,P1,12.348379130082156,True,P1,0.785944439470768,0.21405556052923203,1.5174825174825177,2.9324324324324325,6.390070319063496,669.7526359073237,Hard
2025-07-27,44718,Ben Shelton,Alex de Minaur,P1,1.1879116366186167,True,P1,0.4284285306930542,0.5715714693069458,2.454545454545454,1.6874999999999998,1.72787147144526,671.480507378769,Hard
2025-07-27,44719,Alexander Zverev,Alexei Popyrin,P1,2.803896198318086,True,P1,0.7524009197950363,0.24759908020496368,1.3701657458563536,3.7014925373134324,1.0379063275542086,672.5184137063231,Hard
2025-07-27,44720,Karen Khachanov,Alex Michelsen,P2,0.6454401643824175,False,P1,0.6662485748529434,0.3337514251470566,1.4721311475409837,3.1180555555555554,-0.6454401643824175,671.8729735419407,Hard
2025-07-27,44721,Karen Khachanov,Alexander Zverev,P1,4.878673376445754,True,P1,0.4321022480726242,0.5678977519273758,2.9795918367346936,1.5051546391752577,9.6577819901069,681.5307555320476,Hard
2025-07-27,44722,Ben Shelton,Taylor Fritz,P1,0.7787889022290175,True,P1,0.40417933464050293,0.5958206653594971,2.5624999999999996,1.6399999999999997,1.2168576597328395,682.7476131917804,Hard
2025-07-27,44723,Ben Shelton,Karen Khachanov,P2,8.234387728510672,False,P1,0.4756031930446625,0.5243968069553375,1.5954198473282442,2.6794871794871793,-8.234387728510672,674.5132254632697,Hard
2025-08-07,44733,Luca Nardi,Thiago Agustin Tirante,P2,2.7837024312667316,False,P1,0.37656956911087036,0.6234304308891296,2.436363636363637,1.6962025316455698,-2.7837024312667316,671.7295230320029,Hard
2025-08-07,44751,Pedro Martinez,Nicolas Jarry,P1,3.2701485709894875,True,P1,0.3380676954984665,0.6619323045015335,3.749999999999999,1.3636363636363635,8.992908570221088,680.722431602224,Hard
2025-08-18,44835,Sebastian Korda,Vit Kopriva,P1,4.419793018295546,True,P1,0.7132479846477509,0.28675201535224915,1.4915254237288134,3.03448275862069,2.1724406361113693,682.8948722383353,Hard
2025-08-18,44839,Luciano Darderi,Mackenzie McDonald,P2,7.954234488067244,False,P1,0.3599204868078232,0.6400795131921768,2.1311475409836067,1.8840579710144931,-7.954234488067244,674.940637750268,Hard
2025-08-18,44861,Giovanni Mpetshi Perricard,Hamad Medjedovic,P2,0.24141927173192249,False,P1,0.32944442331790924,0.6705555766820908,3.0136986301369864,1.4965986394557824,-0.24141927173192249,674.6992184785361,Hard
2025-08-18,44847,Hamad Medjedovic,Jacob Fearnley,P1,6.774310944559199,True,P1,0.7217772454023361,0.2782227545976639,1.5340501792114694,2.87248322147651,3.617821973976058,678.3170404525122,Hard
2025-08-18,44848,Mariano Navone,Marcos Giron,P1,0.40200850584559567,True,P1,0.43106694519519806,0.5689330548048019,2.357142857142857,1.7368421052631582,0.5455829722190227,678.8626234247312,Hard
2025-08-18,44836,Kamil Majchrzak,Nuno Borges,P1,0.2841053324444838,True,P1,0.46350276470184326,0.5364972352981567,2.1787709497206706,1.8483412322274884,0.33489511254629106,679.1975185372775,Hard
2025-08-18,44837,Sebastian Baez,Pablo Carreno Busta,P2,6.624806979082094,False,P1,0.26830750703811646,0.7316924929618835,2.9999999999999996,1.4999999999999998,-6.624806979082094,672.5727115581954,Hard
2025-08-18,44838,Marton Fucsovics,Tallon Griekspoor,P2,5.036088565891239,False,P1,0.37740424275398254,0.6225957572460175,2.2528735632183907,1.7981651376146788,-5.036088565891239,667.5366229923042,Hard
2025-08-18,44841,Botic Van De Zandschulp,Matteo Arnaldi,P1,4.913854861803842,True,P1,0.5419870615005493,0.4580129384994507,2.160220994475138,1.8619047619047617,5.701157574468546,673.2377805667727,Hard
2025-08-18,44843,Giovanni Mpetshi Perricard,Pedro Martinez,P2,3.801524177872757,False,P1,0.5675549805164337,0.4324450194835663,1.5629629629629629,2.776315789473684,-3.801524177872757,669.4362563888999,Hard
2025-08-18,44844,Jaume Munar,Mattia Bellucci,P2,3.552960759581923,False,P1,0.5133458226919174,0.4866541773080826,1.7412280701754383,2.3491124260355027,-3.552960759581923,665.883295629318,Hard
2025-08-18,44845,Miomir Kecmanovic,Aleksandar Kovacevic,P1,0.019768004396048224,True,P1,0.5614850074052811,0.43851499259471893,1.7818181818181815,2.2790697674418605,0.015454985255092242,665.8987506145731,Hard
2025-08-18,44846,Roberto Bautista Agut,Christopher O'Connell,P1,4.048960973231758,True,P1,0.6628180891275406,0.3371819108724594,1.6230158730158732,2.605095541401274,2.5225669555451837,668.4213175701183,Hard
2025-08-18,44850,Yunchaokete Bu,Stefanos Tsitsipas,P1,1.9085339805244919,True,P1,0.39290061593055725,0.6070993840694427,2.8079470198675502,1.5531135531135531,3.450528322405208,671.8718458925235,Hard
2025-08-18,44851,Miomir Kecmanovic,Luciano Darderi,P2,4.605408313407917,False,P1,0.5563219487667084,0.4436780512332916,1.5510948905109487,2.814569536423841,-4.605408313407917,667.2664375791156,Hard
2025-08-18,44852,Hamad Medjedovic,Gabriel Diallo,P1,3.5415112650432716,True,P1,0.5064491480588913,0.4935508519411087,2.2329545454545454,1.811059907834101,4.3665224120135795,671.6329599911292,Hard
2025-08-18,44853,Jaume Munar,Lorenzo Sonego,P2,10.880942294477133,False,P1,0.38992612063884735,0.6100738793611526,1.7336244541484718,2.3630952380952377,-10.880942294477133,660.752017696652,Hard
2025-08-18,44854,Giovanni Mpetshi Perricard,Alexandre Muller,P1,0.23700438997499504,True,P1,0.5201765298843384,0.4798234701156616,1.935323383084577,2.0691489361702122,0.22167574783730878,660.9736934444893,Hard
2025-08-18,44855,Botic Van De Zandschulp,Sebastian Baez,P1,5.548344172262235,True,P1,0.729515329003334,0.27048467099666595,1.4816053511705687,3.076388888888889,2.6721122434975317,663.6458056879868,Hard
2025-08-18,44856,Sebastian Korda,Kamil Majchrzak,P1,11.527814224914462,True,P1,0.7158336341381073,0.2841663658618927,1.7713004484304933,2.296511627906977,8.891408281099944,672.5372139690868,Hard
2025-08-18,44860,Marton Fucsovics,Jaume Munar,P1,4.3411010220848025,True,P1,0.502340704202652,0.497659295797348,2.333333333333333,1.75,5.788134696113069,678.3253486651998,Hard
2025-08-18,44862,Botic Van De Zandschulp,Yunchaokete Bu,P1,10.678257143843908,True,P1,0.6485915184020996,0.3514084815979004,2.0529100529100535,1.9497487437185932,11.243244294311845,689.5685929595116,Hard
2025-08-18,44863,Marton Fucsovics,Sebastian Korda,P2,5.383383439537073,False,P1,0.30667679011821747,0.6933232098817825,2.7516339869281046,1.5708955223880594,-5.383383439537073,684.1852095199746,Hard
2025-08-18,44864,Botic Van De Zandschulp,Giovanni Mpetshi Perricard,P1,10.514532928052184,True,P1,0.5948051661252975,0.40519483387470245,2.4096385542168677,1.7094017094017095,14.82169099496513,699.0069005149397,Hard
2025-08-18,44859,Sebastian Korda,Miomir Kecmanovic,P1,12.770674271544472,True,P1,0.7021240890026093,0.29787591099739075,1.8846153846153846,2.1304347826086953,11.297134932520109,710.3040354474598,Hard
2025-08-18,44858,Yunchaokete Bu,Mariano Navone,P2,3.1054673798642103,False,P1,0.5188155472278595,0.4811844527721405,1.7589285714285714,2.317647058823529,-3.1054673798642103,707.1985680675956,Hard
2025-08-18,44833,Mattia Bellucci,Francisco Comesana,P2,4.860743007649617,False,P1,0.3884700834751129,0.6115299165248871,2.2203389830508478,1.8194444444444444,-4.860743007649617,702.337825059946,Hard
2025-08-18,44865,Marton Fucsovics,Botic Van De Zandschulp,P2,5.240620345482389,False,P1,0.4611023962497711,0.5388976037502289,1.8450704225352113,2.183333333333333,-5.240620345482389,697.0972047144636,Hard
2025-08-18,44840,Gabriel Diallo,Nishesh Basavareddy,P1,8.921149796204345,True,P1,0.6983086466789246,0.30169135332107544,1.6820083682008369,2.4662576687116564,6.084298814984554,703.1815035294482,Hard
2025-08-18,44857,Marton Fucsovics,Roberto Bautista Agut,P2,4.043073994853126,False,P1,0.495155394077301,0.504844605922699,1.7873303167420815,2.2701149425287355,-4.043073994853126,699.138429534595,Hard
2025-08-18,44831,Aleksandar Kovacevic,Filip Misolic,P2,2.8863223053064524,False,P1,0.5440849959850311,0.45591500401496887,1.686192468619247,2.457317073170732,-2.8863223053064524,696.2521072292886,Hard
2025-08-18,44830,Christopher O'Connell,Roman Safiullin,P2,0.22956635648459453,False,P1,0.35866427421569824,0.6413357257843018,2.7697368421052633,1.5650557620817847,-0.22956635648459453,696.022540872804,Hard
2025-08-18,44829,Marton Fucsovics,Hugo Gaston,P1,1.0859052425523248,True,P1,0.6807374060153961,0.3192625939846039,1.4915254237288134,3.03448275862069,0.5337500344748712,696.5562909072789,Hard
2025-08-18,44827,Nishesh Basavareddy,Raphael Collignon,P2,6.858070923852609,False,P1,0.574593186378479,0.425406813621521,1.3976608187134503,3.514705882352941,-6.858070923852609,689.6982199834263,Hard
2025-08-18,44826,Botic Van De Zandschulp,Adam Walton,P1,7.835639172818001,True,P1,0.5781248509883881,0.42187514901161194,2.202247191011236,1.8317757009345794,9.420375185298047,699.1185951687244,Hard
2025-08-18,44825,Hamad Medjedovic,Arthur Rinderknech,P2,1.385594177856976,False,P1,0.5990605652332306,0.4009394347667694,1.6031128404669261,2.6580645161290324,-1.385594177856976,697.7330009908674,Hard
2025-08-18,44824,Mackenzie McDonald,Brandon Holt,P1,9.086340818137362,True,P1,0.769300676882267,0.230699323117733,1.4533762057877813,3.2056737588652484,4.119530724621762,701.8525317154891,Hard
2025-08-18,44823,Pedro Martinez,David Goffin,P2,5.716896744839775,False,P1,0.3832207918167114,0.6167792081832886,2.1843575418994416,1.8443396226415094,-5.716896744839775,696.1356349706493,Hard
2025-08-18,44822,Kamil Majchrzak,Nicolas Jarry,P2,0.7831687375342249,False,P1,0.4912690967321396,0.5087309032678604,1.9897435897435893,2.0103626943005177,-0.7831687375342249,695.3524662331151,Hard
2025-08-18,44821,Vit Kopriva,Sebastian Ofner,P2,2.5649901524711436,False,P1,0.36820292472839355,0.6317970752716064,2.515527950310559,1.6598360655737707,-2.5649901524711436,692.787476080644,Hard
2025-08-18,44820,Pablo Carreno Busta,Yoshihito Nishioka,P1,5.04038054679669,True,P1,0.6402148008346558,0.35978519916534424,1.7272727272727275,2.375,3.66573130676123,696.4532073874052,Hard
2025-08-18,44819,Yunchaokete Bu,Chun-Hsin Tseng,P2,2.7008178373168645,False,P1,0.6931636035442352,0.30683639645576477,1.330769230769231,4.023255813953488,-2.7008178373168645,693.7523895500883,Hard
2025-08-24,44974,Jaume Munar,Zizou Bergs,P2,3.772324506030001,False,P1,0.6028446108102798,0.39715538918972015,1.4784053156146177,3.0902777777777772,-3.772324506030001,689.9800650440583,Hard
2025-08-24,44953,Flavio Cobolli,Jenson Brooksby,P2,6.994408437074984,False,P1,0.48342274129390717,0.5165772587060928,1.6491935483870968,2.540372670807453,-6.994408437074984,682.9856566069833,Hard
2025-08-24,44866,Alejandro Davidovich Fokina,Alexander Shevchenko,P1,1.431059305270861,True,P1,0.8272527456283569,0.17274725437164307,1.21996303142329,5.546218487394958,0.31478014293388606,683.3004367499171,Hard
2025-08-24,44868,Ben Shelton,Ignacio Buse,P2,2.4983020797802173,False,P1,0.8739258199930191,0.1260741800069809,1.0605882352941176,17.50485436893204,-2.4983020797802173,680.8021346701369,Hard
2025-08-24,44881,Jordan Thompson,Corentin Moutet,P1,6.7949285416331415,True,P1,0.4256654232740402,0.5743345767259598,3.5407407407407407,1.3935860058309035,17.26415177614939,698.0662864462863,Hard
2025-08-24,44882,Novak Djokovic,Learner Tien,P1,5.5002842923999715,True,P1,0.8681937754154205,0.13180622458457947,1.185483870967742,6.391304347826088,1.0202140219774143,699.0865004682637,Hard
2025-08-24,44898,Mattia Bellucci,Juncheng Shang,P2,5.308445634121348,False,P1,0.49403685331344604,0.505963146686554,1.7167381974248928,2.3952095808383236,-5.308445634121348,693.7780548341424,Hard
2025-08-24,44899,Jaume Munar,Jaime Faria,P2,3.713781109526982,False,P1,0.689852848649025,0.31014715135097504,1.294392523364486,4.396825396825396,-3.713781109526982,690.0642737246154,Hard
2025-08-24,44900,Karen Khachanov,Nishesh Basavareddy,P1,13.801285474492309,True,P1,0.8658164590597153,0.13418354094028473,1.3038277511961724,4.291338582677165,4.193213529331398,694.2574872539468,Hard
2025-08-24,44962,Jiri Lehecka,Raphael Collignon,P2,0.2117454645794074,False,P1,0.86051444709301,0.13948555290699005,1.1550068587105626,7.45132743362832,-0.2117454645794074,694.0457417893674,Hard
2025-08-24,44963,Arthur Rinderknech,Benjamin Bonzi,P1,0.22512111639516538,True,P1,0.48926836252212524,0.5107316374778748,2.057894736842105,1.9452736318407962,0.23815444418646442,694.2838962335538,Hard
2025-08-24,44972,Alex de Minaur,Daniel Altmaier,P2,5.4369056081077725,False,P1,0.7863590195775032,0.2136409804224968,1.072513812154696,14.79047619047619,-5.4369056081077725,688.8469906254461,Hard
2025-08-24,44973,Andrey Rublev,Coleman Wong,P2,8.311954996847707,False,P1,0.6806562691926956,0.3193437308073044,1.1146161934805467,9.724770642201833,-8.311954996847707,680.5350356285984,Hard
2025-08-24,44885,Marcos Giron,Mariano Navone,P1,2.858017231154795,True,P1,0.5185092687606812,0.48149073123931885,2.108108108108108,1.9024390243902443,3.166992066955313,683.7020276955537,Hard
2025-08-24,44901,Holger Rune,Botic Van De Zandschulp,P2,4.924699377067973,False,P1,0.6162059009075165,0.3837940990924835,1.3890489913544668,3.5703703703703704,-4.924699377067973,678.7773283184857,Hard
2025-08-24,44902,Andrey Rublev,Dino Prizmic,P1,12.619135420264511,True,P1,0.8426523059606552,0.1573476940393448,1.3341902313624678,3.9923076923076914,4.21719178569251,682.9945201041783,Hard
2025-08-24,44931,Zizou Bergs,Jack Draper,P2,1.608182264761795,False,P1,0.1617886796593666,0.8382113203406334,5.889830508474576,1.2045060658578857,-1.608182264761795,681.3863378394165,Hard
2025-08-24,44869,Jakub Mensik,Nicolas Jarry,P2,1.1952214485808874,False,P1,0.6639147847890854,0.3360852152109146,1.4533762057877813,3.2056737588652484,-1.1952214485808874,680.1911163908355,Hard
2025-08-24,44870,Luciano Darderi,Rinky Hijikata,P2,1.3435123217422793,False,P1,0.567240834236145,0.432759165763855,1.6932773109243697,2.4424242424242424,-1.3435123217422793,678.8476040690932,Hard
2025-08-24,44871,Arthur Rinderknech,Roberto Carballes Baena,P2,2.8818965304036417,False,P1,0.593632698059082,0.40636730194091797,1.5415162454873648,2.8466666666666667,-2.8818965304036417,675.9657075386896,Hard
2025-08-24,44872,Tomas Machac,Luca Nardi,P1,4.291745493077843,True,P1,0.7155775725841522,0.2844224274158478,1.483221476510067,3.069444444444444,2.0738635939705015,678.0395711326601,Hard
2025-08-24,44877,Pablo Carreno Busta,Pablo Llamas Ruiz,P1,7.202780380046857,True,P1,0.7084583789110184,0.29154162108898163,1.5877862595419847,2.7012987012987018,4.233695337890137,682.2732664705502,Hard
2025-08-24,44878,Tomas Martin Etcheverry,Camilo Ugo Carabelli,P2,8.324370709225189,False,P1,0.5306564420461655,0.46934355795383453,1.4246153846153846,3.355072463768116,-8.324370709225189,673.948895761325,Hard
2025-08-24,44879,Zachary Svajda,Zsombor Piros,P2,3.8052625170076966,False,P1,0.6059043407440186,0.39409565925598145,1.4640522875816993,3.154929577464789,-3.8052625170076966,670.1436332443174,Hard
2025-08-24,44883,Benjamin Bonzi,Daniil Medvedev,P1,4.693875181629051,True,P1,0.3224467933177948,0.6775532066822052,4.715447154471544,1.2691466083150986,17.439845187028258,687.5834784313456,Hard
2025-08-24,44884,Brandon Nakashima,Jesper de Jong,P2,5.261860249161472,False,P1,0.6331540197134018,0.3668459802865982,1.3376623376623378,3.9615384615384617,-5.261860249161472,682.3216181821841,Hard
2025-08-24,44886,Zizou Bergs,Chun-Hsin Tseng,P2,1.2747542822597673,False,P1,0.6575139462947845,0.34248605370521545,1.4640522875816993,3.154929577464789,-1.2747542822597673,681.0468638999243,Hard
2025-08-24,44888,Lloyd Harris,Sebastian Baez,P2,9.120096780028696,False,P1,0.46002310514450073,0.5399768948554993,1.5916030534351142,2.690322580645161,-9.120096780028696,671.9267671198957,Hard
2025-08-24,44889,Cameron Norrie,Sebastian Korda,P2,8.561119453009537,False,P1,0.2696831077337265,0.7303168922662735,2.7631578947368425,1.5671641791044775,-8.561119453009537,663.3656476668862,Hard
2025-08-24,44890,Coleman Wong,Aleksandar Kovacevic,P1,5.1260600509087215,True,P1,0.514450192451477,0.48554980754852295,2.3491124260355027,1.7412280701754383,6.915631311285138,670.2812789781713,Hard
2025-08-24,44891,Adam Walton,Ugo Humbert,P1,0.5926042905633627,True,P1,0.3319360315799713,0.6680639684200287,3.125874125874126,1.470394736842105,1.2598021281906453,671.541081106362,Hard
2025-08-24,44893,Francisco Comesana,Alex Michelsen,P1,7.251220859385593,True,P1,0.42790403962135315,0.5720959603786469,3.699248120300752,1.370473537604457,19.572844274582163,691.1139253809441,Hard
2025-08-24,44894,Raphael Collignon,Daniel Elahi Galan,P2,9.877406255330532,False,P1,0.3951442688703537,0.6048557311296463,1.8073394495412844,2.2386363636363638,-9.877406255330532,681.2365191256135,Hard
2025-08-24,44895,Joao Fonseca,Miomir Kecmanovic,P2,6.287695312706746,False,P1,0.46829216182231903,0.531707838177681,1.7412280701754383,2.3491124260355027,-6.287695312706746,674.9488238129068,Hard
2025-08-24,44896,Frances Tiafoe,Yoshihito Nishioka,P2,5.912766746592311,False,P1,0.7229559272527695,0.27704407274723053,1.1408629441624367,8.0990990990991,-5.912766746592311,669.0360570663145,Hard
2025-08-24,44897,Flavio Cobolli,Francesco Passaro,P2,2.124535098546301,False,P1,0.7447921186685562,0.2552078813314438,1.257383966244726,4.885245901639346,-2.124535098546301,666.9115219677682,Hard
2025-08-24,44903,Tristan Boyer,James Duckworth,P1,5.651703830095103,True,P1,0.5591902434825897,0.4408097565174103,2.1311475409836067,1.8840579710144931,6.392910889779707,673.3044328575479,Hard
2025-08-24,44904,Jenson Brooksby,Aleksandar Vukic,P1,3.8753608487410474,True,P1,0.7162811607122421,0.2837188392877579,1.4719471947194718,3.118881118881119,1.8289656810890085,675.1333985386369,Hard
2025-08-24,44905,Kamil Majchrzak,Hugo Dellien,P2,4.987116188089193,False,P1,0.7751773148775101,0.22482268512248993,1.0994423791821561,11.05607476635514,-4.987116188089193,670.1462823505477,Hard
2025-08-24,44906,Jan-Lennard Struff,Mackenzie McDonald,P2,8.210601057131955,False,P1,0.3823323994874954,0.6176676005125046,1.9746192893401011,2.0260416666666665,-8.210601057131955,661.9356812934158,Hard
2025-08-24,44907,Casper Ruud,Sebastian Ofner,P1,2.54292432443067,True,P1,0.7946692556142807,0.2053307443857193,1.28604118993135,4.496,0.7273810996655231,662.6630623930813,Hard
2025-08-24,44908,Gabriel Diallo,Damir Dzumhur,P2,2.831612744822626,False,P1,0.6936687380075455,0.30633126199245453,1.3184079601990049,4.140624999999999,-2.831612744822626,659.8314496482586,Hard
2025-08-24,44909,Carlos Alcaraz,Reilly Opelka,P2,5.529953794676199,False,P1,0.7764646038413048,0.22353539615869522,1.07201646090535,14.885714285714284,-5.529953794676199,654.3014958535824,Hard
2025-08-24,44910,Jannik Sinner,Vit Kopriva,P2,1.5356590943916444,False,P1,0.9347315188497305,0.06526848115026951,1.0196078431372548,52.0,-1.5356590943916444,652.7658367591907,Hard
2025-08-24,44911,Lorenzo Musetti,Giovanni Mpetshi Perricard,P2,5.8482052037893775,False,P1,0.5670122057199478,0.4329877942800522,1.4476190476190474,3.234042553191489,-5.8482052037893775,646.9176315554014,Hard
2025-08-24,44912,Francisco Cerundolo,Matteo Arnaldi,P1,4.0086747208889015,True,P1,0.6108832955360413,0.38911670446395874,1.7990867579908678,2.2514285714285713,3.203278886555059,650.1209104419564,Hard
2025-08-24,44913,Alexander Bublik,Marin Cilic,P2,2.8844490567965173,False,P1,0.6109612435102463,0.3890387564897537,1.4915254237288134,3.03448275862069,-2.8844490567965173,647.2364613851599,Hard
2025-08-24,44914,Denis Shapovalov,Marton Fucsovics,P2,7.719496679548369,False,P1,0.3836676627397537,0.6163323372602463,1.9846938775510201,2.0155440414507773,-7.719496679548369,639.5169647056116,Hard
2025-08-24,44915,David Goffin,Quentin Halys,P1,7.969037012126331,True,P1,0.5202857851982117,0.47971421480178833,2.7697368421052633,1.5650557620817847,14.103098396460416,653.620063102072,Hard
2025-08-24,44916,Shintaro Mochizuki,Hugo Gaston,P2,7.662819163783606,False,P1,0.46792592108249664,0.5320740789175034,1.6360000000000001,2.5723270440251573,-7.662819163783606,645.9572439382883,Hard
2025-08-24,44917,Alexei Popyrin,Emil Ruusuvuori,P2,9.795270410391414,False,P1,0.6374491900205612,0.3625508099794388,1.0929824561403507,11.754716981132075,-9.795270410391414,636.161973527897,Hard
2025-08-24,44918,Leandro Riedi,Pedro Martinez,P2,9.999001735555337,False,P1,0.4096946716308594,0.5903053283691406,1.6735537190082643,2.4846625766871164,-9.999001735555337,626.1629717923416,Hard
2025-08-24,44920,Felix Auger-Aliassime,Billy Harris,P2,3.6081787479966265,False,P1,0.779830127954483,0.22016987204551697,1.1345454545454547,8.432432432432433,-3.6081787479966265,622.554793044345,Hard
2025-08-24,44921,Stefanos Tsitsipas,Alexandre Muller,P2,2.702921013434207,False,P1,0.5699041038751602,0.4300958961248398,1.6023166023166024,2.66025641025641,-2.702921013434207,619.8518720309108,Hard
2025-08-24,44922,Daniel Altmaier,Hamad Medjedovic,P2,2.17740045962655,False,P1,0.25582291930913925,0.7441770806908607,3.634328358208956,1.379603399433428,-2.17740045962655,617.6744715712842,Hard
2025-08-24,44923,Nuno Borges,Brandon Holt,P2,0.4627169780683452,False,P1,0.7017989009618759,0.2982010990381241,1.403560830860534,3.477941176470588,-0.4627169780683452,617.2117545932159,Hard
2025-08-24,44924,Roman Safiullin,Gael Monfils,P2,3.809053602190955,False,P1,0.42924928665161133,0.5707507133483887,2.0421052631578944,1.9595959595959598,-3.809053602190955,613.402700991025,Hard
2025-08-24,44925,Tristan Schoolkate,Lorenzo Sonego,P1,1.2244740924760533,True,P1,0.3294046074151993,0.6705953925848007,3.3165467625899288,1.4316770186335404,2.8365514948006423,616.2392524858257,Hard
2025-08-24,44926,Alex de Minaur,Christopher O'Connell,P2,3.8851568564674555,False,P1,0.8150490894913673,0.18495091050863266,1.0722145804676755,14.847619047619046,-3.8851568564674555,612.3540956293582,Hard
2025-08-24,44927,Alexander Zverev,Alejandro Tabilo,P2,2.313356311841761,False,P1,0.8716331236064434,0.1283668763935566,1.0605882352941176,17.50485436893204,-2.313356311841761,610.0407393175165,Hard
2025-08-24,44928,Tommy Paul,Elmer Moller,P2,1.629227778262564,False,P1,0.8649708479642868,0.1350291520357132,1.0943562610229276,11.598130841121495,-1.629227778262564,608.4115115392539,Hard
2025-08-24,44929,Jacob Fearnley,Roberto Bautista Agut,P2,6.807970798820048,False,P1,0.32764434814453125,0.6723556518554688,2.3690476190476186,1.7304347826086959,-6.807970798820048,601.6035407404338,Hard
2025-08-24,44930,Jiri Lehecka,Tomas Martin Etcheverry,P2,2.2506174216991144,False,P1,0.7042410224676132,0.2957589775323868,1.3137254901960784,4.1875,-2.2506174216991144,599.3529233187347,Hard
2025-08-24,44932,Novak Djokovic,Zachary Svajda,P2,0.45084567037928996,False,P1,0.8858233988285065,0.11417660117149353,1.1119096509240245,9.93577981651376,-0.45084567037928996,598.9020776483554,Hard
2025-08-24,44933,Tomas Machac,Joao Fonseca,P2,0.5730624355048314,False,P1,0.5229600667953491,0.4770399332046509,1.8755980861244024,2.14207650273224,-0.5730624355048314,598.3290152128505,Hard
2025-08-24,44935,Taylor Fritz,Lloyd Harris,P2,4.015384175964712,False,P1,0.7774186134338379,0.2225813865661621,1.113660062565172,9.79816513761468,-4.015384175964712,594.3136310368858,Hard
2025-08-24,44936,Raphael Collignon,Casper Ruud,P2,5.914874208920342,False,P1,0.1277996227145195,0.8722003772854805,6.267241379310346,1.1898527004909984,-5.914874208920342,588.3987568279655,Hard
2025-08-24,44937,Benjamin Bonzi,Marcos Giron,P1,1.0226273121679665,True,P1,0.5112082213163376,0.4887917786836624,2.0259067357512954,1.974747474747475,1.0491202477163595,589.4478770756818,Hard
2025-08-24,44939,Arthur Rinderknech,Alejandro Davidovich Fokina,P1,3.85876297275959,True,P1,0.2917671799659729,0.7082328200340271,5.4033613445378155,1.2270992366412212,16.991527711983405,606.4394047876652,Hard
2025-08-24,44940,Cameron Norrie,Francisco Comesana,P2,6.1730388712121345,False,P1,0.5050910413265228,0.4949089586734772,1.5767790262172285,2.7337662337662336,-6.1730388712121345,600.2663659164531,Hard
2025-08-24,44943,Ben Shelton,Pablo Carreno Busta,P2,4.515799705812654,False,P1,0.7559173479676247,0.24408265203237534,1.1238532110091743,9.074074074074074,-4.515799705812654,595.7505662106404,Hard
2025-08-24,44944,Carlos Alcaraz,Mattia Bellucci,P2,2.317965849493387,False,P1,0.8725162968039513,0.12748370319604874,1.0569239189928845,18.567307692307693,-2.317965849493387,593.432600361147,Hard
2025-08-24,44945,Jan-Lennard Struff,Holger Rune,P1,1.4580457384837309,True,P1,0.30811361968517303,0.691886380314827,3.6716417910447765,1.3743016759776538,3.8953759281878786,597.3279762893349,Hard
2025-08-24,44946,Adrian Mannarino,Jordan Thompson,P2,4.199006747867994,False,P1,0.5342819392681122,0.4657180607318878,1.6085271317829455,2.643312101910828,-4.199006747867994,593.1289695414669,Hard
2025-08-24,44947,Lorenzo Musetti,David Goffin,P2,4.383016995851536,False,P1,0.7193359732627869,0.28066402673721313,1.1847133757961785,6.413793103448277,-4.383016995851536,588.7459525456153,Hard
2025-08-24,44948,Andrey Rublev,Tristan Boyer,P2,6.046479298907188,False,P1,0.7317417562007904,0.2682582437992096,1.0858995137763372,12.641509433962263,-6.046479298907188,582.6994732467081,Hard
2025-08-24,44949,Coleman Wong,Adam Walton,P1,4.46910344672423,True,P1,0.49621662497520447,0.5037833750247955,2.469512195121951,1.6804979253112031,6.5674020162227995,589.2668752629309,Hard
2025-08-24,44950,Jannik Sinner,Alexei Popyrin,P2,2.337142632277051,False,P1,0.8780291303992271,0.12197086960077286,1.0485714285714285,21.588235294117645,-2.337142632277051,586.9297326306538,Hard
2025-08-24,44951,Kamil Majchrzak,Karen Khachanov,P1,2.695499731453444,True,P1,0.2746795564889908,0.7253204435110092,4.967213114754099,1.2520661157024793,10.693621885438255,597.623354516092,Hard
2025-08-24,44952,Leandro Riedi,Francisco Cerundolo,P2,8.05504896623279,False,P1,0.2576986402273178,0.7423013597726822,2.834437086092715,1.5451263537906137,-8.05504896623279,589.5683055498592,Hard
2025-08-24,44955,Alexander Bublik,Tristan Schoolkate,P2,3.570236723223629,False,P1,0.7028204947710037,0.2971795052289963,1.2505133470225873,4.991803278688525,-3.570236723223629,585.9980688266356,Hard
2025-08-24,44956,Jaume Munar,Gabriel Diallo,P2,2.9524585624826787,False,P1,0.4861336648464203,0.5138663351535797,1.8497652582159625,2.1767955801104972,-2.9524585624826787,583.045610264153,Hard
2025-08-24,44957,Alex de Minaur,Shintaro Mochizuki,P2,1.2615007520037598,False,P1,0.8968237526714802,0.10317624732851982,1.0667951188182403,15.971153846153848,-1.2615007520037598,581.7841095121493,Hard
2025-08-24,44958,Tommy Paul,Nuno Borges,P2,2.310040249184426,False,P1,0.6969914585351944,0.3030085414648056,1.3208020050125313,4.1171875,-2.310040249184426,579.4740692629648,Hard
2025-08-24,44959,Alexander Zverev,Jacob Fearnley,P2,2.6338675929896467,False,P1,0.8174139484763145,0.18258605152368546,1.112159329140461,9.91588785046729,-2.6338675929896467,576.8402016699752,Hard
2025-08-24,44960,Felix Auger-Aliassime,Roman Safiullin,P2,5.085593237825575,False,P1,0.5856079608201981,0.41439203917980194,1.4065281899109792,3.4598540145985406,-5.085593237825575,571.7546084321496,Hard
2025-08-24,44961,Daniel Altmaier,Stefanos Tsitsipas,P1,2.573357349616878,True,P1,0.325080469250679,0.674919530749321,3.8712121212121207,1.3482849604221636,7.388654814430277,579.1432632465799,Hard
2025-08-24,44964,Carlos Alcaraz,Luciano Darderi,P2,6.523729206817738,False,P1,0.7457418367266655,0.2542581632733345,1.038846153846154,26.742574257425744,-6.523729206817738,572.6195340397621,Hard
2025-08-24,44965,Adrian Mannarino,Ben Shelton,P1,2.483346720397375,True,P1,0.22798780351877213,0.7720121964812279,6.465517241379311,1.1829652996845426,13.572774316654622,586.1923083564168,Hard
2025-08-24,44966,Jan-Lennard Struff,Frances Tiafoe,P1,1.7635834961823151,True,P1,0.3355347812175751,0.6644652187824249,3.4130434782608696,1.4144144144144142,4.255603653831239,590.447912010248,Hard
2025-08-24,44968,Novak Djokovic,Cameron Norrie,P2,1.5532573818988418,False,P1,0.8430702462792397,0.15692975372076035,1.1237345331833521,9.081818181818182,-1.5532573818988418,588.8946546283493,Hard
2025-08-24,44970,Lorenzo Musetti,Flavio Cobolli,P2,2.5981702898724506,False,P1,0.6487900167703629,0.35120998322963715,1.4053254437869822,3.4671532846715327,-2.5981702898724506,586.2964843384768,Hard
2025-08-24,44971,Jannik Sinner,Denis Shapovalov,P2,3.9884396570353515,False,P1,0.8239253833889961,0.17607461661100388,1.0485714285714285,21.588235294117645,-3.9884396570353515,582.3080446814415,Hard
2025-08-24,44975,Leandro Riedi,Kamil Majchrzak,P2,1.6794122680454655,False,P1,0.3991274982690811,0.6008725017309189,2.36094674556213,1.7347826086956524,-1.6794122680454655,580.6286324133961,Hard
2025-08-24,44976,Felix Auger-Aliassime,Alexander Zverev,P1,1.9963255054244495,True,P1,0.2919818311929703,0.7080181688070297,4.171874999999999,1.315270935960591,6.332094962518174,586.9607273759143,Hard
2025-08-24,44977,Alexander Bublik,Tommy Paul,P2,3.734720478475249,False,P1,0.44418416917324066,0.5558158308267593,1.964824120603015,2.036458333333334,-3.734720478475249,583.2260068974391,Hard
2025-08-24,44978,Jiri Lehecka,Adrian Mannarino,P2,3.4521973889549766,False,P1,0.6294636130332947,0.3705363869667053,1.4005847953216373,3.496350364963503,-3.4521973889549766,579.7738095084841,Hard
2025-08-24,44979,Carlos Alcaraz,Arthur Rinderknech,P2,4.201093542580286,False,P1,0.819108635187149,0.18089136481285095,1.0439130434782609,23.772277227722775,-4.201093542580286,575.5727159659037,Hard
2025-08-24,44980,Taylor Fritz,Tomas Machac,P2,1.0253845046609156,False,P1,0.6779438257217407,0.3220561742782593,1.4224924012158056,3.3669064748201447,-1.0253845046609156,574.5473314612428,Hard
2025-08-24,44981,Novak Djokovic,Jan-Lennard Struff,P1,3.6013873580875466,True,P1,0.8477196842432022,0.1522803157567978,1.2108108108108107,5.743589743589743,0.759211389002239,575.306542850245,Hard
2025-08-24,44982,Alex de Minaur,Leandro Riedi,P2,4.832624947539665,False,P1,0.758546270430088,0.24145372956991196,1.0968325791855205,11.327102803738319,-4.832624947539665,570.4739179027054,Hard
2025-08-24,44983,Lorenzo Musetti,Jaume Munar,P2,0.5073281149006376,False,P1,0.6510545611381531,0.3489454388618469,1.5086505190311417,2.965986394557823,-0.5073281149006376,569.9665897878048,Hard
2025-08-24,44984,Felix Auger-Aliassime,Andrey Rublev,P2,3.1908817258965723,False,P1,0.41230088472366333,0.5876991152763367,2.1538461538461537,1.8666666666666667,-3.1908817258965723,566.7757080619082,Hard
2025-08-24,44985,Jannik Sinner,Alexander Bublik,P2,2.4818779635919737,False,P1,0.8134620487689972,0.1865379512310028,1.1216517857142858,9.220183486238533,-2.4818779635919737,564.2938300983162,Hard
2025-08-24,44986,Carlos Alcaraz,Jiri Lehecka,P2,2.9357733431356734,False,P1,0.8271793499588966,0.17282065004110336,1.0831372549019609,13.028301886792452,-2.9357733431356734,561.3580567551805,Hard
2025-08-24,44987,Novak Djokovic,Taylor Fritz,P1,6.807690596817915,True,P1,0.7253771871328354,0.2746228128671646,1.5687732342007437,2.758169934640523,3.8720321981901162,565.2300889533707,Hard
2025-08-24,44988,Felix Auger-Aliassime,Alex de Minaur,P2,5.067073792032689,False,P1,0.3400947004556656,0.6599052995443344,2.413173652694611,1.7076271186440675,-5.067073792032689,560.163015161338,Hard
2025-08-24,44989,Jannik Sinner,Lorenzo Musetti,P2,2.1712139055817934,False,P1,0.8657029420137405,0.13429705798625946,1.065584009993754,16.247619047619047,-2.1712139055817934,557.9918012557562,Hard
2025-08-24,44990,Carlos Alcaraz,Novak Djokovic,P2,4.213466386371533,False,P1,0.6431163996458054,0.35688360035419464,1.3200992555831266,4.124031007751938,-4.213466386371533,553.7783348693846,Hard
2025-08-24,44991,Jannik Sinner,Felix Auger-Aliassime,P2,2.1377339388461007,False,P1,0.8629099056124687,0.13709009438753128,1.069398545935228,15.40952380952381,-2.1377339388461007,551.6406009305385,Hard
2025-08-24,44992,Carlos Alcaraz,Jannik Sinner,P1,0.4329968160139572,True,P1,0.46902820467948914,0.5309717953205109,2.1712707182320443,1.8537735849056602,0.507156491684856,552.1477574222234,Hard
2025-08-24,44875,Jiri Lehecka,Borna Coric,P1,0.09524320117992804,True,P1,0.8378684297204018,0.16213157027959824,1.1943048576214408,6.1465517241379315,0.01850621664467616,552.1662636388681,Hard
2025-08-24,44876,Adrian Mannarino,Tallon Griekspoor,P2,0.6755960635620023,False,P1,0.40040379762649536,0.5995962023735046,2.436363636363637,1.6962025316455698,-0.6755960635620023,551.4906675753061,Hard
2025-09-17,45110,Giovanni Mpetshi Perricard,Filip Misolic,P1,4.542222222603367,True,P1,0.6663046330213547,0.3336953669786453,1.6652892561983474,2.5031055900621118,3.0218916439633983,554.5125592192695,Hard
2025-09-17,45138,Rinky Hijikata,Camilo Ugo Carabelli,P2,7.915282895068445,False,P1,0.46634936332702637,0.5336506366729736,1.5321428571428573,2.879194630872483,-7.915282895068445,546.5972763242011,Hard
2025-09-17,45137,Sebastian Korda,Adam Walton,P1,9.031494183502298,True,P1,0.7560970410704613,0.24390295892953873,1.5730337078651684,2.745098039215686,5.175350599535023,551.7726269237361,Hard
2025-09-17,45135,Alejandro Tabilo,Brandon Nakashima,P2,5.352633488459582,False,P1,0.30297233164310455,0.6970276683568954,2.66025641025641,1.6023166023166024,-5.352633488459582,546.4199934352765,Hard
2025-09-17,45134,Lorenzo Musetti,Alexander Shevchenko,P2,4.040330348370175,False,P1,0.7000895589590073,0.29991044104099274,1.2171532846715327,5.605042016806722,-4.040330348370175,542.3796630869064,Hard
2025-09-17,45133,Brandon Nakashima,Marcos Giron,P2,2.0755701542843936,False,P1,0.6212017238140106,0.3787982761859894,1.4865771812080535,3.055172413793103,-2.0755701542843936,540.304092932622,Hard
2025-09-17,45132,Lorenzo Musetti,Nikoloz Basilashvili,P2,0.13723602228904314,False,P1,0.7433089911937714,0.25669100880622864,1.338501291989664,3.954198473282442,-0.13723602228904314,540.166856910333,Hard
2025-09-17,45131,Alexander Shevchenko,Taro Daniel,P1,2.5877928861174686,True,P1,0.5721884816884995,0.42781151831150055,1.898058252427185,2.1135135135135137,2.323988756950155,542.4908456672831,Hard
2025-09-17,45130,Alejandro Tabilo,Christopher O'Connell,P2,7.580785610983335,False,P1,0.4569564312696457,0.5430435687303543,1.5767790262172285,2.7337662337662336,-7.580785610983335,534.9100600562998,Hard
2025-09-17,45129,Taro Daniel,Tallon Griekspoor,P2,2.529289067320762,False,P1,0.32690154016017914,0.6730984598398209,2.7697368421052633,1.5650557620817847,-2.529289067320762,532.3807709889791,Hard
2025-09-17,45128,Brandon Nakashima,Juncheng Shang,P1,2.006898617428642,True,P1,0.6097137778997421,0.3902862221002579,1.7304347826086959,2.3690476190476186,1.4659085553391824,533.8466795443182,Hard
2025-09-17,45124,Lorenzo Musetti,Dino Prizmic,P1,6.916449355083898,True,P1,0.7730337902903557,0.22696620970964432,1.4416403785488958,3.2642857142857147,3.054583311393519,536.9012628557118,Hard
2025-09-17,45123,Alexander Shevchenko,Giovanni Mpetshi Perricard,P1,4.858411371705014,True,P1,0.47004568576812744,0.5299543142318726,2.833333333333333,1.5454545454545454,8.907087514792524,545.8083503705044,Hard
2025-09-17,45122,Nikoloz Basilashvili,Mackenzie McDonald,P2,1.2068629521022491,False,P1,0.38657979667186737,0.6134202033281326,2.4723926380368098,1.6791666666666667,-1.2068629521022491,544.6014874184021,Hard
2025-09-17,45121,Juncheng Shang,Zizou Bergs,P2,6.977040988923597,False,P1,0.4089808315038681,0.5910191684961319,1.8186046511627907,2.221590909090909,-6.977040988923597,537.6244464294786,Hard
2025-09-17,45120,Christopher O'Connell,Quentin Halys,P1,2.6307065952813784,True,P1,0.5500975996255875,0.44990240037441254,1.994845360824742,2.0051813471502586,2.6171462520067315,540.2415926814853,Hard
2025-09-17,45119,Marcos Giron,Ethan Quinn,P1,4.2126062665214805,True,P1,0.5975547581911087,0.4024452418088913,1.911330049261084,2.097297297297297,3.839074676386572,544.0806673578718,Hard
2025-09-17,45118,Yi Zhou,Cameron Norrie,P1,4.913808507748193,True,P1,0.3512139320373535,0.6487860679626465,4.80327868852459,1.2629310344827587,18.68858317700952,562.7692505348813,Hard
2025-09-17,45117,Alejandro Tabilo,Jordan Thompson,P2,6.184882301570501,False,P1,0.4102073460817337,0.5897926539182663,1.9019607843137254,2.108695652173913,-6.184882301570501,556.5843682333108,Hard
2025-09-17,45116,Alexander Shevchenko,Gael Monfils,P1,0.6150557232677607,True,P1,0.3965648114681244,0.6034351885318756,2.6114649681528657,1.6205533596837944,0.9911407515079198,557.5755089848187,Hard
2025-09-17,45115,Dino Prizmic,Terence Atmane,P2,4.70186495109183,False,P1,0.443527415394783,0.556472584605217,1.8743961352657006,2.143646408839779,-4.70186495109183,552.8736440337269,Hard
2025-09-17,45114,Mackenzie McDonald,Botic Van De Zandschulp,P2,0.8496793816053111,False,P1,0.4808747470378876,0.5191252529621124,2.015625,1.9846153846153847,-0.8496793816053111,552.0239646521217,Hard
2025-09-17,45161,Alexander Bublik,Yibing Wu,P2,3.3441512723650884,False,P1,0.6303532719612122,0.36964672803878784,1.3942028985507247,3.536764705882353,-3.3441512723650884,548.6798133797565,Hard
2025-09-17,45162,Valentin Royer,Corentin Moutet,P2,2.726868452184745,False,P1,0.36965030431747437,0.6303496956825256,2.436363636363637,1.6962025316455698,-2.726868452184745,545.9529449275718,Hard
2025-09-17,45163,Alexander Bublik,Valentin Royer,P2,2.8254282789124368,False,P1,0.6851669400930405,0.31483305990695953,1.308433734939759,4.2421875,-2.8254282789124368,543.1275166486594,Hard
2025-09-17,45149,Dalibor Svrcina,Zhizhen Zhang,P2,1.6519290373102713,False,P1,0.41714392602443695,0.582856073975563,2.2514285714285713,1.7990867579908678,-1.6519290373102713,541.475587611349,Hard
2025-09-17,45151,Alexander Bublik,Aleksandar Vukic,P2,0.1799813447927419,False,P1,0.720027357339859,0.279972642660141,1.379603399433428,3.634328358208956,-0.1799813447927419,541.2956062665563,Hard
2025-09-17,45152,Yibing Wu,Sebastian Korda,P2,6.175341069177243,False,P1,0.3007871210575104,0.6992128789424896,2.566037735849057,1.63855421686747,-6.175341069177243,535.1202651973791,Hard
2025-09-17,45153,Daniil Medvedev,Nishesh Basavareddy,P1,3.8791055703510025,True,P1,0.7307921499013901,0.2692078500986099,1.459546925566343,3.176056338028169,1.7826310388020783,536.9028962361812,Hard
2025-09-17,45113,Taro Daniel,Coleman Wong,P2,1.1537862840692934,False,P1,0.3256528675556183,0.6743471324443817,2.938775510204082,1.5157894736842106,-1.1537862840692934,535.7491099521119,Hard
2025-09-17,45125,Christopher O'Connell,Yi Zhou,P2,4.400686880340057,False,P1,0.5235825926065445,0.4764174073934555,1.5961538461538458,2.6774193548387095,-4.400686880340057,531.3484230717719,Hard
2025-09-17,45154,Learner Tien,Giulio Zeppieri,P1,4.431642990899089,True,P1,0.6658980250358582,0.33410197496414185,1.6694214876033058,2.493827160493827,2.9666370434944316,534.3150601152663,Hard
2025-09-17,45148,Aleksandar Vukic,David Goffin,P2,2.184434998581303,False,P1,0.507014811038971,0.49298518896102905,1.811059907834101,2.2329545454545454,-2.184434998581303,532.130625116685,Hard
2025-09-17,45127,Marcos Giron,Lorenzo Sonego,P2,1.7795151794600736,False,P1,0.4605307877063751,0.5394692122936249,2.026178010471204,1.9744897959183674,-1.7795151794600736,530.3511099372249,Hard
2025-09-17,45126,Alejandro Tabilo,Luciano Darderi,P2,1.6579147004392092,False,P1,0.5387535244226456,0.46124647557735443,1.7400881057268724,2.3511904761904763,-1.6579147004392092,528.6931952367858,Hard
2025-09-17,45155,Tomas Martin Etcheverry,Rinky Hijikata,P1,0.7406593500720254,True,P1,0.634628638625145,0.36537136137485504,1.6023166023166024,2.66025641025641,0.4461114232094054,529.1393066599952,Hard
2025-09-17,45156,Corentin Moutet,Arthur Cazaux,P1,4.036162592617595,True,P1,0.5969738215208054,0.40302617847919464,1.9068627450980393,2.1027027027027025,3.6602454884032114,532.7995521483984,Hard
2025-09-17,45157,Corentin Moutet,Tomas Martin Etcheverry,P1,3.6677482067006983,True,P1,0.5368604958057404,0.46313950419425964,2.160220994475138,1.8619047619047617,4.255398471862688,537.0549506202611,Hard
2025-09-17,45158,Alexander Bublik,Dalibor Svrcina,P1,3.087363086466057,True,P1,0.7631620094180107,0.2368379905819893,1.3653846153846154,3.7368421052631584,1.1280749739010594,538.1830255941622,Hard
2025-09-17,45159,Yibing Wu,Daniil Medvedev,P1,4.233299884390172,True,P1,0.3828246146440506,0.6171753853559494,3.7368421052631584,1.3653846153846154,11.585873367804684,549.7688989619669,Hard
2025-09-17,45160,Valentin Royer,Learner Tien,P1,0.16202592206837338,True,P1,0.38805660605430603,0.611943393945694,2.60126582278481,1.624505928853755,0.25944657141328137,550.0283455333802,Hard
2025-09-17,45147,Arthur Cazaux,Matteo Arnaldi,P2,5.218900057966011,False,P1,0.4051157981157303,0.5948842018842697,2.0,2.0,-5.218900057966011,544.8094454754141,Hard
2025-09-17,45145,Learner Tien,Mariano Navone,P1,3.811945048759793,True,P1,0.6618916243314743,0.3381083756685257,1.6477732793522268,2.54375,2.4692761449456153,547.2787216203598,Hard
2025-09-17,45144,Yibing Wu,Adrian Mannarino,P2,8.540344613256627,False,P1,0.3651149868965149,0.6348850131034851,1.8840579710144931,2.1311475409836067,-8.540344613256627,538.7383770071032,Hard
2025-09-17,45143,Zhizhen Zhang,Yunchaokete Bu,P1,3.8229699163547406,True,P1,0.4036458730697632,0.5963541269302368,3.278571428571428,1.438871473354232,8.710910023694014,547.4492870307972,Hard
2025-09-17,45141,Tomas Martin Etcheverry,Damir Dzumhur,P2,2.983933082927984,False,P1,0.6065876632928848,0.3934123367071152,1.4688524590163936,3.132867132867133,-2.983933082927984,544.4653539478693,Hard
2025-09-17,45140,Nishesh Basavareddy,Marin Cilic,P2,10.889307078957385,False,P1,0.31487296521663666,0.6851270347833633,1.586206896551724,2.705882352941176,-10.889307078957385,533.5760468689119,Hard
2025-09-17,45111,Lorenzo Sonego,Juan Manuel Cerundolo,P1,0.7240079445696688,True,P1,0.6316347569227219,0.36836524307727814,1.6093750000000002,2.641025641025641,0.44119234122214207,534.0172392101341,Hard
2025-09-24,45185,Holger Rune,Ethan Quinn,P1,5.774228975915221,True,P1,0.7548642978072166,0.24513570219278336,1.455128205128205,3.19718309859155,2.6280144698075683,536.6452536799417,Hard
2025-09-24,45164,Daniel Altmaier,Denis Shapovalov,P1,1.8578514506427393,True,P1,0.3198288381099701,0.6801711618900299,3.7142857142857135,1.368421052631579,5.042739651744577,541.6879933316862,Hard
2025-09-24,45165,Matteo Berrettini,Jaume Munar,P1,10.833759866633725,True,P1,0.6780296415090561,0.3219703584909439,2.3216374269005846,1.756637168141593,14.318302513796617,556.0062958454829,Hard
2025-09-24,45166,Nuno Borges,Yosuke Watanuki,P2,3.081641684342303,False,P1,0.5147715359926224,0.4852284640073776,1.7272727272727275,2.375,-3.081641684342303,552.9246541611406,Hard
2025-09-24,45167,Marton Fucsovics,Frances Tiafoe,P2,5.777053823031122,False,P1,0.4517340362071991,0.5482659637928009,1.751111111111111,2.3313609467455625,-5.777053823031122,547.1476003381094,Hard
2025-09-24,45168,Casper Ruud,Shintaro Mochizuki,P1,10.942952006762189,True,P1,0.8978194333612919,0.10218056663870811,1.4533762057877813,3.2056737588652484,4.961274060943628,552.1088743990531,Hard
2025-09-24,45169,Taylor Fritz,Gabriel Diallo,P1,9.054075517980406,True,P1,0.8413636684417725,0.15863633155822754,1.3090024330900243,4.2362204724409445,2.7977313644367676,554.9066057634899,Hard
2025-09-24,45170,Sho Shimabukuro,Tomas Machac,P2,11.098132115269799,False,P1,0.15053384006023407,0.8494661599397659,3.7368421052631584,1.3653846153846154,-11.098132115269799,543.8084736482201,Hard
2025-09-24,45173,Sebastian Korda,Marcos Giron,P1,7.974501353776047,True,P1,0.7276555746793747,0.2723444253206253,1.626984126984127,2.5949367088607596,4.999885769431013,548.8083594176511,Hard
2025-09-24,45174,Ethan Quinn,Alex Michelsen,P2,3.0505463469783796,False,P1,0.3477086275815964,0.6522913724184036,2.5562500000000004,1.6425702811244978,-3.0505463469783796,545.7578130706727,Hard
2025-09-24,45175,Aleksandar Vukic,Damir Dzumhur,P2,2.500978733388357,False,P1,0.5690857470035553,0.4309142529964447,1.5961538461538458,2.6774193548387095,-2.500978733388357,543.2568343372843,Hard
2025-09-24,45176,Zizou Bergs,Alejandro Tabilo,P2,0.7775546216454163,False,P1,0.5241943299770355,0.4758056700229645,1.8530805687203793,2.1722222222222225,-0.7775546216454163,542.4792797156389,Hard
2025-09-24,45177,Carlos Alcaraz,Sebastian Baez,P2,0.30573931843565455,False,P1,0.9383533168584108,0.061646683141589165,1.0536842105263158,19.627450980392158,-0.30573931843565455,542.1735403972033,Hard
2025-09-24,45178,Holger Rune,Hamad Medjedovic,P2,1.4860761675119802,False,P1,0.557233452796936,0.44276654720306396,1.6962025316455698,2.436363636363637,-1.4860761675119802,540.6874642296913,Hard
2025-09-24,45179,Brandon Nakashima,Jordan Thompson,P2,0.27586644050057274,False,P1,0.642092302441597,0.357907697558403,1.5415162454873648,2.8466666666666667,-0.27586644050057274,540.4115977891908,Hard
2025-09-24,45180,Taylor Fritz,Nuno Borges,P1,3.687285760402746,True,P1,0.8378332629799843,0.16216673702001572,1.23121387283237,5.325000000000001,0.8525516209023694,541.2641494100931,Hard
2025-09-24,45181,Sebastian Korda,Sho Shimabukuro,P1,10.029301612910885,True,P1,0.8169226422905922,0.1830773577094078,1.4101796407185627,3.4379562043795615,4.113815332241888,545.3779647423349,Hard
2025-09-24,45182,Aleksandar Vukic,Daniel Altmaier,P1,1.4234308895616288,True,P1,0.5236571133136749,0.4763428866863251,2.0103626943005177,1.9897435897435893,1.4381814687280698,546.816146211063,Hard
2025-09-24,45183,Casper Ruud,Matteo Berrettini,P2,1.1056600895222015,False,P1,0.5472867786884308,0.4527132213115692,1.7533039647577093,2.327485380116959,-1.1056600895222015,545.7104861215408,Hard
2025-09-24,45184,Carlos Alcaraz,Zizou Bergs,P2,0.7719089656169441,False,P1,0.8997314311563969,0.10026856884360313,1.08,13.499999999999998,-0.7719089656169441,544.9385771559239,Hard
2025-09-24,45186,Jenson Brooksby,Luciano Darderi,P1,3.2609381034353455,True,P1,0.6661591976881027,0.3338408023118973,1.6108949416342413,2.6369426751592355,1.9920905923710088,546.9306677482949,Hard
2025-09-24,45187,Brandon Nakashima,Marton Fucsovics,P1,3.2092648854096772,True,P1,0.5967613756656647,0.4032386243343353,1.841121495327103,2.188888888888889,2.6993816793165513,549.6300494276114,Hard
2025-09-24,45188,Carlos Alcaraz,Brandon Nakashima,P2,0.934126124074884,False,P1,0.856188952922821,0.14381104707717896,1.1282660332541568,8.796296296296294,-0.934126124074884,548.6959233035366,Hard
2025-09-24,45189,Taylor Fritz,Sebastian Korda,P1,0.3169309299508804,True,P1,0.7070485055446625,0.2929514944553375,1.4212121212121214,3.3741007194244608,0.13349514928234057,548.8294184528189,Hard
2025-09-24,45190,Jenson Brooksby,Holger Rune,P1,3.9340941585765057,True,P1,0.42956215143203735,0.5704378485679626,2.9931506849315066,1.5017182130584192,7.841242466751801,556.6706609195708,Hard
2025-09-24,45191,Casper Ruud,Aleksandar Vukic,P1,4.289595994213578,True,P1,0.7700842991471291,0.22991570085287094,1.3732590529247912,3.67910447761194,1.6011305382301384,558.2717914578009,Hard
2025-09-24,45225,Jannik Sinner,Learner Tien,P2,0.699080277163408,False,P1,0.912310253828764,0.08768974617123604,1.0686666666666667,15.563106796116504,-0.699080277163408,557.5727111806375,Hard
2025-09-24,45224,Jannik Sinner,Alex de Minaur,P2,2.8457384617624313,False,P1,0.7560177892446518,0.2439822107553482,1.1877022653721683,6.327586206896551,-2.8457384617624313,554.7269727188751,Hard
2025-09-24,45223,Learner Tien,Daniil Medvedev,P1,2.113117440062539,True,P1,0.33090004324913025,0.6690999567508698,3.6268656716417906,1.3806818181818183,5.550875663447863,560.277848382323,Hard
2025-09-24,45222,Learner Tien,Lorenzo Musetti,P2,0.04772455770433177,False,P1,0.29841548204421997,0.70158451795578,3.345323741007194,1.4263803680981593,-0.04772455770433177,560.2301238246187,Hard
2025-09-24,45221,Daniil Medvedev,Alexander Zverev,P2,8.395169973323183,False,P1,0.365449920296669,0.634550079703331,1.9162561576354682,2.0913978494623655,-8.395169973323183,551.8349538512955,Hard
2025-09-24,45220,Alex de Minaur,Jakub Mensik,P1,3.4097283010778843,True,P1,0.7051852196455002,0.2948147803544998,1.5068965517241382,2.972789115646259,1.7283795181325836,553.563333369428,Hard
2025-09-24,45219,Jannik Sinner,Fabian Marozsan,P2,0.11792306621250001,False,P1,0.9219810105860233,0.07801898941397667,1.08,13.499999999999998,-0.11792306621250001,553.4454103032156,Hard
2025-09-24,45194,Carlos Alcaraz,Taylor Fritz,P2,0.4146955309989676,False,P1,0.7768409699201584,0.2231590300798416,1.2679738562091503,4.7317073170731705,-0.4146955309989676,553.0307147722166,Hard
2025-09-24,45193,Carlos Alcaraz,Casper Ruud,P2,2.0333185513416763,False,P1,0.8018345609307289,0.1981654390692711,1.155433287482806,7.43362831858407,-2.0333185513416763,550.9973962208749,Hard
2025-09-24,45196,Alexandre Muller,Karen Khachanov,P2,2.9619351022302234,False,P1,0.19313881546258926,0.8068611845374107,4.620967741935484,1.2761692650334076,-2.9619351022302234,548.0354611186447,Hard
2025-09-24,45218,Alexander Zverev,Corentin Moutet,P2,1.5716246653211285,False,P1,0.7633054256439209,0.2366945743560791,1.2349514563106796,5.256198347107438,-1.5716246653211285,546.4638364533236,Hard
2025-09-24,45217,Learner Tien,Flavio Cobolli,P1,4.9322476787798095,True,P1,0.5038902461528778,0.4961097538471222,2.5341614906832297,1.651821862348178,7.566864451295732,554.0307009046193,Hard
2025-09-24,45192,Taylor Fritz,Jenson Brooksby,P1,10.185150770076334,True,P1,0.8320584446191788,0.16794155538082123,1.3616438356164382,3.7651515151515156,3.6833969908221245,557.7140978954413,Hard
2025-09-24,45195,Terence Atmane,Zhizhen Zhang,P2,4.568980255451669,False,P1,0.5115532577037811,0.48844674229621887,1.6345381526104417,2.5759493670886076,-4.568980255451669,553.1451176399896,Hard
2025-09-24,45215,Lorenzo Musetti,Adrian Mannarino,P1,0.81946340344627,True,P1,0.6490148305892944,0.35098516941070557,1.5666666666666667,2.7647058823529416,0.46436259528621965,553.6094802352759,Hard
2025-09-24,45214,Jakub Mensik,Arthur Cazaux,P1,4.987396601396455,True,P1,0.731660783290863,0.26833921670913696,1.4865771812080535,3.055172413793103,2.4267533798741128,556.03623361515,Hard
2025-09-24,45213,Fabian Marozsan,Alexandre Muller,P1,1.9584616832379287,True,P1,0.6245141923427582,0.3754858076572418,1.6776859504132233,2.475609756097561,1.3272219671529768,557.3634555823029,Hard
2025-09-24,45212,Alex de Minaur,Arthur Rinderknech,P2,4.413203424718409,False,P1,0.7394277155399323,0.26057228446006775,1.1382316313823164,8.234234234234233,-4.413203424718409,552.9502521575845,Hard
2025-09-24,45211,Jannik Sinner,Terence Atmane,P2,0.9728772561479735,False,P1,0.9157287254929543,0.08427127450704575,1.0535995796111404,19.65686274509804,-0.9728772561479735,551.9773749014365,Hard
2025-09-24,45210,Corentin Moutet,Tallon Griekspoor,P1,1.8526219590077078,True,P1,0.5729301422834396,0.42706985771656036,1.8443396226415094,2.1843575418994416,1.5642421257659418,553.5416170272025,Hard
2025-09-24,45209,Lorenzo Musetti,Giovanni Mpetshi Perricard,P2,1.6686509339087845,False,P1,0.6723448187112808,0.3276551812887192,1.3976608187134503,3.514705882352941,-1.6686509339087845,551.8729660932937,Hard
2025-09-24,45208,Alexander Zverev,Lorenzo Sonego,P1,3.071828264175068,True,P1,0.790608748793602,0.209391251206398,1.3082524271844658,4.244094488188975,0.9468985183258091,552.8198646116196,Hard
2025-09-24,45207,Learner Tien,Francisco Cerundolo,P2,4.134032214942441,False,P1,0.389331117272377,0.610668882727623,2.1843575418994416,1.8443396226415094,-4.134032214942441,548.6858323966771,Hard
2025-09-24,45171,Jenson Brooksby,Ugo Humbert,P1,2.4712949141604184,True,P1,0.4965420067310333,0.5034579932689667,2.2386363636363638,1.8073394495412844,3.0610357459487,551.7468681426259,Hard
2025-09-24,45172,Luciano Darderi,Yoshihito Nishioka,P2,4.201339563600366,False,P1,0.4816521108150482,0.5183478891849518,1.7599999999999998,2.3157894736842106,-4.201339563600366,547.5455285790255,Hard
2025-09-24,45197,Fabian Marozsan,Benjamin Bonzi,P2,0.7088529810094945,False,P1,0.5732904821634293,0.42670951783657074,1.6991525423728815,2.43030303030303,-0.7088529810094945,546.836675598016,Hard
2025-09-24,45198,Jannik Sinner,Marin Cilic,P2,0.966145416412409,False,P1,0.9238868542015553,0.07611314579844475,1.0441367373431414,23.65686274509804,-0.966145416412409,545.8705301816036,Hard
2025-09-24,45199,Alejandro Davidovich Fokina,Camilo Ugo Carabelli,P2,2.83138445431859,False,P1,0.7504463195800781,0.24955368041992188,1.1943048576214408,6.1465517241379315,-2.83138445431859,543.039145727285,Hard
2025-09-24,45206,Arthur Rinderknech,David Goffin,P1,5.775830659525404,True,P1,0.6602704077959061,0.33972959220409393,1.7590909090909093,2.317365269461078,4.384380546094285,547.4235262733793,Hard
2025-09-24,45205,Arthur Cazaux,Juncheng Shang,P1,1.3020556428312273,True,P1,0.5360587388277054,0.4639412611722946,1.9497487437185932,2.0529100529100535,1.2366257110306633,548.6601519844099,Hard
2025-09-24,45204,Daniil Medvedev,Cameron Norrie,P2,4.046333142393631,False,P1,0.6410153955221176,0.3589846044778824,1.3299232736572892,4.0310077519379846,-4.046333142393631,544.6138188420163,Hard
2025-09-24,45203,Jakub Mensik,Miomir Kecmanovic,P1,3.2020157234211974,True,P1,0.6857449561357498,0.3142550438642502,1.5531135531135531,2.8079470198675502,1.7710782939069627,546.3848971359232,Hard
2025-09-24,45202,Flavio Cobolli,Andrey Rublev,P1,3.244439195275198,True,P1,0.4085102528333664,0.5914897471666336,3.0413793103448277,1.4898648648648647,6.623131046906612,553.0080281828298,Hard
2025-09-24,45201,Alex de Minaur,Yunchaokete Bu,P1,0.8457315616822284,True,P1,0.8051590844988823,0.1948409155011177,1.251546391752577,4.975409836065573,0.21274072273243663,553.2207689055622,Hard
2025-09-24,45200,Adrian Mannarino,Alexander Bublik,P1,1.7295819572198043,True,P1,0.3490913063287735,0.6509086936712265,3.2714285714285714,1.4402515723270441,3.9286218742564127,557.1493907798186,Hard
2025-10-01,45226,Sebastian Baez,Zhizhen Zhang,P1,1.086699101010672,True,P1,0.4585280567407608,0.5414719432592392,2.2906976744186047,1.7747747747747746,1.4026000024672627,558.5519907822859,Hard
2025-10-01,45237,Valentin Vacherot,Laslo Djere,P2,10.148363138710858,False,P1,0.39941711723804474,0.6005828827619553,1.5938697318007664,2.6838709677419352,-10.148363138710858,548.4036276435751,Hard
2025-10-01,45240,Juncheng Shang,Aleksandar Kovacevic,P2,2.4565112976344285,False,P1,0.61107037961483,0.38892962038517,1.4898648648648647,3.0413793103448277,-2.4565112976344285,545.9471163459407,Hard
2025-10-01,45252,Alejandro Tabilo,Marcos Giron,P2,3.232207425239518,False,P1,0.46792225539684296,0.532077744603157,1.8840579710144931,2.1311475409836067,-3.232207425239518,542.7149089207012,Hard
2025-10-01,45258,Valentin Vacherot,Alexander Bublik,P2,2.437731686968186,False,P1,0.26004722714424133,0.7399527728557587,3.4999999999999996,1.4,-2.437731686968186,540.277177233733,Hard
2025-10-01,45259,Novak Djokovic,Marin Cilic,P2,1.4720784540074354,False,P1,0.8303021267056465,0.16969787329435349,1.13875,8.207207207207206,-1.4720784540074354,538.8050987797255,Hard
2025-10-01,45276,Felix Auger-Aliassime,Alejandro Tabilo,P1,4.066717025971269,True,P1,0.65658900141716,0.34341099858283997,1.6791666666666667,2.4723926380368098,2.761978646805487,541.567077426531,Hard
2025-10-01,45304,Daniil Medvedev,Alejandro Davidovich Fokina,P2,1.9169887398267391,False,P1,0.5185719579458237,0.48142804205417633,1.7918552036199096,2.262857142857143,-1.9169887398267391,539.6500886867043,Hard
2025-10-01,45308,Novak Djokovic,Jaume Munar,P1,9.802893113156745,True,P1,0.8613921776413918,0.13860782235860825,1.2782805429864255,4.59349593495935,2.72795441836715,542.3780431050715,Hard
2025-10-01,45309,Valentin Vacherot,Tallon Griekspoor,P1,1.1123731859443418,True,P1,0.426028236746788,0.573971763253212,2.4907975460122698,1.670781893004115,1.6583232158556749,544.0363663209272,Hard
2025-10-01,45318,Valentin Vacherot,Novak Djokovic,P2,5.4492004528275775,False,P1,0.11657668277621269,0.8834233172237873,6.859649122807017,1.1706586826347305,-5.4492004528275775,538.5871658680996,Hard
2025-10-13,45348,Benjamin Bonzi,Reilly Opelka,P2,1.5267728466664463,False,P1,0.5077480971813202,0.4922519028186798,1.85781990521327,2.165745856353591,-1.5267728466664463,537.0603930214332,Hard
2025-10-13,45321,Jacob Fearnley,Tallon Griekspoor,P2,6.155246910065453,False,P1,0.2738536298274994,0.7261463701725006,2.814569536423841,1.5510948905109487,-6.155246910065453,530.9051461113678,Hard
2025-10-13,45375,Alex Michelsen,Beibit Zhukayev,P2,0.86340003727245,False,P1,0.6306667327880859,0.36933326721191406,1.5340501792114694,2.87248322147651,-0.86340003727245,530.0417460740954,Hard
2025-10-13,45349,Marcos Giron,Mattia Bellucci,P2,0.19024746904078096,False,P1,0.5481991022825241,0.4518008977174759,1.811059907834101,2.2329545454545454,-0.19024746904078096,529.8514986050546,Hard
2025-10-13,45376,Shintaro Mochizuki,Arthur Cazaux,P2,3.5475134528165926,False,P1,0.23317916691303253,0.7668208330869675,3.7142857142857135,1.368421052631579,-3.5475134528165926,526.303985152238,Hard
2025-10-13,45322,Miomir Kecmanovic,Alexandre Muller,P2,0.4453553738214715,False,P1,0.6117447018623352,0.3882552981376648,1.6070038910505835,2.647435897435897,-0.4453553738214715,525.8586297784166,Hard
2025-10-13,45323,Sebastian Korda,Alexei Popyrin,P2,2.93585727344187,False,P1,0.5691259056329727,0.4308740943670273,1.5608856088560885,2.7828947368421053,-2.93585727344187,522.9227725049747,Hard
2025-10-13,45350,Francisco Comesana,David Goffin,P1,4.386017567917669,True,P1,0.5122725069522858,0.48772749304771423,2.41566265060241,1.7063829787234042,6.209121255787063,529.1318937607617,Hard
2025-10-13,45377,Jan-Lennard Struff,Mackenzie McDonald,P2,1.5929513495189356,False,P1,0.5540553033351898,0.4459446966648102,1.6962025316455698,2.436363636363637,-1.5929513495189356,527.5389424112428,Hard
2025-10-13,45324,Leo Borg,Sebastian Ofner,P1,6.0576081615160815,True,P1,0.3795134276151657,0.6204865723848343,5.140495867768595,1.2415169660678644,25.081501561318653,552.6204439725615,Hard
2025-10-13,45378,Brandon Nakashima,Hamad Medjedovic,P2,1.1566033706495644,False,P1,0.5134653747081757,0.48653462529182434,1.8660287081339713,2.154696132596685,-1.1566033706495644,551.4638406019119,Hard
2025-10-13,45351,Giovanni Mpetshi Perricard,Emil Ruusuvuori,P2,3.988661036897434,False,P1,0.5374096184968948,0.46259038150310516,1.5916030534351142,2.690322580645161,-3.988661036897434,547.4751795650145,Hard
2025-10-13,45379,Rinky Hijikata,Timofey Skatov,P2,0.393660881849507,False,P1,0.6468860059976578,0.3531139940023422,1.5236363636363635,2.909722222222222,-0.393660881849507,547.081518683165,Hard
2025-10-13,45325,Elias Ymer,Mikael Ymer,P2,8.381612358880984,False,P1,0.29874956607818604,0.701250433921814,2.3216374269005846,1.756637168141593,-8.381612358880984,538.699906324284,Hard
2025-10-13,45352,Valentin Royer,Sebastian Baez,P2,3.2835196499519954,False,P1,0.5978936702013016,0.4021063297986984,1.4686468646864685,3.1338028169014085,-3.2835196499519954,535.416386674332,Hard
2025-10-13,45326,Marin Cilic,Nicolai Budkov Kjaer,P1,6.277604586645168,True,P1,0.6241347342729568,0.37586526572704315,1.9646464646464645,2.0366492146596857,6.055669070955692,541.4720557452877,Hard
2025-10-13,45380,Alexander Shevchenko,Laslo Djere,P2,7.240786889709635,False,P1,0.42333394289016724,0.5766660571098328,1.7304347826086959,2.3690476190476186,-7.240786889709635,534.231268855578,Hard
2025-10-13,45327,Tomas Martin Etcheverry,Mark Lajal,P1,7.897338319896828,True,P1,0.6197609454393387,0.3802390545606613,2.1731843575418996,1.8523809523809525,9.265033783119184,543.4963026386972,Hard
2025-10-13,45382,Adam Walton,Tristan Schoolkate,P2,0.2276303078356488,False,P1,0.5123812854290009,0.48761871457099915,1.935323383084577,2.0691489361702122,-0.2276303078356488,543.2686723308616,Hard
2025-10-13,45328,Kamil Majchrzak,Filip Misolic,P1,4.338458673379934,True,P1,0.7438610643148422,0.2561389356851578,1.4384858044164035,3.2805755395683454,1.9023525413243232,545.171024872186,Hard
2025-10-13,45355,Botic Van De Zandschulp,Joao Fonseca,P1,2.7744842499242295,True,P1,0.42608051002025604,0.573919489979744,2.7697368421052633,1.5650557620817847,4.910106994931696,550.0811318671176,Hard
2025-10-13,45356,Raphael Collignon,Zizou Bergs,P2,11.001622637342352,False,P1,0.24170435965061188,0.7582956403493881,2.119565217391304,1.8932038834951457,-11.001622637342352,539.0795092297752,Hard
2025-10-13,45329,Matteo Berrettini,Giulio Zeppieri,P1,10.282502850452474,True,P1,0.7822125777602196,0.21778742223978043,1.5434782608695654,2.84,5.5883167665502596,544.6678259963255,Hard
2025-10-13,45330,Aleksandar Kovacevic,Camilo Ugo Carabelli,P2,10.027786272842093,False,P1,0.4524044096469879,0.5475955903530121,1.3965014577259474,3.5220588235294117,-10.027786272842093,534.6400397234834,Hard
2025-10-13,45357,Nikoloz Basilashvili,Quentin Halys,P1,4.103881293350523,True,P1,0.5273458659648895,0.4726541340351105,2.264367816091954,1.7909090909090908,5.188815428374224,539.8288551518576,Hard
2025-10-13,45384,Corentin Moutet,Bernard Tomic,P2,1.0258529488966925,False,P1,0.7301004528999329,0.26989954710006714,1.3176178660049627,4.1484375,-1.0258529488966925,538.8030022029609,Hard
2025-10-13,45331,Marton Fucsovics,Jesper de Jong,P2,8.176131046214703,False,P1,0.41618478298187256,0.5838152170181274,1.6735537190082643,2.4846625766871164,-8.176131046214703,530.6268711567462,Hard
2025-10-13,45386,Fabian Marozsan,Luca Nardi,P2,1.4988141514113804,False,P1,0.6275625228881836,0.3724374771118164,1.5034482758620689,2.986301369863013,-1.4988141514113804,529.1280570053349,Hard
2025-10-13,45359,Yannick Hanfmann,Matteo Arnaldi,P2,1.3747894107470926,False,P1,0.5234700739383698,0.47652992606163025,1.811059907834101,2.2329545454545454,-1.3747894107470926,527.7532675945878,Hard
2025-10-13,45387,Jan-Lennard Struff,Karen Khachanov,P1,1.58178193049445,True,P1,0.3768894821405411,0.6231105178594589,2.965986394557823,1.5086505190311417,3.1097617545094964,530.8630293490972,Hard
2025-10-13,45333,Denis Shapovalov,Leo Borg,P2,5.289128363116171,False,P1,0.731805831193924,0.26819416880607605,1.0941901408450705,11.616822429906543,-5.289128363116171,525.573900985981,Hard
2025-10-13,45388,Daniil Medvedev,Adam Walton,P2,2.216141606358699,False,P1,0.7699647843837738,0.2300352156162262,1.1892332789559545,6.28448275862069,-2.216141606358699,523.3577593796223,Hard
2025-10-13,45361,Lorenzo Musetti,Yannick Hanfmann,P2,2.2397733887862823,False,P1,0.642450138926506,0.35754986107349396,1.4233128834355828,3.3623188405797104,-2.2397733887862823,521.117985990836,Hard
2025-10-13,45334,Casper Ruud,Marin Cilic,P1,6.22307022631819,True,P1,0.7161758989095688,0.2838241010904312,1.594594594594595,2.681818181818182,3.700203918351358,524.8181899091874,Hard
2025-10-13,45335,Sebastian Korda,Kamil Majchrzak,P2,0.4102117954561374,False,P1,0.6065051406621933,0.3934948593378067,1.6230158730158732,2.605095541401274,-0.4102117954561374,524.4079781137312,Hard
2025-10-13,45389,Shintaro Mochizuki,Luciano Darderi,P2,4.551253408237231,False,P1,0.35060377418994904,0.649396225810051,2.357142857142857,1.7368421052631582,-4.551253408237231,519.856724705494,Hard
2025-10-13,45390,Alex Michelsen,Aleksandar Vukic,P2,0.6788871399120728,False,P1,0.5876872688531876,0.41231273114681244,1.6571428571428568,2.5217391304347827,-0.6788871399120728,519.177837565582,Hard
2025-10-13,45363,Benjamin Bonzi,Valentin Royer,P1,1.2013969510639122,True,P1,0.5219081789255142,0.4780918210744858,2.0051813471502586,1.994845360824742,1.2076218057326367,520.3854593713146,Hard
2025-10-13,45336,Ugo Humbert,Matteo Berrettini,P2,2.4052263891753634,False,P1,0.4432811439037323,0.5567188560962677,2.0473684210526315,1.9547738693467334,-2.4052263891753634,517.9802329821392,Hard
2025-10-13,45391,Flavio Cobolli,Rinky Hijikata,P2,3.740877410490322,False,P1,0.5761928409337997,0.42380715906620026,1.4848484848484849,3.0625000000000004,-3.740877410490322,514.239355571649,Hard
2025-10-13,45337,Tomas Martin Etcheverry,Miomir Kecmanovic,P1,5.452743888160208,True,P1,0.5218215137720108,0.4781784862279892,2.54375,1.6477732793522268,8.417673377347322,522.6570289489963,Hard
2025-10-13,45364,Alejandro Davidovich Fokina,Marcos Giron,P1,8.869926763966498,True,P1,0.7154666483402252,0.2845333516597748,1.756637168141593,2.3216374269005846,6.711316268310936,529.3683452173073,Hard
2025-10-13,45392,Fabian Marozsan,Brandon Nakashima,P1,2.511732025726018,True,P1,0.453352689743042,0.546647310256958,2.525,1.6557377049180328,3.830391339232177,533.1987365565394,Hard
2025-10-13,45365,Raphael Collignon,Francisco Comesana,P2,10.66397473113079,False,P1,0.38789980113506317,0.6121001988649368,1.5236363636363635,2.909722222222222,-10.66397473113079,522.5347618254086,Hard
2025-10-13,45338,Lorenzo Sonego,Aleksandar Kovacevic,P2,2.1943154962279054,False,P1,0.5897911638021469,0.4102088361978531,1.5531135531135531,2.8079470198675502,-2.1943154962279054,520.3404463291807,Hard
2025-10-13,45366,Felix Auger-Aliassime,Damir Dzumhur,P2,2.110449428971902,False,P1,0.7792119160294533,0.22078808397054672,1.1792452830188678,6.578947368421053,-2.110449428971902,518.2299969002088,Hard
2025-10-13,45339,Elias Ymer,Jacob Fearnley,P1,8.789816212847933,True,P1,0.4665006995201111,0.5334993004798889,5.191666666666667,1.2385685884691848,36.84397962552092,555.0739765257297,Hard
2025-10-13,45393,James Duckworth,Gabriel Diallo,P1,1.8996784570450276,True,P1,0.2575482130050659,0.7424517869949341,4.926229508196722,1.254697286012526,7.4585736141358066,562.5325501398655,Hard
2025-10-13,45340,Holger Rune,Marton Fucsovics,P1,0.9315693871132377,True,P1,0.6595494896173477,0.3404505103826523,1.5434782608695654,2.84,0.5062877103876293,563.0388378502531,Hard
2025-10-13,45367,Giovanni Mpetshi Perricard,Nikoloz Basilashvili,P2,0.9357820400708902,False,P1,0.5790985673666,0.42090143263339996,1.6694214876033058,2.493827160493827,-0.9357820400708902,562.1030558101822,Hard
2025-10-13,45394,Corentin Moutet,Alexander Shevchenko,P2,2.8077060065041946,False,P1,0.5979974418878555,0.40200255811214447,1.5051903114186853,2.9794520547945207,-2.8077060065041946,559.295349803678,Hard
2025-10-13,45368,Giovanni Mpetshi Perricard,Lorenzo Musetti,P2,3.1892789272004043,False,P1,0.3448968082666397,0.6551031917333603,2.5687499999999996,1.6374501992031876,-3.1892789272004043,556.1060708764777,Hard
2025-10-13,45395,Daniil Medvedev,Fabian Marozsan,P2,3.0893213215674176,False,P1,0.6064236015081406,0.39357639849185944,1.4657980456026056,3.146853146853146,-3.0893213215674176,553.0167495549102,Hard
2025-10-13,45341,Holger Rune,Tomas Martin Etcheverry,P2,6.3584021233387915,False,P1,0.5797477811574936,0.4202522188425064,1.3282442748091603,4.046511627906976,-6.3584021233387915,546.6583474315714,Hard
2025-10-13,45369,Jiri Lehecka,Benjamin Bonzi,P2,1.566875510770249,False,P1,0.6957834959030151,0.30421650409698486,1.3548387096774193,3.818181818181818,-1.566875510770249,545.0914719208012,Hard
2025-10-13,45396,James Duckworth,Flavio Cobolli,P1,4.857290067769889,True,P1,0.4382074177265167,0.5617925822734833,3.1608391608391604,1.4627831715210353,10.495822593992276,555.5872945147935,Hard
2025-10-13,45342,Ugo Humbert,Lorenzo Sonego,P2,1.1771989962749652,False,P1,0.592703714966774,0.407296285033226,1.615686274509804,2.6242038216560504,-1.1771989962749652,554.4100955185186,Hard
2025-10-13,45397,Alex Michelsen,Shintaro Mochizuki,P1,10.523127880469403,True,P1,0.7786420807242393,0.22135791927576065,1.554744525547445,2.8026315789473686,5.837647583326089,560.2477431018447,Hard
2025-10-13,45370,Raphael Collignon,Alejandro Davidovich Fokina,P2,9.811547657883342,False,P1,0.229231595993042,0.770768404006958,2.834437086092715,1.5451263537906137,-9.811547657883342,550.4361954439613,Hard
2025-10-13,45343,Casper Ruud,Sebastian Korda,P1,2.7608842867398997,True,P1,0.6189309358596802,0.3810690641403198,1.7347826086956524,2.36094674556213,2.028649758517579,552.4648452024788,Hard
2025-10-13,45344,Denis Shapovalov,Elias Ymer,P2,3.2168553734796426,False,P1,0.6829566657543182,0.31704333424568176,1.2937062937062938,4.404761904761904,-3.2168553734796426,549.2479898289992,Hard
2025-10-13,45398,Corentin Moutet,Jan-Lennard Struff,P2,3.1519144516753705,False,P1,0.4972439408302307,0.5027560591697693,1.780269058295964,2.2816091954022983,-3.1519144516753705,546.0960753773238,Hard
2025-10-13,45371,Felix Auger-Aliassime,Eliot Spizzirri,P2,0.8824388247340662,False,P1,0.7285209894180298,0.2714790105819702,1.3282828282828285,4.046153846153846,-0.8824388247340662,545.2136365525897,Hard
2025-10-13,45372,Jiri Lehecka,Giovanni Mpetshi Perricard,P1,1.0463089809923216,True,P1,0.6177871227264404,0.38221287727355957,1.6596638655462186,2.515923566878981,0.6902122269571198,545.9038487795468,Hard
2025-10-13,45345,Ugo Humbert,Holger Rune,P2,6.236840275526502,False,P1,0.3728605806827545,0.6271394193172455,2.0691489361702122,1.935323383084577,-6.236840275526502,539.6670085040204,Hard
2025-10-13,45399,Daniil Medvedev,James Duckworth,P2,3.2511944320566593,False,P1,0.7194777280092239,0.28052227199077606,1.222429906542056,5.495798319327731,-3.2511944320566593,536.4158140719637,Hard
2025-10-13,45373,Felix Auger-Aliassime,Raphael Collignon,P1,0.03453609795849096,True,P1,0.7014601826667786,0.29853981733322144,1.4263803680981593,3.345323741007194,0.014725514160215463,536.4305395861239,Hard
2025-10-13,45346,Casper Ruud,Denis Shapovalov,P1,4.220802511464997,True,P1,0.6776364743709564,0.3223635256290436,1.6196078431372551,2.613924050632911,2.6152423404371365,539.0457819265611,Hard
2025-10-13,45400,Corentin Moutet,Alex Michelsen,P1,2.445442439626803,True,P1,0.5733436048030853,0.4266563951969147,1.8840579710144931,2.1311475409836067,2.1619128814092035,541.2076948079703,Hard
2025-10-13,45401,Daniil Medvedev,Corentin Moutet,P2,3.771467464957962,False,P1,0.6039492785930634,0.39605072140693665,1.425,3.3529411764705883,-3.771467464957962,537.4362273430123,Hard
2025-10-13,45374,Felix Auger-Aliassime,Jiri Lehecka,P2,5.145969713170953,False,P1,0.4042496681213379,0.5957503318786621,2.0,2.0,-5.145969713170953,532.2902576298413,Hard
2025-10-13,45347,Casper Ruud,Ugo Humbert,P1,3.41450808858328,True,P1,0.6627710461616516,0.3372289538383484,1.6309523809523812,2.5849056603773586,2.1543920082727843,534.4446496381141,Hard
2025-10-20,45402,Taylor Fritz,Valentin Vacherot,P2,0.27037167416135477,False,P1,0.7737811133265495,0.22621888667345047,1.2792792792792793,4.580645161290324,-0.27037167416135477,534.1742779639528,Hard
2025-10-20,45433,Jannik Sinner,Daniel Altmaier,P2,0.7865354956194713,False,P1,0.9294399581849575,0.0705600418150425,1.044232437120555,23.607843137254903,-0.7865354956194713,533.3877424683334,Hard
2025-10-20,45403,Casper Ruud,Quentin Halys,P1,10.667754849366668,True,P1,0.8816982135176659,0.11830178648233414,1.2731277533039649,4.661290322580646,2.9136599148049944,536.3014023831383,Hard
2025-10-20,45434,Daniil Medvedev,Nuno Borges,P2,2.743968982643336,False,P1,0.7073025554418564,0.2926974445581436,1.2691466083150986,4.715447154471544,-2.743968982643336,533.557433400495,Hard
2025-10-20,45404,Felix Auger-Aliassime,Gabriel Diallo,P2,3.462679113322278,False,P1,0.6036207675933838,0.3963792324066162,1.4416403785488958,3.2642857142857147,-3.462679113322278,530.0947542871728,Hard
2025-10-20,45435,Matteo Berrettini,Alexei Popyrin,P2,0.7097259951719236,False,P1,0.5505097955465317,0.4494902044534683,1.7678571428571426,2.302325581395349,-0.7097259951719236,529.3850282920009,Hard
2025-10-20,45436,Flavio Cobolli,Tomas Machac,P2,0.6437583702656189,False,P1,0.38355931639671326,0.6164406836032867,2.54375,1.6477732793522268,-0.6437583702656189,528.7412699217354,Hard
2025-10-20,45405,Botic Van De Zandschulp,Jiri Lehecka,P2,3.7670136814541846,False,P1,0.23498232662677765,0.7650176733732224,3.6492537313432836,1.3774647887323945,-3.7670136814541846,524.9742562402812,Hard
2025-10-20,45406,Ugo Humbert,Sebastian Korda,P2,0.8933575504313466,False,P1,0.4290456622838974,0.5709543377161026,2.2514285714285713,1.7990867579908678,-0.8933575504313466,524.0808986898498,Hard
2025-10-20,45437,Corentin Moutet,Damir Dzumhur,P1,8.454690418172536,True,P1,0.7350213378667831,0.26497866213321686,1.6425702811244978,2.5562500000000004,5.432732798825724,529.5136314886755,Hard
2025-10-20,45407,Ben Shelton,Kamil Majchrzak,P1,7.355424241255003,True,P1,0.7309178113937378,0.2690821886062622,1.5938697318007664,2.6838709677419352,4.3681638214349645,533.8817953101105,Hard
2025-10-20,45438,Alexander Zverev,Jacob Fearnley,P1,4.432991982905239,True,P1,0.7832434549927711,0.21675654500722885,1.351206434316354,3.847328244274809,1.5568953076691323,535.4386906177797,Hard
2025-10-20,45408,Denis Shapovalov,Marcos Giron,P1,4.209231153771346,True,P1,0.6088661998510361,0.39113380014896393,1.8660287081339713,2.154696132596685,3.6453150183378638,539.0840056361176,Hard
2025-10-20,45439,Lorenzo Musetti,Hamad Medjedovic,P1,0.555366681522995,True,P1,0.6883740276098251,0.31162597239017487,1.4666666666666668,3.1428571428571432,0.2591711180440644,539.3431767541616,Hard
2025-10-20,45409,Marin Cilic,David Goffin,P2,1.8064450988464136,False,P1,0.6123594641685486,0.3876405358314514,1.5236363636363635,2.909722222222222,-1.8064450988464136,537.5367316553152,Hard
2025-10-20,45440,Cameron Norrie,Andrey Rublev,P1,2.2198411396584175,True,P1,0.4159975051879883,0.5840024948120117,2.7516339869281046,1.5708955223880594,3.8883491858069013,541.425080841122,Hard
2025-10-20,45441,Francisco Cerundolo,Alex Michelsen,P1,2.1145594224043864,True,P1,0.5414314419031143,0.4585685580968857,1.9897435897435893,2.0103626943005177,2.092871633456648,543.5179524745787,Hard
2025-10-20,45410,Joao Fonseca,Giovanni Mpetshi Perricard,P1,0.5616242491072518,True,P1,0.48271089792251587,0.5172891020774841,2.119565217391304,1.8932038834951457,0.6287749745439883,544.1467274491226,Hard
2025-10-20,45411,Reilly Opelka,Sebastian Baez,P2,2.6600272546204313,False,P1,0.6315618753433228,0.36843812465667725,1.4285714285714284,3.3333333333333335,-2.6600272546204313,541.4867001945022,Hard
2025-10-20,45442,Tomas Martin Etcheverry,Nicolai Budkov Kjaer,P1,7.807614977090345,True,P1,0.6831195205450058,0.3168804794549942,1.8027522935779814,2.2457142857142856,6.267580830233073,547.7542810247353,Hard
2025-10-20,45412,Valentin Royer,Raphael Collignon,P2,0.5506121522731724,False,P1,0.4899478256702423,0.5100521743297577,2.0,2.0,-0.5506121522731724,547.2036688724621,Hard
2025-10-20,45443,Filip Misolic,Camilo Ugo Carabelli,P2,9.911019694546217,False,P1,0.43561118841171265,0.5643888115882874,1.4640522875816993,3.154929577464789,-9.911019694546217,537.2926491779159,Hard
2025-10-20,45413,Stan Wawrinka,Miomir Kecmanovic,P2,3.7851441633659513,False,P1,0.3245038241147995,0.6754961758852005,2.647435897435897,1.6070038910505835,-3.7851441633659513,533.5075050145499,Hard
2025-10-20,45444,Alex de Minaur,Jurij Rodionov,P2,2.4581500221648143,False,P1,0.8310590386390686,0.1689409613609314,1.0924006908462867,11.822429906542055,-2.4581500221648143,531.0493549923851,Hard
2025-10-20,45445,Tallon Griekspoor,Karen Khachanov,P2,1.1529108369444598,False,P1,0.36220015585422516,0.6377998441457748,2.641025641025641,1.6093750000000002,-1.1529108369444598,529.8964441554407,Hard
2025-10-20,45415,Alejandro Davidovich Fokina,Lorenzo Sonego,P1,1.2093993289674085,True,P1,0.6224793791770935,0.3775206208229065,1.6544715447154474,2.527950310559006,0.7915174470071255,530.6879616024478,Hard
2025-10-20,45446,Alexander Bublik,Alejandro Tabilo,P1,0.96812998063712,True,P1,0.681755006313324,0.318244993686676,1.4931972789115644,3.027586206896552,0.4774790720829331,531.1654406745307,Hard
2025-10-20,45447,Matteo Arnaldi,Aleksandar Kovacevic,P2,0.576071932725343,False,P1,0.5951782166957855,0.4048217833042145,1.6437246963562753,2.5534591194968552,-0.576071932725343,530.5893687418054,Hard
2025-10-20,45416,Jenson Brooksby,Alexandre Muller,P1,3.729265305651082,True,P1,0.7336713522672653,0.2663286477327347,1.4490445859872612,3.2269503546099294,1.674606395212747,532.2639751370182,Hard
2025-10-20,45448,Brandon Nakashima,Luciano Darderi,P1,1.6148969019499069,True,P1,0.7304905503988266,0.2695094496011734,1.4023668639053255,3.485294117647059,0.6497810019680099,532.9137561389862,Hard
2025-10-20,45449,Alex de Minaur,Filip Misolic,P2,1.8116061252066804,False,P1,0.8581407591700554,0.1418592408299446,1.0860820595333869,12.616822429906541,-1.8116061252066804,531.1021500137795,Hard
2025-10-20,45418,Jaume Munar,Ben Shelton,P2,4.805056413303049,False,P1,0.29747702181339264,0.7025229781866074,2.7533333333333334,1.570342205323194,-4.805056413303049,526.2970936004764,Hard
2025-10-20,45450,Tallon Griekspoor,Brandon Nakashima,P2,1.2910039872398114,False,P1,0.4645257294178009,0.5354742705821991,2.0471204188481673,1.9549999999999998,-1.2910039872398114,525.0060896132366,Hard
2025-10-20,45419,Felix Auger-Aliassime,Marin Cilic,P2,0.36400501941281865,False,P1,0.7190555334091187,0.28094446659088135,1.3714285714285712,3.6923076923076916,-0.36400501941281865,524.6420845938237,Hard
2025-10-20,45420,Denis Shapovalov,Valentin Royer,P2,1.2301765109247675,False,P1,0.5742754191160202,0.4257245808839798,1.6596638655462186,2.515923566878981,-1.2301765109247675,523.4119080828989,Hard
2025-10-20,45451,Corentin Moutet,Daniil Medvedev,P1,3.4545042236492733,True,P1,0.40818144381046295,0.591818556189537,3.1428571428571432,1.4666666666666668,7.402509050677016,530.814417133576,Hard
2025-10-20,45452,Matteo Berrettini,Cameron Norrie,P1,4.279321652788835,True,P1,0.6380527764558792,0.3619472235441208,1.7590909090909093,2.317365269461078,3.2483941637078892,534.0628112972838,Hard
2025-10-20,45421,Ugo Humbert,Taylor Fritz,P2,6.204977043265087,False,P1,0.2638159692287445,0.7361840307712555,2.909722222222222,1.5236363636363635,-6.204977043265087,527.8578342540187,Hard
2025-10-20,45422,Casper Ruud,Stan Wawrinka,P1,6.263774524617645,True,P1,0.8394374921917915,0.16056250780820847,1.2666666666666666,4.75,1.6703398732313717,529.52817412725,Hard
2025-10-20,45453,Lorenzo Musetti,Tomas Martin Etcheverry,P2,2.515929174684842,False,P1,0.6895045191049576,0.3104954808950424,1.3125,4.2,-2.515929174684842,527.0122449525652,Hard
2025-10-20,45454,Jannik Sinner,Flavio Cobolli,P2,0.2824289103645325,False,P1,0.9327671676874161,0.06723283231258392,1.0605882352941176,17.50485436893204,-0.2824289103645325,526.7298160422007,Hard
2025-10-20,45423,Reilly Opelka,Botic Van De Zandschulp,P2,2.372615080252737,False,P1,0.4310107082128525,0.5689892917871475,2.111111111111111,1.9000000000000001,-2.372615080252737,524.3572009619479,Hard
2025-10-20,45424,Alejandro Davidovich Fokina,Jenson Brooksby,P1,1.1647716693371224,True,P1,0.5742255449295044,0.4257744550704956,1.8036529680365299,2.244318181818182,0.936072209147642,525.2932731710955,Hard
2025-10-20,45455,Alexander Zverev,Matteo Arnaldi,P2,0.6998268345046225,False,P1,0.724222332239151,0.275777667760849,1.344,3.906976744186047,-0.6998268345046225,524.5934463365909,Hard
2025-10-20,45456,Alexander Bublik,Francisco Cerundolo,P2,2.589293941930328,False,P1,0.54305200278759,0.45694799721241,1.6596638655462186,2.515923566878981,-2.589293941930328,522.0041523946605,Hard
2025-10-20,45425,Joao Fonseca,Jakub Mensik,P2,4.868975782889151,False,P1,0.4659968763589859,0.5340031236410141,1.7456140350877196,2.3411764705882354,-4.868975782889151,517.1351766117714,Hard
2025-10-20,45426,Alejandro Davidovich Fokina,Casper Ruud,P2,1.7905950489595341,False,P1,0.31987570226192474,0.6801242977380753,2.909722222222222,1.5236363636363635,-1.7905950489595341,515.3445815628119,Hard
2025-10-20,45457,Lorenzo Musetti,Corentin Moutet,P2,3.206368997489025,False,P1,0.5969755053520203,0.40302449464797974,1.4666666666666668,3.1428571428571432,-3.206368997489025,512.1382125653229,Hard
2025-10-20,45427,Jaume Munar,Felix Auger-Aliassime,P1,1.6490609715502662,True,P1,0.32747501134872437,0.6725249886512756,3.5563909774436087,1.3911764705882355,4.215644588925492,516.3538571542483,Hard
2025-10-20,45458,Jannik Sinner,Alexander Bublik,P2,1.1722850441220307,False,P1,0.8631046414375305,0.13689535856246948,1.1059999999999999,10.433962264150942,-1.1722850441220307,515.1815721101262,Hard
2025-10-20,45459,Alexander Zverev,Tallon Griekspoor,P1,0.5520421651411372,True,P1,0.6636898815631866,0.33631011843681335,1.5236363636363635,2.909722222222222,0.28906935192844996,515.4706414620547,Hard
2025-10-20,45428,Joao Fonseca,Denis Shapovalov,P1,0.15916926479563684,True,P1,0.5292411148548126,0.4707588851451874,1.9000000000000001,2.111111111111111,0.14325233831607317,515.6138938003708,Hard
2025-10-20,45460,Alex de Minaur,Matteo Berrettini,P2,1.4066386735642784,False,P1,0.7034511119127274,0.29654888808727264,1.344,3.906976744186047,-1.4066386735642784,514.2072551268064,Hard
2025-10-20,45429,Ugo Humbert,Reilly Opelka,P2,3.141314561138866,False,P1,0.6160134226083755,0.38398657739162445,1.425,3.3529411764705883,-3.141314561138866,511.0659405656676,Hard
2025-10-20,45430,Alejandro Davidovich Fokina,Ugo Humbert,P1,5.199890026446229,True,P1,0.5200786888599396,0.4799213111400604,2.515923566878981,1.6596638655462186,7.882635836268807,518.9485764019364,Hard
2025-10-20,45462,Alexander Zverev,Lorenzo Musetti,P1,1.7832607554627555,True,P1,0.5343629568815231,0.46563704311847687,2.0,2.0,1.7832607554627555,520.7318371573991,Hard
2025-10-20,45431,Joao Fonseca,Jaume Munar,P2,1.4637992550669523,False,P1,0.5365152806043625,0.4634847193956375,1.7590909090909093,2.317365269461078,-1.4637992550669523,519.2680379023321,Hard
2025-10-20,45463,Jannik Sinner,Alexander Zverev,P2,1.0219839586196253,False,P1,0.8301805704832077,0.1698194295167923,1.1571428571428573,7.363636363636364,-1.0219839586196253,518.2460539437125,Hard
2025-10-20,45432,Joao Fonseca,Alejandro Davidovich Fokina,P2,3.7579883570537005,False,P1,0.46878404915332794,0.5312159508466721,1.8238095238095235,2.213872832369942,-3.7579883570537005,514.4880655866588,Hard
2025-10-27,45464,Alexander Bublik,Alexei Popyrin,P2,0.24115544546671686,False,P1,0.6754264235496521,0.3245735764503479,1.4666666666666668,3.1428571428571432,-0.24115544546671686,514.2469101411921,Hard
2025-10-27,45465,Andrey Rublev,Jacob Fearnley,P1,1.628775901543682,True,P1,0.6277097016572952,0.3722902983427048,1.6596638655462186,2.515923566878981,1.0744446073208325,515.3213547485129,Hard
2025-10-27,45466,Daniel Altmaier,Marcos Giron,P1,0.08801199155411794,True,P1,0.38177159428596497,0.618228405714035,2.633986928104575,1.612,0.14381044371587898,515.4651651922288,Hard
2025-10-27,45467,Arthur Cazaux,Luciano Darderi,P2,2.9647801002677485,False,P1,0.6033864617347717,0.39661353826522827,1.4666666666666668,3.1428571428571432,-2.9647801002677485,512.5003850919611,Hard
2025-10-27,45468,Francisco Cerundolo,Damir Dzumhur,P2,0.31428676896639063,False,P1,0.6931474804878235,0.3068525195121765,1.425,3.3529411764705883,-0.31428676896639063,512.1860983229947,Hard
2025-10-27,45469,Flavio Cobolli,Tomas Machac,P2,4.085354784178575,False,P1,0.46083420515060425,0.5391657948493958,1.8238095238095235,2.213872832369942,-4.085354784178575,508.1007435388161,Hard
2025-10-27,45470,Miomir Kecmanovic,Aleksandar Kovacevic,P1,3.0282056921326514,True,P1,0.6359947025775909,0.36400529742240906,1.7043478260869567,2.419753086419753,2.132910096197781,510.2336536350139,Hard
2025-10-27,45471,Cameron Norrie,Sebastian Baez,P2,1.963755562817742,False,P1,0.7287041395902634,0.27129586040973663,1.2666666666666666,4.75,-1.963755562817742,508.26989807219616,Hard
2025-10-27,45472,Arthur Rinderknech,Fabian Marozsan,P1,2.6553505974733236,True,P1,0.5954988300800323,0.40450116991996765,1.8238095238095235,2.213872832369942,2.1875031112518326,510.457401183448,Hard
2025-10-27,45473,Learner Tien,Nuno Borges,P2,0.2903560481819737,False,P1,0.6132901310920715,0.38670986890792847,1.612,2.633986928104575,-0.2903560481819737,510.167045135266,Hard
2025-10-27,45474,Aleksandar Vukic,Terence Atmane,P2,2.0989151303848774,False,P1,0.4830087125301361,0.5169912874698639,1.9000000000000001,2.111111111111111,-2.0989151303848774,508.06813000488114,Hard
2025-10-27,45475,Karen Khachanov,Ethan Quinn,P1,6.838058836386042,True,P1,0.7674659863114357,0.2325340136885643,1.4666666666666668,3.1428571428571432,3.1910941236468204,511.259224128528,Hard
2025-10-27,45476,Zizou Bergs,Alex Michelsen,P1,0.8578128421843615,True,P1,0.49134571850299835,0.5086542814970016,2.111111111111111,1.9000000000000001,0.9531253802048462,512.2123495087328,Hard
2025-10-27,45477,Grigor Dimitrov,Giovanni Mpetshi Perricard,P1,8.531772997123879,True,P1,0.586311548948288,0.41368845105171204,2.633986928104575,1.612,13.94080555085601,526.1531550595888,Hard
2025-10-27,45478,Alexandre Muller,Brandon Nakashima,P1,1.1377058592226708,True,P1,0.31226998567581177,0.6877300143241882,3.5563909774436087,1.3911764705882355,2.908420993501564,529.0615760530903,Hard
2025-10-27,45479,Lorenzo Sonego,Sebastian Korda,P1,0.07845807880800924,True,P1,0.3456220328807831,0.6543779671192169,2.909722222222222,1.5236363636363635,0.14983313661251763,529.2114091897029,Hard
2025-10-27,45480,Felix Auger-Aliassime,Francisco Comesana,P2,0.37305058616172193,False,P1,0.7783434018492699,0.22165659815073013,1.2666666666666666,4.75,-0.37305058616172193,528.8383586035411,Hard
2025-10-27,45481,Daniil Medvedev,Jaume Munar,P2,4.301925686852455,False,P1,0.5495449006557465,0.45045509934425354,1.5236363636363635,2.909722222222222,-4.301925686852455,524.5364329166887,Hard
2025-10-27,45482,Valentin Vacherot,Jiri Lehecka,P1,2.3102330207343114,True,P1,0.40148885548114777,0.5985111445188522,2.909722222222222,1.5236363636363635,4.411903338207885,528.9483362548966,Hard
2025-10-27,45483,Gabriel Diallo,Tallon Griekspoor,P1,1.5068654053838462,True,P1,0.5036715269088745,0.4963284730911255,2.111111111111111,1.9000000000000001,1.6742948948709402,530.6226311497676,Hard
2025-10-27,45484,Joao Fonseca,Denis Shapovalov,P1,2.9245687969146417,True,P1,0.6768395602703094,0.32316043972969055,1.570342205323194,2.7533333333333334,1.6680050172516967,532.2906361670193,Hard
2025-10-27,45485,Corentin Moutet,Reilly Opelka,P2,2.7596231248871104,False,P1,0.5882712155580521,0.41172878444194794,1.5236363636363635,2.909722222222222,-2.7596231248871104,529.5310130421323,Hard
2025-10-27,45486,Camilo Ugo Carabelli,Tomas Martin Etcheverry,P1,3.9885263980072567,True,P1,0.2964669466018677,0.7035330533981323,5.824561403508772,1.2072727272727273,19.242890516701678,548.7739035588339,Hard
2025-10-27,45487,Alejandro Davidovich Fokina,Valentin Royer,P1,1.2916144096614979,True,P1,0.6725023239850998,0.3274976760149002,1.5236363636363635,2.909722222222222,0.676336272695475,549.4502398315294,Hard
2025-10-27,45488,Taylor Fritz,Aleksandar Vukic,P2,0.8564973116773724,False,P1,0.8372548595070839,0.1627451404929161,1.1571428571428573,7.363636363636364,-0.8564973116773724,548.5937425198521,Hard
2025-10-27,45489,Cameron Norrie,Carlos Alcaraz,P1,2.4332784894467836,True,P1,0.1681167110800743,0.8318832889199257,11.476190476190474,1.0954545454545455,25.49148893706154,574.0852314569136,Hard
2025-10-27,45490,Ben Shelton,Flavio Cobolli,P1,10.42947686968633,True,P1,0.6649170815944672,0.33508291840553284,2.111111111111111,1.9000000000000001,11.588307632984812,585.6735390898983,Hard
2025-10-27,45491,Andrey Rublev,Learner Tien,P2,3.8838213626637583,False,P1,0.4336862415075302,0.5663137584924698,2.0,2.0,-3.8838213626637583,581.7897177272346,Hard
2025-10-27,45492,Jannik Sinner,Zizou Bergs,P1,3.0905315980956662,True,P1,0.9048436991870403,0.09515630081295967,1.119153674832962,9.392523364485982,0.36824819710048545,582.157965924335,Hard
2025-10-27,45493,Alexander Zverev,Camilo Ugo Carabelli,P2,3.0957227967312786,False,P1,0.8342962935566902,0.16570370644330978,1.0711382113821137,15.057142857142855,-3.0957227967312786,579.0622431276038,Hard
2025-10-27,45494,Daniel Altmaier,Casper Ruud,P2,6.796886650546186,False,P1,0.22468896955251694,0.7753110304474831,3.4057971014492754,1.4156626506024097,-6.796886650546186,572.2653564770576,Hard
2025-10-27,45495,Felix Auger-Aliassime,Alexandre Muller,P1,3.3213564555903474,True,P1,0.7747201398015022,0.22527986019849777,1.3420365535248042,3.9236641221374047,1.136025315097482,573.4013817921551,Hard
2025-10-27,45496,Daniil Medvedev,Grigor Dimitrov,P2,10.156241134616481,False,P1,0.4858534336090088,0.5141465663909912,1.3291139240506329,4.038461538461539,-10.156241134616481,563.2451406575386,Hard
2025-10-27,45497,Alejandro Davidovich Fokina,Arthur Cazaux,P1,7.710293632318377,True,P1,0.728320986032486,0.27167901396751404,1.5977011494252877,2.673076923076923,4.6084513664431705,567.8535920239818,Hard
2025-10-27,45498,Francisco Cerundolo,Miomir Kecmanovic,P2,2.872610810461887,False,P1,0.6039620339870453,0.3960379660129547,1.488215488215488,3.048275862068966,-2.872610810461887,564.98098121352,Hard
2025-10-27,45499,Valentin Vacherot,Arthur Rinderknech,P2,6.767496998803871,False,P1,0.441848486661911,0.558151513338089,1.7210300429184548,2.3869047619047614,-6.767496998803871,558.2134842147161,Hard
2025-10-27,45500,Alex de Minaur,Gabriel Diallo,P2,2.4639971397728586,False,P1,0.6855287700891495,0.3144712299108505,1.3299492385786804,4.0307692307692315,-2.4639971397728586,555.7494870749432,Hard
2025-10-27,45501,Lorenzo Sonego,Lorenzo Musetti,P1,1.543112202335217,True,P1,0.2916494905948639,0.7083505094051361,3.999999999999999,1.3333333333333333,4.62933660700565,560.3788236819488,Hard
2025-10-27,45502,Karen Khachanov,Joao Fonseca,P2,8.189153991417632,False,P1,0.3975398689508438,0.6024601310491562,1.780269058295964,2.2816091954022983,-8.189153991417632,552.1896696905312,Hard
2025-10-27,45503,Alexander Bublik,Corentin Moutet,P2,1.0167720789477772,False,P1,0.5783759951591492,0.42162400484085083,1.6653061224489796,2.503067484662577,-1.0167720789477772,551.1728976115835,Hard
2025-10-27,45504,Jannik Sinner,Francisco Cerundolo,P2,0.275499995359603,False,P1,0.9170850589871407,0.08291494101285934,1.0795107033639144,13.576923076923075,-0.275499995359603,550.8973976162239,Hard
2025-10-27,45505,Alexander Zverev,Alejandro Davidovich Fokina,P1,0.6306023425144026,True,P1,0.6757783442735672,0.3242216557264328,1.4965986394557824,3.0136986301369864,0.3131562653302816,551.2105538815541,Hard
2025-10-27,45506,Alexander Bublik,Taylor Fritz,P2,5.771458516762072,False,P1,0.36907631158828735,0.6309236884117126,2.14207650273224,1.8755980861244024,-5.771458516762072,545.439095364792,Hard
2025-10-27,45507,Ben Shelton,Andrey Rublev,P1,6.059707495550719,True,P1,0.6514648497104645,0.3485351502895355,1.8119266055045873,2.2316384180790965,4.9200377372132,550.3591331020052,Hard
2025-10-27,45508,Alex de Minaur,Karen Khachanov,P1,6.699636468665656,True,P1,0.6962676346302032,0.30373236536979675,1.670781893004115,2.4907975460122698,4.4939948328909525,554.8531279348962,Hard
2025-10-27,45509,Felix Auger-Aliassime,Daniel Altmaier,P1,7.588744819792716,True,P1,0.7389555126428604,0.2610444873571396,1.5608856088560885,2.7828947368421053,4.256417758702925,559.1095456935991,Hard
2025-10-27,45510,Daniil Medvedev,Lorenzo Sonego,P2,3.437022570841714,False,P1,0.6870507299900055,0.3129492700099945,1.2765486725663715,4.616,-3.437022570841714,555.6725231227574,Hard
2025-10-27,45511,Valentin Vacherot,Cameron Norrie,P1,0.977667457958094,True,P1,0.5616719871759415,0.43832801282405853,1.832558139534884,2.201117318435754,0.8139649998813901,556.4864881226388,Hard
2025-10-27,45512,Felix Auger-Aliassime,Valentin Vacherot,P1,0.6741139813725094,True,P1,0.5922144800424576,0.4077855199575424,1.7179487179487178,2.392857142857143,0.483979268677699,556.9704673913164,Hard
2025-10-27,45513,Alexander Bublik,Alex de Minaur,P2,4.542367456696759,False,P1,0.3823356181383133,0.6176643818616867,2.188888888888889,1.841121495327103,-4.542367456696759,552.4280999346197,Hard
2025-10-27,45514,Jannik Sinner,Ben Shelton,P1,9.856166154327022,True,P1,0.881261058151722,0.11873894184827805,1.2264150943396226,5.416666666666667,2.231584789658948,554.6596847242787,Hard
2025-10-27,45515,Alexander Zverev,Daniil Medvedev,P1,6.189332619746431,True,P1,0.5809498280286789,0.4190501719713211,2.1712707182320443,1.8537735849056602,7.249384062907423,561.9090687871861,Hard
2025-10-27,45516,Felix Auger-Aliassime,Alexander Bublik,P1,2.861984682634894,True,P1,0.5532361418008804,0.44676385819911957,1.989795918367347,2.010309278350516,2.8327807573018853,564.741849544488,Hard
2025-10-27,45517,Jannik Sinner,Alexander Zverev,P1,1.3811922030484014,True,P1,0.8478262573480606,0.1521737426519394,1.1904761904761905,6.25,0.26308422915207647,565.0049337736401,Hard
2025-10-27,45518,Jannik Sinner,Felix Auger-Aliassime,P2,2.999049855928539e-05,False,P1,0.8641966134309769,0.13580338656902313,1.1571428571428573,7.363636363636364,-2.999049855928539e-05,565.0049037831416,Hard
2025-11-03,45519,Matteo Berrettini,Quentin Halys,P1,7.551350306488036,True,P1,0.8178843408823013,0.18211565911769867,1.330769230769231,4.023255813953488,2.497754332146044,567.5026581152877,Hard
2025-11-03,45546,Alexandre Muller,Jan-Lennard Struff,P2,2.774895603746115,False,P1,0.3798765391111374,0.6201234608888626,2.375,1.7272727272727275,-2.774895603746115,564.7277625115415,Hard
2025-11-03,45520,Cameron Norrie,Valentin Royer,P2,0.774054319118231,False,P1,0.6061047166585922,0.3938952833414078,1.6046511627906976,2.6538461538461537,-0.774054319118231,563.9537081924233,Hard
2025-11-03,45547,Damir Dzumhur,Jacob Fearnley,P1,6.646682184220727,True,P1,0.46516717970371246,0.5348328202962875,3.3309352517985613,1.429012345679012,15.492985810701551,579.4466940031248,Hard
2025-11-03,45548,Miomir Kecmanovic,Kamil Majchrzak,P1,1.4590348133136393,True,P1,0.5008300393819809,0.4991699606180191,2.108108108108108,1.9024390243902443,1.6167683066448433,581.0634623097696,Hard
2025-11-03,45521,Vitaliy Sachko,Giovanni Mpetshi Perricard,P1,0.39633900033568814,True,P1,0.23224959522485733,0.7677504047751427,4.512,1.2847380410022777,1.3919425691789367,582.4554048789486,Hard
2025-11-03,45522,Lorenzo Sonego,Jan Choinski,P1,8.257342438745589,True,P1,0.8414901793003082,0.15850982069969177,1.2840909090909092,4.5200000000000005,2.345835920098179,584.8012407990467,Hard
2025-11-03,45549,Vit Kopriva,Reilly Opelka,P2,6.799571120812046,False,P1,0.22275765240192413,0.7772423475980759,3.4452554744525545,1.4089552238805971,-6.799571120812046,578.0016696782346,Hard
2025-11-03,45550,Eliot Spizzirri,Laslo Djere,P2,6.766783504430687,False,P1,0.4931100606918335,0.5068899393081665,1.5531135531135531,2.8079470198675502,-6.766783504430687,571.234886173804,Hard
2025-11-03,45551,Stan Wawrinka,Botic Van De Zandschulp,P2,3.2898887828081995,False,P1,0.3145076483488083,0.6854923516511917,2.8133333333333335,1.5514705882352942,-3.2898887828081995,567.9449973909957,Hard
2025-11-03,45524,Learner Tien,Ugo Blanchet,P1,0.7648711893914739,True,P1,0.7798810973763466,0.2201189026236534,1.2923433874709975,4.42063492063492,0.2236050344856744,568.1686024254814,Hard
2025-11-03,45525,Arthur Cazaux,Adrian Mannarino,P2,6.309874580467354,False,P1,0.48594409227371216,0.5140559077262878,1.6007751937984493,2.6645161290322577,-6.309874580467354,561.858727845014,Hard
2025-11-03,45553,Sebastian Korda,Alexei Popyrin,P2,3.273979725824625,False,P1,0.5542855560779572,0.44571444392204285,1.5938697318007664,2.6838709677419352,-3.273979725824625,558.5847481191894,Hard
2025-11-03,45526,Hugo Gaston,Terence Atmane,P2,11.171694962383787,False,P1,0.2724827378988266,0.7275172621011734,1.7589285714285714,2.317647058823529,-11.171694962383787,547.4130531568056,Hard
2025-11-03,45527,Daniel Altmaier,Arthur Rinderknech,P2,5.3933797337677865,False,P1,0.3156561255455017,0.6843438744544983,2.54375,1.6477732793522268,-5.3933797337677865,542.0196734230378,Hard
2025-11-03,45554,Alejandro Tabilo,Adam Walton,P2,4.238824342617819,False,P1,0.5604550391435623,0.4395449608564377,1.5051903114186853,2.9794520547945207,-4.238824342617819,537.78084908042,Hard
2025-11-03,45555,Tomas Martin Etcheverry,Mackenzie McDonald,P1,4.509778605712812,True,P1,0.6094677150249481,0.3905322849750519,1.8840579710144931,2.1311475409836067,3.9869057238910384,541.767754804311,Hard
2025-11-03,45529,Aleksandar Vukic,Corentin Moutet,P1,0.7672599865526067,True,P1,0.26799193024635315,0.7320080697536469,4.054263565891473,1.3274111675126905,2.343414222494008,544.1111690268051,Hard
2025-11-03,45557,Marcos Giron,Pedro Martinez,P2,3.0385500118353876,False,P1,0.6813104152679443,0.31868958473205566,1.3038277511961724,4.291338582677165,-3.0385500118353876,541.0726190149697,Hard
2025-11-03,45531,Lorenzo Sonego,Flavio Cobolli,P1,5.371606721327927,True,P1,0.5654563903808594,0.4345436096191406,2.1843575418994416,1.8443396226415094,6.3619029325224625,547.4345219474922,Hard
2025-11-03,45558,Novak Djokovic,Alejandro Tabilo,P1,8.886345138807902,True,P1,0.8535963594913483,0.14640364050865173,1.2767857142857142,4.612903225806452,2.4596133866343295,549.8941353341265,Hard
2025-11-03,45532,Daniel Altmaier,Hugo Gaston,P1,10.99788270668253,True,P1,0.7444766312837601,0.25552336871623993,2.189944134078212,1.84037558685446,13.086866014097088,562.9810013482236,Hard
2025-11-03,45559,Sebastian Korda,Damir Dzumhur,P2,1.3006792382663184,False,P1,0.7311245203018188,0.26887547969818115,1.3045563549160673,4.283464566929133,-1.3006792382663184,561.6803221099573,Hard
2025-11-03,45560,Nuno Borges,Eliot Spizzirri,P1,3.596992403054683,True,P1,0.638153076171875,0.361846923828125,1.7094017094017095,2.4096385542168677,2.551712559431955,564.2320346693892,Hard
2025-11-03,45561,Yannick Hanfmann,Vit Kopriva,P1,5.194257871533476,True,P1,0.7384054809808731,0.2615945190191269,1.4719471947194718,3.118881118881119,2.4514154311197585,566.683450100509,Hard
2025-11-03,45535,Learner Tien,Moez Echargui,P2,4.92216427693628,False,P1,0.7390941828489304,0.26090581715106964,1.117965367965368,9.477064220183486,-4.92216427693628,561.7612858235727,Hard
2025-11-03,45562,Miomir Kecmanovic,Luciano Darderi,P1,5.282274668414037,True,P1,0.7147755920886993,0.28522440791130066,1.5415162454873648,2.8466666666666667,2.860437546072584,564.6217233696453,Hard
2025-11-03,45536,Cameron Norrie,Arthur Cazaux,P1,5.5581518712813,True,P1,0.616973802447319,0.38302619755268097,1.9117647058823533,2.096774193548387,5.067726706168246,569.6894500758136,Hard
2025-11-03,45563,Marcos Giron,Brandon Nakashima,P1,3.8388097203837113,True,P1,0.5030912309885025,0.4969087690114975,2.3491124260355027,1.7412280701754383,5.178985894955539,574.8684359707692,Hard
2025-11-03,45564,Lorenzo Musetti,Stan Wawrinka,P2,2.1107381987440768,False,P1,0.7561467736959457,0.24385322630405426,1.2253787878787878,5.436974789915966,-2.1107381987440768,572.757697772025,Hard
2025-11-03,45537,Matteo Berrettini,Aleksandar Vukic,P2,2.5813992646158246,False,P1,0.6797402799129486,0.3202597200870514,1.3385416666666667,3.953846153846154,-2.5813992646158246,570.1762985074092,Hard
2025-11-03,45538,Vitaliy Sachko,Alexander Bublik,P2,8.905572366621472,False,P1,0.10685992613434792,0.8931400738656521,6.434782608695652,1.184,-8.905572366621472,561.2707261407877,Hard
2025-11-03,45565,Alexandre Muller,Tomas Martin Etcheverry,P2,3.8675224264193653,False,P1,0.34700362384319305,0.652996376156807,2.4846625766871164,1.6735537190082643,-3.8675224264193653,557.4032037143684,Hard
2025-11-03,45566,Lorenzo Musetti,Alexandre Muller,P2,2.158871250936245,False,P1,0.7283196747303009,0.2716803252696991,1.2666666666666666,4.75,-2.158871250936245,555.2443324634321,Hard
2025-11-03,45567,Sebastian Korda,Miomir Kecmanovic,P2,0.5370998039740574,False,P1,0.6346753239631653,0.3653246760368347,1.5451263537906137,2.834437086092715,-0.5370998039740574,554.7072326594581,Hard
2025-11-03,45540,Lorenzo Sonego,Daniel Altmaier,P2,1.090476488125527,False,P1,0.59636589884758,0.40363410115242004,1.6108949416342413,2.6369426751592355,-1.090476488125527,553.6167561713326,Hard
2025-11-03,45568,Novak Djokovic,Nuno Borges,P1,5.603679196206695,True,P1,0.8585547432303429,0.14144525676965714,1.2155797101449275,5.6386554621848735,1.2080395368633996,554.824795708196,Hard
2025-11-03,45569,Yannick Hanfmann,Marcos Giron,P1,5.754365403440026,True,P1,0.5386532843112946,0.46134671568870544,2.392857142857143,1.7179487179487178,8.015008954791465,562.8398046629875,Hard
2025-11-03,45542,Learner Tien,Matteo Berrettini,P1,0.4598763677679263,True,P1,0.4354439973831177,0.5645560026168823,2.347058823529412,1.74235807860262,0.6194805189344419,563.4592851819219,Hard
2025-11-03,45543,Cameron Norrie,Lorenzo Sonego,P2,0.11984191415430506,False,P1,0.4716692566871643,0.5283307433128357,2.111111111111111,1.9000000000000001,-0.11984191415430506,563.3394432677676,Hard
2025-11-03,45570,Novak Djokovic,Yannick Hanfmann,P2,0.14492651260968303,False,P1,0.7854116335511208,0.21458836644887924,1.2666666666666666,4.75,-0.14492651260968303,563.1945167551579,Hard
2025-11-03,45571,Lorenzo Musetti,Sebastian Korda,P2,1.8809822627422617,False,P1,0.5010327100753784,0.4989672899246216,1.862559241706161,2.1593406593406588,-1.8809822627422617,561.3135344924157,Hard
2025-11-03,45544,Learner Tien,Vitaliy Sachko,P2,2.642744575054418,False,P1,0.7500225827097893,0.24997741729021072,1.2077464788732395,5.813559322033899,-2.642744575054418,558.6707899173613,Hard
2025-11-03,45545,Learner Tien,Cameron Norrie,P2,3.434876793255832,False,P1,0.5284407138824463,0.4715592861175537,1.6596638655462186,2.515923566878981,-3.434876793255832,555.2359131241054,Hard
2025-11-03,45572,Novak Djokovic,Lorenzo Musetti,P1,1.8582612994235603,True,P1,0.7217177301645279,0.2782822698354721,1.425,3.3529411764705883,0.7897610522550133,556.0256741763604,Hard
2025-11-10,45574,Alexander Zverev,Ben Shelton,P2,3.037728220664458,False,P1,0.5583071112632751,0.44169288873672485,1.5954198473282442,2.6794871794871793,-3.037728220664458,552.987945955696,Hard
2025-11-10,45575,Taylor Fritz,Lorenzo Musetti,P1,0.3587170309305749,True,P1,0.6724867522716522,0.3275132477283478,1.4965986394557824,3.0136986301369864,0.1781383895097413,553.1660843452057,Hard
2025-11-10,45576,Jannik Sinner,Felix Auger-Aliassime,P2,2.027475368776513,False,P1,0.8324700221419334,0.16752997785806656,1.1131879543094496,9.8348623853211,-2.027475368776513,551.1386089764292,Hard
2025-11-10,45577,Carlos Alcaraz,Taylor Fritz,P2,2.5292168255060843,False,P1,0.7256770431995392,0.2743229568004608,1.251546391752577,4.975409836065573,-2.5292168255060843,548.6093921509231,Hard
2025-11-10,45578,Lorenzo Musetti,Alex de Minaur,P1,2.3040436371352926,True,P1,0.35978199541568756,0.6402180045843124,3.3214285714285707,1.4307692307692306,5.34867272906407,553.9580648799872,Hard
2025-11-10,45579,Felix Auger-Aliassime,Ben Shelton,P1,3.3922526090622798,True,P1,0.512485146522522,0.487514853477478,2.25,1.7999999999999998,4.2403157613278495,558.198380641315,Hard
2025-11-10,45580,Jannik Sinner,Alexander Zverev,P2,0.31253866528296664,False,P1,0.8548275232315063,0.14517247676849365,1.1567267683772537,7.380530973451328,-0.31253866528296664,557.885841976032,Hard
2025-11-10,45581,Alex de Minaur,Taylor Fritz,P1,4.0590569678771375,True,P1,0.4003940522670746,0.5996059477329254,3.3525179856115113,1.4250764525993882,9.549004521552693,567.4348464975847,Hard
2025-11-10,45582,Carlos Alcaraz,Lorenzo Musetti,P2,2.751015455186873,False,P1,0.7746749445796013,0.2253250554203987,1.1656976744186047,7.035087719298246,-2.751015455186873,564.6838310423977,Hard
2025-11-10,45583,Jannik Sinner,Ben Shelton,P2,0.3064529707223153,False,P1,0.8761594668030739,0.12384053319692612,1.1289566236811255,8.754545454545454,-0.3064529707223153,564.3773780716755,Hard
2025-11-10,45584,Felix Auger-Aliassime,Alexander Zverev,P2,11.28754756143351,False,P1,0.4789450168609619,0.5210549831390381,1.2391304347826089,5.181818181818182,-11.28754756143351,553.089830510242,Hard
2025-11-10,45585,Jannik Sinner,Alex de Minaur,P2,0.9842256753124673,False,P1,0.8542488664388657,0.14575113356113434,1.1289566236811255,8.754545454545454,-0.9842256753124673,552.1056048349295,Hard
2025-11-10,45586,Carlos Alcaraz,Felix Auger-Aliassime,P1,2.1160524228392514,True,P1,0.8218104019761086,0.17818959802389145,1.2391304347826089,5.181818181818182,0.5060125358963431,552.6116173708259,Hard
2025-11-10,45587,Jannik Sinner,Carlos Alcaraz,P2,1.9462513463957063,False,P1,0.6052959859371185,0.39470401406288147,1.5357142857142856,2.8666666666666667,-1.9462513463957063,550.6653660244302,Hard
2026-01-04,45627,Learner Tien,Camilo Ugo Carabelli,P1,7.213518005466021,True,P1,0.8618395254015923,0.13816047459840775,1.2303262955854128,5.341666666666668,1.6614628803376645,552.3268289047679,Hard
2026-01-05,45629,Nuno Borges,Damir Dzumhur,P1,0.5424222313174575,True,P1,0.6687063872814178,0.33129361271858215,1.5104166666666667,2.9591836734693877,0.2768613472349523,552.6036902520028,Hard
2026-01-05,45630,Marin Cilic,Adrian Mannarino,P2,2.4490018870977663,False,P1,0.5009028911590576,0.4990971088409424,1.8194444444444444,2.2203389830508478,-2.4490018870977663,550.154688364905,Hard
2026-01-05,45641,Yibing Wu,Fabian Marozsan,P2,2.4865720123162904,False,P1,0.39608100056648254,0.6039189994335175,2.296511627906977,1.7713004484304933,-2.4865720123162904,547.6681163525888,Hard
2026-01-05,45631,Quentin Halys,Alexei Popyrin,P2,6.219648322630899,False,P1,0.3023444414138794,0.6976555585861206,2.5562500000000004,1.6425702811244978,-6.219648322630899,541.4484680299579,Hard
2026-01-05,45632,Jiri Lehecka,Tomas Machac,P1,5.448554023587939,True,P1,0.7129817605018616,0.2870182394981384,1.5608856088560885,2.7828947368421053,3.0560155409054124,544.5044835708633,Hard
2026-01-05,45633,Sebastian Korda,Valentin Vacherot,P2,4.051757807217236,False,P1,0.53758504986763,0.46241495013237,1.5833333333333335,2.7142857142857144,-4.051757807217236,540.4527257636461,Hard
2026-01-05,45634,Kamil Majchrzak,Daniel Altmaier,P2,1.008235613104687,False,P1,0.481344610452652,0.518655389547348,2.0,2.0,-1.008235613104687,539.4444901505414,Hard
2026-01-05,45635,Alex Michelsen,James Duckworth,P1,0.3404625585686973,True,P1,0.5675537437200546,0.4324462562799454,1.7792792792792793,2.2832369942196533,0.26531541726299385,539.7098055678043,Hard
2026-01-05,45640,Daniil Medvedev,Marton Fucsovics,P2,0.9829856675714762,False,P1,0.7312996983528137,0.2687003016471863,1.3176178660049627,4.1484375,-0.9829856675714762,538.7268199002328,Hard
2026-01-06,45646,Michael Mmoh,Alejandro Tabilo,P1,3.743114534139588,True,P1,0.49149587750434875,0.5085041224956512,2.4424242424242424,1.6932773109243697,5.399159146213466,544.1259790464463,Hard
2026-01-06,45648,Gabriel Diallo,Jesper de Jong,P2,3.385693122063706,False,P1,0.5960808396339417,0.40391916036605835,1.4688524590163936,3.132867132867133,-3.385693122063706,540.7402859243826,Hard
2026-01-06,45650,Tomas Martin Etcheverry,Valentin Royer,P1,1.7784764260224302,True,P1,0.5304818749427795,0.46951812505722046,2.0103626943005177,1.9897435897435893,1.796906233545978,542.5371921579286,Hard
2026-01-06,45651,Coleman Wong,Mariano Navone,P1,6.931436561854276,True,P1,0.6487578302621841,0.35124216973781586,1.8932038834951457,2.119565217391304,6.19118605524848,548.7283782131772,Hard
2026-01-06,45659,Juncheng Shang,Francisco Comesana,P2,5.307572671931654,False,P1,0.5060326308012009,0.49396736919879913,1.5938697318007664,2.6838709677419352,-5.307572671931654,543.4208055412455,Hard
2026-01-06,45644,Brandon Nakashima,Alejandro Davidovich Fokina,P2,5.019267168866345,False,P1,0.3297499865293503,0.6702500134706497,2.4723926380368098,1.6791666666666667,-5.019267168866345,538.4015383723792,Hard
2026-01-06,45645,Raphael Collignon,Denis Shapovalov,P2,4.258149232367294,False,P1,0.4025166928768158,0.5974833071231842,2.0913978494623655,1.9162561576354682,-4.258149232367294,534.1433891400119,Hard
2026-01-06,45660,Marcos Giron,Laslo Djere,P2,0.5831421516101243,False,P1,0.5497536808252335,0.45024631917476654,1.7792792792792793,2.2832369942196533,-0.5831421516101243,533.5602469884018,Hard
2026-01-06,45652,Grigor Dimitrov,Pablo Carreno Busta,P1,2.5699627263761844,True,P1,0.6789322942495346,0.3210677057504654,1.5510948905109487,2.814569536423841,1.4162933273095026,534.9765403157113,Hard
2026-01-06,45661,Botic Van De Zandschulp,Jan-Lennard Struff,P1,1.91047705273079,True,P1,0.47811612486839294,0.5218838751316071,2.2832369942196533,1.7792792792792793,2.451594830671881,537.4281351463832,Hard
2026-01-06,45653,Giovanni Mpetshi Perricard,Tommy Paul,P2,4.294276680252438,False,P1,0.29921917617321014,0.7007808238267899,2.8079470198675502,1.5531135531135531,-4.294276680252438,533.1338584661307,Hard
2026-01-06,45654,Cameron Norrie,Ugo Humbert,P1,3.1215347812864853,True,P1,0.5060237944126129,0.4939762055873871,2.2701149425287355,1.7873303167420815,3.9647079693351333,537.0985664354658,Hard
2026-01-06,45655,Rinky Hijikata,Adam Walton,P2,1.7166919106909917,False,P1,0.5086327791213989,0.4913672208786011,1.84037558685446,2.189944134078212,-1.7166919106909917,535.3818745247748,Hard
2026-01-07,45667,Lorenzo Musetti,Tomas Martin Etcheverry,P2,3.695211652499171,False,P1,0.6285123378038406,0.37148766219615936,1.3714285714285712,3.6923076923076916,-3.695211652499171,531.6866628722756,Hard
2026-01-07,45668,Nuno Borges,Marin Cilic,P1,0.7354926995158926,True,P1,0.5163392126560211,0.4836607873439789,1.9897435897435893,2.0103626943005177,0.7279491846490627,532.4146120569247,Hard
2026-01-07,45669,Coleman Wong,Gabriel Diallo,P1,1.7028694348740039,True,P1,0.3856590539216995,0.6143409460783005,2.909722222222222,1.5236363636363635,3.252007601321882,535.6666196582466,Hard
2026-01-07,45670,Andrey Rublev,Yibing Wu,P2,2.904995457777223,False,P1,0.5639894604682922,0.43601053953170776,1.5807692307692307,2.721854304635762,-2.904995457777223,532.7616242004694,Hard
2026-01-07,45663,Sebastian Korda,Jiri Lehecka,P1,2.28494436893048,True,P1,0.43894894421100616,0.5610510557889938,2.5886075949367084,1.6294820717131475,3.6298799784908247,536.3915041789603,Hard
2026-01-07,45664,Alex Michelsen,Learner Tien,P2,5.47424974441863,False,P1,0.3006252348423004,0.6993747651576996,2.647435897435897,1.6070038910505835,-5.47424974441863,530.9172544345416,Hard
2026-01-07,45671,Kamil Majchrzak,Reilly Opelka,P1,4.21185672366401,True,P1,0.5512871444225311,0.44871285557746887,2.142857142857143,1.875,4.813550541330296,535.7308049758719,Hard
2026-01-08,45676,Marcos Giron,Alexandre Muller,P1,1.4934786082745999,True,P1,0.5653091222047806,0.4346908777952194,1.8530805687203793,2.1722222222222225,1.2740575805186163,537.0048625563905,Hard
2026-01-08,45677,Juncheng Shang,Lorenzo Sonego,P2,5.72674370058628,False,P1,0.4526578485965729,0.5473421514034271,1.737991266375546,2.3550295857988166,-5.72674370058628,531.2781188558042,Hard
2026-01-08,45680,Michael Mmoh,Karen Khachanov,P1,3.395129939932226,True,P1,0.3825861066579819,0.6174138933420181,3.4233576642335763,1.4126506024096386,8.227614161003642,539.5057330168079,Hard
2026-01-08,45673,Aleksandar Kovacevic,Cameron Norrie,P2,10.790114660336158,False,P1,0.20596498996019363,0.7940350100398064,2.7697368421052633,1.5650557620817847,-10.790114660336158,528.7156183564717,Hard
2026-01-08,45674,Brandon Nakashima,Quentin Halys,P2,0.11422571561323851,False,P1,0.672756165266037,0.327243834733963,1.4799999999999998,3.083333333333333,-0.11422571561323851,528.6013926408585,Hard
2026-01-08,45675,Giovanni Mpetshi Perricard,Rinky Hijikata,P1,1.3174773327326341,True,P1,0.6080621629953384,0.39193783700466156,1.702127659574468,2.4242424242424243,0.9250372761739771,529.5264299170325,Hard
2026-01-08,45681,Raphael Collignon,Grigor Dimitrov,P2,9.938254893650345,False,P1,0.21994229406118393,0.7800577059388161,2.84,1.5434782608695654,-9.938254893650345,519.5881750233822,Hard
2026-01-09,45683,Lorenzo Musetti,Coleman Wong,P2,4.112665861632543,False,P1,0.638364315032959,0.361635684967041,1.3185185185185186,4.1395348837209305,-4.112665861632543,515.4755091617496,Hard
2026-01-09,45685,Andrey Rublev,Nuno Borges,P2,4.675910863352484,False,P1,0.5217954516410828,0.47820454835891724,1.5687732342007437,2.758169934640523,-4.675910863352484,510.79959829839714,Hard
2026-01-09,45687,Marcos Giron,Michael Mmoh,P2,3.465238991453151,False,P1,0.5211347192525864,0.47886528074741364,1.6585365853658534,2.518518518518518,-3.465238991453151,507.334359306944,Hard
2026-01-09,45688,Alexander Bublik,Juncheng Shang,P1,6.130127315571753,True,P1,0.7120943367481232,0.28790566325187683,1.612,2.633986928104575,3.751637917129913,511.08599722407394,Hard
2026-01-09,45682,Aleksandar Kovacevic,Giovanni Mpetshi Perricard,P2,3.1074744971606223,False,P1,0.3805650323629379,0.6194349676370621,2.308139534883721,1.7644444444444443,-3.1074744971606223,507.9785227269133,Hard
2026-01-09,45684,Brandon Nakashima,Raphael Collignon,P2,2.965749035003735,False,P1,0.5122753083705902,0.4877246916294098,1.7241379310344829,2.380952380952381,-2.965749035003735,505.01277369190956,Hard
2026-01-09,45686,Alex Michelsen,Sebastian Korda,P1,1.1899886447995551,True,P1,0.3765425384044647,0.6234574615955353,2.8926174496644297,1.5283687943262412,2.252193274050165,507.26496696595973,Hard
2026-01-09,45689,Daniil Medvedev,Kamil Majchrzak,P2,5.7879504629530025,False,P1,0.6449714303016663,0.35502856969833374,1.196638655462185,6.085470085470087,-5.7879504629530025,501.4770165030067,Hard
2026-01-10,45693,Lorenzo Musetti,Andrey Rublev,P1,5.614646837607644,True,P1,0.6323852390050888,0.3676147609949112,1.9000000000000001,2.111111111111111,5.053182153846881,506.5301986568536,Hard
2026-01-10,45696,Alexander Bublik,Marcos Giron,P2,1.7384146454875034,False,P1,0.692976102232933,0.30702389776706696,1.344,3.906976744186047,-1.7384146454875034,504.7917840113661,Hard
2026-01-10,45691,Brandon Nakashima,Aleksandar Kovacevic,P2,2.5941452081994263,False,P1,0.6384422928094864,0.3615577071905136,1.4053254437869822,3.4671532846715327,-2.5941452081994263,502.1976388031666,Hard
2026-01-10,45694,Daniil Medvedev,Alex Michelsen,P2,2.6660429506060086,False,P1,0.6810094863176346,0.3189905136823654,1.3125,4.2,-2.6660429506060086,499.5315958525606,Hard
2026-01-11,45697,Alexander Bublik,Lorenzo Musetti,P2,0.7902691484639227,False,P1,0.5077077150344849,0.49229228496551514,1.9073170731707316,2.102150537634408,-0.7902691484639227,498.74132670409665,Hard
2026-01-11,45698,Daniil Medvedev,Brandon Nakashima,P2,4.425900634860681,False,P1,0.6223196089267731,0.37768039107322693,1.3216957605985038,4.108527131782946,-4.425900634860681,494.31542606923597,Hard
2026-01-12,45706,Valentin Vacherot,Miomir Kecmanovic,P1,4.101088501321522,True,P1,0.6222278475761414,0.37777215242385864,1.8279069767441858,2.207865168539326,3.395319782489445,497.7107458517254,Hard
2026-01-12,45702,Francisco Comesana,Valentin Royer,P1,1.152198572687873,True,P1,0.4664108455181122,0.5335891544818878,2.2701149425287355,1.7873303167420815,1.4634246239311488,499.1741704756565,Hard
2026-01-12,45707,Jaume Munar,Daniel Altmaier,P2,4.382814093482788,False,P1,0.5689247995615005,0.43107520043849945,1.4490445859872612,3.2269503546099294,-4.382814093482788,494.7913563821737,Hard
2026-01-12,45705,Sebastian Baez,Emilio Nava,P1,6.22097339754254,True,P1,0.583932489156723,0.416067510843277,2.2514285714285713,1.7990867579908678,7.785103851781806,502.5764602339555,Hard
2026-01-12,45709,Ugo Humbert,Terence Atmane,P2,0.3132082749076851,False,P1,0.696339413523674,0.303660586476326,1.418181818181818,3.391304347826087,-0.3132082749076851,502.2632519590478,Hard
2026-01-13,45710,Fabian Marozsan,Gael Monfils,P2,0.9506168566110899,False,P1,0.5604504346847534,0.4395495653152466,1.7167381974248928,2.3952095808383236,-0.9506168566110899,501.31263510243673,Hard
2026-01-13,45716,Tomas Machac,James Duckworth,P2,1.313855164478715,False,P1,0.5833055973052979,0.41669440269470215,1.624505928853755,2.60126582278481,-1.313855164478715,499.99877993795803,Hard
2026-01-13,45717,Quentin Halys,Jacob Fearnley,P2,1.6636042011047754,False,P1,0.562436580657959,0.437563419342041,1.6596638655462186,2.515923566878981,-1.6636042011047754,498.3351757368533,Hard
2026-01-13,45711,Alex Michelsen,Mariano Navone,P1,6.022048594808484,True,P1,0.7922004386782646,0.20779956132173538,1.3774647887323945,3.6492537313432836,2.273111300575598,500.60828703742885,Hard
2026-01-13,45712,Marcos Giron,Alexandre Muller,P1,5.197003879296921,True,P1,0.616066962480545,0.38393303751945496,1.9400000000000002,2.0638297872340425,4.885183646539106,505.493470683968,Hard
2026-01-13,45718,Rinky Hijikata,Tristan Schoolkate,P1,3.3792634321300814,True,P1,0.6259165853261948,0.37408341467380524,1.7599999999999998,2.3157894736842106,2.568240208418861,508.0617108923868,Hard
2026-01-13,45719,Alexander Shevchenko,Damir Dzumhur,P1,1.3677562691333944,True,P1,0.5726232081651688,0.42737679183483124,1.8238095238095235,2.213872832369942,1.1267706407622722,509.1884815331491,Hard
2026-01-13,45713,Hamad Medjedovic,Aleksandar Kovacevic,P2,4.6060617180524,False,P1,0.5207022875547409,0.4792977124452591,1.5730337078651684,2.745098039215686,-4.6060617180524,504.5824198150967,Hard
2026-01-13,45721,Aleksandar Vukic,Stefanos Tsitsipas,P1,0.16137818348000726,True,P1,0.2607116848230362,0.7392883151769638,3.906976744186047,1.344,0.46912262639537,505.0515424414921,Hard
2026-01-13,45714,Giovanni Mpetshi Perricard,Roberto Bautista Agut,P2,2.3317267914319246,False,P1,0.6308164596557617,0.3691835403442383,1.438871473354232,3.278571428571428,-2.3317267914319246,502.7198156500601,Hard
2026-01-13,45722,Marton Fucsovics,Ethan Quinn,P1,5.424054969508163,True,P1,0.6545498222112656,0.34545017778873444,1.7873303167420815,2.2701149425287355,4.270522917169323,506.99033856722946,Hard
2026-01-13,45715,Alejandro Tabilo,Camilo Ugo Carabelli,P2,1.5665739825995777,False,P1,0.62115378677845,0.37884621322155,1.5104166666666667,2.9591836734693877,-1.5665739825995777,505.4237645846299,Hard
2026-01-13,45720,Nuno Borges,Tomas Martin Etcheverry,P1,1.404754316217183,True,P1,0.5423979163169861,0.4576020836830139,1.9400000000000002,2.0638297872340425,1.3204690572441522,506.7442336418741,Hard
2026-01-13,45723,Andrea Vavassori,Gabriel Diallo,P2,4.645822575750102,False,P1,0.2296261414885521,0.7703738585114479,3.5563909774436087,1.3911764705882355,-4.645822575750102,502.09841106612396,Hard
2026-01-14,45724,Jakub Mensik,Hamad Medjedovic,P1,3.580512475984837,True,P1,0.6300203204154968,0.3699796795845032,1.7590909090909093,2.317365269461078,2.7179344704066724,504.8163455365306,Hard
2026-01-14,45732,Alejandro Davidovich Fokina,Rinky Hijikata,P2,1.5110575795883947,False,P1,0.6597434133291245,0.34025658667087555,1.425,3.3529411764705883,-1.5110575795883947,503.3052879569422,Hard
2026-01-14,45725,Ben Shelton,Francisco Comesana,P2,1.3915657431326602,False,P1,0.7197736501693726,0.28022634983062744,1.3125,4.2,-1.3915657431326602,501.91372221380954,Hard
2026-01-14,45726,Fabian Marozsan,Casper Ruud,P2,0.6033044805834027,False,P1,0.31053267419338226,0.6894673258066177,3.1428571428571432,1.4666666666666668,-0.6033044805834027,501.31041773322613,Hard
2026-01-14,45734,Jaume Munar,Francisco Cerundolo,P1,1.0395497192428782,True,P1,0.5863721966743469,0.4136278033256531,1.7590909090909093,2.317365269461078,0.7891127414252759,502.09953047465143,Hard
2026-01-14,45727,Luciano Darderi,Alejandro Tabilo,P2,8.070576206389834,False,P1,0.28041160106658936,0.7195883989334106,2.419753086419753,1.7043478260869567,-8.070576206389834,494.0289542682616,Hard
2026-01-14,45735,Ugo Humbert,Tallon Griekspoor,P2,0.7100848446344119,False,P1,0.602514460682869,0.39748553931713104,1.612,2.633986928104575,-0.7100848446344119,493.3188694236272,Hard
2026-01-14,45737,Tomas Machac,Quentin Halys,P1,3.402559411052576,True,P1,0.6573606729507446,0.34263932704925537,1.6596638655462186,2.515923566878981,2.244545493845607,495.5634149174728,Hard
2026-01-14,45729,Marcos Giron,Alex Michelsen,P1,0.2671723517885602,True,P1,0.5053912848234177,0.49460871517658234,2.0,2.0,0.2671723517885602,495.8305872692614,Hard
2026-01-14,45738,Alexander Shevchenko,Marton Fucsovics,P1,6.719876561991545,True,P1,0.5215757042169571,0.4784242957830429,2.909722222222222,1.5236363636363635,12.833097601025518,508.66368487028694,Hard
2026-01-14,45730,Sebastian Baez,Jenson Brooksby,P2,3.416792945953437,False,P1,0.3286485970020294,0.6713514029979706,2.633986928104575,1.612,-3.416792945953437,505.2468919243335,Hard
2026-01-14,45731,Eliot Spizzirri,Nuno Borges,P2,4.673494680533726,False,P1,0.36813385784626007,0.6318661421537399,2.213872832369942,1.8238095238095235,-4.673494680533726,500.5733972437998,Hard
2026-01-14,45739,Aleksandar Vukic,Andrea Vavassori,P2,4.162722825559583,False,P1,0.4891500473022461,0.5108499526977539,1.7043478260869567,2.419753086419753,-4.162722825559583,496.4106744182402,Hard
2026-01-15,45740,Marcos Giron,Luciano Darderi,P1,8.103013297057805,True,P1,0.7856931239366531,0.21430687606334686,1.4666666666666668,3.1428571428571432,3.781406205293643,500.19208062353385,Hard
2026-01-15,45741,Tomas Machac,Jaume Munar,P2,6.0818108747099355,False,P1,0.4149671196937561,0.5850328803062439,1.8238095238095235,2.213872832369942,-6.0818108747099355,494.1102697488239,Hard
2026-01-15,45742,Tommy Paul,Aleksandar Vukic,P1,0.17888874810206587,True,P1,0.7817718610167503,0.21822813898324966,1.2817551963048501,4.549180327868853,0.050402834338226454,494.1606725831621,Hard
2026-01-15,45743,Ugo Humbert,Alexander Shevchenko,P2,2.904638768116889,False,P1,0.6723363995552063,0.3276636004447937,1.3125,4.2,-2.904638768116889,491.2560338150452,Hard
2026-01-15,45744,Alejandro Davidovich Fokina,Valentin Vacherot,P2,4.712683993395395,False,P1,0.5013259053230286,0.49867409467697144,1.612,2.633986928104575,-4.712683993395395,486.5433498216498,Hard
2026-01-16,45748,Jakub Mensik,Fabian Marozsan,P2,5.108978537708658,False,P1,0.5760334730148315,0.42396652698516846,1.3714285714285712,3.6923076923076916,-5.108978537708658,481.4343712839412,Hard
2026-01-16,45749,Sebastian Baez,Marcos Giron,P1,0.5519375956007248,True,P1,0.4112837314605713,0.5887162685394287,2.515923566878981,1.6596638655462186,0.8366952086176592,482.2710664925588,Hard
2026-01-16,45745,Sebastian Baez,Ben Shelton,P1,1.9405030082338952,True,P1,0.2826036810874939,0.7173963189125061,4.549180327868853,1.2817551963048501,6.887195102994071,489.1582615955529,Hard
2026-01-16,45746,Jakub Mensik,Giovanni Mpetshi Perricard,P1,1.5719648680736085,True,P1,0.6132961809635162,0.38670381903648376,1.7043478260869567,2.419753086419753,1.1072100375127159,490.26547163306566,Hard
2026-01-16,45750,Tomas Machac,Tommy Paul,P2,6.2958031264593926,False,P1,0.29538559913635254,0.7046144008636475,2.515923566878981,1.6596638655462186,-6.2958031264593926,483.96966850660624,Hard
2026-01-16,45751,Ugo Humbert,Alejandro Davidovich Fokina,P2,1.140409921221863,False,P1,0.5015119314193726,0.49848806858062744,1.9000000000000001,2.111111111111111,-1.140409921221863,482.82925858538437,Hard
2026-01-16,45747,Fabian Marozsan,Eliot Spizzirri,P1,0.295587444063003,True,P1,0.5538334399461746,0.4461665600538254,1.8238095238095235,2.213872832369942,0.2435077515376167,483.072766336922,Hard
2026-01-17,45752,Jakub Mensik,Sebastian Baez,P2,0.47669627456730157,False,P1,0.6433713585138321,0.3566286414861679,1.5236363636363635,2.909722222222222,-0.47669627456730157,482.59607006235467,Hard
2026-01-17,45753,Tomas Machac,Ugo Humbert,P2,4.487581403134232,False,P1,0.35127103328704834,0.6487289667129517,2.317365269461078,1.7590909090909093,-4.487581403134232,478.1084886592204,Hard
2026-01-18,45755,Corentin Moutet,Tristan Schoolkate,P2,2.2274134172701636,False,P1,0.6518396139144897,0.34816038608551025,1.3911764705882355,3.5563909774436087,-2.2274134172701636,475.88107524195027,Hard
2026-01-18,45756,Tomas Martin Etcheverry,Miomir Kecmanovic,P1,2.050287427201185,True,P1,0.5872247368097305,0.41277526319026947,1.8238095238095235,2.213872832369942,1.6890463090752614,477.5701215510255,Hard
2026-01-18,45757,Francisco Cerundolo,Zhizhen Zhang,P1,0.7832316122376153,True,P1,0.6922547668218613,0.30774523317813873,1.4666666666666668,3.1428571428571432,0.3655080857108872,477.9356296367364,Hard
2026-01-18,45758,Alexander Zverev,Gabriel Diallo,P2,3.0075339484774593,False,P1,0.7356057316064835,0.26439426839351654,1.1883333333333335,6.309734513274337,-3.0075339484774593,474.9280956882589,Hard
2026-01-18,45759,Francisco Comesana,Patrick Kypson,P1,3.442352261681243,True,P1,0.6601498872041702,0.3398501127958298,1.6596638655462186,2.515923566878981,2.270795399512417,477.1988910877713,Hard
2026-01-18,45762,Frances Tiafoe,Jason Kubler,P1,8.666742673904423,True,P1,0.837018221616745,0.162981778383255,1.344,3.906976744186047,2.9813594798231224,480.18025056759444,Hard
2026-01-18,45763,Jaime Faria,Alexander Blockx,P2,0.5719076443299402,False,P1,0.3880004435777664,0.6119995564222336,2.515923566878981,1.6596638655462186,-0.5719076443299402,479.6083429232645,Hard
2026-01-18,45764,Marton Fucsovics,Camilo Ugo Carabelli,P2,4.589382265409182,False,P1,0.6383838802576065,0.3616161197423935,1.2666666666666666,4.75,-4.589382265409182,475.0189606578553,Hard
2026-01-18,45766,Alexander Bublik,Jenson Brooksby,P2,3.216796340911885,False,P1,0.6432748138904572,0.35672518610954285,1.344,3.906976744186047,-3.216796340911885,471.8021643169434,Hard
2026-01-18,45767,Yannick Hanfmann,Zachary Svajda,P1,9.436043286338869,True,P1,0.7512154877185822,0.24878451228141785,2.419753086419753,1.7043478260869567,13.396851579369999,485.19901589631337,Hard
2026-01-18,45768,Cameron Norrie,Benjamin Bonzi,P2,1.8041212196790233,False,P1,0.674941286444664,0.325058713555336,1.3714285714285712,3.6923076923076916,-1.8041212196790233,483.39489467663435,Hard
2026-01-18,45769,Carlos Alcaraz,Adam Walton,P2,3.3689669964133375,False,P1,0.8401214554905891,0.15987854450941086,1.024390243902439,42.0,-3.3689669964133375,480.025927680221,Hard
2026-01-19,45770,Quentin Halys,Alejandro Tabilo,P2,6.581869686779534,False,P1,0.38198433816432953,0.6180156618356705,1.9000000000000001,2.111111111111111,-6.581869686779534,473.44405799344145,Hard
2026-01-19,45771,Nuno Borges,Felix Auger-Aliassime,P1,1.7017421863799225,True,P1,0.3094403147697449,0.6905596852302551,3.906976744186047,1.344,4.946924960406752,478.3909829538482,Hard
2026-01-19,45772,Daniil Medvedev,Jesper de Jong,P2,3.658646464323781,False,P1,0.7842996940016747,0.21570030599832535,1.08,13.499999999999998,-3.658646464323781,474.7323364895244,Hard
2026-01-19,45773,Tommy Paul,Aleksandar Kovacevic,P2,1.100506871587189,False,P1,0.7728012502193451,0.2271987497806549,1.234,5.273504273504273,-1.100506871587189,473.6318296179372,Hard
2026-01-19,45774,Hamad Medjedovic,Mariano Navone,P2,0.05126374119848544,False,P1,0.7002352923154831,0.2997647076845169,1.425,3.3529411764705883,-0.05126374119848544,473.5805658767387,Hard
2026-01-19,45775,Reilly Opelka,Nicolai Budkov Kjaer,P1,0.04286256111182678,True,P1,0.6210346221923828,0.3789653778076172,1.612,2.633986928104575,0.02623188740043799,473.6067977641392,Hard
2026-01-19,45776,Alexander Shevchenko,Elias Ymer,P2,0.5846333006618826,False,P1,0.6401208788156509,0.35987912118434906,1.5236363636363635,2.909722222222222,-0.5846333006618826,473.0221644634773,Hard
2026-01-19,45777,Alex de Minaur,Mackenzie McDonald,P2,2.673642380089163,False,P1,0.8096683546900749,0.19033164530992508,1.0954545454545455,11.476190476190474,-2.673642380089163,470.3485220833881,Hard
2026-01-19,45778,Andrey Rublev,Matteo Arnaldi,P2,4.74329172272541,False,P1,0.6228235810995102,0.3771764189004898,1.2817551963048501,4.549180327868853,-4.74329172272541,465.6052303606627,Hard
2026-01-19,45779,Alejandro Davidovich Fokina,Filip Misolic,P2,1.2589785396322701,False,P1,0.8552629053592682,0.1447370946407318,1.1059999999999999,10.433962264150942,-1.2589785396322701,464.3462518210304,Hard
2026-01-19,45780,Fabian Marozsan,Arthur Rinderknech,P2,0.12584103688225495,False,P1,0.5234630852937698,0.47653691470623016,1.9000000000000001,2.111111111111111,-0.12584103688225495,464.22041078414816,Hard
2026-01-19,45781,Learner Tien,Marcos Giron,P2,0.5414130226901169,False,P1,0.6219499856233597,0.3780500143766403,1.570342205323194,2.7533333333333334,-0.5414130226901169,463.67899776145805,Hard
2026-01-19,45782,Marin Cilic,Daniel Altmaier,P2,1.1877631612053654,False,P1,0.6041790544986725,0.3958209455013275,1.570342205323194,2.7533333333333334,-1.1877631612053654,462.4912346002527,Hard
2026-01-19,45783,Juncheng Shang,Roberto Bautista Agut,P2,4.0266625366393205,False,P1,0.6021974235773087,0.39780257642269135,1.3714285714285712,3.6923076923076916,-4.0266625366393205,458.4645720636134,Hard
2026-01-19,45784,Jordan Thompson,Juan Manuel Cerundolo,P2,1.8978293270397253,False,P1,0.6019870340824127,0.3980129659175873,1.5236363636363635,2.909722222222222,-1.8978293270397253,456.56674273657364,Hard
2026-01-19,45785,Thiago Agustin Tirante,Aleksandar Vukic,P2,0.7100007030994453,False,P1,0.332986518740654,0.667013481259346,2.909722222222222,1.5236363636363635,-0.7100007030994453,455.8567420334742,Hard
2026-01-19,45786,Denis Shapovalov,Yunchaokete Bu,P1,1.1134555088811868,True,P1,0.6545464098453522,0.3454535901546478,1.570342205323194,2.7533333333333334,0.6350506704645552,456.49179270393876,Hard
2026-01-19,45787,Botic Van De Zandschulp,Brandon Nakashima,P1,4.349502029285368,True,P1,0.4319734126329422,0.5680265873670578,3.3529411764705883,1.425,10.234122421847925,466.7259151257867,Hard
2026-01-19,45788,Rinky Hijikata,Adrian Mannarino,P2,7.522592260089657,False,P1,0.40830202400684357,0.5916979759931564,1.6596638655462186,2.515923566878981,-7.522592260089657,459.20332286569703,Hard
2026-01-19,45790,Kamil Majchrzak,Jacob Fearnley,P1,6.267050512443191,True,P1,0.7501318827271461,0.24986811727285385,1.5236363636363635,2.909722222222222,3.281655541061161,462.4849784067582,Hard
2026-01-19,45791,Stan Wawrinka,Laslo Djere,P1,2.3005692745801762,True,P1,0.573441356420517,0.42655864357948303,1.9000000000000001,2.111111111111111,2.070512347122159,464.55549075388035,Hard
2026-01-19,45792,Novak Djokovic,Pedro Martinez,P2,1.1689304242243488,False,P1,0.8959201090037823,0.10407989099621773,1.0599999999999998,17.666666666666664,-1.1689304242243488,463.386560329656,Hard
2026-01-19,45793,Casper Ruud,Mattia Bellucci,P1,6.093448123975267,True,P1,0.8602440357208252,0.1397559642791748,1.234,5.273504273504273,1.4258668610102123,464.8124271906662,Hard
2026-01-19,45796,Jaume Munar,Dalibor Svrcina,P1,1.7337090087441955,True,P1,0.7965783476829529,0.20342165231704712,1.2817551963048501,4.549180327868853,0.4884815220942079,465.3009087127604,Hard
2026-01-19,45797,Alexandre Muller,Alexei Popyrin,P1,5.55499819823422,True,P1,0.4658036082983017,0.5341963917016983,3.3529411764705883,1.425,13.070583995845222,478.3714927086056,Hard
2026-01-20,45798,Lorenzo Musetti,Raphael Collignon,P2,2.2810271023280784,False,P1,0.6892446875572205,0.31075531244277954,1.3125,4.2,-2.2810271023280784,476.0904656062775,Hard
2026-01-20,45799,Ben Shelton,Ugo Humbert,P2,2.712647050984245,False,P1,0.5338700860738754,0.4661299139261246,1.6596638655462186,2.515923566878981,-2.712647050984245,473.3778185552933,Hard
2026-01-20,45800,Karen Khachanov,Alex Michelsen,P2,1.0490828417159783,False,P1,0.5758254677057266,0.4241745322942734,1.6596638655462186,2.515923566878981,-1.0490828417159783,472.3287357135773,Hard
2026-01-20,45801,Jakub Mensik,Pablo Carreno Busta,P2,2.6190798380995832,False,P1,0.693657636642456,0.30634236335754395,1.2817551963048501,4.549180327868853,-2.6190798380995832,469.7096558754777,Hard
2026-01-20,45802,Luciano Darderi,Cristian Garin,P2,5.168866494656209,False,P1,0.49665115773677826,0.5033488422632217,1.570342205323194,2.7533333333333334,-5.168866494656209,464.54078938082154,Hard
2026-01-20,45803,Ethan Quinn,Tallon Griekspoor,P2,8.101247469577455,False,P1,0.2941518574953079,0.7058481425046921,2.213872832369942,1.8238095238095235,-8.101247469577455,456.4395419112441,Hard
2026-01-20,45804,Eliot Spizzirri,Joao Fonseca,P2,0.5403370482516429,False,P1,0.3545970320701599,0.6454029679298401,2.7533333333333334,1.570342205323194,-0.5403370482516429,455.89920486299246,Hard
2026-01-20,45805,Sebastian Baez,Giovanni Mpetshi Perricard,P1,6.4994163606642985,True,P1,0.5805581212043762,0.4194418787956238,2.419753086419753,1.7043478260869567,9.227566437980178,465.1267713009726,Hard
2026-01-20,45806,Nishesh Basavareddy,Christopher O'Connell,P2,2.3557922451134723,False,P1,0.5273003578186035,0.4726996421813965,1.7043478260869567,2.419753086419753,-2.3557922451134723,462.77097905585913,Hard
2026-01-20,45807,Lorenzo Sonego,Carlos Taberner,P2,2.337638732602736,False,P1,0.7920459136366844,0.20795408636331558,1.135,8.407407407407407,-2.337638732602736,460.4333403232564,Hard
2026-01-20,45808,Yibing Wu,Luca Nardi,P2,2.971685842212423,False,P1,0.6635564714670181,0.3364435285329819,1.3125,4.2,-2.971685842212423,457.461654481044,Hard
2026-01-20,45811,Jannik Sinner,Hugo Gaston,P2,1.1257237352725518,False,P1,0.9324996024370193,0.06750039756298065,1.0196078431372548,52.0,-1.1257237352725518,456.3359307457714,Hard
2026-01-20,45812,Taylor Fritz,Valentin Royer,P2,3.6079542272914717,False,P1,0.7190767079591751,0.2809232920408249,1.170769230769231,6.8558558558558556,-3.6079542272914717,452.7279765184799,Hard
2026-01-20,45813,Hubert Hurkacz,Zizou Bergs,P2,2.3405388879593563,False,P1,0.6291949898004532,0.3708050101995468,1.425,3.3529411764705883,-2.3405388879593563,450.38743763052054,Hard
2026-01-20,45814,Vit Kopriva,Jan-Lennard Struff,P2,5.410035760591759,False,P1,0.2417420744895935,0.7582579255104065,3.1428571428571432,1.4666666666666668,-5.410035760591759,444.97740186992877,Hard
2026-01-20,45815,Tomas Machac,Grigor Dimitrov,P2,6.0981038753151475,False,P1,0.3980207294225693,0.6019792705774307,1.8238095238095235,2.213872832369942,-6.0981038753151475,438.87929799461364,Hard
2026-01-20,45816,Stefanos Tsitsipas,Shintaro Mochizuki,P2,0.8931791142943734,False,P1,0.8193734958767891,0.1806265041232109,1.170769230769231,6.8558558558558556,-0.8931791142943734,437.9861188803193,Hard
2026-01-20,45817,James Duckworth,Dino Prizmic,P1,5.284553801644931,True,P1,0.5840089023113251,0.4159910976886749,2.213872832369942,1.8238095238095235,6.4147762910140775,444.40089517133333,Hard
2026-01-21,45818,Francisco Cerundolo,Damir Dzumhur,P2,1.530012448724962,False,P1,0.735112652182579,0.26488734781742096,1.2666666666666666,4.75,-1.530012448724962,442.87088272260837,Hard
2026-01-21,45819,Tommy Paul,Thiago Agustin Tirante,P2,2.3449186784113443,False,P1,0.7990996614098549,0.2009003385901451,1.1188888888888888,9.411214953271028,-2.3449186784113443,440.52596404419705,Hard
2026-01-21,45820,Andrey Rublev,Jaime Faria,P2,2.3990773987615914,False,P1,0.7700701951980591,0.22992980480194092,1.1571428571428573,7.363636363636364,-2.3990773987615914,438.12688664543543,Hard
2026-01-21,45821,Fabian Marozsan,Kamil Majchrzak,P2,1.953247975344276,False,P1,0.5488077700138092,0.4511922299861908,1.6596638655462186,2.515923566878981,-1.953247975344276,436.1736386700912,Hard
2026-01-21,45822,Daniil Medvedev,Quentin Halys,P2,2.3504433079666653,False,P1,0.7710581421852112,0.22894185781478882,1.1571428571428573,7.363636363636364,-2.3504433079666653,433.8231953621245,Hard
2026-01-21,45824,Carlos Alcaraz,Yannick Hanfmann,P2,4.569400107861839,False,P1,0.7598264142870903,0.2401735857129097,1.038846153846154,26.742574257425744,-4.569400107861839,429.2537952542627,Hard
2026-01-21,45825,Alexander Bublik,Marton Fucsovics,P2,0.8171700914223031,False,P1,0.7594152763485909,0.24058472365140915,1.2666666666666666,4.75,-0.8171700914223031,428.43662516284036,Hard
2026-01-21,45826,Alejandro Davidovich Fokina,Reilly Opelka,P2,2.44714114864535,False,P1,0.6039301007986069,0.3960698992013931,1.4666666666666668,3.1428571428571432,-2.44714114864535,425.989484014195,Hard
2026-01-21,45827,Learner Tien,Alexander Shevchenko,P2,3.882701240555992,False,P1,0.6626491546630859,0.33735084533691406,1.234,5.273504273504273,-3.882701240555992,422.106782773639,Hard
2026-01-21,45829,Nuno Borges,Jordan Thompson,P1,0.6625097819767182,True,P1,0.6322649270296097,0.3677350729703903,1.612,2.633986928104575,0.40545598656975157,422.51223876020873,Hard
2026-01-21,45830,Alexander Zverev,Alexandre Muller,P2,2.5341288035819556,False,P1,0.8033603206276894,0.19663967937231064,1.0954545454545455,11.476190476190474,-2.5341288035819556,419.9781099566268,Hard
2026-01-21,45831,Alex de Minaur,Hamad Medjedovic,P2,2.1146475799018374,False,P1,0.7567718774080276,0.24322812259197235,1.1883333333333335,6.309734513274337,-2.1146475799018374,417.86346237672495,Hard
2026-01-21,45832,Cameron Norrie,Emilio Nava,P2,0.13131884515712325,False,P1,0.6521994173526764,0.3478005826473236,1.5236363636363635,2.909722222222222,-0.13131884515712325,417.73214353156783,Hard
2026-01-21,45833,Frances Tiafoe,Francisco Comesana,P2,4.587071172346228,False,P1,0.5320787578821182,0.4679212421178818,1.4666666666666668,3.1428571428571432,-4.587071172346228,413.1450723592216,Hard
2026-01-22,45834,Karen Khachanov,Nishesh Basavareddy,P2,0.3837362200250187,False,P1,0.7302259355783463,0.26977406442165375,1.344,3.906976744186047,-0.3837362200250187,412.7613361391966,Hard
2026-01-22,45837,Lorenzo Musetti,Lorenzo Sonego,P2,2.3911741004882074,False,P1,0.620447501540184,0.379552498459816,1.425,3.3529411764705883,-2.3911741004882074,410.3701620387084,Hard
2026-01-22,45839,Luciano Darderi,Sebastian Baez,P2,4.033589530103987,False,P1,0.3050193637609482,0.6949806362390518,2.633986928104575,1.612,-4.033589530103987,406.3365725086044,Hard
2026-01-22,45840,Valentin Vacherot,Rinky Hijikata,P1,1.1876635525923507,True,P1,0.6580352783203125,0.3419647216796875,1.570342205323194,2.7533333333333334,0.6773746497675004,407.0139471583719,Hard
2026-01-22,45841,Ethan Quinn,Hubert Hurkacz,P2,5.945005781681846,False,P1,0.16854098439216614,0.8314590156078339,4.2,1.3125,-5.945005781681846,401.06894137669,Hard
2026-01-22,45842,Eliot Spizzirri,Yibing Wu,P1,0.9696406947168787,True,P1,0.5893408805131912,0.4106591194868088,1.7590909090909093,2.317365269461078,0.7360454364441763,401.8049868131342,Hard
2026-01-22,45843,Botic Van De Zandschulp,Juncheng Shang,P1,4.390267818645297,True,P1,0.5414828509092331,0.4585171490907669,2.419753086419753,1.7043478260869567,6.233096285730977,408.0380830988652,Hard
2026-01-22,45844,Marin Cilic,Denis Shapovalov,P1,1.9638352392119622,True,P1,0.4862445443868637,0.5137554556131363,2.317365269461078,1.7590909090909093,2.5870883390816273,410.6251714379468,Hard
2026-01-22,45845,Jannik Sinner,James Duckworth,P2,1.3825676997249845,False,P1,0.9147245772182941,0.08527542278170586,1.0196078431372548,52.0,-1.3825676997249845,409.2426037382218,Hard
2026-01-22,45846,Tomas Machac,Stefanos Tsitsipas,P2,0.5600739136949487,False,P1,0.5529155731201172,0.4470844268798828,1.7590909090909093,2.317365269461078,-0.5600739136949487,408.68252982452685,Hard
2026-01-22,45848,Taylor Fritz,Vit Kopriva,P2,1.3318891762398855,False,P1,0.823630265891552,0.17636973410844803,1.135,8.407407407407407,-1.3318891762398855,407.35064064828697,Hard
2026-01-22,45849,Casper Ruud,Jaume Munar,P2,0.7429057062785914,False,P1,0.6569488644599915,0.34305113554000854,1.4666666666666668,3.1428571428571432,-0.7429057062785914,406.6077349420084,Hard
2026-01-23,45850,Learner Tien,Nuno Borges,P2,3.03085079096442,False,P1,0.5801728367805481,0.4198271632194519,1.4666666666666668,3.1428571428571432,-3.03085079096442,403.576884151044,Hard
2026-01-23,45851,Daniil Medvedev,Fabian Marozsan,P2,3.1807229049995125,False,P1,0.6826364547014236,0.31736354529857635,1.234,5.273504273504273,-3.1807229049995125,400.39616124604447,Hard
2026-01-23,45852,Tommy Paul,Alejandro Davidovich Fokina,P2,1.4652652777143007,False,P1,0.6082876771688461,0.39171232283115387,1.5236363636363635,2.909722222222222,-1.4652652777143007,398.93089596833016,Hard
2026-01-23,45853,Carlos Alcaraz,Corentin Moutet,P2,4.013338968444631,False,P1,0.7621399760246277,0.23786002397537231,1.0480952380952382,21.792079207920793,-4.013338968444631,394.9175569998855,Hard
2026-01-23,45854,Alexander Zverev,Cameron Norrie,P2,1.4641425037650677,False,P1,0.7309347838163376,0.2690652161836624,1.2666666666666666,4.75,-1.4641425037650677,393.45341449612044,Hard
2026-01-23,45855,Alex de Minaur,Frances Tiafoe,P2,2.9490194409846047,False,P1,0.6888943463563919,0.3111056536436081,1.234,5.273504273504273,-2.9490194409846047,390.50439505513583,Hard
2026-01-23,45856,Francisco Cerundolo,Andrey Rublev,P1,2.0937368741682834,True,P1,0.5104929804801941,0.4895070195198059,2.213872832369942,1.8238095238095235,2.541530309684043,393.0459253648199,Hard
2026-01-23,45857,Alexander Bublik,Tomas Martin Etcheverry,P2,1.8261133003176737,False,P1,0.7161149084568024,0.28388509154319763,1.2666666666666666,4.75,-1.8261133003176737,391.2198120645022,Hard
2026-01-24,45858,Luciano Darderi,Karen Khachanov,P1,1.9621208343920313,True,P1,0.2897167205810547,0.7102832794189453,4.75,1.2666666666666666,7.357953128970117,398.5777651934723,Hard
2026-01-24,45859,Lorenzo Musetti,Tomas Machac,P2,2.591487891895313,False,P1,0.5539959669113159,0.4460040330886841,1.570342205323194,2.7533333333333334,-2.591487891895313,395.986277301577,Hard
2026-01-24,45861,Ben Shelton,Valentin Vacherot,P2,3.8004323049508844,False,P1,0.6304264068603516,0.36957359313964844,1.2817551963048501,4.549180327868853,-3.8004323049508844,392.1858449966261,Hard
2026-01-24,45862,Taylor Fritz,Stan Wawrinka,P2,4.299087910991735,False,P1,0.6878966689109802,0.3121033310890198,1.135,8.407407407407407,-4.299087910991735,387.8867570856344,Hard
2026-01-24,45863,Novak Djokovic,Botic Van De Zandschulp,P2,2.013052058067828,False,P1,0.8103111535310745,0.18968884646892548,1.1059999999999999,10.433962264150942,-2.013052058067828,385.87370502756653,Hard
2026-01-24,45864,Jakub Mensik,Ethan Quinn,P1,7.203226567358333,True,P1,0.7846345379948616,0.2153654620051384,1.5236363636363635,2.909722222222222,3.771871366180362,389.64557639374686,Hard
2026-01-24,45865,Casper Ruud,Marin Cilic,P2,2.157588171353278,False,P1,0.6392099261283875,0.36079007387161255,1.3911764705882355,3.5563909774436087,-2.157588171353278,387.4879882223936,Hard
2026-01-25,45866,Carlos Alcaraz,Tommy Paul,P2,3.7509978075401724,False,P1,0.7104793936014175,0.28952060639858246,1.135,8.407407407407407,-3.7509978075401724,383.73699041485344,Hard
2026-01-25,45867,Alexander Zverev,Francisco Cerundolo,P1,2.4353743504105463,True,P1,0.7396105080842972,0.2603894919157028,1.425,3.3529411764705883,1.0350340989244822,384.7720245137779,Hard
2026-01-25,45868,Alex de Minaur,Alexander Bublik,P2,4.430658474297536,False,P1,0.4774811118841171,0.5225188881158829,1.612,2.633986928104575,-4.430658474297536,380.34136603948036,Hard
2026-01-25,45869,Learner Tien,Daniil Medvedev,P1,0.33737848143072185,True,P1,0.35531915724277496,0.644680842757225,2.909722222222222,1.5236363636363635,0.6442991832878368,380.9856652227682,Hard
2026-01-26,45870,Lorenzo Musetti,Taylor Fritz,P2,0.30993092869464733,False,P1,0.4443480372428894,0.5556519627571106,2.213872832369942,1.8238095238095235,-0.30993092869464733,380.67573429407355,Hard
2026-01-26,45871,Jannik Sinner,Luciano Darderi,P2,1.2854073481803128,False,P1,0.8975988104939461,0.10240118950605392,1.038846153846154,26.742574257425744,-1.2854073481803128,379.39032694589326,Hard
2026-01-26,45873,Ben Shelton,Casper Ruud,P2,2.6306202365793263,False,P1,0.5343199819326401,0.4656800180673599,1.612,2.633986928104575,-2.6306202365793263,376.75970670931395,Hard
2026-01-27,45874,Alexander Zverev,Learner Tien,P1,2.9871484902334338,True,P1,0.7108213603496552,0.28917863965034485,1.5236363636363635,2.909722222222222,1.5641795730676884,378.32388628238164,Hard
2026-01-27,45875,Carlos Alcaraz,Alex de Minaur,P2,1.9756397660488705,False,P1,0.7418027967214584,0.25819720327854156,1.2072727272727273,5.824561403508772,-1.9756397660488705,376.3482465163328,Hard
2026-01-28,45872,Novak Djokovic,Jakub Mensik,P1,0.27489410073716447,True,P1,0.7653829753398895,0.23461702466011047,1.3125,4.2,0.0859044064803639,376.43415092281316,Hard
2026-01-28,45876,Novak Djokovic,Lorenzo Musetti,P1,2.404843916559851,True,P1,0.7637709602713585,0.2362290397286415,1.3714285714285712,3.6923076923076916,0.8932277404365156,377.3273786632497,Hard
2026-01-28,45877,Jannik Sinner,Ben Shelton,P2,1.5237624732144077,False,P1,0.8098977357149124,0.19010226428508759,1.135,8.407407407407407,-1.5237624732144077,375.8036161900353,Hard
2026-01-30,45878,Carlos Alcaraz,Alexander Zverev,P2,1.7010016213526709,False,P1,0.7533292919397354,0.2466707080602646,1.2072727272727273,5.824561403508772,-1.7010016213526709,374.10261456868267,Hard
2026-01-30,45879,Novak Djokovic,Jannik Sinner,P1,5.228877209770842,True,P1,0.348591685295105,0.651408314704895,10.433962264150942,1.1059999999999999,49.329030280857,423.4316448495397,Hard
2026-02-01,45880,Carlos Alcaraz,Novak Djokovic,P2,3.467212795524815,False,P1,0.6097530126571655,0.3902469873428345,1.3714285714285712,3.6923076923076916,-3.467212795524815,419.9644320540149,Hard
2026-02-02,45881,Roberto Bautista Agut,Christopher O'Connell,P2,1.4389585904561486,False,P1,0.5295191705226898,0.4704808294773102,1.7590909090909093,2.317365269461078,-1.4389585904561486,418.52547346355874,Hard
2026-02-02,45883,Adrian Mannarino,Pedro Martinez,P1,4.887698192335481,True,P1,0.683260053396225,0.316739946603775,1.7043478260869567,2.419753086419753,3.442639596340644,421.9681130598994,Hard
2026-02-03,45884,Ugo Humbert,Botic Van De Zandschulp,P2,4.595771233651587,False,P1,0.581975057721138,0.418024942278862,1.344,3.906976744186047,-4.595771233651587,417.3723418262478,Hard
2026-02-03,45887,Ugo Blanchet,Andrea Vavassori,P2,2.859567438247332,False,P1,0.35663673281669617,0.6433632671833038,2.419753086419753,1.7043478260869567,-2.859567438247332,414.5127743880005,Hard
2026-02-03,45888,Pablo Carreno Busta,Miomir Kecmanovic,P1,5.262433330763112,True,P1,0.5909163504838943,0.40908364951610565,2.213872832369942,1.8238095238095235,6.387924852371407,420.90069924037186,Hard
2026-02-04,45891,Adrian Mannarino,Ugo Humbert,P1,3.0615545773158166,True,P1,0.30751729011535645,0.6924827098846436,5.273504273504273,1.234,13.083566569725711,433.98426581009755,Hard
2026-02-04,45894,Luca Nardi,Nikoloz Basilashvili,P2,0.9354807867462669,False,P1,0.5614398121833801,0.4385601878166199,1.7043478260869567,2.419753086419753,-0.9354807867462669,433.0487850233513,Hard
2026-02-04,45895,Stan Wawrinka,Hamad Medjedovic,P1,4.93571995798695,True,P1,0.49328601360321045,0.5067139863967896,2.909722222222222,1.5236363636363635,9.425854086433409,442.4746391097847,Hard
2026-02-05,45896,Felix Auger-Aliassime,Stan Wawrinka,P2,1.8858093465632646,False,P1,0.6670130789279938,0.3329869210720062,1.3714285714285712,3.6923076923076916,-1.8858093465632646,440.5888297632214,Hard
2026-02-05,45897,Luca Nardi,Flavio Cobolli,P2,2.089261679822075,False,P1,0.40885838866233826,0.5911416113376617,2.213872832369942,1.8238095238095235,-2.089261679822075,438.4995680833993,Hard
2026-02-05,45898,Tallon Griekspoor,Pablo Carreno Busta,P2,5.3096973639058955,False,P1,0.4446417987346649,0.5553582012653351,1.7043478260869567,2.419753086419753,-5.3096973639058955,433.1898707194934,Hard
2026-02-05,45900,Arthur Fils,Ugo Blanchet,P1,6.770567324838737,True,P1,0.8363312408328056,0.16366875916719437,1.3125,4.2,2.1158022890121053,435.3056730085055,Hard
2026-02-07,45902,Felix Auger-Aliassime,Arthur Fils,P2,4.561522613774856,False,P1,0.5033438503742218,0.4966561496257782,1.570342205323194,2.7533333333333334,-4.561522613774856,430.74415039473064,Hard
2026-02-08,45905,Felix Auger-Aliassime,Titouan Droguet,P2,2.4279360367684073,False,P1,0.6922287791967392,0.3077712208032608,1.2817551963048501,4.549180327868853,-2.4279360367684073,428.3162143579622,Hard
2026-02-08,45907,Felix Auger-Aliassime,Adrian Mannarino,P2,3.7764803289164384,False,P1,0.6674710214138031,0.3325289785861969,1.234,5.273504273504273,-3.7764803289164384,424.5397340290458,Hard
2026-02-09,45912,Brandon Nakashima,Mattia Bellucci,P1,0.6955988508624574,True,P1,0.6922448575496674,0.30775514245033264,1.4666666666666668,3.1428571428571432,0.32461279706914686,424.86434682611497,Hard
2026-02-09,45909,Ugo Humbert,Daniil Medvedev,P1,2.2441303500594705,True,P1,0.413009449839592,0.586990550160408,2.909722222222222,1.5236363636363635,4.285665599071905,429.1500124251869,Hard
2026-02-09,45914,Hugo Dellien,Damir Dzumhur,P2,8.583000248503739,False,P1,0.2641889899969101,0.7358110100030899,1.9000000000000001,2.111111111111111,-8.583000248503739,420.56701217668314,Clay
2026-02-09,45910,Cameron Norrie,Roberto Bautista Agut,P2,4.380339437981311,False,P1,0.5890577584505081,0.4109422415494919,1.344,3.906976744186047,-4.380339437981311,416.1866727387018,Hard
2026-02-09,45911,Christopher O'Connell,Valentin Royer,P1,2.7943551336995736,True,P1,0.5443598628044128,0.45564013719558716,2.111111111111111,1.9000000000000001,3.1048390374439707,419.2915117761458,Hard
2026-02-10,45917,Alejandro Davidovich Fokina,Zachary Svajda,P1,8.385830235522915,True,P1,0.8158274665474892,0.18417253345251083,1.5236363636363635,2.909722222222222,4.391125650601088,423.6826374267469,Hard
2026-02-10,45918,Frances Tiafoe,Terence Atmane,P2,2.8990200637946395,False,P1,0.6576391160488129,0.34236088395118713,1.3125,4.2,-2.8990200637946395,420.78361736295227,Hard
2026-02-10,45915,Jaume Munar,Nicolai Budkov Kjaer,P1,1.0328457340239092,True,P1,0.6731961369514465,0.32680386304855347,1.5236363636363635,2.909722222222222,0.5408355843616105,421.3244529473139,Hard
2026-02-10,45925,Miomir Kecmanovic,Sho Shimabukuro,P1,1.2681321303652524,True,P1,0.6264582127332687,0.37354178726673126,1.6596638655462186,2.515923566878981,0.8365409431401036,422.160993890454,Hard
2026-02-10,45927,Roman Andres Burruchaga,Laslo Djere,P2,8.44321987780908,False,P1,0.32140322029590607,0.6785967797040939,1.7590909090909093,2.317365269461078,-8.44321987780908,413.7177740126449,Clay
2026-02-10,45921,Alex de Minaur,Arthur Fils,P2,3.478223184512261,False,P1,0.6489969938993454,0.3510030061006546,1.2817551963048501,4.549180327868853,-3.478223184512261,410.2395508281326,Hard
2026-02-10,45926,Marin Cilic,Learner Tien,P1,1.6813979046662617,True,P1,0.35576948523521423,0.6442305147647858,3.3529411764705883,1.425,3.956230363920616,414.19578119205323,Hard
2026-02-10,45922,Tallon Griekspoor,Giovanni Mpetshi Perricard,P2,3.001790674123818,False,P1,0.5445020198822021,0.45549798011779785,1.570342205323194,2.7533333333333334,-3.001790674123818,411.1939905179294,Hard
2026-02-10,45928,Juan Manuel Cerundolo,Daniel Altmaier,P2,0.5180016639991203,False,P1,0.554152712225914,0.445847287774086,1.7590909090909093,2.317365269461078,-0.5180016639991203,410.6759888539303,Clay
2026-02-10,45929,Tomas Barrios Vera,Thiago Seyboth Wild,P2,6.530531694069344,False,P1,0.4001306742429733,0.5998693257570267,1.7043478260869567,2.419753086419753,-6.530531694069344,404.14545715986094,Clay
2026-02-10,45924,Jan-Lennard Struff,Hugo Grenier,P1,4.1634694849485845,True,P1,0.7632043659687042,0.23679563403129578,1.425,3.3529411764705883,1.7694745311031486,405.91493169096407,Hard
2026-02-10,45930,Alejandro Tabilo,Facundo Diaz Acosta,P1,6.115523799893206,True,P1,0.6690465360879898,0.3309534639120102,1.9000000000000001,2.111111111111111,5.503971419903887,411.418903110868,Clay
2026-02-11,45933,Taylor Fritz,Marcos Giron,P1,0.8345299518715873,True,P1,0.6947263032197952,0.3052736967802048,1.4666666666666668,3.1428571428571432,0.3894473108734075,411.80835042174135,Hard
2026-02-11,45934,Ben Shelton,Gabriel Diallo,P2,2.538323326960835,False,P1,0.710472509264946,0.289527490735054,1.234,5.273504273504273,-2.538323326960835,409.2700270947805,Hard
2026-02-11,45938,Camilo Ugo Carabelli,Francisco Comesana,P2,5.636168363655336,False,P1,0.3972863256931305,0.6027136743068695,1.8238095238095235,2.213872832369942,-5.636168363655336,403.6338587311252,Clay
2026-02-11,45939,Matteo Berrettini,Federico Coria,P2,0.7449909837677584,False,P1,0.8226094245910645,0.17739057540893555,1.170769230769231,6.8558558558558556,-0.7449909837677584,402.88886774735744,Clay
2026-02-11,45940,Ignacio Buse,Francesco Passaro,P1,5.9460199434356005,True,P1,0.5753171592950821,0.4246828407049179,2.515923566878981,1.6596638655462186,9.013711761386451,411.9025795087439,Clay
2026-02-11,45942,Christopher O'Connell,Cameron Norrie,P1,3.341323313467443,True,P1,0.3617055416107178,0.6382944583892822,4.2,1.3125,10.69223460309582,422.5948141118397,Hard
2026-02-11,45937,Alex Michelsen,Grigor Dimitrov,P2,8.451896282236794,False,P1,0.30145658552646637,0.6985434144735336,1.9000000000000001,2.111111111111111,-8.451896282236794,414.1429178296029,Hard
2026-02-11,45946,Mariano Navone,Emilio Nava,P2,4.591195921913855,False,P1,0.5108040571212769,0.48919594287872314,1.5236363636363635,2.909722222222222,-4.591195921913855,409.551721907689,Clay
2026-02-11,45943,Alexander Bublik,Hubert Hurkacz,P1,3.0410209179805636,True,P1,0.6325589418411255,0.3674410581588745,1.7590909090909093,2.317365269461078,2.3084113331943374,411.86013324088333,Hard
2026-02-11,45944,Karen Khachanov,Jesper de Jong,P2,3.4443636302199065,False,P1,0.6897704899311066,0.31022951006889343,1.2072727272727273,5.824561403508772,-3.4443636302199065,408.4157696106634,Hard
2026-02-11,45945,Stefanos Tsitsipas,Arthur Rinderknech,P2,4.00890349862717,False,P1,0.4985640048980713,0.5014359951019287,1.612,2.633986928104575,-4.00890349862717,404.40686611203625,Hard
2026-02-12,45950,Sebastian Korda,Frances Tiafoe,P1,1.392999960269654,True,P1,0.5794207453727722,0.4205792546272278,1.8238095238095235,2.213872832369942,1.1475666339364288,405.5544327459727,Hard
2026-02-12,45957,Francisco Cerundolo,Hugo Dellien,P2,0.7967570481933247,False,P1,0.8084497302770615,0.19155026972293854,1.1883333333333335,6.309734513274337,-0.7967570481933247,404.75767569777935,Clay
2026-02-12,45951,Taylor Fritz,Brandon Nakashima,P1,2.470220961536479,True,P1,0.6510463356971741,0.3489536643028259,1.6596638655462186,2.515923566878981,1.6295155082404509,406.3871912060198,Hard
2026-02-12,45958,Alejandro Tabilo,Joao Fonseca,P2,2.1691865746675374,False,P1,0.35503675043582916,0.6449632495641708,2.515923566878981,1.6596638655462186,-2.1691865746675374,404.21800463135224,Clay
2026-02-12,45952,Alejandro Davidovich Fokina,Alex Michelsen,P1,3.8557546478205817,True,P1,0.6344758421182632,0.36552415788173676,1.8238095238095235,2.213872832369942,3.1764074003474305,407.3944120316997,Hard
2026-02-12,45953,Tommy Paul,Jenson Brooksby,P2,0.6818791640902434,False,P1,0.6947536021471024,0.30524639785289764,1.3911764705882355,3.5563909774436087,-0.6818791640902434,406.71253286760947,Hard
2026-02-12,45959,Tomas Martin Etcheverry,Roman Andres Burruchaga,P2,0.008628756765146932,False,P1,0.6560460925102234,0.3439539074897766,1.5236363636363635,2.909722222222222,-0.008628756765146932,406.70390411084435,Clay
2026-02-12,45948,Tallon Griekspoor,Quentin Halys,P1,1.0634383559375575,True,P1,0.6233174353837967,0.3766825646162033,1.6596638655462186,2.515923566878981,0.7015118566478847,407.4054159674922,Hard
2026-02-12,45960,Vit Kopriva,Matteo Berrettini,P2,8.148108319349845,False,P1,0.1450648233294487,0.8549351766705513,3.1428571428571432,1.4666666666666668,-8.148108319349845,399.2573076481424,Clay
2026-02-12,45954,Adrian Mannarino,Adam Walton,P1,5.916967361819184,True,P1,0.696378767490387,0.30362123250961304,1.7590909090909093,2.317365269461078,4.491516133744564,403.7488237818869,Hard
2026-02-12,45965,Luciano Darderi,Tomas Barrios Vera,P1,1.6225258252464019,True,P1,0.750934362411499,0.24906563758850098,1.3714285714285712,3.6923076923076916,0.6026524493772346,404.35147623126414,Clay
2026-02-12,45949,Felix Auger-Aliassime,Alexei Popyrin,P1,1.216712854110847,True,P1,0.7934091463685036,0.20659085363149643,1.2817551963048501,4.549180327868853,0.34281516905663617,404.69429140032076,Hard
2026-02-12,45961,Alex de Minaur,Stan Wawrinka,P2,1.5346977168784217,False,P1,0.7986526489257812,0.20134735107421875,1.1571428571428573,7.363636363636364,-1.5346977168784217,403.1595936834423,Hard
2026-02-12,45956,Eliot Spizzirri,James Duckworth,P2,2.207642052779751,False,P1,0.6493104994297028,0.35068950057029724,1.3714285714285712,3.6923076923076916,-2.207642052779751,400.95195163066256,Hard
2026-02-12,45962,Jaume Munar,Karen Khachanov,P2,0.34635436501073136,False,P1,0.4061254858970642,0.5938745141029358,2.419753086419753,1.7043478260869567,-0.34635436501073136,400.60559726565185,Hard
2026-02-12,45964,Botic Van De Zandschulp,Stefanos Tsitsipas,P1,4.944656809337261,True,P1,0.48649483919143677,0.5135051608085632,3.1428571428571432,1.4666666666666668,10.595693162865562,411.20129042851744,Hard
2026-02-13,45972,Camilo Ugo Carabelli,Mariano Navone,P1,1.7674560813123452,True,P1,0.4637042433023453,0.5362957566976547,2.419753086419753,1.7043478260869567,2.5093512265545646,413.710641655072,Clay
2026-02-13,45973,Sebastian Baez,Ignacio Buse,P2,4.84544633789363,False,P1,0.5373731553554535,0.4626268446445465,1.425,3.3529411764705883,-4.84544633789363,408.86519531717835,Clay
2026-02-13,45968,Ben Shelton,Adrian Mannarino,P2,3.1431123062434354,False,P1,0.6680936068296432,0.33190639317035675,1.2666666666666666,4.75,-3.1431123062434354,405.7220830109349,Hard
2026-02-13,45969,Denis Shapovalov,Aleksandar Kovacevic,P2,4.096053676936031,False,P1,0.5736768543720245,0.42632314562797546,1.3911764705882355,3.5563909774436087,-4.096053676936031,401.6260293339989,Hard
2026-02-13,45974,Pedro Martinez,Juan Manuel Cerundolo,P1,3.095409972683907,True,P1,0.4752753674983978,0.5247246325016022,2.633986928104575,1.612,5.057859432490043,406.6838887664889,Clay
2026-02-13,45970,Marin Cilic,Ethan Quinn,P1,2.4755444040775565,True,P1,0.6665674149990082,0.3334325850009918,1.612,2.633986928104575,1.5150331752954649,408.19892194178436,Hard
2026-02-13,45978,Tomas Martin Etcheverry,Alejandro Tabilo,P2,1.543099900712703,False,P1,0.5423744469881058,0.4576255530118942,1.7043478260869567,2.419753086419753,-1.543099900712703,406.65582204107164,Clay
2026-02-13,45982,Francisco Cerundolo,Vit Kopriva,P2,2.1715792543991346,False,P1,0.7398478835821152,0.2601521164178848,1.2072727272727273,5.824561403508772,-2.1715792543991346,404.4842427866725,Clay
2026-02-13,45966,Alexander Bublik,Jan-Lennard Struff,P1,4.537134836413124,True,P1,0.7686633244156837,0.23133667558431625,1.425,3.3529411764705883,1.9282823054755778,406.4125250921481,Hard
2026-02-13,45977,Miomir Kecmanovic,Tommy Paul,P1,1.0608937282596214,True,P1,0.23193494975566864,0.7680650502443314,5.273504273504273,1.234,4.533733881451373,410.94625897359947,Hard
2026-02-13,45967,Felix Auger-Aliassime,Hamad Medjedovic,P1,0.2718072517482536,True,P1,0.7830880358815193,0.21691196411848068,1.2817551963048501,4.549180327868853,0.07658310557341101,411.0228420791729,Hard
2026-02-13,45980,Taylor Fritz,Sebastian Korda,P2,1.688723562480578,False,P1,0.5693723559379578,0.43062764406204224,1.612,2.633986928104575,-1.688723562480578,409.33411851669234,Hard
2026-02-13,45975,Alex de Minaur,Botic Van De Zandschulp,P2,3.169364442523276,False,P1,0.7112022638320923,0.2887977361679077,1.1883333333333335,6.309734513274337,-3.169364442523276,406.1647540741691,Hard
2026-02-13,45976,Ugo Humbert,Christopher O'Connell,P2,2.635659122658689,False,P1,0.6870136111974716,0.3129863888025284,1.2666666666666666,4.75,-2.635659122658689,403.5290949515104,Hard
2026-02-13,45979,Felix Auger-Aliassime,Tallon Griekspoor,P1,2.0976084475831898,True,P1,0.7573233619332314,0.24267663806676865,1.3714285714285712,3.6923076923076916,0.7791117091023272,404.3082066606127,Hard
2026-02-14,45986,Luciano Darderi,Pedro Martinez,P2,4.665127578296424,False,P1,0.6342968940734863,0.36570310592651367,1.2127272727272729,5.700854700854702,-4.665127578296424,399.64307908231626,Clay
2026-02-14,45987,Sebastian Baez,Camilo Ugo Carabelli,P2,1.6117210707491578,False,P1,0.585440531373024,0.414559468626976,1.570342205323194,2.7533333333333334,-1.6117210707491578,398.0313580115671,Clay
2026-02-14,45984,Ben Shelton,Miomir Kecmanovic,P2,1.612606179480193,False,P1,0.7255033403635025,0.2744966596364975,1.2666666666666666,4.75,-1.612606179480193,396.4187518320869,Hard
2026-02-14,45985,Denis Shapovalov,Alejandro Davidovich Fokina,P2,6.529078851278001,False,P1,0.36769019067287445,0.6323098093271255,1.8238095238095235,2.213872832369942,-6.529078851278001,389.8896729808089,Hard
2026-02-14,45983,Alexander Bublik,Jaume Munar,P2,0.4392257120421875,False,P1,0.6224561929702759,0.3775438070297241,1.570342205323194,2.7533333333333334,-0.4392257120421875,389.4504472687667,Hard
2026-02-14,45988,Alex de Minaur,Ugo Humbert,P1,0.5554438174918348,True,P1,0.6908941566944122,0.30910584330558777,1.4666666666666668,3.1428571428571432,0.25920711482952297,389.7096543835962,Hard
2026-02-15,45992,Francisco Cerundolo,Tomas Martin Etcheverry,P2,2.3368872663909803,False,P1,0.6000479608774185,0.3999520391225815,1.4666666666666668,3.1428571428571432,-2.3368872663909803,387.3727671172052,Clay
2026-02-15,45993,Luciano Darderi,Sebastian Baez,P2,2.546400560929979,False,P1,0.509596511721611,0.490403488278389,1.7043478260869567,2.419753086419753,-2.546400560929979,384.8263665562753,Clay
2026-02-15,45996,Francisco Cerundolo,Luciano Darderi,P1,2.77067689356206,True,P1,0.5719981044530869,0.42800189554691315,2.0,2.0,2.77067689356206,387.5970434498373,Clay
2026-02-15,45990,Taylor Fritz,Marin Cilic,P2,1.8823950493681996,False,P1,0.5600920915603638,0.43990790843963623,1.612,2.633986928104575,-1.8823950493681996,385.7146484004691,Hard
2026-02-15,45991,Ben Shelton,Denis Shapovalov,P1,2.255500913709608,True,P1,0.6792803108692169,0.3207196891307831,1.570342205323194,2.7533333333333334,1.2864073652336168,387.00105576570274,Hard
2026-02-15,45989,Felix Auger-Aliassime,Alexander Bublik,P2,4.989683515451008,False,P1,0.4870820492506027,0.5129179507493973,1.5236363636363635,2.909722222222222,-4.989683515451008,382.0113722502517,Hard
2026-02-15,45995,Ben Shelton,Taylor Fritz,P1,1.7421936320731344,True,P1,0.5017087161540985,0.4982912838459015,2.213872832369942,1.8238095238095235,2.1148015187014924,384.1261737689532,Hard
2026-02-15,45994,Alex de Minaur,Felix Auger-Aliassime,P1,6.133322044275005,True,P1,0.5777536779642105,0.4222463220357895,2.633986928104575,1.612,10.021768046200988,394.1479418151542,Hard
2026-02-16,46006,Thiago Agustin Tirante,Cristian Garin,P2,0.8769568837281603,False,P1,0.45260579884052277,0.5473942011594772,2.111111111111111,1.9000000000000001,-0.8769568837281603,393.270984931426,Clay
2026-02-16,46003,Alex Michelsen,Valentin Vacherot,P2,1.0681862618420417,False,P1,0.4728384166955948,0.5271615833044052,2.0,2.0,-1.0681862618420417,392.202798669584,Hard
2026-02-16,45997,Valentin Royer,Pierre-Hugues Herbert,P2,2.954765472167647,False,P1,0.5408532023429871,0.45914679765701294,1.570342205323194,2.7533333333333334,-2.954765472167647,389.24803319741636,Hard
2026-02-16,46004,Terence Atmane,Patrick Kypson,P1,2.862794187630839,True,P1,0.515143632888794,0.48485636711120605,2.317365269461078,1.7590909090909093,3.771345636399908,393.0193788338163,Hard
2026-02-16,46005,Coleman Wong,Nuno Borges,P2,2.3216914632475034,False,P1,0.3983307331800461,0.6016692668199539,2.213872832369942,1.8238095238095235,-2.3216914632475034,390.6976873705688,Hard
2026-02-16,45999,Jannik Sinner,Tomas Machac,P2,0.6614169996020118,False,P1,0.881955124437809,0.11804487556219101,1.0954545454545455,11.476190476190474,-0.6614169996020118,390.0362703709668,Hard
2026-02-16,46000,Jakub Mensik,Jan Choinski,P2,0.08585988011714606,False,P1,0.8246664702892303,0.17533352971076965,1.2072727272727273,5.824561403508772,-0.08585988011714606,389.95041049084966,Hard
2026-02-16,46001,Arthur Fils,Kamil Majchrzak,P1,3.1213501638344843,True,P1,0.7327557802200317,0.26724421977996826,1.4666666666666668,3.1428571428571432,1.456630076456093,391.4070405673057,Hard
2026-02-16,46002,Daniil Medvedev,Juncheng Shang,P2,2.1487811050425165,False,P1,0.6782493144273758,0.3217506855726242,1.3125,4.2,-2.1487811050425165,389.2582594622632,Hard
2026-02-17,46010,Dusan Lajovic,Daniel Altmaier,P2,6.155103511790389,False,P1,0.30884890258312225,0.6911510974168777,2.213872832369942,1.8238095238095235,-6.155103511790389,383.1031559504728,Clay
2026-02-17,46007,Frances Tiafoe,Rinky Hijikata,P2,1.7795439807611848,False,P1,0.6614259481430054,0.33857405185699463,1.3714285714285712,3.6923076923076916,-1.7795439807611848,381.32361196971164,Hard
2026-02-17,46012,Vit Kopriva,Gustavo Heide,P1,7.626472239394233,True,P1,0.7651260122656822,0.23487398773431778,1.7590909090909093,2.317365269461078,5.789185745358351,387.11279771507,Clay
2026-02-17,46008,Marcos Giron,Sho Shimabukuro,P2,0.7828415842774672,False,P1,0.6542419493198395,0.3457580506801605,1.4666666666666668,3.1428571428571432,-0.7828415842774672,386.3299561307925,Hard
2026-02-17,46013,Alejandro Tabilo,Emilio Nava,P2,0.22862795537496491,False,P1,0.6485563963651657,0.3514436036348343,1.5236363636363635,2.909722222222222,-0.22862795537496491,386.1013281754175,Clay
2026-02-17,46014,Carlos Alcaraz,Arthur Rinderknech,P2,2.1696069031746115,False,P1,0.8423915132880211,0.1576084867119789,1.0536842105263158,19.627450980392158,-2.1696069031746115,383.9317212722429,Hard
2026-02-17,46015,Karen Khachanov,Shintaro Mochizuki,P2,0.05476585057820109,False,P1,0.8391139730811119,0.1608860269188881,1.1883333333333335,6.309734513274337,-0.05476585057820109,383.8769554216647,Hard
2026-02-17,46016,Jiri Lehecka,Jenson Brooksby,P2,2.680551563800493,False,P1,0.5478698760271072,0.45213012397289276,1.570342205323194,2.7533333333333334,-2.680551563800493,381.1964038578642,Hard
2026-02-17,46017,Zizou Bergs,Giovanni Mpetshi Perricard,P2,2.002603330115622,False,P1,0.5551678836345673,0.44483211636543274,1.612,2.633986928104575,-2.002603330115622,379.1938005277486,Hard
2026-02-17,46018,Marton Fucsovics,Hady Habib,P2,4.443687990820461,False,P1,0.620441198348999,0.379558801651001,1.234,5.273504273504273,-4.443687990820461,374.7501125369281,Hard
2026-02-17,46019,Quentin Halys,Pablo Carreno Busta,P2,3.2222676946578024,False,P1,0.4358058571815491,0.5641941428184509,1.9000000000000001,2.111111111111111,-3.2222676946578024,371.52784484227027,Hard
2026-02-17,46020,Fabian Marozsan,Ugo Humbert,P2,1.9236796516349994,False,P1,0.3563084900379181,0.6436915099620819,2.515923566878981,1.6596638655462186,-1.9236796516349994,369.6041651906353,Hard
2026-02-17,46021,Stefanos Tsitsipas,Moez Echargui,P2,3.7631275681749927,False,P1,0.6882208585739136,0.3117791414260864,1.1571428571428573,7.363636363636364,-3.7631275681749927,365.8410376224603,Hard
2026-02-17,46022,Zhizhen Zhang,Roberto Carballes Baena,P2,0.4676336069438258,False,P1,0.5342855900526047,0.4657144099473953,1.8238095238095235,2.213872832369942,-0.4676336069438258,365.3734040155165,Hard
2026-02-18,46024,Miomir Kecmanovic,Mattia Bellucci,P1,1.9883488861228622,True,P1,0.693729966878891,0.306270033121109,1.5236363636363635,2.909722222222222,1.0411717803697893,366.41457579588626,Hard
2026-02-18,46025,Brandon Nakashima,Marin Cilic,P2,4.2230571068492235,False,P1,0.4514882117509842,0.5485117882490158,1.7043478260869567,2.419753086419753,-4.2230571068492235,362.191518689037,Hard
2026-02-18,46030,Joao Fonseca,Thiago Monteiro,P2,0.9924361108690609,False,P1,0.7032725214958191,0.2967274785041809,1.344,3.906976744186047,-0.9924361108690609,361.199082578168,Clay
2026-02-18,46031,Francisco Cerundolo,Mariano Navone,P1,6.647900144928029,True,P1,0.7989414557814598,0.2010585442185402,1.4666666666666668,3.1428571428571432,3.102353400966414,364.3014359791344,Clay
2026-02-18,46027,Sebastian Korda,Mackenzie McDonald,P2,1.0345292196338447,False,P1,0.7446353435516357,0.25536465644836426,1.2666666666666666,4.75,-1.0345292196338447,363.26690675950056,Hard
2026-02-18,46032,Juan Manuel Cerundolo,Luciano Darderi,P1,0.9911542998725893,True,P1,0.3204089552164078,0.6795910447835922,3.5563909774436087,1.3911764705882355,2.533777909448724,365.80068466894926,Clay
2026-02-18,46028,Zachary Svajda,Aleksandar Kovacevic,P2,7.316013693378985,False,P1,0.36856934428215027,0.6314306557178497,1.570342205323194,2.7533333333333334,-7.316013693378985,358.4846709755703,Hard
2026-02-18,46033,Roman Andres Burruchaga,Camilo Ugo Carabelli,P1,0.9509722110913098,True,P1,0.46168507635593414,0.5383149236440659,2.317365269461078,1.7590909090909093,1.2527777631143004,359.7374487386846,Clay
2026-02-18,46034,Tomas Martin Etcheverry,Francisco Comesana,P2,0.09122184308586172,False,P1,0.6172012537717819,0.3827987462282181,1.612,2.633986928104575,-0.09122184308586172,359.6462268955987,Clay
2026-02-18,46029,Adam Walton,Gabriel Diallo,P1,0.5185137997640362,True,P1,0.3184804618358612,0.6815195381641388,3.3529411764705883,1.425,1.2200324700330265,360.8662593656317,Hard
2026-02-18,46035,Matteo Berrettini,Tomas Barrios Vera,P1,7.2173251873126345,True,P1,0.865921638906002,0.13407836109399796,1.3714285714285712,3.6923076923076916,2.680720783858977,363.5469801494907,Clay
2026-02-18,46037,Tommy Paul,Corentin Moutet,P2,1.407939112118561,False,P1,0.7028909027576447,0.29710909724235535,1.3125,4.2,-1.407939112118561,362.1390410373721,Hard
2026-02-18,46036,Francesco Passaro,Dino Prizmic,P1,4.089701518600199,True,P1,0.4919152557849884,0.5080847442150116,2.909722222222222,1.5236363636363635,7.810193872326767,369.9492349096989,Clay
2026-02-18,46049,Coleman Wong,Brandon Nakashima,P1,3.8912370143357173,True,P1,0.44587087631225586,0.5541291236877441,3.3529411764705883,1.425,9.155851798436982,379.10508670813584,Hard
2026-02-18,46050,Flavio Cobolli,Terence Atmane,P1,3.1448881454985753,True,P1,0.6232444643974304,0.3767555356025696,1.8238095238095235,2.213872832369942,2.590788805577397,381.69587551371325,Hard
2026-02-18,46038,Jaime Faria,Sebastian Baez,P1,0.6938759363227186,True,P1,0.21909037977457047,0.7809096202254295,5.273504273504273,1.234,2.965281779156917,384.66115729287014,Clay
2026-02-18,46023,Andrey Rublev,Jesper de Jong,P2,3.7624586366454076,False,P1,0.666274830698967,0.333725169301033,1.2072727272727273,5.824561403508772,-3.7624586366454076,380.8986986562247,Hard
2026-02-18,46039,Damir Dzumhur,Pedro Martinez,P1,0.16382800110157206,True,P1,0.41831250488758087,0.5816874951124191,2.419753086419753,1.7043478260869567,0.23259531020593566,381.13129396643063,Clay
2026-02-18,46041,Carlos Alcaraz,Valentin Royer,P2,1.53933169576836,False,P1,0.8671915307641029,0.13280846923589706,1.0599999999999998,17.666666666666664,-1.53933169576836,379.5919622706623,Hard
2026-02-18,46051,Thiago Agustin Tirante,Francisco Cerundolo,P1,0.3224398524151836,True,P1,0.20339445769786835,0.7966055423021317,5.273504273504273,1.234,1.3779480872443743,380.96991035790666,Clay
2026-02-18,46042,Jannik Sinner,Alexei Popyrin,P2,0.397817885109283,False,P1,0.9162029214203358,0.08379707857966423,1.0686666666666667,15.563106796116504,-0.397817885109283,380.57209247279735,Hard
2026-02-18,46052,Juan Manuel Cerundolo,Yannick Hanfmann,P2,2.809122866334322,False,P1,0.44861772656440735,0.5513822734355927,1.9000000000000001,2.111111111111111,-2.809122866334322,377.762969606463,Clay
2026-02-18,46043,Stefanos Tsitsipas,Daniil Medvedev,P1,2.58609251312624,True,P1,0.3706680238246918,0.6293319761753082,3.6923076923076916,1.3714285714285712,6.962556766109106,384.7255263725721,Hard
2026-02-18,46044,Andrey Rublev,Fabian Marozsan,P2,3.3460773541778415,False,P1,0.4977235496044159,0.5022764503955841,1.6596638655462186,2.515923566878981,-3.3460773541778415,381.37944901839427,Hard
2026-02-18,46053,Vit Kopriva,Roman Andres Burruchaga,P1,0.08603729116228573,True,P1,0.43408945202827454,0.5659105479717255,2.317365269461078,1.7590909090909093,0.11334253925570577,381.49279155765,Clay
2026-02-18,46045,Jakub Mensik,Zhizhen Zhang,P1,2.846116000700318,True,P1,0.7462554425001144,0.25374455749988556,1.425,3.3529411764705883,1.2095993002976353,382.7023908579476,Hard
2026-02-18,46046,Karen Khachanov,Marton Fucsovics,P1,1.0880264797623762,True,P1,0.6999100595712662,0.3000899404287338,1.4666666666666668,3.1428571428571432,0.5077456905557757,383.2101365485034,Hard
2026-02-18,46047,Jiri Lehecka,Zizou Bergs,P2,2.8855603422785787,False,P1,0.55748251080513,0.44251748919487,1.5236363636363635,2.909722222222222,-2.8855603422785787,380.32457620622483,Hard
2026-02-18,46048,Arthur Fils,Quentin Halys,P1,0.8205670128275543,True,P1,0.7309494018554688,0.26905059814453125,1.3911764705882355,3.5563909774436087,0.320986507959014,380.6455627141838,Hard
2026-02-19,46054,Casper Ruud,Marcos Giron,P1,2.4710382356159255,True,P1,0.7009453624486923,0.2990546375513077,1.5236363636363635,2.909722222222222,1.2939254761043388,381.93948819028816,Hard
2026-02-19,46055,Sebastian Korda,Alex Michelsen,P1,3.6603132592487517,True,P1,0.6659451723098755,0.3340548276901245,1.7043478260869567,2.419753086419753,2.5781336869491214,384.5176218772373,Hard
2026-02-19,46061,Learner Tien,Miomir Kecmanovic,P2,1.5179150994801915,False,P1,0.6045066714286804,0.3954933285713196,1.5236363636363635,2.909722222222222,-1.5179150994801915,382.99970677775707,Hard
2026-02-19,46056,Alejandro Tabilo,Francesco Passaro,P2,1.5493420885655647,False,P1,0.6266552358865738,0.3733447641134262,1.4666666666666668,3.1428571428571432,-1.5493420885655647,381.45036468919153,Clay
2026-02-19,46062,Jaime Faria,Damir Dzumhur,P2,7.629007293783831,False,P1,0.3571004271507263,0.6428995728492737,1.6596638655462186,2.515923566878981,-7.629007293783831,373.8213573954077,Clay
2026-02-19,46057,Arthur Fils,Jiri Lehecka,P1,6.368609729688188,True,P1,0.6027690321207047,0.39723096787929535,2.515923566878981,1.6596638655462186,9.654325577489102,383.4756829728968,Hard
2026-02-19,46058,Andrey Rublev,Stefanos Tsitsipas,P2,3.1948054601351656,False,P1,0.4889708310365677,0.5110291689634323,1.7043478260869567,2.419753086419753,-3.1948054601351656,380.2808775127616,Hard
2026-02-19,46059,Carlos Alcaraz,Karen Khachanov,P2,2.406930789887672,False,P1,0.7806074470281601,0.2193925529718399,1.1188888888888888,9.411214953271028,-2.406930789887672,377.87394672287394,Hard
2026-02-19,46060,Jakub Mensik,Jannik Sinner,P1,2.0873809760986317,True,P1,0.20499727129936218,0.7950027287006378,9.411214953271028,1.1188888888888888,17.557410079334286,395.4313568022082,Hard
2026-02-20,46064,Tommy Paul,Adam Walton,P2,0.6596070778821916,False,P1,0.8516639694571495,0.1483360305428505,1.135,8.407407407407407,-0.6596070778821916,394.771749724326,Hard
2026-02-20,46065,Frances Tiafoe,Zachary Svajda,P1,2.34387803451769,True,P1,0.6971346586942673,0.3028653413057327,1.5236363636363635,2.909722222222222,1.22733977080199,395.99908949512803,Hard
2026-02-20,46071,Flavio Cobolli,Coleman Wong,P2,3.2074091180330444,False,P1,0.4190046340227127,0.5809953659772873,2.0,2.0,-3.2074091180330444,392.79168037709496,Hard
2026-02-20,46066,Ignacio Buse,Joao Fonseca,P1,5.3556004236789105,True,P1,0.42581120133399963,0.5741887986660004,4.75,1.2666666666666666,20.083501588795915,412.8751819658909,Clay
2026-02-20,46067,Tomas Martin Etcheverry,Vilius Gaubas,P2,2.4348871448458524,False,P1,0.6881595999002457,0.31184040009975433,1.2817551963048501,4.549180327868853,-2.4348871448458524,410.44029482104503,Clay
2026-02-20,46068,Matteo Berrettini,Dusan Lajovic,P1,7.8354317850303055,True,P1,0.8261738270521164,0.1738261729478836,1.3911764705882355,3.5563909774436087,3.0650365512030326,413.50533137224807,Clay
2026-02-20,46072,Vit Kopriva,Juan Manuel Cerundolo,P2,2.6382811442287366,False,P1,0.47833631932735443,0.5216636806726456,1.8238095238095235,2.213872832369942,-2.6382811442287366,410.8670502280193,Clay
2026-02-20,46069,Carlos Alcaraz,Andrey Rublev,P2,0.5596636266293651,False,P1,0.8057474717497826,0.19425252825021744,1.2072727272727273,5.824561403508772,-0.5596636266293651,410.30738660138996,Hard
2026-02-20,46070,Arthur Fils,Jakub Mensik,P1,1.7637378408547724,True,P1,0.4637077897787094,0.5362922102212906,2.419753086419753,1.7043478260869567,2.5040722431888747,412.81145884457885,Hard
2026-02-21,46073,Tommy Paul,Taylor Fritz,P1,2.1553902174082915,True,P1,0.4908875524997711,0.5091124475002289,2.317365269461078,1.7590909090909093,2.8394362145498455,415.6508950591287,Hard
2026-02-21,46074,Sebastian Korda,Casper Ruud,P2,1.3321349867811803,False,P1,0.4925796091556549,0.5074203908443451,1.9000000000000001,2.111111111111111,-1.3321349867811803,414.3187600723475,Hard
2026-02-21,46075,Learner Tien,Frances Tiafoe,P2,2.2097017025435535,False,P1,0.5541769564151764,0.4458230435848236,1.612,2.633986928104575,-2.2097017025435535,412.10905836980396,Hard
2026-02-21,46076,Alejandro Tabilo,Thiago Agustin Tirante,P2,2.3872873040551577,False,P1,0.5327240973711014,0.4672759026288986,1.6596638655462186,2.515923566878981,-2.3872873040551577,409.7217710657488,Clay
2026-02-21,46077,Tomas Martin Etcheverry,Jaime Faria,P2,0.23426075053085274,False,P1,0.7208285629749298,0.2791714370250702,1.3714285714285712,3.6923076923076916,-0.23426075053085274,409.48751031521795,Clay
2026-02-21,46078,Ignacio Buse,Matteo Berrettini,P2,1.3764590120700788,False,P1,0.3205706775188446,0.6794293224811554,2.909722222222222,1.5236363636363635,-1.3764590120700788,408.11105130314786,Clay
2026-02-21,46079,Carlos Alcaraz,Arthur Fils,P2,2.6492184149374713,False,P1,0.7432478293776512,0.2567521706223488,1.170769230769231,6.8558558558558556,-2.6492184149374713,405.4618328882104,Hard
2026-02-22,46080,Sebastian Korda,Flavio Cobolli,P1,2.374795638765478,True,P1,0.7190900892019272,0.2809099107980728,1.4666666666666668,3.1428571428571432,1.1082379647572234,406.5700708529676,Hard
2026-02-22,46081,Tommy Paul,Learner Tien,P2,0.8553914417737112,False,P1,0.5942441523075104,0.4057558476924896,1.612,2.633986928104575,-0.8553914417737112,405.7146794111939,Hard
2026-02-22,46084,Sebastian Korda,Tommy Paul,P2,1.9447527723155003,False,P1,0.4282730519771576,0.5717269480228424,2.111111111111111,1.9000000000000001,-1.9447527723155003,403.7699266388784,Hard
2026-02-22,46082,Tomas Martin Etcheverry,Vit Kopriva,P2,2.2829408956451696,False,P1,0.5501977205276489,0.4498022794723511,1.612,2.633986928104575,-2.2829408956451696,401.4869857432332,Clay
2026-02-22,46083,Alejandro Tabilo,Ignacio Buse,P2,1.5515578719389205,False,P1,0.5413856357336044,0.45861436426639557,1.7043478260869567,2.419753086419753,-1.5515578719389205,399.9354278712943,Clay
2026-02-23,46085,Tomas Martin Etcheverry,Alejandro Tabilo,P1,4.912862681512033,True,P1,0.5196478813886642,0.48035211861133575,2.7533333333333334,1.570342205323194,8.613885901584432,408.5493137728787,Clay
