date,match_id,p1_name,p2_name,bet_on,bet_amount,is_win,actual_winner,p1_prob,p2_prob,p1_market,p2_market,pnl,balance,surface
2025-01-06,42756,Denis Shapovalov,Zhizhen Zhang,P1,5.954127431095361,True,P1,0.635330930352211,0.364669069647789,1.7063829787234042,2.41566265060241,4.205894270475872,1004.2058942704758,Hard
2025-01-06,42783,Nuno Borges,Luciano Darderi,P2,0.5425737365972224,False,P1,0.684826597571373,0.315173402428627,1.4444444444444442,3.25,-0.5425737365972224,1003.6633205338786,Hard
2025-01-06,42757,Alejandro Davidovich Fokina,Roberto Bautista Agut,P2,10.495026054007033,False,P1,0.4238228499889374,0.5761771500110626,1.8660287081339713,2.154696132596685,-10.495026054007033,993.1682944798716,Hard
2025-01-06,42784,Roberto Carballes Baena,Daniel Altmaier,P2,7.06614274679319,False,P1,0.6254099160432816,0.37459008395671844,1.3714285714285712,3.6923076923076916,-7.06614274679319,986.1021517330785,Hard
2025-01-06,42758,Christopher O'Connell,Arthur Rinderknech,P2,9.566812307251228,False,P1,0.48159022629261017,0.5184097737073898,1.6735537190082643,2.4846625766871164,-9.566812307251228,976.5353394258273,Hard
2025-01-06,42759,Thanasi Kokkinakis,Yoshihito Nishioka,P2,11.83042576892839,False,P1,0.4378703832626343,0.5621296167373657,1.7304347826086959,2.3690476190476186,-11.83042576892839,964.7049136568988,Hard
2025-01-06,42786,Alex Michelsen,Sumit Nagal,P1,9.478863423773943,True,P1,0.8273269310593605,0.1726730689406395,1.2737306843267107,4.653225806451613,2.594655771629069,967.2995694285279,Hard
2025-01-06,42787,Mariano Navone,Adrian Mannarino,P1,2.82793739971823,True,P1,0.42449313402175903,0.575506865978241,2.5723270440251573,1.6360000000000001,4.446442452387155,971.746011880915,Hard
2025-01-06,42760,Li Tu,James Duckworth,P1,5.817027608620018,True,P1,0.49984273314476013,0.5001572668552399,2.3157894736842106,1.7599999999999998,7.653983695552656,979.3999955764677,Hard
2025-01-06,42761,Manuel Guinard,Roman Safiullin,P1,5.664769116583223,True,P1,0.28743264079093933,0.7125673592090607,5.1487603305785115,1.2410358565737052,23.501769392766754,1002.9017649692345,Hard
2025-01-06,42788,Luca Nardi,Flavio Cobolli,P2,20.05803529938469,False,P1,0.14484841376543045,0.8551515862345695,2.7828947368421053,1.5608856088560885,-20.05803529938469,982.8437296698498,Hard
2025-01-06,42789,Lorenzo Sonego,Gabriel Diallo,P1,5.292165903884328,True,P1,0.545816957950592,0.45418304204940796,2.0366492146596857,1.9646464646464645,5.486119628110455,988.3298492979603,Hard
2025-01-06,42762,Marcos Giron,Aleksandar Vukic,P1,0.7199875141636035,True,P1,0.49588531255722046,0.5041146874427795,2.0473684210526315,1.9547738693467334,0.7540921858871426,989.0839414838474,Hard
2025-01-06,42763,Miomir Kecmanovic,Alexander Bublik,P1,0.37674025776645165,True,P1,0.5856804996728897,0.4143195003271103,1.7167381974248928,2.3952095808383236,0.270024133248916,989.3539656170964,Hard
2025-01-06,42790,Facundo Diaz Acosta,Cameron Norrie,P1,0.061623343734420626,True,P1,0.22798994183540344,0.7720100581645966,4.404761904761904,1.2937062937062938,0.20981281319100353,989.5637784302874,Hard
2025-01-06,42764,Arthur Cazaux,Adam Walton,P1,4.961798631431728,True,P1,0.6202197670936584,0.37978023290634155,1.7304347826086959,2.3690476190476186,3.624270304697959,993.1880487349853,Hard
2025-01-06,42791,Gael Monfils,Pedro Martinez,P1,4.442290100832015,True,P1,0.7788430005311966,0.2211569994688034,1.3208020050125313,4.1171875,1.4250955711942301,994.6131443061795,Hard
2025-01-06,42765,Brandon Nakashima,Yannick Hanfmann,P2,15.55193434140221,False,P1,0.504740446805954,0.495259553194046,1.3616438356164382,3.7651515151515156,-15.55193434140221,979.0612099647773,Hard
2025-01-06,42792,Jan-Lennard Struff,Yunchaokete Bu,P2,3.3627425676115683,False,P1,0.52915158867836,0.47084841132164,1.7599999999999998,2.3157894736842106,-3.3627425676115683,975.6984673971657,Hard
2025-01-06,42766,Rinky Hijikata,David Goffin,P2,6.103403499694726,False,P1,0.3777941018342972,0.6222058981657028,2.3157894736842106,1.7599999999999998,-6.103403499694726,969.5950638974709,Hard
2025-01-06,42794,Jakub Mensik,Pablo Carreno Busta,P2,17.207091655167957,False,P1,0.49147918820381165,0.5085208117961884,1.3125,4.2,-17.207091655167957,952.387972242303,Hard
2025-01-06,42768,Felix Auger-Aliassime,Arthur Cazaux,P2,0.4765531034137154,False,P1,0.6350895017385483,0.3649104982614517,1.5588235294117647,2.789473684210527,-0.4765531034137154,951.9114191388893,Hard
2025-01-06,42769,Marcos Giron,Denis Shapovalov,P1,3.094389919495771,True,P1,0.3948807120323181,0.6051192879676819,2.834437086092715,1.5451263537906137,5.676463627154494,957.5878827660438,Hard
2025-01-06,42796,Zizou Bergs,Luca Nardi,P1,19.151757655320875,True,P1,0.7584111541509628,0.24158884584903717,1.6874999999999998,2.454545454545454,13.166833388033098,970.7547161540768,Hard
2025-01-06,42797,Alex Michelsen,Lorenzo Sonego,P2,5.658667801076781,False,P1,0.5424867421388626,0.4575132578611374,1.6284584980237156,2.591194968553459,-5.658667801076781,965.096048353,Hard
2025-01-06,42770,Miomir Kecmanovic,Christopher O'Connell,P2,1.320085578320014,False,P1,0.5024909824132919,0.49750901758670807,1.9356435643564356,2.0687830687830693,-1.320085578320014,963.77596277468,Hard
2025-01-06,42771,Rinky Hijikata,Brandon Nakashima,P1,5.512350639211316,True,P1,0.38644061982631683,0.6135593801736832,3.2553191489361706,1.4433962264150944,12.432109952263822,976.2080727269438,Hard
2025-01-06,42798,Facundo Diaz Acosta,Sebastian Baez,P1,8.645239847500354,True,P1,0.6137496381998062,0.3862503618001938,1.8846153846153846,2.1304347826086953,7.647712172788775,983.8557848997326,Hard
2025-01-06,42772,Benjamin Bonzi,Li Tu,P1,6.707485042215612,True,P1,0.698727086186409,0.301272913813591,1.5357142857142856,2.8666666666666667,3.593295558329791,987.4490804580624,Hard
2025-01-06,42799,Roberto Carballes Baena,Francisco Cerundolo,P1,5.782091618350459,True,P1,0.4393031597137451,0.5606968402862549,2.74025974025974,1.5746268656716418,10.06234125790859,997.511421715971,Hard
2025-01-06,42773,Sebastian Korda,Alejandro Davidovich Fokina,P1,19.95022843431942,True,P1,0.6637735664844513,0.3362264335155487,2.3216374269005846,1.756637168141593,26.366968574012798,1023.8783902899838,Hard
2025-01-06,42800,Gael Monfils,Jan-Lennard Struff,P1,13.612747927199164,True,P1,0.5903159826993942,0.4096840173006058,2.262857142857143,1.7918552036199096,17.19095595377723,1041.069346243761,Hard
2025-01-06,42774,Tommy Paul,Manuel Guinard,P2,7.021633895563571,False,P1,0.7862620577216148,0.21373794227838516,1.1002785515320335,10.972222222222221,-7.021633895563571,1034.0477123481974,Hard
2025-01-06,42801,Nuno Borges,Mariano Navone,P2,2.661108086700475,False,P1,0.6287276297807693,0.37127237021923065,1.5086505190311417,2.965986394557823,-2.661108086700475,1031.3866042614968,Hard
2025-01-06,42802,Jakub Mensik,Ben Shelton,P2,1.6977385998927215,False,P1,0.4262940585613251,0.5737059414386749,2.268571428571429,1.7882882882882885,-1.6977385998927215,1029.688865661604,Hard
2025-01-06,42775,Thanasi Kokkinakis,Tomas Martin Etcheverry,P2,8.204482157294729,False,P1,0.5097288489341736,0.4902711510658264,1.6491935483870968,2.540372670807453,-8.204482157294729,1021.4843835043093,Hard
2025-01-06,42776,Tommy Paul,Rinky Hijikata,P2,1.2999478175856503,False,P1,0.7413850128650665,0.25861498713493347,1.3144963144963144,4.1796875,-1.2999478175856503,1020.1844356867236,Hard
2025-01-06,42777,Felix Auger-Aliassime,Marcos Giron,P2,9.537835998906537,False,P1,0.4781268686056137,0.5218731313943863,1.7004219409282701,2.4277108433734944,-9.537835998906537,1010.6465996878171,Hard
2025-01-06,42804,Gael Monfils,Facundo Diaz Acosta,P1,11.695888755693552,True,P1,0.7878246083855629,0.2121753916144371,1.38135593220339,3.6222222222222222,4.460296559374661,1015.1068962471918,Hard
2025-01-06,42778,Miomir Kecmanovic,Benjamin Bonzi,P2,8.894865724069714,False,P1,0.4944448173046112,0.5055551826953888,1.668032786885246,2.4969325153374236,-8.894865724069714,1006.212030523122,Hard
2025-01-06,42805,Zizou Bergs,Roberto Carballes Baena,P2,3.5653185143132697,False,P1,0.5464137047529221,0.45358629524707794,1.7004219409282701,2.4277108433734944,-3.5653185143132697,1002.6467120088088,Hard
2025-01-06,42779,Sebastian Korda,Thanasi Kokkinakis,P1,2.9746087783395176,True,P1,0.6092262864112854,0.3907737135887146,1.7106382978723402,2.407185628742515,2.113870919075316,1004.7605829278841,Hard
2025-01-06,42806,Nuno Borges,Jakub Mensik,P1,2.7672167706588864,True,P1,0.370770588517189,0.629229411482811,2.993197278911565,1.5017064846416384,5.51560893743574,1010.2761918653199,Hard
2025-01-06,42780,Felix Auger-Aliassime,Tommy Paul,P2,7.3081614325063,False,P1,0.36748823523521423,0.6325117647647858,2.327485380116959,1.7533039647577093,-7.3081614325063,1002.9680304328136,Hard
2025-01-06,42781,Sebastian Korda,Miomir Kecmanovic,P1,11.470980223161996,True,P1,0.6467514634132385,0.3532485365867615,1.8450704225352113,2.183333333333333,9.69378610408056,1012.6618165368942,Hard
2025-01-06,42808,Zizou Bergs,Nuno Borges,P1,9.256293637628078,True,P1,0.5987205654382706,0.40127943456172943,1.964824120603015,2.036458333333334,8.930695368967793,1021.592511905862,Hard
2025-01-06,42809,Gael Monfils,Zizou Bergs,P1,9.728973595406309,True,P1,0.6777779459953308,0.3222220540046692,1.6612244897959183,2.5123456790123457,6.433035601860498,1028.0255475077224,Hard
2025-01-06,42782,Felix Auger-Aliassime,Sebastian Korda,P2,4.44389756894896,False,P1,0.40704789757728577,0.5929521024227142,2.244318181818182,1.8036529680365299,-4.44389756894896,1023.5816499387735,Hard
2025-01-13,42812,Alex de Minaur,Botic Van De Zandschulp,P2,7.3981232688687415,False,P1,0.7762790769338608,0.22372092306613922,1.1019830028328612,10.805555555555554,-7.3981232688687415,1016.1835266699047,Hard
2025-01-13,42813,Joao Fonseca,Andrey Rublev,P1,1.8465811212364354,True,P1,0.4156801402568817,0.5843198597431183,2.540372670807453,1.6491935483870968,2.8444230935815895,1019.0279497634863,Hard
2025-01-13,42814,Holger Rune,Zhizhen Zhang,P1,5.869821150731238,True,P1,0.7651141211390495,0.23488587886095047,1.3614130434782608,3.7669172932330826,2.1214299267588435,1021.1493796902452,Hard
2025-01-13,42815,Lorenzo Musetti,Matteo Arnaldi,P2,8.181337745404615,False,P1,0.5120501071214676,0.4879498928785324,1.6399999999999997,2.5624999999999996,-8.181337745404615,1012.9680419448406,Hard
2025-01-13,42816,Hubert Hurkacz,Tallon Griekspoor,P2,7.203566067989819,False,P1,0.5967117100954056,0.4032882899045944,1.4375,3.285714285714286,-7.203566067989819,1005.7644758768507,Hard
2025-01-13,42817,Karen Khachanov,Adrian Mannarino,P2,3.4619101132938725,False,P1,0.7976339980959892,0.20236600190401077,1.1674008810572687,6.973684210526316,-3.4619101132938725,1002.3025657635568,Hard
2025-01-13,42818,Ben Shelton,Brandon Nakashima,P2,3.5300261648617504,False,P1,0.6000691503286362,0.39993084967136383,1.5490909090909089,2.821192052980132,-3.5300261648617504,998.7725395986951,Hard
2025-01-13,42819,Corentin Moutet,Alexei Popyrin,P1,2.3435566917548565,True,P1,0.24689631164073944,0.7531036883592606,4.766129032258064,1.2655246252676657,8.826136895560628,1007.5986764942556,Hard
2025-01-13,42820,Gael Monfils,Giovanni Mpetshi Perricard,P1,14.146360622932727,True,P1,0.6111904233694077,0.38880957663059235,2.1767955801104972,1.8497652582159625,16.647374655716412,1024.2460511499721,Hard
2025-01-13,42821,Francisco Cerundolo,Alexander Bublik,P2,1.5540140031668022,False,P1,0.5813167840242386,0.4186832159757614,1.668032786885246,2.4969325153374236,-1.5540140031668022,1022.6920371468053,Hard
2025-01-13,42822,Tomas Martin Etcheverry,Flavio Cobolli,P2,6.761485351544903,False,P1,0.5232147723436356,0.47678522765636444,1.6585365853658534,2.518518518518518,-6.761485351544903,1015.9305517952604,Hard
2025-01-13,42823,Daniel Altmaier,Francisco Comesana,P2,1.3192717417711062,False,P1,0.49568870663642883,0.5043112933635712,1.965,2.0362694300518136,-1.3192717417711062,1014.6112800534893,Hard
2025-01-13,42824,Matteo Berrettini,Cameron Norrie,P2,2.6253043283199142,False,P1,0.6510061025619507,0.3489938974380493,1.4565916398713825,3.1901408450704225,-2.6253043283199142,1011.9859757251694,Hard
2025-01-13,42826,Pablo Carreno Busta,Kamil Majchrzak,P1,7.368256989258957,True,P1,0.6171511262655258,0.3828488737344742,1.8119266055045873,2.2316384180790965,5.982483885774475,1017.9684596109439,Hard
2025-01-13,42827,Gabriel Diallo,Luca Nardi,P1,3.2075462153046987,True,P1,0.6862499564886093,0.3137500435113907,1.5034246575342465,2.9863945578231292,1.6147578549650363,1019.583217465909,Hard
2025-01-13,42828,Facundo Diaz Acosta,Zizou Bergs,P2,9.653806528000656,False,P1,0.27643682062625885,0.7235631793737411,2.9324324324324325,1.5174825174825177,-9.653806528000656,1009.9294109379083,Hard
2025-01-13,42829,Cristian Garin,Borna Coric,P2,3.631571956664734,False,P1,0.44976313412189484,0.5502368658781052,2.0634920634920637,1.9402985074626864,-3.631571956664734,1006.2978389812436,Hard
2025-01-13,42830,Marcos Giron,Yannick Hanfmann,P2,11.72142776775394,False,P1,0.5855581164360046,0.41444188356399536,1.3099273607748185,4.226562500000001,-11.72142776775394,994.5764112134896,Hard
2025-01-13,42831,Miomir Kecmanovic,Dusan Lajovic,P2,11.586210138909026,False,P1,0.599688395857811,0.400311604142189,1.2790178571428572,4.584000000000001,-11.586210138909026,982.9902010745806,Hard
2025-01-13,42832,Mitchell Krueger,Rinky Hijikata,P1,0.5840548399644183,True,P1,0.3345790207386017,0.6654209792613983,3.0620689655172413,1.4849498327759196,1.204361359650766,984.1945624342313,Hard
2025-01-13,42833,Denis Shapovalov,Roberto Bautista Agut,P2,8.450888920999471,False,P1,0.5908773243427277,0.40912267565727234,1.4017595307917887,3.489051094890511,-8.450888920999471,975.7436735132319,Hard
2025-01-13,42834,Lorenzo Sonego,Stan Wawrinka,P2,9.391390499227402,False,P1,0.5333964228630066,0.4666035771369934,1.5138888888888888,2.9459459459459456,-9.391390499227402,966.3522830140045,Hard
2025-01-13,42835,Learner Tien,Camilo Ugo Carabelli,P2,7.662303253688476,False,P1,0.6915246844291687,0.3084753155708313,1.2167577413479054,5.613445378151261,-7.662303253688476,958.689979760316,Hard
2025-01-13,42836,Jannik Sinner,Nicolas Jarry,P2,2.8770658293399363,False,P1,0.9090209156274796,0.09097908437252045,1.0340567612687812,30.362745098039216,-2.8770658293399363,955.812913930976,Hard
2025-01-13,42837,Carlos Alcaraz,Alexander Shevchenko,P2,3.555213614331023,False,P1,0.8994846045970917,0.10051539540290833,1.0290432801822322,35.4313725490196,-3.555213614331023,952.257700316645,Hard
2025-01-13,42839,Francesco Passaro,Grigor Dimitrov,P1,0.7045542740041206,True,P1,0.09689775854349136,0.9031022414565086,12.0,1.090909090909091,7.750097014045327,960.0077973306903,Hard
2025-01-13,42840,Alex Michelsen,Stefanos Tsitsipas,P2,2.8295960183847275,False,P1,0.3768826574087143,0.6231173425912857,2.4969325153374236,1.668032786885246,-2.8295960183847275,957.1782013123056,Hard
2025-01-13,42841,Tommy Paul,Christopher O'Connell,P2,6.694707197298133,False,P1,0.7112980782985687,0.2887019217014313,1.2092198581560285,5.779661016949153,-6.694707197298133,950.4834941150075,Hard
2025-01-13,42842,Jack Draper,Mariano Navone,P2,3.597677309230468,False,P1,0.8424748554825783,0.15752514451742172,1.0971223021582734,11.296296296296296,-3.597677309230468,946.885816805777,Hard
2025-01-13,42843,Frances Tiafoe,Arthur Rinderknech,P2,8.230158197183467,False,P1,0.6336447894573212,0.36635521054267883,1.3038277511961724,4.291338582677165,-8.230158197183467,938.6556586085936,Hard
2025-01-13,42844,Sebastian Korda,Lukas Klein,P1,11.773589243912655,True,P1,0.7890622168779373,0.21093778312206268,1.3919308357348703,3.551470588235294,4.6144326719657665,943.2700912805594,Hard
2025-01-13,42845,Roberto Carballes Baena,Alejandro Tabilo,P1,13.730807966124448,True,P1,0.5389879792928696,0.46101202070713043,2.86,1.5376344086021503,25.539302816991473,968.8093940975509,Hard
2025-01-13,42846,Jordan Thompson,Dominik Koepfer,P2,0.12910721216269358,False,P1,0.6992067098617554,0.30079329013824463,1.4263803680981593,3.345323741007194,-0.12910721216269358,968.6802868853882,Hard
2025-01-13,42847,Arthur Cazaux,Sebastian Baez,P2,3.0812791753916087,False,P1,0.64414843916893,0.35585156083106995,1.4536741214057507,3.2042253521126765,-3.0812791753916087,965.5990077099966,Hard
2025-01-13,42848,Felix Auger-Aliassime,Jan-Lennard Struff,P1,2.470044447908292,True,P1,0.6742464751005173,0.3257535248994827,1.5228070175438597,2.9127516778523495,1.2913565710117036,966.8903642810083,Hard
2025-01-13,42849,Benjamin Bonzi,David Goffin,P2,7.688198778204566,False,P1,0.4983529597520828,0.5016470402479172,1.6874999999999998,2.454545454545454,-7.688198778204566,959.2021655028037,Hard
2025-01-13,42850,Nuno Borges,Alexandre Muller,P2,6.365015690758725,False,P1,0.4986889958381653,0.5013110041618347,1.7391304347826089,2.3529411764705883,-6.365015690758725,952.837149812045,Hard
2025-01-13,42851,Alejandro Davidovich Fokina,Juncheng Shang,P1,6.102105038426292,True,P1,0.535125806927681,0.46487419307231903,2.14207650273224,1.8755980861244024,6.969070781590681,959.8062205936357,Hard
2025-01-13,42852,James Duckworth,Dominic Stricker,P2,16.117762910782293,False,P1,0.35330501198768616,0.6466949880123138,1.879807692307692,2.1366120218579234,-16.117762910782293,943.6884576828534,Hard
2025-01-13,42855,Thanasi Kokkinakis,Roman Safiullin,P1,2.462237244924603,True,P1,0.6138524413108826,0.38614755868911743,1.6874999999999998,2.454545454545454,1.692788105885664,945.3812457887391,Hard
2025-01-13,42856,Fabian Marozsan,Thiago Seyboth Wild,P2,2.5992980089839457,False,P1,0.6466959863901138,0.35330401360988617,1.461290322580645,3.167832167832168,-2.5992980089839457,942.7819477797551,Hard
2025-01-13,42858,Jakub Mensik,Nikoloz Basilashvili,P2,3.033371075170684,False,P1,0.7905497327446938,0.20945026725530624,1.1835443037974684,6.448275862068967,-3.033371075170684,939.7485767045845,Hard
2025-01-13,42859,Yoshihito Nishioka,Aziz Dougaz,P2,6.288474385969319,False,P1,0.7169585675001144,0.28304143249988556,1.2081128747795415,5.805084745762714,-6.288474385969319,933.4601023186152,Hard
2025-01-13,42861,Aleksandar Vukic,Damir Dzumhur,P2,0.18847968588832753,False,P1,0.7235966622829437,0.2764033377170563,1.3764044943820226,3.656716417910447,-0.18847968588832753,933.2716226327269,Hard
2025-01-13,42862,Alexander Zverev,Lucas Pouille,P2,1.6888068264533205,False,P1,0.9181874208152294,0.08181257918477058,1.0496864447660397,21.126213592233015,-1.6888068264533205,931.5828158062736,Hard
2025-01-13,42863,Casper Ruud,Jaume Munar,P1,0.2710986846426328,True,P1,0.8284894451498985,0.17151055485010147,1.2084805653710247,5.796610169491526,0.056518807045637214,931.6393346133193,Hard
2025-01-13,42865,Arthur Fils,Otto Virtanen,P2,8.391977863649744,False,P1,0.7100789546966553,0.2899210453033447,1.1545827633378933,7.469026548672566,-8.391977863649744,923.2473567496695,Hard
2025-01-13,42866,Jiri Lehecka,Li Tu,P1,2.2625196348781804,True,P1,0.8866169229149818,0.11338307708501816,1.1353658536585367,8.387387387387387,0.30626790179448565,923.553624651464,Hard
2025-01-13,42867,Tomas Machac,Sumit Nagal,P2,1.7108157886894773,False,P1,0.8886085189878941,0.11139148101210594,1.0836621941594318,12.952830188679243,-1.7108157886894773,921.8428088627745,Hard
2025-01-13,42869,Hady Habib,Yunchaokete Bu,P1,0.8298092891542032,True,P1,0.30063678324222565,0.6993632167577744,3.4744525547445253,1.4041297935103245,2.0533237154983563,923.8961325782728,Hard
2025-01-13,42870,Quentin Halys,Adam Walton,P1,9.554980240179708,True,P1,0.5922635346651077,0.4077364653348923,2.057894736842105,1.9452736318407962,10.108163306716428,934.0042958849892,Hard
2025-01-13,42871,Pedro Martinez,Luciano Darderi,P2,2.7836680543735133,False,P1,0.5646966695785522,0.43530333042144775,1.6653061224489796,2.503067484662577,-2.7836680543735133,931.2206278306157,Hard
2025-01-13,42872,Kei Nishikori,Thiago Monteiro,P2,1.4561614051521277,False,P1,0.7730559781193733,0.22694402188062668,1.2531120331950205,4.950819672131147,-1.4561614051521277,929.7644664254636,Hard
2025-01-13,42875,Taylor Fritz,Cristian Garin,P2,6.403325308243106,False,P1,0.8156505897641182,0.1843494102358818,1.0571428571428572,18.5,-6.403325308243106,923.3611411172205,Hard
2025-01-13,42876,Learner Tien,Daniil Medvedev,P1,2.6093982712970973,True,P1,0.19249524921178818,0.8075047507882118,6.938596491228071,1.168389955686854,15.496163418141537,938.8573045353621,Hard
2025-01-13,42878,Holger Rune,Matteo Berrettini,P1,10.13378503188911,True,P1,0.5555965900421143,0.44440340995788574,2.308139534883721,1.7644444444444443,13.256404838227034,952.1137093735891,Hard
2025-01-13,42879,Lorenzo Musetti,Denis Shapovalov,P2,6.688680294027339,False,P1,0.4034379720687866,0.5965620279312134,2.1304347826086953,1.8846153846153846,-6.688680294027339,945.4250290795618,Hard
2025-01-13,42880,Fabian Marozsan,Frances Tiafoe,P1,0.1303764965266548,True,P1,0.3833479732275009,0.6166520267724991,2.6202531645569613,1.6171874999999998,0.21124293108116213,945.636272010643,Hard
2025-01-13,42881,Miomir Kecmanovic,Hubert Hurkacz,P1,3.826834135970512,True,P1,0.3357078433036804,0.6642921566963196,3.6074074074074076,1.3835227272727273,9.97811567304904,955.614387683692,Hard
2025-01-13,42882,Karen Khachanov,Gabriel Diallo,P1,0.27510859959391876,True,P1,0.7475857809185982,0.2524142190814018,1.3402597402597405,3.9389312977099245,0.09360838064104775,955.7079960643331,Hard
2025-01-13,42883,Ben Shelton,Pablo Carreno Busta,P2,8.000153467143182,False,P1,0.6166665554046631,0.3833334445953369,1.350132625994695,3.856060606060606,-8.000153467143182,947.7078425971899,Hard
2025-01-13,42884,Francisco Cerundolo,Facundo Diaz Acosta,P2,5.227081335339624,False,P1,0.639694482088089,0.360305517911911,1.3908045977011494,3.5588235294117645,-5.227081335339624,942.4807612618503,Hard
2025-01-13,42885,Marcos Giron,Tomas Martin Etcheverry,P1,5.172504331494863,True,P1,0.5446361154317856,0.4553638845682144,2.0471204188481673,1.9549999999999998,5.41623490208886,947.8969961639391,Hard
2025-01-13,42887,Gael Monfils,Daniel Altmaier,P2,1.507073989356309,False,P1,0.7575753927230835,0.2424246072769165,1.2780269058295963,4.596774193548388,-1.507073989356309,946.3899221745828,Hard
2025-01-13,42888,Corentin Moutet,Mitchell Krueger,P2,2.9298123150513704,False,P1,0.5871463865041733,0.4128536134958267,1.5977011494252877,2.673076923076923,-2.9298123150513704,943.4601098595315,Hard
2025-01-13,42889,Lorenzo Sonego,Joao Fonseca,P1,12.728307704207657,True,P1,0.41730816662311554,0.5826918333768845,4.950819672131147,1.2531120331950205,50.28724847072205,993.7473583302535,Hard
2025-01-13,42890,Alexander Zverev,Pedro Martinez,P2,2.972372051077819,False,P1,0.9072238057851791,0.09277619421482086,1.0363247863247862,28.529411764705877,-2.972372051077819,990.7749862791757,Hard
2025-01-13,42891,Carlos Alcaraz,Yoshihito Nishioka,P2,4.487814494479109,False,P1,0.8790646493434906,0.1209353506565094,1.0345177664974619,29.970588235294112,-4.487814494479109,986.2871717846965,Hard
2025-01-13,42892,Jakub Mensik,Casper Ruud,P2,4.490009698303013,False,P1,0.4096033573150635,0.5903966426849365,2.2191011235955056,1.8202764976958523,-4.490009698303013,981.7971620863935,Hard
2025-01-13,42894,Tommy Paul,Kei Nishikori,P2,5.2792771993338725,False,P1,0.599682554602623,0.400317445397377,1.488215488215488,3.048275862068966,-5.2792771993338725,976.5178848870597,Hard
2025-01-13,42895,Ugo Humbert,Hady Habib,P2,4.694911007715171,False,P1,0.7834023758769035,0.21659762412309647,1.1537414965986394,7.504424778761061,-4.694911007715171,971.8229738793445,Hard
2025-01-13,42896,Jack Draper,Thanasi Kokkinakis,P1,0.44236129984158806,True,P1,0.6681964695453644,0.3318035304546356,1.5034246575342465,2.9863945578231292,0.22269558587915558,972.0456694652237,Hard
2025-01-13,42897,Arthur Fils,Quentin Halys,P2,10.10312147311526,False,P1,0.6202241331338882,0.37977586686611176,1.2771618625277161,4.608,-10.10312147311526,961.9425479921084,Hard
2025-01-13,42898,Aleksandar Vukic,Sebastian Korda,P1,5.860085613785213,True,P1,0.3288453221321106,0.6711546778678894,4.2421875,1.308433734939759,18.999496325944243,980.9420443180527,Hard
2025-01-13,42899,Jiri Lehecka,Hugo Gaston,P2,5.995318784958108,False,P1,0.7891749069094658,0.2108250930905342,1.1122554067971164,9.908256880733946,-5.995318784958108,974.9467255330945,Hard
2025-01-13,42900,Tomas Machac,Reilly Opelka,P2,8.964605781843836,False,P1,0.5889385789632797,0.4110614210367203,1.385714285714286,3.592592592592593,-8.964605781843836,965.9821197512507,Hard
2025-01-13,42901,Nuno Borges,Jordan Thompson,P2,12.52180017048998,False,P1,0.37037234008312225,0.6296276599168777,2.0,2.0,-12.52180017048998,953.4603195807607,Hard
2025-01-13,42902,Alejandro Davidovich Fokina,Felix Auger-Aliassime,P1,1.1138347235967605,True,P1,0.27178989350795746,0.7282101064920425,3.9312977099236637,1.3411458333333335,3.264981174512641,956.7253007552733,Hard
2025-01-13,42903,Benjamin Bonzi,Francesco Passaro,P2,6.724685776529513,False,P1,0.6549504995346069,0.34504950046539307,1.3121951219512196,4.203125,-6.724685776529513,950.0006149787438,Hard
2025-01-13,42904,Roberto Carballes Baena,James Duckworth,P1,10.506274240924673,True,P1,0.6888556033372879,0.3111443966627121,1.6653061224489796,2.503067484662577,6.989888576615191,956.9905035553589,Hard
2025-01-13,42906,Jannik Sinner,Marcos Giron,P2,1.9022675584144981,False,P1,0.9311896301805973,0.0688103698194027,1.0312022025084124,33.04901960784313,-1.9022675584144981,955.0882359969445,Hard
2025-01-13,42907,Gael Monfils,Taylor Fritz,P1,14.486133569515935,True,P1,0.3956347107887268,0.6043652892112732,7.548672566371684,1.1527027027027026,94.86494549948492,1049.9531814964294,Hard
2025-01-13,42908,Alex de Minaur,Francisco Cerundolo,P2,10.626031145129508,False,P1,0.7049831300973892,0.2950168699026108,1.131360946745562,8.61261261261261,-10.626031145129508,1039.3271503513,Hard
2025-01-13,42909,Holger Rune,Miomir Kecmanovic,P1,4.350851804119723,True,P1,0.6788753718137741,0.3211246281862259,1.5395683453237412,2.853333333333333,2.3475819086976935,1041.6747322599977,Hard
2025-01-13,42910,Ben Shelton,Lorenzo Musetti,P2,5.710734291746732,False,P1,0.5328970551490784,0.46710294485092163,1.670781893004115,2.4907975460122698,-5.710734291746732,1035.9639979682509,Hard
2025-01-13,42911,Alex Michelsen,Karen Khachanov,P2,6.501224808844225,False,P1,0.34126414358615875,0.6587358564138412,2.5624999999999996,1.6399999999999997,-6.501224808844225,1029.4627731594067,Hard
2025-01-13,42912,Lorenzo Sonego,Fabian Marozsan,P2,4.627167405526801,False,P1,0.4805912673473358,0.5194087326526642,1.8937198067632852,2.1189189189189186,-4.627167405526801,1024.83560575388,Hard
2025-01-13,42913,Learner Tien,Corentin Moutet,P2,4.3961633641918,False,P1,0.4629490375518799,0.5370509624481201,1.974747474747475,2.0259067357512954,-4.3961633641918,1020.4394423896881,Hard
2025-01-13,42915,Carlos Alcaraz,Nuno Borges,P2,5.3136029838390995,False,P1,0.8580861166119576,0.14191388338804245,1.044017094017094,23.718446601941746,-5.3136029838390995,1015.125839405849,Hard
2025-01-13,42916,Novak Djokovic,Tomas Machac,P1,7.06195742977452,True,P1,0.8269759863615036,0.1730240136384964,1.251546391752577,4.975409836065573,1.7764099101700837,1016.902249316019,Hard
2025-01-13,42917,Tommy Paul,Roberto Carballes Baena,P2,7.590997563912503,False,P1,0.7171695232391357,0.28283047676086426,1.1861958266452648,6.370689655172415,-7.590997563912503,1009.3112517521065,Hard
2025-01-13,42918,Ugo Humbert,Arthur Fils,P1,6.477333928692333,True,P1,0.6440049707889557,0.3559950292110443,1.6903765690376567,2.4484848484848483,4.4717995742018175,1013.7830513263083,Hard
2025-01-13,42919,Jack Draper,Aleksandar Vukic,P2,3.363332613676584,False,P1,0.7610165327787399,0.23898346722126007,1.2268431001890359,5.408333333333332,-3.363332613676584,1010.4197187126317,Hard
2025-01-13,42920,Jiri Lehecka,Benjamin Bonzi,P2,3.7351143184673714,False,P1,0.7006665915250778,0.2993334084749222,1.3216957605985038,4.108527131782946,-3.7351143184673714,1006.6846043941644,Hard
2025-01-13,42921,Alejandro Davidovich Fokina,Jakub Mensik,P1,2.380570617324268,True,P1,0.3988886773586273,0.6011113226413727,2.7096774193548385,1.5849056603773586,4.070007829618909,1010.7546122237833,Hard
2025-01-13,42922,Jannik Sinner,Holger Rune,P2,4.423733920372559,False,P1,0.8330895230174065,0.16691047698259354,1.095280498664292,11.495327102803738,-4.423733920372559,1006.3308783034107,Hard
2025-01-13,42923,Alex de Minaur,Alex Michelsen,P2,3.9888082921666217,False,P1,0.7024796158075333,0.29752038419246674,1.3106796116504853,4.218749999999999,-3.9888082921666217,1002.3420700112441,Hard
2025-01-13,42924,Ben Shelton,Gael Monfils,P2,15.175653930840856,False,P1,0.4251195788383484,0.5748804211616516,1.6399999999999997,2.5624999999999996,-15.175653930840856,987.1664160804032,Hard
2025-01-13,42925,Lorenzo Sonego,Learner Tien,P2,0.21401828988066454,False,P1,0.558175265789032,0.441824734210968,1.7837837837837835,2.275862068965517,-0.21401828988066454,986.9523977905226,Hard
2025-01-13,42926,Alexander Zverev,Ugo Humbert,P2,13.724509961374183,False,P1,0.6022491753101349,0.3977508246898651,1.198641765704584,6.034188034188034,-13.724509961374183,973.2278878291484,Hard
2025-01-13,42927,Carlos Alcaraz,Jack Draper,P2,12.491415174400927,False,P1,0.6706359386444092,0.3293640613555908,1.1083499005964215,10.229357798165138,-12.491415174400927,960.7364726547474,Hard
2025-01-13,42928,Novak Djokovic,Jiri Lehecka,P2,0.23231978379083526,False,P1,0.7880484238266945,0.2119515761733055,1.262820512820513,4.8048780487804885,-0.23231978379083526,960.5041528709567,Hard
2025-01-13,42929,Tommy Paul,Alejandro Davidovich Fokina,P2,4.484389737391566,False,P1,0.7095320224761963,0.2904679775238037,1.2777777777777775,4.6000000000000005,-4.484389737391566,956.0197631335651,Hard
2025-01-13,42930,Jannik Sinner,Alex de Minaur,P2,0.2677134098283467,False,P1,0.8131842091679573,0.1868157908320427,1.2228464419475658,5.487394957983193,-0.2677134098283467,955.7520497237367,Hard
2025-01-13,42931,Ben Shelton,Lorenzo Sonego,P2,3.437971068556338,False,P1,0.6468277871608734,0.3531722128391266,1.4347826086956523,3.3000000000000007,-3.437971068556338,952.3140786551804,Hard
2025-01-13,42932,Alexander Zverev,Tommy Paul,P1,2.8312556157433098,True,P1,0.7312744408845901,0.26872555911540985,1.4,3.4999999999999996,1.1325022462973235,953.4465809014778,Hard
2025-01-13,42933,Novak Djokovic,Carlos Alcaraz,P1,17.855286871103498,True,P1,0.6079664826393127,0.39203351736068726,2.6794871794871793,1.5954198473282442,29.987725386084076,983.4343062875619,Hard
2025-01-13,42934,Jannik Sinner,Ben Shelton,P2,3.092099067183073,False,P1,0.8455058336257935,0.15449416637420654,1.1083499005964215,10.229357798165138,-3.092099067183073,980.3422072203788,Hard
2025-01-13,42935,Alexander Zverev,Novak Djokovic,P2,2.705159935130292,False,P1,0.37746162712574005,0.62253837287426,2.503067484662577,1.6653061224489796,-2.705159935130292,977.6370472852485,Hard
2025-01-13,42936,Jannik Sinner,Alexander Zverev,P2,0.38870200494601115,False,P1,0.7229500561952591,0.2770499438047409,1.372222222222222,3.686567164179104,-0.38870200494601115,977.2483452803025,Hard
2025-01-27,42937,Aleksandar Kovacevic,David Goffin,P2,19.0682142293839,False,P1,0.35948362946510315,0.6405163705348969,1.6962025316455698,2.436363636363637,-19.0682142293839,958.1801310509186,Hard
2025-01-27,42938,Nikoloz Basilashvili,Mikhail Kukushkin,P2,5.813336006033208,False,P1,0.5024069249629974,0.49759307503700256,1.7488986784140967,2.335294117647059,-5.813336006033208,952.3667950448854,Hard
2025-01-27,42939,Jesper de Jong,Quentin Halys,P2,5.6645046350453425,False,P1,0.33118748664855957,0.6688125133514404,2.66025641025641,1.6023166023166024,-5.6645046350453425,946.7022904098401,Hard
2025-01-27,42940,Tallon Griekspoor,Botic Van De Zandschulp,P2,0.4554716153713646,False,P1,0.5803959220647812,0.4196040779352188,1.7063829787234042,2.41566265060241,-0.4554716153713646,946.2468187944687,Hard
2025-01-27,42941,Arthur Rinderknech,Harold Mayot,P2,2.064064862656001,False,P1,0.6397659331560135,0.3602340668439865,1.4948805460750851,3.020689655172414,-2.064064862656001,944.1827539318127,Hard
2025-01-27,42942,Mattia Bellucci,Lucas Pouille,P2,2.9831298149455647,False,P1,0.44552676379680634,0.5544732362031937,2.1027027027027025,1.9068627450980393,-2.9831298149455647,941.1996241168672,Hard
2025-01-27,42944,Richard Gasquet,Adrian Mannarino,P2,3.094128520999344,False,P1,0.4348689317703247,0.5651310682296753,2.1483516483516483,1.8708133971291872,-3.094128520999344,938.1054955958679,Hard
2025-01-27,42945,Constant Lestienne,Borna Coric,P2,18.762109911917356,False,P1,0.2581564486026764,0.7418435513973236,2.0,2.0,-18.762109911917356,919.3433856839505,Hard
2025-01-27,42946,Yunchaokete Bu,Daniel Altmaier,P2,3.496490305485457,False,P1,0.519274890422821,0.48072510957717896,1.7792792792792793,2.2832369942196533,-3.496490305485457,915.846895378465,Hard
2025-01-27,42947,Arthur Cazaux,Stan Wawrinka,P2,10.437672372941284,False,P1,0.4797297865152359,0.5202702134847641,1.6093750000000002,2.641025641025641,-10.437672372941284,905.4092230055237,Hard
2025-01-27,42948,Dominik Koepfer,Gregoire Barrere,P1,17.674424782670105,True,P1,0.6803222894668579,0.3196777105331421,2.1027027027027025,1.9068627450980393,19.48963597656595,924.8988589820897,Hard
2025-01-27,42949,Jesper de Jong,Flavio Cobolli,P2,8.331600726298875,False,P1,0.30940985679626465,0.6905901432037354,2.6496815286624202,1.606177606177606,-8.331600726298875,916.5672582557908,Hard
2025-01-27,42950,Tallon Griekspoor,Richard Gasquet,P2,0.3210356521705375,False,P1,0.6738179177045822,0.3261820822954178,1.4736842105263157,3.1111111111111107,-0.3210356521705375,916.2462226036203,Hard
2025-01-27,42951,Nikoloz Basilashvili,Arthur Rinderknech,P2,10.770129784609948,False,P1,0.3239833861589432,0.6760166138410568,2.36094674556213,1.7347826086956524,-10.770129784609948,905.4760928190103,Hard
2025-01-27,42952,Aleksandar Kovacevic,Mattia Bellucci,P2,9.07712376405647,False,P1,0.4432704448699951,0.5567295551300049,1.8036529680365299,2.244318181818182,-9.07712376405647,896.3989690549538,Hard
2025-01-27,42953,Andrey Rublev,Christopher Eubanks,P2,9.746713621716093,False,P1,0.6048793792724609,0.39512062072753906,1.2937062937062938,4.404761904761904,-9.746713621716093,886.6522554332377,Hard
2025-01-27,42954,Felix Auger-Aliassime,Arthur Cazaux,P1,4.8188404326119185,True,P1,0.7173918634653091,0.28260813653469086,1.4642857142857142,3.153846153846154,2.2373187722841044,888.8895742055217,Hard
2025-01-27,42955,Alexander Bublik,Dominik Koepfer,P2,13.369716544415803,False,P1,0.38587744534015656,0.6141225546598434,1.8119266055045873,2.2316384180790965,-13.369716544415803,875.5198576611059,Hard
2025-01-27,42956,Yunchaokete Bu,Constant Lestienne,P1,10.526208712600356,True,P1,0.7017401158809662,0.2982598841190338,1.6465863453815262,2.546583850931677,6.806102822203443,882.3259604833094,Hard
2025-01-27,42957,Andrey Rublev,Nikoloz Basilashvili,P2,7.036798816889851,False,P1,0.6598681807518005,0.34013181924819946,1.2737306843267107,4.653225806451613,-7.036798816889851,875.2891616664195,Hard
2025-01-27,42958,Felix Auger-Aliassime,Yunchaokete Bu,P2,4.457678845184913,False,P1,0.6946076601743698,0.3053923398256302,1.2930232558139536,4.412698412698413,-4.457678845184913,870.8314828212347,Hard
2025-01-27,42959,Aleksandar Kovacevic,Alexander Bublik,P1,3.708278620941572,True,P1,0.4782230406999588,0.5217769593000412,2.327485380116959,1.7533039647577093,4.922685654700215,875.7541684759349,Hard
2025-01-27,42960,Jesper de Jong,Tallon Griekspoor,P2,5.34438395844188,False,P1,0.28607289493083954,0.7139271050691605,3.0689655172413794,1.4833333333333332,-5.34438395844188,870.409784517493,Hard
2025-01-27,42961,Aleksandar Kovacevic,Andrey Rublev,P1,6.187587563305984,True,P1,0.3549952507019043,0.6450047492980957,4.0307692307692315,1.3299492385786804,18.75314999955814,889.1629345170511,Hard
2025-01-27,42962,Felix Auger-Aliassime,Jesper de Jong,P2,2.0791094904628755,False,P1,0.7713080048561096,0.22869199514389038,1.2358674463937622,5.239669421487603,-2.0791094904628755,887.0838250265882,Hard
2025-01-27,42963,Felix Auger-Aliassime,Aleksandar Kovacevic,P2,1.103153754597871,False,P1,0.7364348322153091,0.26356516778469086,1.3241206030150756,4.0852713178294575,-1.103153754597871,885.9806712719903,Hard
2025-02-03,43123,Arthur Fils,Constant Lestienne,P1,9.957200470241885,True,P1,0.8431546166539192,0.15684538334608078,1.2536382536382535,4.942622950819672,2.5255269383981487,888.5061982103884,Hard
2025-02-03,43092,Taylor Fritz,Arthur Rinderknech,P2,2.3824517596501216,False,P1,0.824399784207344,0.17560021579265594,1.1479524438573316,7.758928571428571,-2.3824517596501216,886.1237464507383,Hard
2025-02-03,43093,Tomas Machac,Kei Nishikori,P2,3.5786490391435337,False,P1,0.5865557342767715,0.41344426572322845,1.5671641791044775,2.7631578947368425,-3.5786490391435337,882.5450974115947,Hard
2025-02-03,43125,Tallon Griekspoor,Matteo Berrettini,P1,0.4786582580331574,True,P1,0.3886987715959549,0.6113012284040451,2.6178343949044587,1.6181102362204727,0.7743897932510955,883.3194872048458,Hard
2025-02-03,43094,Michael Mmoh,Roberto Carballes Baena,P1,0.5131937848218331,True,P1,0.4242684543132782,0.5757315456867218,2.3952095808383236,1.7167381974248928,0.7160128854101026,884.0355000902559,Hard
2025-02-03,43095,Jaume Munar,Yunchaokete Bu,P2,4.926748488254908,False,P1,0.3646990805864334,0.6353009194135666,2.436363636363637,1.6962025316455698,-4.926748488254908,879.108751602001,Hard
2025-02-03,43126,Fabian Marozsan,Jan-Lennard Struff,P1,5.473955764881138,True,P1,0.4878525137901306,0.5121474862098694,2.4096385542168677,1.7094017094017095,7.716299090254136,886.8250506922551,Hard
2025-02-03,43096,Yoshihito Nishioka,Brandon Nakashima,P1,10.181103649287902,True,P1,0.5192010998725891,0.4807989001274109,2.66025641025641,1.6023166023166024,16.90324259721517,903.7282932894702,Hard
2025-02-03,43127,Andrea Vavassori,Felix Auger-Aliassime,P1,0.9412429359674838,True,P1,0.14254113286733627,0.8574588671326637,8.045045045045043,1.1419437340153453,6.63109888222137,910.3593921716916,Hard
2025-02-03,43128,Carlos Alcaraz,Botic Van De Zandschulp,P2,0.4999675659674253,False,P1,0.8997877798974514,0.1002122201025486,1.0991658943466172,11.084112149532709,-0.4999675659674253,909.8594246057243,Hard
2025-02-03,43097,Reilly Opelka,Alexander Shevchenko,P2,8.301476756999596,False,P1,0.566528245806694,0.43347175419330597,1.4430379746835442,3.2571428571428576,-8.301476756999596,901.5579478487247,Hard
2025-02-03,43129,Alex de Minaur,David Goffin,P2,2.6569474883998137,False,P1,0.8448341712355614,0.15516582876443863,1.1138975966562175,9.779816513761467,-2.6569474883998137,898.9010003603248,Hard
2025-02-03,43098,Denis Shapovalov,Miomir Kecmanovic,P2,2.5305602103006417,False,P1,0.5473440140485764,0.45265598595142365,1.7241379310344829,2.380952380952381,-2.5305602103006417,896.3704401500241,Hard
2025-02-03,43130,Andrey Rublev,Zhizhen Zhang,P2,10.239136311231515,False,P1,0.599935919046402,0.400064080953598,1.28604118993135,4.496,-10.239136311231515,886.1313038387926,Hard
2025-02-03,43131,Holger Rune,Lorenzo Sonego,P2,1.838759913986558,False,P1,0.689481720328331,0.310518279671669,1.3901734104046242,3.562962962962963,-1.838759913986558,884.2925439248061,Hard
2025-02-03,43100,Tommy Paul,Jenson Brooksby,P2,9.073396243389837,False,P1,0.7136715054512024,0.2863284945487976,1.113660062565172,9.79816513761468,-9.073396243389837,875.2191476814162,Hard
2025-02-03,43132,Jiri Lehecka,Alexei Popyrin,P2,0.3726692782348395,False,P1,0.6821936219930649,0.3178063780069351,1.4533762057877813,3.2056737588652484,-0.3726692782348395,874.8464784031813,Hard
2025-02-03,43101,Ben Shelton,Aleksandar Vukic,P2,5.762723750746864,False,P1,0.6875541508197784,0.31244584918022156,1.262820512820513,4.8048780487804885,-5.762723750746864,869.0837546524344,Hard
2025-02-03,43133,Pedro Martinez,Roberto Bautista Agut,P2,5.937811138678589,False,P1,0.3513403683900833,0.6486596316099167,2.457317073170732,1.686192468619247,-5.937811138678589,863.1459435137558,Hard
2025-02-03,43102,Cameron Norrie,Alex Michelsen,P2,0.20844167021586513,False,P1,0.3678828179836273,0.6321171820163727,2.7051282051282053,1.586466165413534,-0.20844167021586513,862.93750184354,Hard
2025-02-03,43103,Frances Tiafoe,Taro Daniel,P2,2.768023233273206,False,P1,0.7637201696634293,0.23627983033657074,1.2253787878787878,5.436974789915966,-2.768023233273206,860.1694786102668,Hard
2025-02-03,43134,Jakub Mensik,Alexander Bublik,P1,1.9222349116500728,True,P1,0.6972022205591202,0.3027977794408798,1.4640522875816993,3.154929577464789,0.8920175080206219,861.0614961182874,Hard
2025-02-03,43104,Matteo Arnaldi,Christopher Eubanks,P1,3.3834797284711136,True,P1,0.5781773775815964,0.4218226224184036,1.8443396226415094,2.1843575418994416,2.8568059971524966,863.9183021154399,Hard
2025-02-03,43135,Daniil Medvedev,Stan Wawrinka,P2,6.880789418321204,False,P1,0.7023631483316422,0.29763685166835785,1.1969696969696968,6.0769230769230775,-6.880789418321204,857.0375126971187,Hard
2025-02-03,43136,Stefanos Tsitsipas,Harold Mayot,P1,10.285933206403598,True,P1,0.798967070877552,0.20103292912244797,1.3596730245231607,3.78030303030303,3.699572706390395,860.7370854035091,Hard
2025-02-03,43137,Hubert Hurkacz,Flavio Cobolli,P2,4.697657812486024,False,P1,0.6547179222106934,0.34528207778930664,1.3606557377049182,3.7727272727272734,-4.697657812486024,856.0394275910231,Hard
2025-02-03,43106,Rinky Hijikata,Adrian Mannarino,P2,2.7163031170396295,False,P1,0.517121434211731,0.48287856578826904,1.811059907834101,2.2329545454545454,-2.7163031170396295,853.3231244739835,Hard
2025-02-03,43139,Carlos Alcaraz,Andrea Vavassori,P1,9.367544054942588,True,P1,0.8970841020345688,0.10291589796543121,1.1518987341772151,7.583333333333331,1.422918084295076,854.7460425582785,Hard
2025-02-03,43108,Denis Shapovalov,Taylor Fritz,P2,5.573502924905564,False,P1,0.2178156077861786,0.7821843922138214,3.9923076923076914,1.3341902313624678,-5.573502924905564,849.1725396333729,Hard
2025-02-03,43140,Alex de Minaur,Jakub Mensik,P1,2.8673078966776107,True,P1,0.7222435176372528,0.2777564823627472,1.4242424242424243,3.357142857142857,1.2164336531359563,850.3889732865089,Hard
2025-02-03,43109,Casper Ruud,Michael Mmoh,P2,5.9880949576524465,False,P1,0.6967316269874573,0.3032683730125427,1.233140655105973,5.289256198347108,-5.9880949576524465,844.4008783288564,Hard
2025-02-03,43141,Andrey Rublev,Fabian Marozsan,P2,12.484646145992256,False,P1,0.5379676073789597,0.46203239262104034,1.3091787439613527,4.234375,-12.484646145992256,831.9162321828642,Hard
2025-02-03,43111,Jaume Munar,Ben Shelton,P1,1.626156355068238,True,P1,0.1605631336569786,0.8394368663430214,7.910714285714286,1.144702842377261,11.237901953775145,843.1541341366393,Hard
2025-02-03,43142,Pedro Martinez,Holger Rune,P2,7.772859072269869,False,P1,0.1974838227033615,0.8025161772966385,4.130081300813009,1.3194805194805195,-7.772859072269869,835.3812750643694,Hard
2025-02-03,43112,Yoshihito Nishioka,Frances Tiafoe,P1,3.317010152010127,True,P1,0.4238053113222122,0.5761946886777878,2.673076923076923,1.5977011494252877,5.549613138940019,840.9308882033095,Hard
2025-02-03,43143,Stefanos Tsitsipas,Tallon Griekspoor,P1,3.107715949005042,True,P1,0.581614762544632,0.41838523745536804,1.8240740740740737,2.2134831460674156,2.5609881431615613,843.491876346471,Hard
2025-02-03,43113,Tomas Machac,Rinky Hijikata,P2,4.660269687091302,False,P1,0.753473199903965,0.246526800096035,1.1805337519623234,6.539130434782609,-4.660269687091302,838.8316066593798,Hard
2025-02-03,43144,Daniel Altmaier,Arthur Fils,P1,0.7117537655661864,True,P1,0.23216930776834488,0.7678306922316551,4.568,1.2802690582959642,2.539537435540153,841.3711440949199,Hard
2025-02-03,43145,Mattia Bellucci,Daniil Medvedev,P2,2.561132621903103,False,P1,0.24753465503454208,0.7524653449654579,3.7938931297709924,1.3579234972677594,-2.561132621903103,838.8100114730169,Hard
2025-02-03,43114,Matteo Arnaldi,Alejandro Davidovich Fokina,P1,4.231141311552395,True,P1,0.4862196445465088,0.5137803554534912,2.333333333333333,1.75,5.641521748736525,844.4515332217534,Hard
2025-02-03,43146,Hubert Hurkacz,Jiri Lehecka,P2,6.646495453918437,False,P1,0.38065992295742035,0.6193400770425797,2.2134831460674156,1.8240740740740737,-6.646495453918437,837.805037767835,Hard
2025-02-03,43115,Reilly Opelka,Cameron Norrie,P2,1.884594571369228,False,P1,0.5340364575386047,0.46596354246139526,1.7882882882882885,2.268571428571429,-1.884594571369228,835.9204431964657,Hard
2025-02-03,43116,Casper Ruud,Yoshihito Nishioka,P2,2.8513429710271607,False,P1,0.6506391763687134,0.3493608236312866,1.4320987654320987,3.3142857142857145,-2.8513429710271607,833.0691002254385,Hard
2025-02-03,43147,Carlos Alcaraz,Pedro Martinez,P1,8.102683099417487,True,P1,0.8968076109886169,0.10319238901138306,1.146938775510204,7.805555555555554,1.1905983329756307,834.2596985584141,Hard
2025-02-03,43117,Tommy Paul,Reilly Opelka,P1,1.8921628733252873,True,P1,0.6347872018814087,0.3652127981185913,1.6196078431372551,2.613924050632911,1.1723989568054727,835.4320975152197,Hard
2025-02-03,43148,Alex de Minaur,Daniel Altmaier,P2,2.1231315142155864,False,P1,0.8604190275073051,0.13958097249269485,1.1031518624641832,10.694444444444443,-2.1231315142155864,833.308966001004,Hard
2025-02-03,43149,Hubert Hurkacz,Andrey Rublev,P1,10.73258961702408,True,P1,0.6032921969890594,0.39670780301094055,2.1475409836065573,1.8714285714285714,12.316086445765338,845.6250524467694,Hard
2025-02-03,43118,Denis Shapovalov,Tomas Machac,P2,7.235164671936552,False,P1,0.3735206425189972,0.6264793574810028,2.2191011235955056,1.8202764976958523,-7.235164671936552,838.3898877748328,Hard
2025-02-03,43119,Jaume Munar,Matteo Arnaldi,P1,1.1464125578335735,True,P1,0.40271610021591187,0.5972838997840881,2.591194968553459,1.6284584980237156,1.8241658939112835,840.2140536687441,Hard
2025-02-03,43150,Mattia Bellucci,Stefanos Tsitsipas,P2,9.667432168479188,False,P1,0.27428217232227325,0.7257178276777267,2.8068965517241384,1.5534351145038168,-9.667432168479188,830.5466215002649,Hard
2025-02-03,43151,Carlos Alcaraz,Hubert Hurkacz,P1,2.6272778463877096,True,P1,0.7899849563837051,0.21001504361629486,1.2889908256880735,4.4603174603174605,0.7592591941395679,831.3058806944044,Hard
2025-02-03,43120,Casper Ruud,Jaume Munar,P1,4.923694936910672,True,P1,0.7406120449304581,0.25938795506954193,1.4169184290030208,3.3985507246376816,2.052779157986925,833.3586598523914,Hard
2025-02-03,43152,Alex de Minaur,Mattia Bellucci,P1,7.6034066244429,True,P1,0.8479025512933731,0.1520974487066269,1.2285714285714284,5.375,1.737921514158376,835.0965813665498,Hard
2025-02-03,43121,Denis Shapovalov,Tommy Paul,P2,7.423270212026094,False,P1,0.305849090218544,0.694150909781456,2.688311688311688,1.5923076923076922,-7.423270212026094,827.6733111545237,Hard
2025-02-03,43153,Carlos Alcaraz,Alex de Minaur,P2,1.875951059030383,False,P1,0.666622519493103,0.333377480506897,1.4320987654320987,3.3142857142857145,-1.875951059030383,825.7973600954933,Hard
2025-02-03,43122,Denis Shapovalov,Casper Ruud,P2,10.145543246657821,False,P1,0.43210291862487793,0.5678970813751221,1.7456140350877196,2.3411764705882354,-10.145543246657821,815.6518168488356,Hard
2025-02-10,43208,Diego Schwartzman,Nicolas Jarry,P2,1.3231457643276,False,P1,0.22206205874681473,0.7779379412531853,4.357142857142858,1.297872340425532,-1.3231457643276,814.328671084508,Clay
2025-02-10,43181,Learner Tien,Adam Walton,P2,2.03568689598459,False,P1,0.6267382949590683,0.3732617050409317,1.5157894736842106,2.938775510204082,-2.03568689598459,812.2929841885234,Hard
2025-02-10,43209,Joao Fonseca,Tomas Martin Etcheverry,P2,5.673528985411392,False,P1,0.4620581716299057,0.5379418283700943,1.8619047619047617,2.160220994475138,-5.673528985411392,806.619455203112,Clay
2025-02-10,43155,Pierre-Hugues Herbert,Harold Mayot,P1,0.42105022316496216,True,P1,0.5052199363708496,0.4947800636291504,2.0,2.0,0.42105022316496216,807.0405054262769,Hard
2025-02-10,43182,Alejandro Davidovich Fokina,Taro Daniel,P2,1.381286019495566,False,P1,0.6972772777080536,0.3027227222919464,1.3850574712643677,3.5970149253731343,-1.381286019495566,805.6592194067814,Hard
2025-02-10,43210,Federico Coria,Hugo Gaston,P2,16.11318438813563,False,P1,0.32824598252773285,0.6717540174722672,1.7304347826086959,2.3690476190476186,-16.11318438813563,789.5460350186457,Clay
2025-02-10,43156,Nuno Borges,Stan Wawrinka,P2,0.8300879042620258,False,P1,0.5983942747116089,0.4016057252883911,1.6360000000000001,2.5723270440251573,-0.8300879042620258,788.7159471143838,Hard
2025-02-10,43183,Arthur Rinderknech,Dmitry Popko,P2,3.334535806951526,False,P1,0.7703595533967018,0.2296404466032982,1.1883333333333335,6.309734513274337,-3.334535806951526,785.3814113074322,Hard
2025-02-10,43184,Yunchaokete Bu,Rinky Hijikata,P2,5.7332987769321635,False,P1,0.4852270632982254,0.5147729367017746,1.7599999999999998,2.3157894736842106,-5.7332987769321635,779.6481125305,Hard
2025-02-10,43157,Daniel Altmaier,Luca Nardi,P1,15.592962250610002,True,P1,0.7097463458776474,0.2902536541223526,2.1311475409836067,1.8840579710144931,17.63794090642771,797.2860534369278,Hard
2025-02-10,43211,Corentin Moutet,Sumit Nagal,P1,11.536384107172276,True,P1,0.7684894874691963,0.23151051253080368,1.483221476510067,3.069444444444444,5.574628561855059,802.8606819987829,Clay
2025-02-10,43185,Mackenzie McDonald,Kei Nishikori,P2,2.588599792821434,False,P1,0.34079496562480927,0.6592050343751907,2.745098039215686,1.5730337078651684,-2.588599792821434,800.2720822059614,Hard
2025-02-10,43212,Francisco Cerundolo,Luciano Darderi,P1,3.009817174342346,True,P1,0.7321461290121078,0.26785387098789215,1.4077380952380953,3.4525547445255476,1.2272171216812544,801.4992993276427,Clay
2025-02-10,43186,Yoshihito Nishioka,Aleksandar Vukic,P1,0.4964855771861253,True,P1,0.5540633648633957,0.4459366351366043,1.8232558139534885,2.214689265536723,0.4087346379625311,801.9080339656052,Hard
2025-02-10,43159,Alexander Bublik,Richard Gasquet,P2,6.1700556788670164,False,P1,0.4693465828895569,0.5306534171104431,1.8027522935779814,2.2457142857142856,-6.1700556788670164,795.7379782867382,Hard
2025-02-10,43213,Sebastian Baez,Camilo Ugo Carabelli,P1,2.1295325806815435,True,P1,0.6837858706712723,0.3162141293287277,1.5017182130584192,2.9931506849315066,1.068425281029228,796.8064035677675,Clay
2025-02-10,43160,Jan-Lennard Struff,Manuel Guinard,P2,8.526424915892214,False,P1,0.6212897002696991,0.3787102997303009,1.2650862068965516,4.772357723577235,-8.526424915892214,788.2799786518752,Hard
2025-02-10,43187,Reilly Opelka,Christopher Eubanks,P2,0.40360925141127396,False,P1,0.6381039321422577,0.3618960678577423,1.5510948905109487,2.814569536423841,-0.40360925141127396,787.876369400464,Hard
2025-02-10,43161,Luca Van Assche,Benjamin Bonzi,P2,1.6563965421231848,False,P1,0.32971401512622833,0.6702859848737717,2.9054054054054053,1.524822695035461,-1.6563965421231848,786.2199728583408,Hard
2025-02-10,43215,Pedro Martinez,Damir Dzumhur,P1,0.9618224400032909,True,P1,0.6963572800159454,0.30364271998405457,1.4519230769230769,3.2127659574468086,0.4346697565399487,786.6546426148808,Clay
2025-02-10,43189,Miomir Kecmanovic,Borna Gojo,P2,6.028124124538472,False,P1,0.5919850766658783,0.4080149233341217,1.4303405572755417,3.3237410071942444,-6.028124124538472,780.6265184903423,Hard
2025-02-10,43162,Zhizhen Zhang,Quentin Halys,P2,0.7657472927650696,False,P1,0.5413300842046738,0.45866991579532623,1.811059907834101,2.2329545454545454,-0.7657472927650696,779.8607711975773,Hard
2025-02-10,43216,Laslo Djere,Alexandre Muller,P2,6.4044898617063675,False,P1,0.5072014480829239,0.4927985519170761,1.6477732793522268,2.54375,-6.4044898617063675,773.4562813358709,Clay
2025-02-10,43217,Dusan Lajovic,Roberto Carballes Baena,P1,3.4782237126724507,True,P1,0.44682613015174866,0.5531738698482513,2.55,1.6451612903225807,5.391246754642298,778.8475280905133,Clay
2025-02-10,43163,Otto Virtanen,Sebastian Korda,P2,15.576950561810266,False,P1,0.16817260533571243,0.8318273946642876,3.384057971014493,1.4194528875379937,-15.576950561810266,763.270577528703,Hard
2025-02-10,43190,Michael Mmoh,Alexander Shevchenko,P1,4.721800431592009,True,P1,0.5674943178892136,0.43250568211078644,1.9746192893401011,2.0260416666666665,4.6019577810439865,767.872535309747,Hard
2025-02-10,43164,Lorenzo Sonego,Botic Van De Zandschulp,P1,4.1849951461943276,True,P1,0.5773472636938095,0.4226527363061905,1.9024390243902443,2.108108108108108,3.7767029368095164,771.6492382465566,Hard
2025-02-10,43191,Cameron Norrie,Zachary Svajda,P1,9.78306095707762,True,P1,0.7349605560302734,0.26503944396972656,1.5505617977528088,2.8163265306122445,5.386179628053968,777.0354178746105,Hard
2025-02-10,43218,Mariano Navone,Francisco Comesana,P2,3.037086087047699,False,P1,0.621504545211792,0.378495454788208,1.483221476510067,3.069444444444444,-3.037086087047699,773.9983317875628,Clay
2025-02-10,43219,Thiago Seyboth Wild,Facundo Diaz Acosta,P1,1.334068452996298,True,P1,0.46332333981990814,0.5366766601800919,2.2514285714285713,1.7990867579908678,1.6694913783210814,775.6678231658839,Clay
2025-02-10,43220,Mariano Navone,Holger Rune,P2,15.513356463317677,False,P1,0.2463226318359375,0.7536773681640625,2.4124999999999996,1.7079646017699115,-15.513356463317677,760.1544667025662,Clay
2025-02-10,43193,Taylor Fritz,Yunchaokete Bu,P2,1.8585073127684784,False,P1,0.8326108530163765,0.1673891469836235,1.142312579415502,8.026785714285714,-1.8585073127684784,758.2959593897978,Hard
2025-02-10,43166,Daniil Medvedev,Pierre-Hugues Herbert,P2,4.860387961973332,False,P1,0.7344031631946564,0.26559683680534363,1.1870967741935483,6.344827586206898,-4.860387961973332,753.4355714278245,Hard
2025-02-10,43221,Lorenzo Musetti,Corentin Moutet,P2,4.259144473538304,False,P1,0.6395502239465714,0.36044977605342865,1.386819484240688,3.585185185185186,-4.259144473538304,749.1764269542862,Clay
2025-02-10,43194,Matteo Arnaldi,Learner Tien,P1,1.2300961542067852,True,P1,0.5736694186925888,0.4263305813074112,1.7882882882882885,2.268571428571429,0.9696703918296732,750.1460973461159,Hard
2025-02-10,43167,Zhizhen Zhang,Hubert Hurkacz,P1,1.1362347166846292,True,P1,0.2538013160228729,0.7461986839771271,4.338582677165355,1.2995283018867927,3.7934135423171873,753.9395108884331,Hard
2025-02-10,43168,Zizou Bergs,Nuno Borges,P2,5.436429932033533,False,P1,0.4723072350025177,0.5276927649974823,1.8119266055045873,2.2316384180790965,-5.436429932033533,748.5030809563996,Hard
2025-02-10,43195,Brandon Nakashima,Reilly Opelka,P2,4.26383566447037,False,P1,0.4181709438562393,0.5818290561437607,2.1189189189189186,1.8937198067632852,-4.26383566447037,744.2392452919293,Hard
2025-02-10,43222,Joao Fonseca,Federico Coria,P2,5.3811438992998655,False,P1,0.7103687226772308,0.28963127732276917,1.204152249134948,5.898305084745763,-5.3811438992998655,738.8581013926294,Clay
2025-02-10,43196,Alejandro Davidovich Fokina,Mackenzie McDonald,P2,6.763037853023966,False,P1,0.4981296956539154,0.5018703043460846,1.6399999999999997,2.5624999999999996,-6.763037853023966,732.0950635396053,Hard
2025-02-10,43169,Jan-Lennard Struff,Hugo Grenier,P2,0.1434581510835943,False,P1,0.7002363502979279,0.29976364970207214,1.4224924012158056,3.3669064748201447,-0.1434581510835943,731.9516053885218,Hard
2025-02-10,43223,Pedro Martinez,Diego Schwartzman,P1,0.8406955794217584,True,P1,0.6992117017507553,0.3007882982492447,1.444794952681388,3.24822695035461,0.373937150468353,732.3255425389901,Clay
2025-02-10,43197,Alex Michelsen,Michael Mmoh,P2,10.26638665744951,False,P1,0.5519305169582367,0.4480694830417633,1.3038277511961724,4.291338582677165,-10.26638665744951,722.0591558815406,Hard
2025-02-10,43170,Ugo Humbert,Alexander Bublik,P1,5.373459687553685,True,P1,0.7783954590559006,0.22160454094409943,1.352,3.840909090909091,1.8914578100188975,723.9506136915595,Hard
2025-02-10,43224,Alexander Zverev,Dusan Lajovic,P2,0.6984492234269091,False,P1,0.8630199655890465,0.13698003441095352,1.1363636363636365,8.333333333333334,-0.6984492234269091,723.2521644681326,Clay
2025-02-10,43198,Marcos Giron,Ethan Quinn,P1,3.791870237892746,True,P1,0.714909628033638,0.285090371966362,1.4673202614379082,3.13986013986014,1.772017790910661,725.0241822590433,Hard
2025-02-10,43171,Hamad Medjedovic,Karen Khachanov,P2,9.71185933119079,False,P1,0.3074801415205002,0.6925198584794998,2.380952380952381,1.7241379310344829,-9.71185933119079,715.3123229278525,Hard
2025-02-10,43225,Laslo Djere,Alejandro Tabilo,P2,1.813893920059888,False,P1,0.5933024138212204,0.4066975861787796,1.6,2.6666666666666665,-1.813893920059888,713.4984290077927,Clay
2025-02-10,43226,Francisco Cerundolo,Juan Manuel Cerundolo,P2,2.0268921248623313,False,P1,0.7485339269042015,0.2514660730957985,1.2600422832980973,4.845528455284553,-2.0268921248623313,711.4715368829303,Clay
2025-02-10,43172,Lorenzo Sonego,Luca Van Assche,P1,2.820507069160367,True,P1,0.6780722290277481,0.3219277709722519,1.5376344086021503,2.86,1.516401650086218,712.9879385330165,Hard
2025-02-10,43199,Miomir Kecmanovic,Yoshihito Nishioka,P2,5.662684906944019,False,P1,0.5042803883552551,0.4957196116447449,1.668032786885246,2.4969325153374236,-5.662684906944019,707.3252536260725,Hard
2025-02-10,43227,Thiago Seyboth Wild,Sebastian Baez,P1,7.128330554188587,True,P1,0.48644769191741943,0.5135523080825806,2.8026315789473686,1.554744525547445,12.849753762155743,720.1750073882282,Clay
2025-02-10,43200,Cameron Norrie,Arthur Rinderknech,P2,5.735423279062057,False,P1,0.5623873323202133,0.4376126676797867,1.4949152542372883,3.02054794520548,-5.735423279062057,714.4395841091662,Hard
2025-02-10,43173,Daniel Altmaier,Otto Virtanen,P1,8.483209725447168,True,P1,0.5763770639896393,0.4236229360103607,2.25,1.7999999999999998,10.60401215680896,725.0435962659751,Hard
2025-02-10,43174,Daniil Medvedev,Jan-Lennard Struff,P2,3.245062171450105,False,P1,0.710818350315094,0.289181649684906,1.2808988764044942,4.56,-3.245062171450105,721.798534094525,Hard
2025-02-10,43228,Francisco Cerundolo,Alexander Zverev,P2,14.4359706818905,False,P1,0.183691568672657,0.816308431327343,3.24822695035461,1.444794952681388,-14.4359706818905,707.3625634126346,Clay
2025-02-10,43201,Alejandro Davidovich Fokina,Taylor Fritz,P2,2.1123278697579035,False,P1,0.16650719940662384,0.8334928005933762,5.647058823529412,1.2151898734177216,-2.1123278697579035,705.2502355428767,Hard
2025-02-10,43229,Laslo Djere,Thiago Seyboth Wild,P2,0.38012129917767995,False,P1,0.5473350584506989,0.45266494154930115,1.8073394495412844,2.2386363636363638,-0.38012129917767995,704.870114243699,Clay
2025-02-10,43202,Alex Michelsen,Cameron Norrie,P2,0.47262139949781345,False,P1,0.5767378360033035,0.42326216399669647,1.7106382978723402,2.407185628742515,-0.47262139949781345,704.3974928442012,Hard
2025-02-10,43175,Ugo Humbert,Lorenzo Sonego,P2,1.811185422171201,False,P1,0.6598781943321228,0.3401218056678772,1.4375,3.285714285714286,-1.811185422171201,702.58630742203,Hard
2025-02-10,43230,Joao Fonseca,Mariano Navone,P2,2.98339547453952,False,P1,0.5431842654943466,0.4568157345056534,1.6846473029045643,2.460606060606061,-2.98339547453952,699.6029119474905,Clay
2025-02-10,43176,Zizou Bergs,Zhizhen Zhang,P2,1.2098746666535865,False,P1,0.5653532445430756,0.43464675545692444,1.7076271186440675,2.413173652694611,-1.2098746666535865,698.3930372808369,Hard
2025-02-10,43203,Matteo Arnaldi,Brandon Nakashima,P1,4.844985631117781,True,P1,0.505696713924408,0.49430328607559204,2.347058823529412,1.74235807860262,6.526480644270422,704.9195179251074,Hard
2025-02-10,43204,Miomir Kecmanovic,Marcos Giron,P2,2.3535270219207254,False,P1,0.43218083679676056,0.5678191632032394,2.1593406593406588,1.862559241706161,-2.3535270219207254,702.5659909031866,Hard
2025-02-10,43231,Pedro Martinez,Lorenzo Musetti,P1,6.126390564574783,True,P1,0.3906288892030716,0.6093711107969284,3.818181818181818,1.3548387096774193,17.265282500165295,719.8312734033519,Clay
2025-02-10,43177,Hamad Medjedovic,Daniel Altmaier,P2,3.258196763587381,False,P1,0.6131280809640884,0.38687191903591156,1.4833333333333332,3.0689655172413794,-3.258196763587381,716.5730766397645,Hard
2025-02-10,43205,Miomir Kecmanovic,Alex Michelsen,P1,0.6296303595989,True,P1,0.44568371772766113,0.5543162822723389,2.294797687861272,1.7723214285714286,0.815243933815917,717.3883205735805,Hard
2025-02-10,43178,Hamad Medjedovic,Daniil Medvedev,P1,3.3290924671094495,True,P1,0.322679340839386,0.677320659160614,3.9465648854961826,1.339378238341969,9.809386964154559,727.197707537735,Hard
2025-02-10,43232,Francisco Cerundolo,Pedro Martinez,P2,5.595204507898942,False,P1,0.6262590885162354,0.37374091148376465,1.351063829787234,3.8484848484848486,-5.595204507898942,721.602503029836,Clay
2025-02-10,43179,Ugo Humbert,Zizou Bergs,P2,0.24630379217018042,False,P1,0.6935090273618698,0.3064909726381302,1.4320987654320987,3.3142857142857145,-0.24630379217018042,721.3561992376659,Hard
2025-02-10,43206,Alejandro Davidovich Fokina,Matteo Arnaldi,P1,5.356510549193343,True,P1,0.5061370879411697,0.49386291205883026,2.380952380952381,1.7241379310344829,7.397085996505093,728.753285234171,Hard
2025-02-10,43233,Joao Fonseca,Laslo Djere,P2,4.021859355347307,False,P1,0.5073983669281006,0.4926016330718994,1.7533039647577093,2.327485380116959,-4.021859355347307,724.7314258788238,Clay
2025-02-10,43180,Ugo Humbert,Hamad Medjedovic,P2,1.4921372612791461,False,P1,0.6642821431159973,0.3357178568840027,1.4433962264150944,3.2553191489361706,-1.4921372612791461,723.2392886175446,Hard
2025-02-10,43207,Miomir Kecmanovic,Alejandro Davidovich Fokina,P1,0.22102483956721927,True,P1,0.5334811806678772,0.4665188193321228,1.8846153846153846,2.1304347826086953,0.19552197346330935,723.4348105910079,Hard
2025-02-10,43234,Joao Fonseca,Francisco Cerundolo,P2,1.9307881552772486,False,P1,0.3999476432800293,0.6000523567199707,2.3668639053254434,1.7316017316017311,-1.9307881552772486,721.5040224357307,Clay
2025-02-17,43266,Alexander Zverev,Yunchaokete Bu,P2,2.2250837145784796,False,P1,0.881749726831913,0.118250273168087,1.0641579272054287,16.58653846153846,-2.2250837145784796,719.2789387211523,Clay
2025-02-17,43235,Alex de Minaur,Roman Safiullin,P1,0.5393638512105092,True,P1,0.8703639283776283,0.12963607162237167,1.1515561569688768,7.598214285714286,0.08174391249739785,719.3606826336496,Hard
2025-02-17,43236,Matteo Berrettini,Novak Djokovic,P2,14.387213652672992,False,P1,0.1281799152493477,0.8718200847506523,3.953846153846154,1.3385416666666667,-14.387213652672992,704.9734689809766,Hard
2025-02-17,43267,Francisco Cerundolo,Hugo Gaston,P2,3.231287551079872,False,P1,0.7556356117129326,0.2443643882870674,1.2020725388601037,5.94871794871795,-3.231287551079872,701.7421814298967,Clay
2025-02-17,43237,Daniil Medvedev,Karen Khachanov,P2,1.7466553809210248,False,P1,0.5881212651729584,0.4118787348270416,1.615686274509804,2.6242038216560504,-1.7466553809210248,699.9955260489758,Hard
2025-02-17,43238,Andrey Rublev,Alexander Bublik,P2,6.251565896037267,False,P1,0.6349066197872162,0.3650933802127838,1.2937062937062938,4.404761904761904,-6.251565896037267,693.7439601529385,Hard
2025-02-17,43269,Camilo Ugo Carabelli,Pedro Martinez,P2,11.86060554898705,False,P1,0.260958656668663,0.739041343331337,2.5217391304347827,1.6571428571428568,-11.86060554898705,681.8833546039515,Clay
2025-02-17,43239,Hamad Medjedovic,Stefanos Tsitsipas,P1,6.143203409771286,True,P1,0.47283661365509033,0.5271633863449097,2.8013245033112586,1.5551470588235292,11.065902830846293,692.9492574347978,Hard
2025-02-17,43270,Tomas Martin Etcheverry,Corentin Moutet,P2,9.95327120553574,False,P1,0.48832090198993683,0.5116790980100632,1.459546925566343,3.176056338028169,-9.95327120553574,682.995986229262,Clay
2025-02-17,43240,Felix Auger-Aliassime,Quentin Halys,P1,2.8034874247975403,True,P1,0.7841220647096634,0.2158779352903366,1.3075060532687652,4.251968503937007,0.8620893533881059,683.8580755826501,Hard
2025-02-17,43271,Luciano Darderi,Hugo Dellien,P1,12.508378163299554,True,P1,0.677202969789505,0.322797030210495,2.0366492146596857,1.9646464646464645,12.966800399650845,696.824875982301,Clay
2025-02-17,43272,Damir Dzumhur,Dusan Lajovic,P1,2.6834123405731716,True,P1,0.38538287580013275,0.6146171241998672,2.9931506849315066,1.5017182130584192,5.348445144567074,702.1733211268681,Clay
2025-02-17,43241,Zizou Bergs,Roberto Bautista Agut,P1,2.2851105862621783,True,P1,0.5871195495128632,0.41288045048713684,1.7909090909090908,2.264367816091954,1.807314736407359,703.9806358632754,Hard
2025-02-17,43242,Nuno Borges,Otto Virtanen,P1,0.12136784588911456,True,P1,0.6662922352552414,0.3337077647447586,1.5034482758620689,2.986301369863013,0.061102432757968006,704.0417382960334,Hard
2025-02-17,43243,Tallon Griekspoor,Jan-Lennard Struff,P2,2.5422364888133675,False,P1,0.5460261106491089,0.4539738893508911,1.6991525423728815,2.43030303030303,-2.5422364888133675,701.49950180722,Hard
2025-02-17,43274,Alexandre Muller,Joao Fonseca,P1,7.305295033424584,True,P1,0.36028745770454407,0.6397125422954559,5.208333333333334,1.2376237623762376,30.74311659899513,732.2426184062151,Clay
2025-02-17,43244,Luca Nardi,Zhizhen Zhang,P2,14.644852368124303,False,P1,0.2224908098578453,0.7775091901421547,2.4096385542168677,1.7094017094017095,-14.644852368124303,717.5977660380909,Hard
2025-02-17,43275,Mariano Navone,Roberto Carballes Baena,P2,6.948004957391358,False,P1,0.4858032613992691,0.5141967386007309,1.6598360655737707,2.515527950310559,-6.948004957391358,710.6497610806995,Clay
2025-02-17,43276,Chun-Hsin Tseng,Alejandro Tabilo,P1,2.4673501421228488,True,P1,0.3141285479068756,0.6858714520931244,3.803030303030303,1.3567567567567564,6.91605721655647,717.565818297256,Clay
2025-02-17,43245,Botic Van De Zandschulp,Abdullah Shelbayh,P2,3.527816923702698,False,P1,0.7231090068817139,0.27689099311828613,1.246938775510204,5.049586776859504,-3.527816923702698,714.0380013735532,Hard
2025-02-17,43277,Nicolas Jarry,Juan Manuel Cerundolo,P1,1.446629584280498,True,P1,0.6574904769659042,0.34250952303409576,1.5551470588235292,2.8013245033112586,0.8030921589204232,714.8410935324737,Clay
2025-02-17,43246,Carlos Alcaraz,Marin Cilic,P2,1.4147371403234315,False,P1,0.9038269259035587,0.09617307409644127,1.062612883804937,16.971153846153843,-1.4147371403234315,713.4263563921503,Hard
2025-02-17,43247,Jiri Lehecka,Grigor Dimitrov,P2,2.6331917232773074,False,P1,0.5252271592617035,0.4747728407382965,1.763392857142857,2.309941520467836,-2.6331917232773074,710.793164668873,Hard
2025-02-17,43248,Jack Draper,Alexei Popyrin,P1,5.034033734979998,True,P1,0.7197209894657135,0.2802790105342865,1.4848484848484849,3.0625000000000004,2.440743629081211,713.2339082979543,Hard
2025-02-17,43279,Thiago Monteiro,Facundo Diaz Acosta,P2,2.3331568902174653,False,P1,0.44092781841754913,0.5590721815824509,2.119565217391304,1.8932038834951457,-2.3331568902174653,710.9007514077368,Clay
2025-02-17,43280,Jaume Munar,Thiago Seyboth Wild,P2,1.8196087160886778,False,P1,0.530852273106575,0.469147726893425,1.7873303167420815,2.2701149425287355,-1.8196087160886778,709.0811426916482,Clay
2025-02-17,43249,Fabian Marozsan,Aziz Dougaz,P2,2.6439358890832474,False,P1,0.7648377195000648,0.23516228049993515,1.2099644128113878,5.76271186440678,-2.6439358890832474,706.437206802565,Hard
2025-02-17,43250,Christopher O'Connell,Hady Habib,P2,11.512588699737146,False,P1,0.48408928513526917,0.5159107148647308,1.3924418604651165,3.548148148148148,-11.512588699737146,694.9246181028278,Hard
2025-02-17,43281,Alexander Shevchenko,Felipe Meligeni Alves,P1,10.472245914646779,True,P1,0.6212152540683746,0.37878474593162537,2.1843575418994416,1.8443396226415094,12.402883429637528,707.3275015324654,Clay
2025-02-17,43282,Francisco Cerundolo,Luciano Darderi,P1,1.1642057710344813,True,P1,0.7549046725034714,0.24509532749652863,1.3394736842105264,3.945736434108527,0.3952172222722319,707.7227187547376,Clay
2025-02-17,43251,Carlos Alcaraz,Luca Nardi,P2,0.45350611900283044,False,P1,0.9404776152223349,0.05952238477766514,1.0496624879459981,21.135922330097088,-0.45350611900283044,707.2692126357348,Hard
2025-02-17,43252,Alex de Minaur,Botic Van De Zandschulp,P1,7.751965243104064,True,P1,0.8732973299920559,0.1267026700079441,1.193708609271523,6.162393162393162,1.501622406362872,708.7708350420977,Hard
2025-02-17,43283,Alexandre Muller,Tomas Martin Etcheverry,P1,4.246717018998389,True,P1,0.4483165591955185,0.5516834408044815,2.6794871794871793,1.5954198473282442,7.132306788317806,715.9031418304155,Clay
2025-02-17,43253,Daniil Medvedev,Zizou Bergs,P2,0.724852902330975,False,P1,0.7006943672895432,0.29930563271045685,1.3982558139534884,3.5109489051094886,-0.724852902330975,715.1782889280845,Hard
2025-02-17,43254,Andrey Rublev,Nuno Borges,P2,8.111299679593802,False,P1,0.5749578922986984,0.4250421077013016,1.344736842105263,3.9007633587786255,-8.111299679593802,707.0669892484907,Hard
2025-02-17,43285,Camilo Ugo Carabelli,Damir Dzumhur,P2,10.012621365062893,False,P1,0.42653094232082367,0.5734690576791763,1.6804979253112031,2.469512195121951,-10.012621365062893,697.0543678834279,Clay
2025-02-17,43286,Alexander Zverev,Alexander Shevchenko,P2,0.6189396157521523,False,P1,0.8942793756723404,0.1057206243276596,1.0983606557377048,11.166666666666666,-0.6189396157521523,696.4354282676757,Clay
2025-02-17,43255,Jack Draper,Christopher O'Connell,P2,0.6014300055801441,False,P1,0.7744235247373581,0.2255764752626419,1.2689804772234274,4.717741935483872,-0.6014300055801441,695.8339982620955,Hard
2025-02-17,43287,Sebastian Baez,Mariano Navone,P1,1.2574863081280236,True,P1,0.472928985953331,0.527071014046669,2.206703910614525,1.8287037037037037,1.517413645562308,697.3514119076578,Clay
2025-02-17,43256,Felix Auger-Aliassime,Hamad Medjedovic,P2,9.036589127494274,False,P1,0.5783681571483612,0.4216318428516388,1.2808988764044942,4.56,-9.036589127494274,688.3148227801636,Hard
2025-02-17,43257,Matteo Berrettini,Tallon Griekspoor,P2,4.518707478656726,False,P1,0.5764843672513962,0.4235156327486038,1.5068965517241382,2.972789115646259,-4.518707478656726,683.7961153015068,Hard
2025-02-17,43288,Francisco Comesana,Nicolas Jarry,P2,8.958348992752521,False,P1,0.28979288041591644,0.7102071195840836,2.546583850931677,1.6465863453815262,-8.958348992752521,674.8377663087542,Clay
2025-02-17,43289,Chun-Hsin Tseng,Thiago Monteiro,P1,3.0002835907161445,True,P1,0.40747857093811035,0.5925214290618896,2.86,1.5376344086021503,5.580527478732028,680.4182937874863,Clay
2025-02-17,43258,Jiri Lehecka,Fabian Marozsan,P2,0.09808228536241985,False,P1,0.7101316452026367,0.2898683547973633,1.4041297935103245,3.4744525547445253,-0.09808228536241985,680.3202115021238,Hard
2025-02-17,43259,Jiri Lehecka,Carlos Alcaraz,P1,0.7086334805885611,True,P1,0.254581019282341,0.745418980717659,4.188976377952756,1.3135802469135802,2.259815430223364,682.5800269323472,Hard
2025-02-17,43290,Francisco Comesana,Alexander Zverev,P2,7.65023327755855,False,P1,0.11055771633982658,0.8894422836601734,7.017543859649125,1.1661807580174928,-7.65023327755855,674.9297936547887,Clay
2025-02-17,43291,Alexandre Muller,Francisco Cerundolo,P2,2.828092094156372,False,P1,0.3276747912168503,0.6723252087831497,2.796052631578948,1.5567765567765568,-2.828092094156372,672.1017015606324,Clay
2025-02-17,43260,Andrey Rublev,Alex de Minaur,P2,10.896026429917162,False,P1,0.2766769826412201,0.7233230173587799,2.4424242424242424,1.6932773109243697,-10.896026429917162,661.2056751307152,Hard
2025-02-17,43261,Felix Auger-Aliassime,Daniil Medvedev,P1,2.081016499693964,True,P1,0.39354223012924194,0.6064577698707581,2.834437086092715,1.5451263537906137,3.8174938438094568,665.0231689745247,Hard
2025-02-17,43292,Sebastian Baez,Chun-Hsin Tseng,P2,1.916668772723662,False,P1,0.6252398043870926,0.3747601956129074,1.5071942446043167,2.971631205673759,-1.916668772723662,663.1065002018009,Clay
2025-02-17,43262,Jack Draper,Matteo Berrettini,P1,5.272309005276236,True,P1,0.6437947899103165,0.35620521008968353,1.7347826086956524,2.36094674556213,3.874000964746453,666.9805011665474,Hard
2025-02-17,43294,Sebastian Baez,Camilo Ugo Carabelli,P2,1.6480664930336584,False,P1,0.658572643995285,0.34142735600471497,1.4433962264150944,3.2553191489361706,-1.6480664930336584,665.3324346735137,Clay
2025-02-17,43263,Andrey Rublev,Felix Auger-Aliassime,P2,10.308335613455617,False,P1,0.3985499441623688,0.6014500558376312,1.7316017316017311,2.3668639053254434,-10.308335613455617,655.0240990600581,Hard
2025-02-17,43264,Jack Draper,Jiri Lehecka,P2,0.7889938854196523,False,P1,0.5361325442790985,0.4638674557209015,1.8202764976958523,2.2191011235955056,-0.7889938854196523,654.2351051746384,Hard
2025-02-17,43295,Alexandre Muller,Francisco Comesana,P1,1.8443750250824653,True,P1,0.6230156123638153,0.3769843876361847,1.6653061224489796,2.503067484662577,1.2270739962793544,655.4621791709178,Clay
2025-02-17,43265,Andrey Rublev,Jack Draper,P2,11.009840218949241,False,P1,0.3016916513442993,0.6983083486557007,2.201117318435754,1.832558139534884,-11.009840218949241,644.4523389519686,Hard
2025-02-17,43296,Sebastian Baez,Alexandre Muller,P2,1.3535891203435528,False,P1,0.5232113301753998,0.4767886698246002,1.8309859154929575,2.2033898305084745,-1.3535891203435528,643.098749831625,Clay
2025-02-24,43297,Daniil Medvedev,Jan-Lennard Struff,P2,2.068280399641539,False,P1,0.7557396590709686,0.24426034092903137,1.2380952380952381,5.200000000000001,-2.068280399641539,641.0304694319834,Hard
2025-02-24,43329,Alexander Zverev,Matteo Arnaldi,P1,8.049790118052664,True,P1,0.8030916452407837,0.1969083547592163,1.3567567567567564,3.803030303030303,2.8718170150890563,643.9022864470725,Hard
2025-02-24,43298,Marin Cilic,Alex de Minaur,P1,2.910149864673965,True,P1,0.21528267115354538,0.7847173288464546,7.283185840707964,1.1591549295774648,18.285012424057655,662.1872988711301,Hard
2025-02-24,43330,Holger Rune,Roberto Carballes Baena,P1,2.510469609421066,True,P1,0.7274864315986633,0.27251356840133667,1.418181818181818,3.391304347826087,1.0498327457579,663.2371316168881,Hard
2025-02-24,43331,Frances Tiafoe,Alexandre Muller,P2,9.49812174149103,False,P1,0.518439844250679,0.481560155749321,1.3764044943820226,3.656716417910447,-9.49812174149103,653.7390098753971,Hard
2025-02-24,43299,Quentin Halys,Andrey Rublev,P2,4.462444923410238,False,P1,0.21712245792150497,0.782877542078495,3.976923076923077,1.3359173126614987,-4.462444923410238,649.2765649519869,Hard
2025-02-24,43300,Ugo Humbert,Jiri Lehecka,P2,1.6284574622533605,False,P1,0.5090156346559525,0.49098436534404755,1.8660287081339713,2.154696132596685,-1.6284574622533605,647.6481074897335,Hard
2025-02-24,43333,Alejandro Davidovich Fokina,Mattia Bellucci,P1,3.76983172449839,True,P1,0.6496132612228394,0.35038673877716064,1.6571428571428568,2.5217391304347827,2.477317990384655,650.1254254801182,Hard
2025-02-24,43301,Christopher O'Connell,Grigor Dimitrov,P2,7.243325929278902,False,P1,0.2652844786643982,0.7347155213356018,2.929577464788733,1.5182481751824817,-7.243325929278902,642.8820995508394,Hard
2025-02-24,43334,Alex Michelsen,Yunchaokete Bu,P2,1.74001530143745,False,P1,0.6341616958379745,0.36583830416202545,1.4915254237288134,3.03448275862069,-1.74001530143745,641.1420842494019,Hard
2025-02-24,43302,Nuno Borges,Arthur Fils,P1,2.25834131377517,True,P1,0.4608595222234726,0.5391404777765274,2.380952380952381,1.7241379310344829,3.118661814260949,644.2607460636629,Hard
2025-02-24,43303,Felix Auger-Aliassime,Alexander Bublik,P1,5.727792579768789,True,P1,0.7972035557031631,0.20279644429683685,1.3274111675126905,4.054263565891473,1.8753432558126248,646.1360893194754,Hard
2025-02-24,43335,Brandon Nakashima,Benjamin Bonzi,P2,4.027169504280921,False,P1,0.5754590034484863,0.42454099655151367,1.5211267605633803,2.918918918918919,-4.027169504280921,642.1089198151946,Hard
2025-02-24,43336,Rodrigo Pacheco Mendez,Aleksandar Vukic,P1,2.4634187217575265,True,P1,0.2867148220539093,0.7132851779460907,4.396825396825396,1.294392523364486,8.367803277081121,650.4767230922756,Hard
2025-02-24,43304,Matteo Berrettini,Gael Monfils,P2,9.02452037938037,False,P1,0.45869189500808716,0.5413081049919128,1.5751879699248121,2.738562091503268,-9.02452037938037,641.4522027128952,Hard
2025-02-24,43337,Casper Ruud,Arthur Rinderknech,P2,1.9024512968381697,False,P1,0.7484496161341667,0.2515503838658333,1.2568421052631578,4.89344262295082,-1.9024512968381697,639.549751416057,Hard
2025-02-24,43305,Tallon Griekspoor,Roman Safiullin,P1,5.621664840633684,True,P1,0.6226811408996582,0.3773188591003418,1.8443396226415094,2.1843575418994416,4.746594370157687,644.2963457862147,Hard
2025-02-24,43338,Tommy Paul,Gabriel Diallo,P1,10.531995114507716,True,P1,0.8106991052627563,0.18930089473724365,1.391304347826087,3.555555555555555,4.121215479589975,648.4175612658047,Hard
2025-02-24,43339,Ben Shelton,Flavio Cobolli,P2,0.8142880652145731,False,P1,0.7219931781291962,0.27800682187080383,1.3502673796791445,3.854961832061069,-0.8142880652145731,647.6032732005901,Hard
2025-02-24,43307,Luca Nardi,Marton Fucsovics,P2,3.643928128706612,False,P1,0.31664377450942993,0.6833562254905701,2.802721088435374,1.5547169811320756,-3.643928128706612,643.9593450718835,Hard
2025-02-24,43308,Stefanos Tsitsipas,Lorenzo Sonego,P2,3.3128502635637673,False,P1,0.5628502368927002,0.4371497631072998,1.5938697318007664,2.6838709677419352,-3.3128502635637673,640.6464948083197,Hard
2025-02-24,43340,Tomas Machac,Jakub Mensik,P1,7.334779250149152,True,P1,0.6642649471759796,0.3357350528240204,1.7713004484304933,2.296511627906977,5.657318524778718,646.3038133330984,Hard
2025-02-24,43341,Daniel Altmaier,Miomir Kecmanovic,P2,7.605560867539576,False,P1,0.2808123379945755,0.7191876620054245,2.722972972972973,1.5803921568627455,-7.605560867539576,638.6982524655589,Hard
2025-02-24,43309,Roberto Bautista Agut,Fabian Marozsan,P1,2.9065624641792374,True,P1,0.4577590674161911,0.5422409325838089,2.478527607361963,1.6763485477178421,4.297432845811019,642.9956853113699,Hard
2025-02-24,43310,Zizou Bergs,Aziz Dougaz,P2,1.285770161655321,False,P1,0.7979277968406677,0.20207220315933228,1.203125,5.923076923076924,-1.285770161655321,641.7099151497146,Hard
2025-02-24,43342,Marcos Giron,Adam Walton,P1,12.206985122539514,True,P1,0.7813359349966049,0.21866406500339508,1.5454545454545454,2.833333333333333,6.658355521385189,648.3682706710997,Hard
2025-02-24,43343,David Goffin,Rinky Hijikata,P2,2.6479621064090604,False,P1,0.5184434950351715,0.4815565049648285,1.7713004484304933,2.296511627906977,-2.6479621064090604,645.7203085646906,Hard
2025-02-24,43311,Karen Khachanov,Daniel Evans,P2,0.4381543678578751,False,P1,0.7878409624099731,0.21215903759002686,1.2520661157024793,4.967213114754099,-0.4381543678578751,645.2821541968327,Hard
2025-02-24,43312,Giovanni Mpetshi Perricard,Zhizhen Zhang,P1,5.820703435994419,True,P1,0.6226942241191864,0.3773057758808136,1.8530805687203793,2.1722222222222225,4.965528997530785,650.2476831943635,Hard
2025-02-24,43344,Learner Tien,Cameron Norrie,P2,2.008573951135662,False,P1,0.4343172609806061,0.5656827390193939,2.160220994475138,1.8619047619047617,-2.008573951135662,648.2391092432279,Hard
2025-02-24,43345,Learner Tien,Alexander Zverev,P2,12.964782184864557,False,P1,0.11791973561048508,0.8820802643895149,4.147286821705426,1.3177339901477834,-12.964782184864557,635.2743270583633,Hard
2025-02-24,43313,Alexei Popyrin,Hady Habib,P2,3.2965857851765423,False,P1,0.5918001681566238,0.40819983184337616,1.5143884892086328,2.9440559440559437,-3.2965857851765423,631.9777412731868,Hard
2025-02-24,43314,Daniil Medvedev,Giovanni Mpetshi Perricard,P2,1.0340043338451717,False,P1,0.6592134088277817,0.3407865911722183,1.4673202614379082,3.13986013986014,-1.0340043338451717,630.9437369393416,Hard
2025-02-24,43346,Rodrigo Pacheco Mendez,Casper Ruud,P1,2.1808739319756274,True,P1,0.13130693137645721,0.8686930686235428,14.971428571428572,1.0715746421267893,30.46992436388805,661.4136613032297,Hard
2025-02-24,43347,Marcos Giron,Tommy Paul,P1,2.7012364812938188,True,P1,0.35188978910446167,0.6481102108955383,3.3985507246376816,1.4169184290030208,6.47905271962503,667.8927140228546,Hard
2025-02-24,43315,Stefanos Tsitsipas,Karen Khachanov,P2,2.4444230486287135,False,P1,0.4882895052433014,0.5117104947566986,1.898058252427185,2.1135135135135137,-2.4444230486287135,665.448290974226,Hard
2025-02-24,43316,Tallon Griekspoor,Ugo Humbert,P1,1.3948801413520893,True,P1,0.2823670506477356,0.7176329493522644,3.984615384615384,1.3350515463917525,4.163180729573927,669.6114717037999,Hard
2025-02-24,43348,Brandon Nakashima,Holger Rune,P2,5.409690986281846,False,P1,0.36324623227119446,0.6367537677288055,2.308139534883721,1.7644444444444443,-5.409690986281846,664.2017807175181,Hard
2025-02-24,43349,David Goffin,Ben Shelton,P2,1.843973313423925,False,P1,0.2618155926465988,0.7381844073534012,3.6074074074074076,1.3835227272727273,-1.843973313423925,662.3578074040942,Hard
2025-02-24,43317,Felix Auger-Aliassime,Nuno Borges,P1,1.0555069860886785,True,P1,0.6576406359672546,0.34235936403274536,1.5471014492753625,2.827814569536424,0.577469401809386,662.9352768059035,Hard
2025-02-24,43350,Alejandro Davidovich Fokina,Frances Tiafoe,P2,2.339358410243186,False,P1,0.4872940331697464,0.5127059668302536,1.9073170731707316,2.102150537634408,-2.339358410243186,660.5959183956603,Hard
2025-02-24,43318,Matteo Berrettini,Christopher O'Connell,P2,0.9812961969607052,False,P1,0.7281835228204727,0.2718164771795273,1.3324808184143224,4.007692307692307,-0.9812961969607052,659.6146221986996,Hard
2025-02-24,43319,Marin Cilic,Alexei Popyrin,P1,5.9581116933589335,True,P1,0.5356353223323822,0.4643646776676178,2.308139534883721,1.7644444444444443,7.794041459335815,667.4086636580355,Hard
2025-02-24,43351,Tomas Machac,Daniel Altmaier,P2,0.5673381307720182,False,P1,0.7395895570516586,0.26041044294834137,1.3291139240506329,4.038461538461539,-0.5673381307720182,666.8413255272635,Hard
2025-02-24,43352,Denis Shapovalov,Alex Michelsen,P2,1.250267545189529,False,P1,0.5803319662809372,0.4196680337190628,1.6585365853658534,2.518518518518518,-1.250267545189529,665.591057982074,Hard
2025-02-24,43320,Quentin Halys,Roberto Bautista Agut,P2,2.9243883919328892,False,P1,0.4746781140565872,0.5253218859434128,1.9215686274509802,2.0851063829787235,-2.9243883919328892,662.666669590141,Hard
2025-02-24,43321,Luca Nardi,Zizou Bergs,P2,9.359015081641775,False,P1,0.26543648540973663,0.7345635145902634,2.703225806451613,1.5871212121212122,-9.359015081641775,653.3076545084992,Hard
2025-02-24,43353,Tomas Machac,Learner Tien,P1,8.219651461352965,True,P1,0.7186857163906097,0.28131428360939026,1.6023166023166024,2.66025641025641,4.950832540428814,658.258487048928,Hard
2025-02-24,43322,Tallon Griekspoor,Daniil Medvedev,P1,2.95162700642971,True,P1,0.31725990772247314,0.6827400922775269,3.999999999999999,1.3333333333333333,8.854881019289127,667.1133680682171,Hard
2025-02-24,43354,Denis Shapovalov,Marcos Giron,P2,2.691745167011537,False,P1,0.5875725597143173,0.4124274402856827,1.5645756457564575,2.7712418300653594,-2.691745167011537,664.4216229012056,Hard
2025-02-24,43355,Alejandro Davidovich Fokina,Rodrigo Pacheco Mendez,P2,6.034318439606417,False,P1,0.7125202119350433,0.28747978806495667,1.1485411140583555,7.732142857142855,-6.034318439606417,658.3873044615992,Hard
2025-02-24,43323,Stefanos Tsitsipas,Matteo Berrettini,P1,4.552757788311263,True,P1,0.4716585725545883,0.5283414274454117,2.5849056603773586,1.6309523809523812,7.215691589021625,665.6029960506208,Hard
2025-02-24,43324,Felix Auger-Aliassime,Marin Cilic,P2,0.4561591380534928,False,P1,0.6627355813980103,0.33726441860198975,1.488215488215488,3.048275862068966,-0.4561591380534928,665.1468369125673,Hard
2025-02-24,43356,Brandon Nakashima,David Goffin,P1,4.36748324703002,True,P1,0.6580516993999481,0.3419483006000519,1.6491935483870968,2.540372670807453,2.835341946660618,667.9821788592279,Hard
2025-02-24,43325,Quentin Halys,Luca Nardi,P1,3.3783572412291196,True,P1,0.5712123960256577,0.42878760397434235,1.9121951219512194,2.096256684491978,3.0817209956577822,671.0638998548857,Hard
2025-02-24,43357,Tomas Machac,Brandon Nakashima,P2,0.23172013777088238,False,P1,0.6248414069414139,0.3751585930585861,1.5893536121673004,2.6967741935483867,-0.23172013777088238,670.8321797171147,Hard
2025-02-24,43358,Alejandro Davidovich Fokina,Denis Shapovalov,P2,4.761890024433694,False,P1,0.341525599360466,0.658474400639534,2.5123456790123457,1.6612244897959183,-4.761890024433694,666.0702896926811,Hard
2025-02-24,43326,Stefanos Tsitsipas,Tallon Griekspoor,P1,0.39591054798856007,True,P1,0.5895156413316727,0.41048435866832733,1.7106382978723402,2.407185628742515,0.2813491979322958,666.3516388906133,Hard
2025-02-24,43359,Tomas Machac,Alejandro Davidovich Fokina,P1,8.439368355728833,True,P1,0.670019268989563,0.329980731010437,1.7918552036199096,2.262857142857143,6.6827577477490765,673.0343966383624,Hard
2025-02-24,43327,Felix Auger-Aliassime,Quentin Halys,P2,1.2323475422520618,False,P1,0.7337470352649689,0.26625296473503113,1.3129584352078238,4.1953125,-1.2323475422520618,671.8020490961103,Hard
2025-02-24,43328,Stefanos Tsitsipas,Felix Auger-Aliassime,P2,2.710499474617319,False,P1,0.5210175961256027,0.4789824038743973,1.7644444444444443,2.308139534883721,-2.710499474617319,669.091549621493,Hard
2025-03-03,43387,Matteo Arnaldi,Aleksandar Kovacevic,P2,2.5705109950437515,False,P1,0.644813135266304,0.355186864733696,1.4316770186335404,3.3165467625899288,-2.5705109950437515,666.5210386264492,Hard
2025-03-03,43388,Nuno Borges,Arthur Rinderknech,P2,1.325424883001814,False,P1,0.6803321540355682,0.31966784596443176,1.4114114114114114,3.430656934306569,-1.325424883001814,665.1956137434474,Hard
2025-03-03,43389,Jenson Brooksby,Benjamin Bonzi,P1,1.5328351660536588,True,P1,0.5414350181818008,0.45856498181819916,1.9257425742574261,2.0802139037433154,1.4190107725348233,666.6146245159823,Hard
2025-03-03,43390,Joao Fonseca,Jacob Fearnley,P2,5.502862053600671,False,P1,0.6144873201847076,0.38551267981529236,1.3586956521739129,3.7878787878787876,-5.502862053600671,661.1117624623816,Hard
2025-03-03,43391,Hugo Gaston,Luciano Darderi,P2,3.692806200839205,False,P1,0.5527584403753281,0.44724155962467194,1.6070038910505835,2.647435897435897,-3.692806200839205,657.4189562615425,Hard
2025-03-03,43393,David Goffin,Lorenzo Sonego,P2,2.36142385903911,False,P1,0.4296600967645645,0.5703399032354355,2.160220994475138,1.8619047619047617,-2.36142385903911,655.0575324025034,Hard
2025-03-03,43394,Quentin Halys,Pablo Carreno Busta,P1,5.984036742920647,True,P1,0.5004294812679291,0.4995705187320709,2.5723270440251573,1.6360000000000001,9.408862803334351,664.4663952058378,Hard
2025-03-03,43395,Rinky Hijikata,Alexander Shevchenko,P2,0.16947937159263987,False,P1,0.4271030128002167,0.5728969871997833,2.329411764705882,1.752212389380531,-0.16947937159263987,664.2969158342452,Hard
2025-03-03,43396,Dusan Lajovic,Li Tu,P1,10.55805880386733,True,P1,0.6659680902957916,0.3340319097042084,1.9595959595959598,2.0421052631578944,10.131470569367643,674.4283864036128,Hard
2025-03-03,43397,Mackenzie McDonald,Alejandro Davidovich Fokina,P2,6.396161790145687,False,P1,0.28209859132766724,0.7179014086723328,2.87248322147651,1.5340501792114694,-6.396161790145687,668.0322246134671,Hard
2025-03-03,43398,Jakub Mensik,Tomas Martin Etcheverry,P2,6.191186197908096,False,P1,0.5042093247175217,0.49579067528247833,1.615686274509804,2.6242038216560504,-6.191186197908096,661.841038415559,Hard
2025-03-03,43399,Gael Monfils,Jan-Lennard Struff,P1,10.491915695965561,True,P1,0.7391173541545868,0.2608826458454132,1.6181102362204727,2.6178343949044587,6.485160489238558,668.3261989047975,Hard
2025-03-03,43400,Mariano Navone,Learner Tien,P1,6.4119248265987,True,P1,0.42277149856090546,0.5772285014390945,3.4999999999999996,1.4,16.029812066496746,684.3560109712943,Hard
2025-03-03,43401,Botic Van De Zandschulp,Nick Kyrgios,P2,13.687120219425886,False,P1,0.2285204902291298,0.7714795097708702,1.4220183486238531,3.369565217391305,-13.687120219425886,670.6688907518684,Hard
2025-03-03,43402,Adam Walton,Giulio Zeppieri,P1,4.445406483742614,True,P1,0.6222820580005646,0.3777179419994354,1.7713004484304933,2.296511627906977,3.4287440143665004,674.0976347662349,Hard
2025-03-03,43403,Zizou Bergs,Ethan Quinn,P1,11.08116792275016,True,P1,0.7315081655979156,0.26849183440208435,1.6666666666666667,2.5,7.387445281833441,681.4850800480684,Hard
2025-03-03,43405,Yunchaokete Bu,Nishesh Basavareddy,P1,9.87884452862866,True,P1,0.5428029596805573,0.45719704031944275,2.8079470198675502,1.5531135531135531,17.86042752526904,699.3455075733375,Hard
2025-03-03,43406,Gabriel Diallo,Zhizhen Zhang,P2,0.39132539768650276,False,P1,0.4944044053554535,0.5055955946445465,2.0,2.0,-0.39132539768650276,698.954182175651,Hard
2025-03-03,43407,Damir Dzumhur,Roberto Bautista Agut,P2,1.5140803991634457,False,P1,0.4165778309106827,0.5834221690893173,2.296511627906977,1.7713004484304933,-1.5140803991634457,697.4401017764876,Hard
2025-03-03,43408,Marcos Giron,Nikoloz Basilashvili,P1,6.914010600938634,True,P1,0.7543928921222687,0.24560710787773132,1.4416403785488958,3.2642857142857147,3.053506259089617,700.4936080355773,Hard
2025-03-03,43409,Tallon Griekspoor,Miomir Kecmanovic,P1,3.4997866744620714,True,P1,0.5222670584917068,0.47773294150829315,2.1311475409836067,1.8840579710144931,3.9587750907849664,704.4523831263622,Hard
2025-03-03,43410,Fabian Marozsan,Pedro Martinez,P2,3.731263253128678,False,P1,0.5668123513460159,0.43318764865398407,1.5773584905660376,2.7320261437908493,-3.731263253128678,700.7211198732335,Hard
2025-03-03,43411,Corentin Moutet,Jordan Thompson,P2,11.263053713721064,False,P1,0.3506027162075043,0.6493972837924957,1.935323383084577,2.0691489361702122,-11.263053713721064,689.4580661595124,Hard
2025-03-03,43412,Kei Nishikori,Jaume Munar,P1,2.817389878098297,True,P1,0.5806868672370911,0.41931313276290894,1.84037558685446,2.189944134078212,2.367665672204672,691.8257318317171,Hard
2025-03-03,43413,Cameron Norrie,Luca Nardi,P2,1.9310898285404867,False,P1,0.5803216397762299,0.41967836022377014,1.626984126984127,2.5949367088607596,-1.9310898285404867,689.8946420031766,Hard
2025-03-03,43414,Christopher O'Connell,Roberto Carballes Baena,P1,2.9314265237060235,True,P1,0.5729915350675583,0.4270084649324417,1.875,2.142857142857143,2.5649982082427707,692.4596402114194,Hard
2025-03-03,43415,Roman Safiullin,Reilly Opelka,P2,6.580564268866909,False,P1,0.38727042078971863,0.6127295792102814,2.0913978494623655,1.9162561576354682,-6.580564268866909,685.8790759425524,Hard
2025-03-03,43416,Thiago Seyboth Wild,Alexandre Muller,P2,4.184022887702697,False,P1,0.35424068570137024,0.6457593142986298,2.478527607361963,1.6763485477178421,-4.184022887702697,681.6950530548497,Hard
2025-03-03,43418,Yosuke Watanuki,Alexander Bublik,P1,3.012749962415869,True,P1,0.47875194251537323,0.5212480574846268,2.335294117647059,1.7488986784140967,4.022907302755308,685.7179603576051,Hard
2025-03-03,43419,Carlos Alcaraz,Quentin Halys,P2,0.7572698372360126,False,P1,0.8931870087981224,0.1068129912018776,1.0948581560283688,11.542056074766354,-0.7572698372360126,684.9606905203691,Hard
2025-03-03,43421,Botic Van De Zandschulp,Novak Djokovic,P2,3.898013730833033,False,P1,0.10797617584466934,0.8920238241553307,8.207207207207206,1.13875,-3.898013730833033,681.0626767895361,Hard
2025-03-03,43422,Matteo Arnaldi,Andrey Rublev,P1,1.9005821441595736,True,P1,0.3741507828235626,0.6258492171764374,2.965986394557823,1.5086505190311417,3.7365186371572565,684.7991954266934,Hard
2025-03-03,43423,Alex de Minaur,David Goffin,P2,1.5315287542710143,False,P1,0.7923455387353897,0.2076544612646103,1.2056239015817225,5.863247863247865,-1.5315287542710143,683.2676666724224,Hard
2025-03-03,43424,Ben Shelton,Mariano Navone,P2,0.055621847170661175,False,P1,0.7511742413043976,0.24882575869560242,1.3290816326530615,4.038759689922481,-0.055621847170661175,683.2120448252517,Hard
2025-03-03,43425,Jack Draper,Joao Fonseca,P1,13.664240896505035,True,P1,0.7829219028353691,0.2170780971646309,1.6451612903225807,2.55,8.815639288067766,692.0276841133195,Hard
2025-03-03,43426,Grigor Dimitrov,Nuno Borges,P1,13.84055368226639,True,P1,0.6580075174570084,0.34199248254299164,2.329411764705882,1.752212389380531,18.399794895248256,710.4274790085678,Hard
2025-03-03,43427,Jenson Brooksby,Felix Auger-Aliassime,P1,4.667508660812852,True,P1,0.3519429713487625,0.6480570286512375,3.938461538461538,1.3403141361256545,13.715294680234686,724.1427736888025,Hard
2025-03-03,43428,Hubert Hurkacz,Hugo Gaston,P1,9.893228798740765,True,P1,0.8347079530358315,0.16529204696416855,1.294392523364486,4.396825396825396,2.912492590283496,727.055266279086,Hard
2025-03-03,43429,Karen Khachanov,Jakub Mensik,P1,1.4661061490944125,True,P1,0.5653402954339981,0.4346597045660019,1.8279069767441858,2.207865168539326,1.2137995094828156,728.2690657885688,Hard
2025-03-03,43430,Gael Monfils,Sebastian Korda,P1,2.456309650045804,True,P1,0.5834321677684784,0.4165678322315216,1.8073394495412844,2.2386363636363638,1.9830756807709244,730.2521414693398,Hard
2025-03-03,43431,Francisco Cerundolo,Mackenzie McDonald,P1,7.813485100439286,True,P1,0.6430891901254654,0.3569108098745346,1.8317757009345794,2.202247191011236,6.49906704615978,736.7512085154996,Hard
2025-03-03,43432,Denis Shapovalov,Adam Walton,P1,9.201852970843266,True,P1,0.809145599603653,0.19085440039634705,1.341207349081365,3.930769230769231,3.1397398588179133,739.8909483743175,Hard
2025-03-03,43433,Alejandro Tabilo,Dusan Lajovic,P2,3.813462516406703,False,P1,0.4174913614988327,0.5825086385011673,2.1483516483516483,1.8708133971291872,-3.813462516406703,736.0774858579108,Hard
2025-03-03,43434,Brandon Nakashima,Rinky Hijikata,P2,5.350876764057932,False,P1,0.6573931127786636,0.34260688722133636,1.2999999999999998,4.333333333333333,-5.350876764057932,730.7266090938529,Hard
2025-03-03,43435,Tallon Griekspoor,Alexander Zverev,P1,0.030120335293228884,True,P1,0.2589940279722214,0.7410059720277786,3.870229007633588,1.3484042553191489,0.08645226007827528,730.8130613539312,Hard
2025-03-03,43436,Marcos Giron,Casper Ruud,P1,1.4512758411643834,True,P1,0.4205187261104584,0.5794812738895416,2.5217391304347827,1.6571428571428568,2.2084632365544965,733.0215245904857,Hard
2025-03-03,43437,Daniil Medvedev,Yunchaokete Bu,P2,1.7841202367957858,False,P1,0.7436386197805405,0.25636138021945953,1.2792792792792793,4.580645161290324,-1.7841202367957858,731.23740435369,Hard
2025-03-03,43438,Stefanos Tsitsipas,Thiago Seyboth Wild,P1,4.158884980787955,True,P1,0.7954805940389633,0.20451940596103668,1.2999999999999998,4.333333333333333,1.2476654942363858,732.4850698479263,Hard
2025-03-03,43440,Holger Rune,Corentin Moutet,P2,2.120794252201863,False,P1,0.6496473997831345,0.35035260021686554,1.45016077170418,3.2214285714285715,-2.120794252201863,730.3642755957244,Hard
2025-03-03,43441,Lorenzo Musetti,Roman Safiullin,P1,4.339815925528885,True,P1,0.5774949640035629,0.4225050359964371,1.9211822660098525,2.085561497326203,3.997761468344344,734.3620370640688,Hard
2025-03-03,43442,Frances Tiafoe,Damir Dzumhur,P2,6.115226401195668,False,P1,0.6378008425235748,0.36219915747642517,1.3067632850241546,4.259842519685039,-6.115226401195668,728.2468106628731,Hard
2025-03-03,43443,Ugo Humbert,Kei Nishikori,P1,3.090741247807887,True,P1,0.7258589565753937,0.2741410434246063,1.4276923076923078,3.3381294964028783,1.3218862567547582,729.5686969196279,Hard
2025-03-03,43444,Yosuke Watanuki,Tomas Machac,P2,0.6577280997409805,False,P1,0.22414518892765045,0.7758548110723495,4.3809523809523805,1.295774647887324,-0.6577280997409805,728.9109688198869,Hard
2025-03-03,43445,Arthur Fils,Gabriel Diallo,P1,1.4650177493383545,True,P1,0.5972687751054764,0.4027312248945236,1.722943722943723,2.3832335329341316,1.059125385885304,729.9700942057722,Hard
2025-03-03,43446,Cameron Norrie,Jiri Lehecka,P2,10.699565856304313,False,P1,0.28589682281017303,0.714103177189827,2.4723926380368098,1.6791666666666667,-10.699565856304313,719.2705283494679,Hard
2025-03-03,43447,Alexei Popyrin,Zizou Bergs,P2,7.059397374172673,False,P1,0.40701858699321747,0.5929814130067825,1.9746192893401011,2.0260416666666665,-7.059397374172673,712.2111309752952,Hard
2025-03-03,43448,Matteo Berrettini,Christopher O'Connell,P2,2.923930736465004,False,P1,0.7268582135438919,0.2731417864561081,1.262820512820513,4.8048780487804885,-2.923930736465004,709.2872002388302,Hard
2025-03-03,43449,Giovanni Mpetshi Perricard,Fabian Marozsan,P1,4.925623453519659,True,P1,0.5299039036035538,0.47009609639644623,2.202247191011236,1.8317757009345794,5.921816960973073,715.2090171998033,Hard
2025-03-03,43451,Carlos Alcaraz,Denis Shapovalov,P2,4.911702465157908,False,P1,0.7138301581144333,0.2861698418855667,1.2084805653710247,5.796610169491526,-4.911702465157908,710.2973147346454,Hard
2025-03-03,43452,Taylor Fritz,Alejandro Tabilo,P2,0.04972394021358237,False,P1,0.8494583666324615,0.15054163336753845,1.1755725190839694,6.695652173913044,-0.04972394021358237,710.2475907944319,Hard
2025-03-03,43453,Alex de Minaur,Hubert Hurkacz,P2,0.3894035638810988,False,P1,0.6312987506389618,0.3687012493610382,1.5666666666666667,2.7647058823529416,-0.3894035638810988,709.8581872305508,Hard
2025-03-03,43454,Ben Shelton,Karen Khachanov,P2,0.4305485591519416,False,P1,0.5612894594669342,0.4387105405330658,1.7599999999999998,2.3157894736842106,-0.4305485591519416,709.4276386713989,Hard
2025-03-03,43455,Jack Draper,Jenson Brooksby,P1,3.989098634526647,True,P1,0.8143410459160805,0.18565895408391953,1.2645161290322582,4.7804878048780495,1.0551809291328555,710.4828196005317,Hard
2025-03-03,43456,Grigor Dimitrov,Gael Monfils,P1,1.6567269017693058,True,P1,0.511095717549324,0.48890428245067596,2.052631578947368,1.9499999999999997,1.7439230544940056,712.2267426550256,Hard
2025-03-03,43457,Francisco Cerundolo,Botic Van De Zandschulp,P1,2.2696068721729357,True,P1,0.6081287264823914,0.39187127351760864,1.7198275862068966,2.389221556886228,1.6337256364348287,713.8604682914605,Hard
2025-03-03,43458,Brandon Nakashima,Matteo Arnaldi,P1,2.8234909038910967,True,P1,0.531309112906456,0.468690887093544,2.036458333333334,1.964824120603015,2.9264306764287946,716.7868989678893,Hard
2025-03-03,43459,Daniil Medvedev,Alex Michelsen,P2,0.4130069478203779,False,P1,0.719257041811943,0.28074295818805695,1.3743016759776538,3.6716417910447765,-0.4130069478203779,716.373892020069,Hard
2025-03-03,43460,Stefanos Tsitsipas,Matteo Berrettini,P1,3.0976011023793317,True,P1,0.525717243552208,0.47428275644779205,2.079787234042553,1.9261083743842367,3.3447501265053416,719.7186421465743,Hard
2025-03-03,43461,Tommy Paul,Cameron Norrie,P2,0.7185676107515656,False,P1,0.7287909090518951,0.27120909094810486,1.344736842105263,3.9007633587786255,-0.7185676107515656,719.0000745358227,Hard
2025-03-03,43462,Holger Rune,Ugo Humbert,P2,13.87874479770435,False,P1,0.29519517719745636,0.7048048228025436,2.079787234042553,1.9261083743842367,-13.87874479770435,705.1213297381183,Hard
2025-03-03,43463,Arthur Fils,Lorenzo Musetti,P2,1.7578304626341652,False,P1,0.5149619430303574,0.48503805696964264,1.8450704225352113,2.183333333333333,-1.7578304626341652,703.3634992754842,Hard
2025-03-03,43464,Yosuke Watanuki,Frances Tiafoe,P1,2.8626846448258036,True,P1,0.3720189332962036,0.6279810667037964,3.1608391608391604,1.4627831715210353,6.18580108567254,709.5493003611567,Hard
2025-03-03,43465,Marcos Giron,Alexei Popyrin,P1,2.5117099764661166,True,P1,0.5849246978759766,0.41507530212402344,1.8073394495412844,2.2386363636363638,2.027802549807507,711.5771029109642,Hard
2025-03-03,43466,Tallon Griekspoor,Giovanni Mpetshi Perricard,P1,0.036346352150244926,True,P1,0.5671932250261307,0.4328067749738693,1.7644444444444443,2.308139534883721,0.027784766977076113,711.6048876779413,Hard
2025-03-03,43467,Carlos Alcaraz,Grigor Dimitrov,P2,4.082868186649932,False,P1,0.7755721434950829,0.22442785650491714,1.1414141414141414,8.071428571428571,-4.082868186649932,707.5220194912913,Hard
2025-03-03,43468,Jack Draper,Taylor Fritz,P2,4.458960456978951,False,P1,0.4637315273284912,0.5362684726715088,1.8846153846153846,2.1304347826086953,-4.458960456978951,703.0630590343123,Hard
2025-03-03,43469,Francisco Cerundolo,Alex de Minaur,P2,5.204955249164573,False,P1,0.20696723461151123,0.7930327653884888,4.116279069767441,1.3208955223880599,-5.204955249164573,697.8581037851478,Hard
2025-03-03,43470,Ben Shelton,Brandon Nakashima,P2,4.140986334514086,False,P1,0.5449726581573486,0.45502734184265137,1.6171874999999998,2.6202531645569613,-4.140986334514086,693.7171174506337,Hard
2025-03-03,43471,Daniil Medvedev,Tommy Paul,P1,2.115591400337031,True,P1,0.5557127594947815,0.4442872405052185,1.898058252427185,2.1135135135135137,1.899924315836655,695.6170417664704,Hard
2025-03-03,43472,Holger Rune,Stefanos Tsitsipas,P2,2.958091501210606,False,P1,0.36958594620227814,0.6304140537977219,2.475609756097561,1.6776859504132233,-2.958091501210606,692.6589502652598,Hard
2025-03-03,43473,Arthur Fils,Marcos Giron,P2,10.04624850703438,False,P1,0.42804133892059326,0.5719586610794067,1.6585365853658534,2.518518518518518,-10.04624850703438,682.6127017582254,Hard
2025-03-03,43474,Tallon Griekspoor,Yosuke Watanuki,P2,0.20944343548053246,False,P1,0.6692909449338913,0.3307090550661087,1.4849498327759196,3.0620689655172413,-0.20944343548053246,682.4032583227448,Hard
2025-03-03,43475,Carlos Alcaraz,Francisco Cerundolo,P1,1.1079684152451803,True,P1,0.9111454375088215,0.08885456249117851,1.101123595505618,10.888888888888888,0.11204174985625422,682.5153000726011,Hard
2025-03-03,43476,Daniil Medvedev,Arthur Fils,P1,1.778296051447275,True,P1,0.7234486043453217,0.27655139565467834,1.4119402985074627,3.427536231884058,0.7325518062678328,683.2478518788689,Hard
2025-03-03,43477,Jack Draper,Ben Shelton,P2,0.5745292341782692,False,P1,0.6275632381439209,0.3724367618560791,1.5666666666666667,2.7647058823529416,-0.5745292341782692,682.6733226446906,Hard
2025-03-03,43478,Holger Rune,Tallon Griekspoor,P2,6.0791398691814535,False,P1,0.492737278342247,0.507262721657753,1.668032786885246,2.4969325153374236,-6.0791398691814535,676.5941827755092,Hard
2025-03-03,43479,Jack Draper,Carlos Alcaraz,P2,0.649769465496597,False,P1,0.2603701800107956,0.7396298199892044,3.7669172932330826,1.3614130434782608,-0.649769465496597,675.9444133100127,Hard
2025-03-03,43480,Holger Rune,Daniil Medvedev,P2,3.1825158203348454,False,P1,0.33725598454475403,0.662744015455246,2.6858974358974357,1.5931558935361219,-3.1825158203348454,672.7618974896778,Hard
2025-03-03,43481,Jack Draper,Holger Rune,P1,6.1825413195325964,True,P1,0.6946574300527573,0.30534256994724274,1.5977011494252877,2.673076923076923,3.6953120530539683,676.4572095427318,Hard
2025-03-17,43482,Matteo Arnaldi,Yibing Wu,P2,4.885638652918354,False,P1,0.6635521352291107,0.3364478647708893,1.2893518518518519,4.456,-4.885638652918354,671.5715708898134,Hard
2025-03-17,43483,Zizou Bergs,Nuno Borges,P1,2.547744106580072,True,P1,0.5013028979301453,0.49869710206985474,2.1722222222222225,1.8530805687203793,2.986522258268863,674.5580931480823,Hard
2025-03-17,43484,Yunchaokete Bu,Cameron Norrie,P2,1.1131310461035084,False,P1,0.41164344549179077,0.5883565545082092,2.3491124260355027,1.7412280701754383,-1.1131310461035084,673.4449621019788,Hard
2025-03-17,43485,Luciano Darderi,Pedro Martinez,P1,0.7606697975780892,True,P1,0.39000220596790314,0.6099977940320969,2.66025641025641,1.6023166023166024,1.2629069075174684,674.7078690094963,Hard
2025-03-17,43486,Alejandro Davidovich Fokina,Jan-Lennard Struff,P1,8.770921749666003,True,P1,0.6988551765680313,0.3011448234319687,1.686192468619247,2.457317073170732,6.018540447469561,680.7264094569659,Hard
2025-03-17,43487,Gabriel Diallo,Tomas Martin Etcheverry,P2,0.45584529865092444,False,P1,0.4716338813304901,0.5283661186695099,2.0918918918918914,1.9158415841584158,-0.45584529865092444,680.270564158315,Hard
2025-03-17,43488,Jacob Fearnley,Benjamin Bonzi,P2,9.520501481347384,False,P1,0.4733968526124954,0.5266031473875046,1.5211267605633803,2.918918918918919,-9.520501481347384,670.7500626769676,Hard
2025-03-17,43489,Joao Fonseca,Learner Tien,P2,8.871923424683958,False,P1,0.5262096524238586,0.47379034757614136,1.3976608187134503,3.514705882352941,-8.871923424683958,661.8781392522836,Hard
2025-03-17,43490,Hugo Gaston,Yoshihito Nishioka,P2,7.9111984439126966,False,P1,0.315467968583107,0.684532031416893,2.4121212121212126,1.7081545064377686,-7.9111984439126966,653.966940808371,Hard
2025-03-17,43491,Jakub Mensik,Roberto Bautista Agut,P2,2.5287411540337676,False,P1,0.6213863343000412,0.3786136656999588,1.4848484848484849,3.0625000000000004,-2.5287411540337676,651.4381996543372,Hard
2025-03-17,43492,Reilly Opelka,Christopher Eubanks,P1,1.1470157259808533,True,P1,0.6207232922315598,0.37927670776844025,1.6477732793522268,2.54375,0.7430061382871925,652.1812057926244,Hard
2025-03-17,43493,Roman Safiullin,Jenson Brooksby,P2,8.580995997595858,False,P1,0.3845270872116089,0.6154729127883911,1.9162561576354682,2.0913978494623655,-8.580995997595858,643.6002097950285,Hard
2025-03-17,43494,Lorenzo Sonego,Mariano Navone,P2,4.37195198883474,False,P1,0.5500943511724472,0.4499056488275528,1.5708955223880594,2.7516339869281046,-4.37195198883474,639.2282578061937,Hard
2025-03-17,43495,Jordan Thompson,Marcos Giron,P1,3.1976689366043463,True,P1,0.43536652624607086,0.5646334737539291,2.6838709677419352,1.5938697318007664,5.384461886798285,644.612719692992,Hard
2025-03-17,43496,Thiago Agustin Tirante,Flavio Cobolli,P2,1.328890445196385,False,P1,0.3968970328569412,0.6031029671430588,2.41566265060241,1.7063829787234042,-1.328890445196385,643.2838292477956,Hard
2025-03-17,43497,Coleman Wong,Daniel Altmaier,P1,7.415898857276165,True,P1,0.4513303190469742,0.5486696809530258,3.485294117647059,1.4023668639053255,18.430689807053998,661.7145190548496,Hard
2025-03-17,43498,Alexander Bublik,Sebastian Baez,P2,9.800444677524904,False,P1,0.44306160509586334,0.5569383949041367,1.5884615384615381,2.699346405228758,-9.800444677524904,651.9140743773247,Hard
2025-03-17,43499,Roberto Carballes Baena,Christopher O'Connell,P1,0.8761748313269775,True,P1,0.39239341020584106,0.6076065897941589,2.6623376623376624,1.6015625,1.4564984209071834,653.3705727982319,Hard
2025-03-17,43501,David Goffin,Aleksandar Vukic,P2,3.7695103579760896,False,P1,0.524621844291687,0.475378155708313,1.686192468619247,2.457317073170732,-3.7695103579760896,649.6010624402559,Hard
2025-03-17,43502,Quentin Halys,Thiago Seyboth Wild,P2,1.88873499230939,False,P1,0.558565765619278,0.44143423438072205,1.686192468619247,2.457317073170732,-1.88873499230939,647.7123274479464,Hard
2025-03-17,43503,Rinky Hijikata,Hamad Medjedovic,P2,2.0029954313315703,False,P1,0.29265351593494415,0.7073464840650558,3.2056737588652484,1.4533762057877813,-2.0029954313315703,645.7093320166149,Hard
2025-03-17,43504,Miomir Kecmanovic,Aleksandar Kovacevic,P1,2.0406454032726793,True,P1,0.6335281431674957,0.3664718568325043,1.6425702811244978,2.5562500000000004,1.3112580904563396,647.0205901070713,Hard
2025-03-17,43505,Nick Kyrgios,Mackenzie McDonald,P1,12.940411802141426,True,P1,0.7212081700563431,0.2787918299436569,3.069444444444444,1.483221476510067,26.779463312764893,673.8000534198361,Hard
2025-03-17,43506,Gael Monfils,Fabian Marozsan,P1,3.2538185687646153,True,P1,0.698860377073288,0.30113962292671204,1.4999999999999998,2.9999999999999996,1.626909284382307,675.4269627042185,Hard
2025-03-17,43509,Jaume Munar,Arthur Rinderknech,P2,1.5413089343819009,False,P1,0.5592885464429855,0.44071145355701447,1.7063829787234042,2.41566265060241,-1.5413089343819009,673.8856537698366,Hard
2025-03-17,43512,Chun-Hsin Tseng,Mattia Bellucci,P1,0.18939497327233637,True,P1,0.341652512550354,0.658347487449646,2.9591836734693877,1.5104166666666667,0.37105953947233244,674.2567133093089,Hard
2025-03-17,43513,Camilo Ugo Carabelli,Brandon Holt,P1,10.275990144286393,True,P1,0.5933135151863098,0.4066864848136902,2.4096385542168677,1.7094017094017095,14.485431890138653,688.7421451994476,Hard
2025-03-17,43514,Alexander Zverev,Jacob Fearnley,P1,1.5306181306463398,True,P1,0.8341834098100662,0.16581659018993378,1.2099644128113878,5.76271186440678,0.32137533703962273,689.0635205364872,Hard
2025-03-17,43515,Taylor Fritz,Lorenzo Sonego,P2,1.1427164549567768,False,P1,0.8093150705099106,0.19068492949008942,1.1946308724832213,6.137931034482758,-1.1427164549567768,687.9208040815304,Hard
2025-03-17,43516,Jakub Mensik,Jack Draper,P2,12.130555677865116,False,P1,0.16468200832605362,0.8353179916739464,3.930769230769231,1.341207349081365,-12.130555677865116,675.7902484036653,Hard
2025-03-17,43517,Zizou Bergs,Andrey Rublev,P1,5.686654640071584,True,P1,0.3908649981021881,0.6091350018978119,3.7368421052631584,1.3653846153846154,15.563475857038023,691.3537242607033,Hard
2025-03-17,43518,Alex de Minaur,Yunchaokete Bu,P2,2.084393380729264,False,P1,0.7719481065869331,0.22805189341306686,1.2173112338858196,5.601694915254238,-2.084393380729264,689.2693308799741,Hard
2025-03-17,43519,Reilly Opelka,Holger Rune,P1,4.550162813291287,True,P1,0.4220144599676132,0.5779855400323868,2.9931506849315066,1.5017182130584192,9.0691601278614,698.3384910078355,Hard
2025-03-17,43520,Coleman Wong,Ben Shelton,P1,5.65428958336213,True,P1,0.2652967870235443,0.7347032129764557,8.108108108108109,1.140684410646388,40.191301633087576,738.5297926409231,Hard
2025-03-17,43521,Frances Tiafoe,Alejandro Davidovich Fokina,P2,2.5836064776323986,False,P1,0.4188701808452606,0.5811298191547394,2.2203389830508478,1.8194444444444444,-2.5836064776323986,735.9461861632907,Hard
2025-03-17,43522,Arthur Fils,Gabriel Diallo,P1,7.844423165058637,True,P1,0.7044624537229538,0.2955375462770462,1.6015625,2.6623376623376624,4.718910810230586,740.6650969735213,Hard
2025-03-17,43523,Joao Fonseca,Ugo Humbert,P2,14.813301939470426,False,P1,0.24927500635385513,0.7507249936461449,2.3431952662721893,1.7444933920704846,-14.813301939470426,725.8517950340508,Hard
2025-03-17,43524,Tomas Machac,Matteo Arnaldi,P1,5.0966379954162715,True,P1,0.6889182180166245,0.31108178198337555,1.5671641791044775,2.7631578947368425,2.8906305048629592,728.7424255389138,Hard
2025-03-17,43525,Roman Safiullin,Alexei Popyrin,P1,1.5953031842396284,True,P1,0.494920939207077,0.505079060792923,2.119565217391304,1.8932038834951457,1.7860459562682793,730.5284714951821,Hard
2025-03-17,43526,Denis Shapovalov,Thiago Agustin Tirante,P2,0.6937427216564999,False,P1,0.7791810184717178,0.22081898152828217,1.2590233545647558,4.860655737704918,-0.6937427216564999,729.8347287735256,Hard
2025-03-17,43527,Jordan Thompson,Giovanni Mpetshi Perricard,P1,1.4890443819998176,True,P1,0.5241011828184128,0.4758988171815872,1.9846938775510201,2.0155440414507773,1.4662528863569628,731.3009816598826,Hard
2025-03-17,43528,Matteo Berrettini,Hugo Gaston,P2,2.570816439718477,False,P1,0.7884573936462402,0.21154260635375977,1.179127725856698,6.5826086956521745,-2.570816439718477,728.7301652201642,Hard
2025-03-17,43529,Adam Walton,Luciano Darderi,P2,5.8542886898841076,False,P1,0.5139595121145248,0.48604048788547516,1.6330645161290323,2.579617834394904,-5.8542886898841076,722.87587653028,Hard
2025-03-17,43530,David Goffin,Carlos Alcaraz,P1,1.904042154886424,True,P1,0.10516835749149323,0.8948316425085068,18.04807692307692,1.0586576424139875,32.4602571212849,755.336133651565,Hard
2025-03-17,43531,Novak Djokovic,Rinky Hijikata,P1,7.278782114650194,True,P1,0.9010960124433041,0.09890398755669594,1.139622641509434,8.162162162162161,1.0162827858190835,756.352416437384,Hard
2025-03-17,43532,Casper Ruud,Miomir Kecmanovic,P1,0.5966115494609823,True,P1,0.5653427094221115,0.4346572905778885,1.7909090909090908,2.264367816091954,0.4718654982100495,756.8242819355941,Hard
2025-03-17,43533,Jaume Munar,Daniil Medvedev,P1,0.8160716668381274,True,P1,0.19649787992238998,0.80350212007761,5.593220338983051,1.2177121771217714,3.748396978188687,760.5726789137827,Hard
2025-03-17,43534,Stefanos Tsitsipas,Chun-Hsin Tseng,P1,2.547043850810842,True,P1,0.8853094652295113,0.11469053477048874,1.1401515151515151,8.135135135135133,0.3569720548484892,760.9296509686312,Hard
2025-03-17,43535,Tommy Paul,Alexander Bublik,P1,1.4609417102288877,True,P1,0.7838126942515373,0.21618730574846268,1.2900232018561486,4.448,0.42370699252577965,761.353357961157,Hard
2025-03-17,43537,Lorenzo Musetti,Quentin Halys,P2,0.24655028057448972,False,P1,0.607288122177124,0.392711877822876,1.6360000000000001,2.5723270440251573,-0.24655028057448972,761.1068076805825,Hard
2025-03-17,43539,Karen Khachanov,Nick Kyrgios,P2,15.22213615361165,False,P1,0.40186138451099396,0.598138615489006,1.438871473354232,3.278571428571428,-15.22213615361165,745.8846715269708,Hard
2025-03-17,43540,Francisco Cerundolo,Alexandre Muller,P1,4.801948819456049,True,P1,0.6676927208900452,0.33230727910995483,1.616600790513834,2.6217948717948714,2.960885438083572,748.8455569650544,Hard
2025-03-17,43542,Gael Monfils,Jiri Lehecka,P1,5.310566374192044,True,P1,0.5208206921815872,0.4791793078184128,2.264367816091954,1.7909090909090908,6.714509208748561,755.560066173803,Hard
2025-03-17,43543,Alejandro Tabilo,Corentin Moutet,P2,1.8169877687772191,False,P1,0.41449977457523346,0.5855002254247665,2.296511627906977,1.7713004484304933,-1.8169877687772191,753.7430784050257,Hard
2025-03-17,43544,Brandon Nakashima,Roberto Carballes Baena,P2,2.955970946924115,False,P1,0.6768036782741547,0.32319632172584534,1.3616438356164382,3.7651515151515156,-2.955970946924115,750.7871074581016,Hard
2025-03-17,43545,Camilo Ugo Carabelli,Alex Michelsen,P1,6.858562256569707,True,P1,0.3467002958059311,0.6532997041940689,4.983606557377049,1.251028806584362,27.321813579449817,778.1089210375513,Hard
2025-03-17,43546,Alexander Zverev,Jordan Thompson,P2,4.916558068262313,False,P1,0.7172945886850357,0.2827054113149643,1.2179487179487178,5.588235294117647,-4.916558068262313,773.192362969289,Hard
2025-03-17,43547,Taylor Fritz,Denis Shapovalov,P2,1.821615184004385,False,P1,0.6445327699184418,0.3554672300815582,1.4784053156146177,3.0902777777777772,-1.821615184004385,771.3707477852846,Hard
2025-03-17,43548,Alex de Minaur,Joao Fonseca,P1,14.502940712863381,True,P1,0.720398411154747,0.279601588845253,1.8119266055045873,2.2316384180790965,11.775323422829445,783.1460712081141,Hard
2025-03-17,43549,Arthur Fils,Frances Tiafoe,P1,1.883173215202201,True,P1,0.5496089905500412,0.4503910094499588,1.898058252427185,2.1135135135135137,1.6911992466621717,784.8372704547763,Hard
2025-03-17,43550,Tomas Machac,Reilly Opelka,P1,1.3891823042352038,True,P1,0.6502755433320999,0.3497244566679001,1.5687732342007437,2.758169934640523,0.7901297120742983,785.6274001668506,Hard
2025-03-17,43551,Matteo Berrettini,Zizou Bergs,P1,2.2737999460567626,True,P1,0.7093255519866943,0.29067444801330566,1.4462025316455696,3.24113475177305,1.014575292386087,786.6419754592367,Hard
2025-03-17,43552,Jakub Mensik,Roman Safiullin,P1,0.341248083838882,True,P1,0.6365145593881607,0.3634854406118393,1.5789473684210527,2.7272727272727275,0.19756468011724748,786.839540139354,Hard
2025-03-17,43553,Adam Walton,Coleman Wong,P2,15.73679080278708,False,P1,0.3502470552921295,0.6497529447078705,1.5893536121673004,2.6967741935483867,-15.73679080278708,771.102749336567,Hard
2025-03-17,43554,Novak Djokovic,Camilo Ugo Carabelli,P2,0.2944923089505304,False,P1,0.8967551216483116,0.10324487835168839,1.106614017769003,10.37962962962963,-0.2944923089505304,770.8082570276164,Hard
2025-03-17,43555,Casper Ruud,Alejandro Tabilo,P1,2.9460945788750483,True,P1,0.7311159372329712,0.2688840627670288,1.4107142857142858,3.4347826086956528,1.2100031306093952,772.0182601582258,Hard
2025-03-17,43556,Sebastian Korda,Stefanos Tsitsipas,P2,1.0577647754338324,False,P1,0.41092240810394287,0.5890775918960571,2.3668639053254434,1.7316017316017311,-1.0577647754338324,770.9604953827919,Hard
2025-03-17,43557,Francisco Cerundolo,Tommy Paul,P1,1.8725243493552173,True,P1,0.39189670979976654,0.6081032902002335,2.7712418300653594,1.5645756457564575,3.3166934553938816,774.2771888381858,Hard
2025-03-17,43558,Grigor Dimitrov,Karen Khachanov,P1,2.2369129548448976,True,P1,0.5671530514955521,0.43284694850444794,1.8497652582159625,2.1767955801104972,1.900850914680406,776.1780397528662,Hard
2025-03-17,43559,Lorenzo Musetti,Felix Auger-Aliassime,P1,0.43403800296214057,True,P1,0.3937186449766159,0.6062813550233841,2.5849056603773586,1.6309523809523812,0.6879092877135813,776.8659490405798,Hard
2025-03-17,43560,Brandon Nakashima,David Goffin,P2,3.100722444464488,False,P1,0.607821062207222,0.392178937792778,1.5138888888888888,2.9459459459459456,-3.100722444464488,773.7652265961153,Hard
2025-03-17,43561,Gael Monfils,Jaume Munar,P1,7.338003139320588,True,P1,0.7127703577280045,0.28722964227199554,1.5490909090909089,2.821192052980132,4.029230814681484,777.7944574107968,Hard
2025-03-17,43562,Arthur Fils,Alexander Zverev,P2,1.236353279271623,False,P1,0.2462175190448761,0.7537824809551239,3.932330827067668,1.341025641025641,-1.236353279271623,776.5581041315252,Hard
2025-03-17,43563,Taylor Fritz,Adam Walton,P2,0.6454230629771786,False,P1,0.8872644416987896,0.1127355583012104,1.1083249749247743,10.231481481481481,-0.6454230629771786,775.912681068548,Hard
2025-03-17,43564,Novak Djokovic,Lorenzo Musetti,P1,14.482461372196527,True,P1,0.8300048112869263,0.16999518871307373,1.372222222222222,3.686567164179104,5.390693955206482,781.3033750237545,Hard
2025-03-17,43565,Francisco Cerundolo,Casper Ruud,P2,6.105889628545099,False,P1,0.4656369090080261,0.5343630909919739,1.8119266055045873,2.2316384180790965,-6.105889628545099,775.1974853952094,Hard
2025-03-17,43566,Matteo Berrettini,Alex de Minaur,P1,0.6533542172440754,True,P1,0.4193842113018036,0.5806157886981964,2.4424242424242424,1.6932773109243697,0.9424139618429693,776.1398993570523,Hard
2025-03-17,43567,Grigor Dimitrov,Brandon Nakashima,P2,1.402604463502519,False,P1,0.5610510408878326,0.43894895911216736,1.7179487179487178,2.392857142857143,-1.402604463502519,774.7372948935498,Hard
2025-03-17,43568,Jakub Mensik,Tomas Machac,P2,7.528873492819641,False,P1,0.3750040680170059,0.6249959319829941,2.1483516483516483,1.8708133971291872,-7.528873492819641,767.2084214007301,Hard
2025-03-17,43569,Sebastian Korda,Gael Monfils,P2,4.405155712472012,False,P1,0.4930027574300766,0.5069972425699234,1.7954545454545456,2.257142857142857,-4.405155712472012,762.8032656882581,Hard
2025-03-17,43570,Taylor Fritz,Matteo Berrettini,P2,1.0797595191462432,False,P1,0.6410452872514725,0.3589547127485275,1.5157894736842106,2.938775510204082,-1.0797595191462432,761.7235061691118,Hard
2025-03-17,43571,Novak Djokovic,Sebastian Korda,P2,0.8397516035908608,False,P1,0.7563292235136032,0.2436707764863968,1.2930232558139536,4.412698412698413,-0.8397516035908608,760.8837545655209,Hard
2025-03-17,43572,Jakub Mensik,Arthur Fils,P2,3.658573491700497,False,P1,0.44151461124420166,0.5584853887557983,2.0471204188481673,1.9549999999999998,-3.658573491700497,757.2251810738204,Hard
2025-03-17,43573,Grigor Dimitrov,Francisco Cerundolo,P1,3.841844223117568,True,P1,0.5679710209369659,0.43202897906303406,1.9261083743842367,2.079787234042553,3.5579641081088815,760.7831451819293,Hard
2025-03-17,43574,Jakub Mensik,Taylor Fritz,P1,0.8634016194206023,True,P1,0.30339039862155914,0.6966096013784409,3.4817518248175183,1.4029411764705884,2.1427485445474805,762.9258937264767,Hard
2025-03-17,43575,Novak Djokovic,Grigor Dimitrov,P2,1.386189187623763,False,P1,0.7407377809286118,0.25926221907138824,1.3009478672985784,4.322834645669291,-1.386189187623763,761.5397045388529,Hard
2025-03-17,43576,Jakub Mensik,Novak Djokovic,P1,0.04315147971741821,True,P1,0.2334704026579857,0.7665295973420143,4.299212598425197,1.3031026252983295,0.14236590552439551,761.6820704443772,Hard
2025-03-31,43631,Roberto Bautista Agut,Yunchaokete Bu,P2,1.3181648922547111,False,P1,0.5281385034322739,0.47186149656772614,1.8279069767441858,2.207865168539326,-1.3181648922547111,760.3639055521226,Clay
2025-03-31,43577,Ethan Quinn,Jordan Thompson,P2,10.688414673858833,False,P1,0.2857692539691925,0.7142307460308075,2.515527950310559,1.6598360655737707,-10.688414673858833,749.6754908782638,Clay
2025-03-31,43605,Vit Kopriva,Borna Gojo,P2,11.249520742567599,False,P1,0.41045765578746796,0.589542344212532,1.7051282051282053,2.4181818181818184,-11.249520742567599,738.4259701356962,Clay
2025-03-31,43578,Kei Nishikori,Mitchell Krueger,P2,0.6828077917359623,False,P1,0.7558315694332123,0.24416843056678772,1.2985781990521326,4.349206349206349,-0.6828077917359623,737.7431623439602,Clay
2025-03-31,43632,Camilo Ugo Carabelli,Radu Albot,P2,6.848662634192005,False,P1,0.6287901401519775,0.37120985984802246,1.2950819672131146,4.388888888888888,-6.848662634192005,730.8944997097682,Clay
2025-03-31,43633,Francisco Comesana,Martin Klizan,P2,3.06574877529541,False,P1,0.6727968454360962,0.3272031545639038,1.3616438356164382,3.7651515151515156,-3.06574877529541,727.8287509344727,Clay
2025-03-31,43606,Kamil Majchrzak,Jaume Munar,P2,2.8007459928465126,False,P1,0.29528966546058655,0.7047103345394135,3.125874125874126,1.470394736842105,-2.8007459928465126,725.0280049416263,Clay
2025-03-31,43579,Christopher Eubanks,Rinky Hijikata,P1,0.8865662010120496,True,P1,0.5122280269861221,0.48777197301387787,2.0,2.0,0.8865662010120496,725.9145711426384,Clay
2025-03-31,43607,Mattia Bellucci,Pavel Kotov,P1,4.523111870387231,True,P1,0.5308851897716522,0.4691148102283478,2.154696132596685,1.8660287081339713,5.222819784038294,731.1373909266766,Clay
2025-03-31,43580,Adrian Mannarino,Yannick Hanfmann,P2,4.181764101086624,False,P1,0.3043621629476547,0.6956378370523453,2.909722222222222,1.5236363636363635,-4.181764101086624,726.95562682559,Clay
2025-03-31,43634,Gabriel Diallo,Chun-Hsin Tseng,P1,5.588000345921018,True,P1,0.5079373270273209,0.49206267297267914,2.389221556886228,1.7198275862068966,7.762970540441176,734.7185973660312,Clay
2025-03-31,43635,Damir Dzumhur,Valentin Vacherot,P2,1.8335861328389922,False,P1,0.55915367603302,0.44084632396698,1.6991525423728815,2.43030303030303,-1.8335861328389922,732.8850112331922,Clay
2025-03-31,43581,Mackenzie McDonald,Daniel Elahi Galan,P1,9.77322887163347,True,P1,0.5710228085517883,0.42897719144821167,2.4096385542168677,1.7094017094017095,13.776720216639955,746.6617314498322,Clay
2025-03-31,43609,Jesper de Jong,Elliot Benchetrit,P2,14.933234628996646,False,P1,0.5195178389549255,0.48048216104507446,1.1088709677419355,10.185185185185183,-14.933234628996646,731.7284968208356,Clay
2025-03-31,43636,Marton Fucsovics,Luca Nardi,P1,6.877315588649761,True,P1,0.6982748210430145,0.3017251789569855,1.5912698412698414,2.691275167785235,4.06634929646355,735.7948461172991,Clay
2025-03-31,43637,Filip Misolic,Alexander Shevchenko,P2,2.8161527876736865,False,P1,0.4842785745859146,0.5157214254140854,1.9068627450980393,2.1027027027027025,-2.8161527876736865,732.9786933296255,Clay
2025-03-31,43610,Hugo Gaston,Juan Manuel Cerundolo,P1,12.884793591315027,True,P1,0.6591604202985764,0.34083957970142365,2.108108108108108,1.9024390243902443,14.277744249835568,747.256437579461,Clay
2025-03-31,43583,Adam Walton,Michael Mmoh,P1,9.24245989005024,True,P1,0.5677593797445297,0.4322406202554703,2.3491124260355027,1.7412280701754383,12.469117484801505,759.7255550642625,Clay
2025-03-31,43638,Christopher O'Connell,Dusan Lajovic,P1,0.5467263295956857,True,P1,0.41994185745716095,0.580058142542839,2.43030303030303,1.6991525423728815,0.7819843259671625,760.5075393902297,Clay
2025-03-31,43584,Alex Michelsen,Learner Tien,P1,8.188701684717342,True,P1,0.6026314198970795,0.39736858010292053,2.0260416666666665,1.9746192893401011,8.401949124423522,768.9094885146532,Clay
2025-03-31,43611,Pierre-Hugues Herbert,Federico Coria,P1,9.203244399923905,True,P1,0.5324996411800385,0.46750035881996155,2.5949367088607596,1.626984126984127,14.67859233405585,783.5880808487091,Clay
2025-03-31,43639,Stan Wawrinka,Timofey Skatov,P2,2.3031579999066496,False,P1,0.5572367906570435,0.44276320934295654,1.6890756302521008,2.451219512195122,-2.3031579999066496,781.2849228488025,Clay
2025-03-31,43612,Otto Virtanen,Daniel Altmaier,P1,8.913556761022912,True,P1,0.4287896156311035,0.5712103843688965,3.847328244274809,1.351206434316354,25.37982192260722,806.6647447714097,Clay
2025-03-31,43585,Aleksandar Kovacevic,Tomas Martin Etcheverry,P1,6.02390695987933,True,P1,0.38760505616664886,0.6123949438333511,3.5703703703703704,1.3890489913544668,15.483671963541685,822.1484167349514,Clay
2025-03-31,43586,Jenson Brooksby,Taro Daniel,P2,13.297972137832627,False,P1,0.47973091900348663,0.5202690809965134,1.4101796407185627,3.4379562043795615,-13.297972137832627,808.8504445971188,Clay
2025-03-31,43640,Mariano Navone,Laslo Djere,P1,0.37325335497066997,True,P1,0.4804184138774872,0.5195815861225128,2.1027027027027025,1.9068627450980393,0.41158748331900896,809.2620320804377,Clay
2025-03-31,43641,Richard Gasquet,Botic Van De Zandschulp,P1,6.112455766655804,True,P1,0.3661928325891495,0.6338071674108505,3.9461538461538463,1.3394255874673628,18.008235066378255,827.270267146816,Clay
2025-03-31,43615,Hugo Dellien,Aleksandar Vukic,P2,13.179131040132264,False,P1,0.4105120450258255,0.5894879549741745,1.6598360655737707,2.515527950310559,-13.179131040132264,814.0911361066837,Clay
2025-03-31,43588,Cristian Garin,Alexander Ritschard,P1,12.607197334462736,True,P1,0.7421862483024597,0.2578137516975403,1.5961538461538458,2.6774193548387095,7.515829180160473,821.6069652868442,Clay
2025-03-31,43589,Frances Tiafoe,Adam Walton,P2,8.46504612691288,False,P1,0.5927670449018478,0.40723295509815216,1.339378238341969,3.9465648854961826,-8.46504612691288,813.1419191599314,Clay
2025-03-31,43616,Tallon Griekspoor,Pablo Carreno Busta,P2,1.3015536286547025,False,P1,0.5344864875078201,0.46551351249217987,1.811059907834101,2.2329545454545454,-1.3015536286547025,811.8403655312767,Clay
2025-03-31,43643,Pedro Martinez,Stan Wawrinka,P2,9.390772450110365,False,P1,0.4040364474058151,0.5959635525941849,1.9024390243902443,2.108108108108108,-9.390772450110365,802.4495930811663,Clay
2025-03-31,43644,Christopher O'Connell,Nicolas Jarry,P2,3.459995286880164,False,P1,0.46506156027317047,0.5349384397268295,1.964824120603015,2.036458333333334,-3.459995286880164,798.9895977942862,Clay
2025-03-31,43590,Brandon Nakashima,Mackenzie McDonald,P1,4.928043025691249,True,P1,0.7057841569185257,0.2942158430814743,1.5051546391752577,2.9795918367346936,2.489423796483208,801.4790215907693,Clay
2025-03-31,43617,Vit Kopriva,Lorenzo Sonego,P2,8.859224031397499,False,P1,0.32325516641139984,0.6767448335886002,2.4096385542168677,1.7094017094017095,-8.859224031397499,792.6197975593718,Clay
2025-03-31,43618,Luciano Darderi,Hugo Gaston,P2,7.32005821957982,False,P1,0.499119371175766,0.500880628824234,1.6334661354581674,2.5786163522012573,-7.32005821957982,785.299739339792,Clay
2025-03-31,43591,Alex Michelsen,Adrian Mannarino,P2,9.062051928149392,False,P1,0.6551770120859146,0.3448229879140854,1.1740458015267177,6.74561403508772,-9.062051928149392,776.2376874116427,Clay
2025-03-31,43645,Marton Fucsovics,Mariano Navone,P1,6.353291674301371,True,P1,0.4800799489021301,0.5199200510978699,2.643312101910828,1.6085271317829455,10.44044109534875,786.6781285069915,Clay
2025-03-31,43592,Christopher Eubanks,Kei Nishikori,P1,5.903024260533849,True,P1,0.34096701443195343,0.6590329855680466,4.4523809523809526,1.289655172413793,20.379488518509717,807.0576170255011,Clay
2025-03-31,43619,Mattia Bellucci,Pierre-Hugues Herbert,P2,7.984302667416099,False,P1,0.48326337337493896,0.516736626625061,1.6598360655737707,2.515527950310559,-7.984302667416099,799.0733143580851,Clay
2025-03-31,43647,Sebastian Baez,Gabriel Diallo,P2,5.2014516766459264,False,P1,0.6291884332895279,0.3708115667104721,1.3824362606232292,3.6148148148148143,-5.2014516766459264,793.8718626814392,Clay
2025-03-31,43593,Tommy Paul,Cristian Garin,P2,2.996284132693688,False,P1,0.658425360918045,0.34157463908195496,1.4041297935103245,3.4744525547445253,-2.996284132693688,790.8755785487456,Clay
2025-03-31,43620,Alexandre Muller,Hugo Dellien,P1,5.005670493606154,True,P1,0.6846579611301422,0.3153420388698578,1.5650557620817847,2.7697368421052633,2.8284829554949282,793.7040615042405,Clay
2025-03-31,43594,Jenson Brooksby,Alejandro Tabilo,P1,5.947006021884589,True,P1,0.5382458418607712,0.4617541581392288,2.188888888888889,1.841121495327103,7.0703293815739015,800.7743908858143,Clay
2025-03-31,43648,Flavio Cobolli,Richard Gasquet,P2,8.236109526215676,False,P1,0.5209703743457794,0.4790296256542206,1.5246478873239437,2.906040268456376,-8.236109526215676,792.5382813595986,Clay
2025-03-31,43649,Francisco Comesana,Roberto Bautista Agut,P2,6.5860604643779705,False,P1,0.4725557118654251,0.5274442881345749,1.7644444444444443,2.308139534883721,-6.5860604643779705,785.9522208952206,Clay
2025-03-31,43622,Roberto Carballes Baena,Otto Virtanen,P2,6.174870928551574,False,P1,0.582207515835762,0.417792484164238,1.4477124183006536,3.233576642335766,-6.174870928551574,779.777349966669,Clay
2025-03-31,43650,Filip Misolic,Camilo Ugo Carabelli,P1,5.9097812781065935,True,P1,0.4509032368659973,0.5490967631340027,2.834437086092715,1.5451263537906137,10.841121947255141,790.6184719139242,Clay
2025-03-31,43623,Kamil Majchrzak,Jesper de Jong,P2,0.1466147183819425,False,P1,0.5288006812334061,0.47119931876659393,1.8840579710144931,2.1311475409836067,-0.1466147183819425,790.4718571955423,Clay
2025-03-31,43624,Tallon Griekspoor,Mattia Bellucci,P2,0.8205857722193474,False,P1,0.6543090790510178,0.34569092094898224,1.4965986394557824,3.0136986301369864,-0.8205857722193474,789.6512714233229,Clay
2025-03-31,43651,Sebastian Baez,Francisco Comesana,P2,2.0239655162179577,False,P1,0.6222667843103409,0.3777332156896591,1.5246478873239437,2.906040268456376,-2.0239655162179577,787.627305907105,Clay
2025-03-31,43598,Frances Tiafoe,Alex Michelsen,P2,5.60070603190785,False,P1,0.546047031879425,0.45395296812057495,1.5708955223880594,2.7516339869281046,-5.60070603190785,782.0265998751971,Clay
2025-03-31,43625,Kamil Majchrzak,Alexandre Muller,P1,5.432711544977784,True,P1,0.5027374476194382,0.49726255238056183,2.3668639053254434,1.7316017316017311,7.425777318874958,789.452377194072,Clay
2025-03-31,43652,Damir Dzumhur,Pedro Martinez,P1,7.388212246150148,True,P1,0.5615284889936447,0.4384715110063553,2.1712707182320443,1.8537735849056602,8.65359666399907,798.1059738580711,Clay
2025-03-31,43626,Roberto Carballes Baena,Nuno Borges,P1,0.5152481622302615,True,P1,0.49509553611278534,0.5049044638872147,2.0471204188481673,1.9549999999999998,0.5395268714452999,798.6455007295165,Clay
2025-03-31,43599,Brandon Nakashima,Christopher Eubanks,P2,1.8457380297040402,False,P1,0.712437629699707,0.28756237030029297,1.338753387533875,3.951999999999999,-1.8457380297040402,796.7997626998124,Clay
2025-03-31,43653,Flavio Cobolli,Filip Misolic,P2,6.738684027628576,False,P1,0.47088831663131714,0.5291116833686829,1.7644444444444443,2.308139534883721,-6.738684027628576,790.0610786721838,Clay
2025-03-31,43627,Luciano Darderi,Vit Kopriva,P1,0.8119513539875346,True,P1,0.6252967417240143,0.3747032582759857,1.6196078431372551,2.613924050632911,0.5030914271765903,790.5641700993605,Clay
2025-03-31,43600,Jenson Brooksby,Aleksandar Kovacevic,P1,1.884045558982775,True,P1,0.5815490335226059,0.4184509664773941,1.7837837837837835,2.275862068965517,1.4766843570405528,792.040854456401,Clay
2025-03-31,43654,Marton Fucsovics,Christopher O'Connell,P2,2.4140040323380574,False,P1,0.5947275161743164,0.4052724838256836,1.5789473684210527,2.7272727272727275,-2.4140040323380574,789.6268504240629,Clay
2025-03-31,43655,Sebastian Baez,Marton Fucsovics,P1,3.153190133667435,True,P1,0.5715403407812119,0.42845965921878815,1.8714285714285714,2.1475409836065573,2.747779973624479,792.3746303976874,Clay
2025-03-31,43628,Tallon Griekspoor,Kamil Majchrzak,P1,4.26687537776009,True,P1,0.6230025887489319,0.3769974112510681,1.7316017316017311,2.3668639053254434,3.121653414898072,795.4962838125855,Clay
2025-03-31,43601,Jenson Brooksby,Tommy Paul,P1,4.330708722576996,True,P1,0.32050085067749023,0.6794991493225098,4.2109375,1.311435523114355,13.905635038899574,809.4019188514851,Clay
2025-03-31,43656,Flavio Cobolli,Damir Dzumhur,P2,8.339974388728189,False,P1,0.4621340185403824,0.5378659814596176,1.7179487179487178,2.392857142857143,-8.339974388728189,801.061944462757,Clay
2025-03-31,43602,Frances Tiafoe,Brandon Nakashima,P2,3.159171243688594,False,P1,0.48876042664051056,0.5112395733594894,1.8846153846153846,2.1304347826086953,-3.159171243688594,797.9027732190684,Clay
2025-03-31,43629,Luciano Darderi,Roberto Carballes Baena,P1,1.0593032471535264,True,P1,0.49340981245040894,0.5065901875495911,2.0851063829787235,1.9215686274509802,1.14945671499638,799.0522299340648,Clay
2025-03-31,43630,Luciano Darderi,Tallon Griekspoor,P2,6.780734331591345,False,P1,0.3516727238893509,0.6483272761106491,2.36094674556213,1.7347826086956524,-6.780734331591345,792.2714956024735,Clay
2025-03-31,43603,Jenson Brooksby,Frances Tiafoe,P1,5.19505615541641,True,P1,0.4383970946073532,0.5616029053926468,2.827814569536424,1.5471014492753625,9.495599330429993,801.7670949329034,Clay
2025-03-31,43657,Flavio Cobolli,Sebastian Baez,P1,0.07329617903183284,True,P1,0.38946783542633057,0.6105321645736694,2.575,1.6349206349206347,0.11544148197513675,801.8825364148786,Clay
2025-04-07,43658,Nuno Borges,Holger Rune,P1,0.2891824994832438,True,P1,0.306556299328804,0.693443700671196,3.3165467625899288,1.4316770186335404,0.6699047829755722,802.5524411978541,Clay
2025-04-07,43659,Arthur Fils,Tallon Griekspoor,P2,16.051048823957082,False,P1,0.34223419427871704,0.657765805721283,1.5551470588235292,2.8013245033112586,-16.051048823957082,786.501392373897,Clay
2025-04-07,43660,Frances Tiafoe,Miomir Kecmanovic,P1,11.502484517473352,True,P1,0.550845667719841,0.449154332280159,2.738562091503268,1.5751879699248121,19.99778354018243,806.4991759140795,Clay
2025-04-07,43661,Grigor Dimitrov,Nicolas Jarry,P2,5.181805573359749,False,P1,0.613415464758873,0.386584535241127,1.420731707317073,3.3768115942028993,-5.181805573359749,801.3173703407198,Clay
2025-04-07,43662,Roberto Bautista Agut,Brandon Nakashima,P2,4.79131731584794,False,P1,0.37384413182735443,0.6261558681726456,2.3550295857988166,1.737991266375546,-4.79131731584794,796.5260530248719,Clay
2025-04-07,43663,Flavio Cobolli,Dusan Lajovic,P1,9.712877946465449,True,P1,0.6306873708963394,0.3693126291036606,1.9547738693467334,2.0473684210526315,9.273602059439371,805.7996550843112,Clay
2025-04-07,43664,Tomas Martin Etcheverry,Corentin Moutet,P2,3.930353610926367,False,P1,0.5049141496419907,0.49508585035800934,1.7873303167420815,2.2701149425287355,-3.930353610926367,801.8693014733849,Clay
2025-04-07,43665,Tomas Machac,Sebastian Baez,P1,7.392127230767752,True,P1,0.6172824203968048,0.3827175796031952,1.8840579710144931,2.1311475409836067,6.535069001113523,808.4043704744984,Clay
2025-04-07,43666,Pedro Martinez,Lorenzo Sonego,P1,3.937732374021196,True,P1,0.43074682354927063,0.5692531764507294,2.707792207792208,1.5855513307984792,6.72482866472451,815.1291991392229,Clay
2025-04-07,43667,Alexei Popyrin,Ugo Humbert,P2,10.771113761061978,False,P1,0.31689706444740295,0.683102935552597,2.3216374269005846,1.756637168141593,-10.771113761061978,804.3580853781609,Clay
2025-04-07,43668,Daniil Medvedev,Karen Khachanov,P1,9.42715483562702,True,P1,0.6172009706497192,0.38279902935028076,2.0,2.0,9.42715483562702,813.7852402137879,Clay
2025-04-07,43669,Alejandro Davidovich Fokina,Ben Shelton,P2,10.567979524169516,False,P1,0.4416002631187439,0.5583997368812561,1.6763485477178421,2.478527607361963,-10.567979524169516,803.2172606896183,Clay
2025-04-07,43670,Lorenzo Musetti,Yunchaokete Bu,P2,1.515060565891336,False,P1,0.7616652846336365,0.23833471536636353,1.2633832976445396,4.796747967479675,-1.515060565891336,801.702200123727,Clay
2025-04-07,43671,Daniel Altmaier,Felix Auger-Aliassime,P2,16.03404400247454,False,P1,0.19780787080526352,0.8021921291947365,2.52258064516129,1.6567796610169492,-16.03404400247454,785.6681561212525,Clay
2025-04-07,43672,Matteo Berrettini,Mariano Navone,P1,15.71336312242505,True,P1,0.7791640609502792,0.22083593904972076,1.5833333333333335,2.7142857142857144,9.166128488081283,794.8342846093338,Clay
2025-04-07,43673,Francisco Cerundolo,Fabio Fognini,P2,1.8791367704597064,False,P1,0.8074080795049667,0.19259192049503326,1.1799687010954618,6.556521739130435,-1.8791367704597064,792.9551478388742,Clay
2025-04-07,43674,Marcos Giron,Denis Shapovalov,P2,1.8350169487048333,False,P1,0.3282560855150223,0.6717439144849777,2.9054054054054053,1.524822695035461,-1.8350169487048333,791.1201308901693,Clay
2025-04-07,43675,Jiri Lehecka,Sebastian Korda,P2,8.418826378968168,False,P1,0.4723001569509506,0.5276998430490494,1.6666666666666667,2.5,-8.418826378968168,782.7013045112011,Clay
2025-04-07,43676,Gael Monfils,Fabian Marozsan,P1,15.654026090224022,True,P1,0.7044424116611481,0.29555758833885193,2.2399999999999998,1.8064516129032258,19.410992351877784,802.1122968630789,Clay
2025-04-07,43677,Alexandre Muller,Camilo Ugo Carabelli,P1,6.857088943150547,True,P1,0.5737664699554443,0.42623353004455566,2.0582010582010586,1.945,7.256178775820687,809.3684756388996,Clay
2025-04-07,43678,Alejandro Tabilo,Stan Wawrinka,P2,7.874017740339045,False,P1,0.46256324648857117,0.5374367535114288,1.7412280701754383,2.3491124260355027,-7.874017740339045,801.4944578985605,Clay
2025-04-07,43679,Richard Gasquet,Matteo Arnaldi,P1,8.844919030734477,True,P1,0.402975395321846,0.597024604678154,4.275590551181103,1.3052884615384617,28.97233320303577,830.4667911015963,Clay
2025-04-07,43680,Jordan Thompson,Giovanni Mpetshi Perricard,P1,7.512450738419457,True,P1,0.5179486125707626,0.48205138742923737,2.43030303030303,1.6991525423728815,10.745081056163587,841.2118721577599,Clay
2025-04-07,43681,Valentin Vacherot,Jan-Lennard Struff,P1,2.008425393141775,True,P1,0.3755016624927521,0.6244983375072479,2.9054054054054053,1.524822695035461,3.8268646004458144,845.0387367582057,Clay
2025-04-07,43682,Carlos Alcaraz,Francisco Cerundolo,P1,1.8997244693973832,True,P1,0.6861376911401749,0.31386230885982513,1.4895104895104894,3.0428571428571427,0.9299350549497677,845.9686718131554,Clay
2025-04-07,43683,Alejandro Tabilo,Novak Djokovic,P2,16.919373436263108,False,P1,0.10655053704977036,0.8934494629502296,3.951999999999999,1.338753387533875,-16.919373436263108,829.0492983768924,Clay
2025-04-07,43684,Casper Ruud,Roberto Bautista Agut,P2,4.39615364296888,False,P1,0.7050201445817947,0.29497985541820526,1.2679738562091503,4.7317073170731705,-4.39615364296888,824.6531447339235,Clay
2025-04-07,43685,Andrey Rublev,Gael Monfils,P2,9.16735087089482,False,P1,0.49888117611408234,0.5011188238859177,1.5588235294117647,2.789473684210527,-9.16735087089482,815.4857938630287,Clay
2025-04-07,43686,Alex de Minaur,Tomas Machac,P2,2.7753094152090045,False,P1,0.5234797596931458,0.47652024030685425,1.780269058295964,2.2816091954022983,-2.7753094152090045,812.7104844478197,Clay
2025-04-07,43687,Daniil Medvedev,Alexandre Muller,P1,14.744881068468212,True,P1,0.7421869486570358,0.2578130513429642,1.6796536796536794,2.471337579617834,10.021412674240295,822.73189712206,Clay
2025-04-07,43688,Arthur Fils,Flavio Cobolli,P2,2.728650908701758,False,P1,0.6123830527067184,0.38761694729328156,1.5246478873239437,2.906040268456376,-2.728650908701758,820.0032462133582,Clay
2025-04-07,43689,Lorenzo Musetti,Jiri Lehecka,P2,8.228242087130573,False,P1,0.4578973054885864,0.5421026945114136,1.7456140350877196,2.3411764705882354,-8.228242087130573,811.7750041262277,Clay
2025-04-07,43690,Alexei Popyrin,Frances Tiafoe,P2,10.88195189530506,False,P1,0.4111161381006241,0.5888838618993759,1.780269058295964,2.2816091954022983,-10.88195189530506,800.8930522309226,Clay
2025-04-07,43691,Grigor Dimitrov,Valentin Vacherot,P2,1.4926218543636631,False,P1,0.7720872387290001,0.2279127612709999,1.2469135802469138,5.050000000000002,-1.4926218543636631,799.400430376559,Clay
2025-04-07,43692,Daniel Altmaier,Richard Gasquet,P2,10.607491813052272,False,P1,0.48124006390571594,0.5187599360942841,1.526501766784452,2.8993288590604025,-10.607491813052272,788.7929385635067,Clay
2025-04-07,43693,Nuno Borges,Pedro Martinez,P2,1.359671042255356,False,P1,0.6123402565717697,0.3876597434282303,1.5767790262172285,2.7337662337662336,-1.359671042255356,787.4332675212513,Clay
2025-04-07,43694,Alejandro Davidovich Fokina,Tomas Martin Etcheverry,P2,1.0187893173189202,False,P1,0.5882850289344788,0.41171497106552124,1.6558704453441293,2.524691358024691,-1.0187893173189202,786.4144782039324,Clay
2025-04-07,43695,Matteo Berrettini,Alexander Zverev,P1,2.8127078589708123,True,P1,0.44337572157382965,0.5566242784261703,2.4969325153374236,1.668032786885246,4.210433850238517,790.6249120541709,Clay
2025-04-07,43696,Jack Draper,Marcos Giron,P2,4.0416878294529495,False,P1,0.6845625638961792,0.3154374361038208,1.311435523114355,4.2109375,-4.0416878294529495,786.5832242247179,Clay
2025-04-07,43697,Stefanos Tsitsipas,Jordan Thompson,P2,6.635376144650164,False,P1,0.7116312831640244,0.28836871683597565,1.168141592920354,6.947368421052633,-6.635376144650164,779.9478480800677,Clay
2025-04-07,43698,Carlos Alcaraz,Daniel Altmaier,P1,14.342116404256844,True,P1,0.8900894485414028,0.10991055145859718,1.2104283054003724,5.752212389380531,3.01798725080265,782.9658353308704,Clay
2025-04-07,43699,Alexei Popyrin,Casper Ruud,P1,6.75344449799514,True,P1,0.34271223843097687,0.6572877615690231,4.861788617886178,1.2589473684210526,26.080375093883667,809.046210424754,Clay
2025-04-07,43700,Alejandro Davidovich Fokina,Jack Draper,P2,1.0686439964738086,False,P1,0.35929834842681885,0.6407016515731812,2.7096774193548385,1.5849056603773586,-1.0686439964738086,807.9775664282802,Clay
2025-04-07,43701,Stefanos Tsitsipas,Nuno Borges,P2,0.684252559790325,False,P1,0.7372969388961792,0.2627030611038208,1.3333333333333333,4.0,-0.684252559790325,807.2933138684898,Clay
2025-04-07,43702,Arthur Fils,Andrey Rublev,P2,1.4594234246232,False,P1,0.5343844145536423,0.4656155854463577,1.8036529680365299,2.244318181818182,-1.4594234246232,805.8338904438666,Clay
2025-04-07,43703,Alex de Minaur,Daniil Medvedev,P2,9.051565878074749,False,P1,0.4648284465074539,0.5351715534925461,1.668032786885246,2.4969325153374236,-9.051565878074749,796.7823245657919,Clay
2025-04-07,43704,Lorenzo Musetti,Matteo Berrettini,P2,8.768816515174109,False,P1,0.3591879606246948,0.6408120393753052,2.1712707182320443,1.8537735849056602,-8.768816515174109,788.0135080506178,Clay
2025-04-07,43705,Grigor Dimitrov,Alejandro Tabilo,P1,10.433222557493389,True,P1,0.7105928808450699,0.2894071191549301,1.6491935483870968,2.540372670807453,6.7731807732114335,794.7866888238292,Clay
2025-04-07,43706,Carlos Alcaraz,Arthur Fils,P1,13.417933425661158,True,P1,0.7932881563901901,0.20671184360980988,1.4536741214057507,3.2042253521126765,6.0873691579676805,800.8740579817969,Clay
2025-04-07,43707,Lorenzo Musetti,Stefanos Tsitsipas,P2,6.9621123571499,False,P1,0.3774230629205704,0.6225769370794296,2.188888888888889,1.841121495327103,-6.9621123571499,793.911945624647,Clay
2025-04-07,43708,Alex de Minaur,Grigor Dimitrov,P2,4.615987422033237,False,P1,0.5396899282932281,0.46031007170677185,1.6374501992031876,2.5687499999999996,-4.615987422033237,789.2959582026139,Clay
2025-04-07,43709,Alejandro Davidovich Fokina,Alexei Popyrin,P2,3.6573309086718386,False,P1,0.5610522925853729,0.4389477074146271,1.6171874999999998,2.6202531645569613,-3.6573309086718386,785.638627293942,Clay
2025-04-07,43710,Carlos Alcaraz,Alejandro Davidovich Fokina,P1,2.5695011237568592,True,P1,0.8061478063464165,0.19385219365358353,1.2617021276595746,4.821138211382114,0.6724439111108379,786.3110712050528,Clay
2025-04-07,43711,Lorenzo Musetti,Alex de Minaur,P2,14.17535949955167,False,P1,0.290509968996048,0.709490031003952,2.201117318435754,1.832558139534884,-14.17535949955167,772.1357117055012,Clay
2025-04-07,43712,Carlos Alcaraz,Lorenzo Musetti,P1,1.291626043236286,True,P1,0.7947748899459839,0.2052251100540161,1.2695652173913043,4.709677419354838,0.3481774551332597,772.4838891606345,Clay
2025-04-14,43744,Mariano Navone,Felix Auger-Aliassime,P2,6.67937187406874,False,P1,0.3682871311903,0.6317128688097,2.2457142857142856,1.8027522935779814,-6.67937187406874,765.8045172865658,Clay
2025-04-14,43713,Carlos Alcaraz,Ethan Quinn,P2,2.0348400748374376,False,P1,0.8998794592916965,0.10012054070830345,1.052204764318297,20.15533980582524,-2.0348400748374376,763.7696772117283,Clay
2025-04-14,43714,Casper Ruud,Daniel Elahi Galan,P2,1.0449603172075845,False,P1,0.8317465633153915,0.16825343668460846,1.1693907875185734,6.9035087719298245,-1.0449603172075845,762.7247168945207,Clay
2025-04-14,43745,Ugo Humbert,Nicolas Jarry,P1,8.589207687759266,True,P1,0.6413442492485046,0.35865575075149536,1.8619047619047617,2.160220994475138,7.403079007068699,770.1277959015895,Clay
2025-04-14,43746,Francisco Cerundolo,Jan-Lennard Struff,P2,0.9105371358522646,False,P1,0.7191107422113419,0.28088925778865814,1.3577235772357723,3.7954545454545445,-0.9105371358522646,769.2172587657373,Clay
2025-04-14,43715,Stefanos Tsitsipas,Reilly Opelka,P2,1.890958250619378,False,P1,0.7995354980230331,0.20046450197696686,1.1892332789559545,6.28448275862069,-1.890958250619378,767.3263005151179,Clay
2025-04-14,43716,Alex de Minaur,Tomas Martin Etcheverry,P1,14.81202785445439,True,P1,0.8137966170907021,0.18620338290929794,1.4353312302839116,3.297101449275363,6.448138308879198,773.774438823997,Clay
2025-04-14,43747,Yannick Hanfmann,Jakub Mensik,P1,3.072347344991276,True,P1,0.3418857008218765,0.6581142991781235,3.50735294117647,1.3988269794721404,7.703459151779596,781.4778979757766,Clay
2025-04-14,43717,Arthur Fils,Pablo Carreno Busta,P2,5.824735479595145,False,P1,0.659967452287674,0.34003254771232605,1.2893518518518519,4.456,-5.824735479595145,775.6531624961815,Clay
2025-04-14,43749,Zizou Bergs,Alexander Bublik,P2,7.571411869651624,False,P1,0.5149023234844208,0.4850976765155792,1.5629629629629629,2.776315789473684,-7.571411869651624,768.0817506265299,Clay
2025-04-14,43718,Jaume Munar,Frances Tiafoe,P2,12.191380930681362,False,P1,0.38781245052814484,0.6121875494718552,1.7599999999999998,2.3157894736842106,-12.191380930681362,755.8903696958486,Clay
2025-04-14,43719,Sebastian Baez,Damir Dzumhur,P2,7.122335827353752,False,P1,0.5960083454847336,0.4039916545152664,1.3616438356164382,3.7651515151515156,-7.122335827353752,748.7680338684949,Clay
2025-04-14,43720,Alejandro Davidovich Fokina,Stan Wawrinka,P2,4.586428565160813,False,P1,0.689028799533844,0.310971200466156,1.2735229759299782,4.656000000000001,-4.586428565160813,744.1816053033341,Clay
2025-04-14,43721,Laslo Djere,Arthur Rinderknech,P2,3.4262421271003496,False,P1,0.6769417077302933,0.3230582922697067,1.341207349081365,3.930769230769231,-3.4262421271003496,740.7553631762338,Clay
2025-04-14,43752,Alexander Shevchenko,Flavio Cobolli,P1,1.1399198094456169,True,P1,0.2698398232460022,0.7301601767539978,4.054263565891473,1.3274111675126905,3.4816155420276984,744.2369787182615,Clay
2025-04-14,43722,Karen Khachanov,Cameron Norrie,P1,2.4594639075521494,True,P1,0.6241314858198166,0.3758685141801834,1.6735537190082643,2.4846625766871164,1.6565810616983483,745.8935597799599,Clay
2025-04-14,43753,Botic Van De Zandschulp,Roberto Bautista Agut,P2,8.948406621686704,False,P1,0.4446363300085068,0.5553636699914932,1.7094017094017095,2.4096385542168677,-8.948406621686704,736.9451531582732,Clay
2025-04-14,43754,Alexander Zverev,Alexandre Muller,P2,0.38561838657697006,False,P1,0.8136836364865303,0.1863163635134697,1.216117216117216,5.627118644067797,-0.38561838657697006,736.5595347716962,Clay
2025-04-14,43723,Andrey Rublev,Jesper de Jong,P1,7.079738404544325,True,P1,0.7530858665704727,0.24691413342952728,1.4402515723270441,3.2714285714285714,3.116865964264798,739.676400735961,Clay
2025-04-14,43724,Holger Rune,Albert Ramos-Vinolas,P1,0.07685908651648665,True,P1,0.8412085995078087,0.15879140049219131,1.1892332789559545,6.28448275862069,0.014544296959074164,739.6909450329201,Clay
2025-04-14,43755,Ben Shelton,Borna Gojo,P1,5.401034260939,True,P1,0.7067590802907944,0.2932409197092056,1.5229681978798588,2.9121621621621623,2.824569154130644,742.5155141870508,Clay
2025-04-14,43725,Jacob Fearnley,Roberto Carballes Baena,P1,6.984464263727494,True,P1,0.3468014895915985,0.6531985104084015,5.116666666666667,1.242914979757085,28.75271121901152,771.2682254060624,Clay
2025-04-14,43756,Daniel Altmaier,Chun-Hsin Tseng,P2,2.1856155025436497,False,P1,0.6081666052341461,0.3918333947658539,1.5510948905109487,2.814569536423841,-2.1856155025436497,769.0826099035187,Clay
2025-04-14,43757,David Goffin,Billy Harris,P1,0.9917685667237146,True,P1,0.7302809655666351,0.26971903443336487,1.3828571428571428,3.6119402985074625,0.37970567983136494,769.46231558335,Clay
2025-04-14,43726,Sebastian Korda,Matteo Arnaldi,P1,13.503382966382375,True,P1,0.6343098282814026,0.3656901717185974,2.2906976744186047,1.7747747747747746,17.428784991493533,786.8911005748436,Clay
2025-04-14,43758,Tallon Griekspoor,Learner Tien,P1,15.471109856272173,True,P1,0.8153281658887863,0.18467183411121368,1.4375,3.285714285714286,6.7686105621190755,793.6597111369626,Clay
2025-04-14,43727,Pedro Martinez,Brandon Nakashima,P2,2.7336424173285105,False,P1,0.41356541216373444,0.5864345878362656,2.2514285714285713,1.7990867579908678,-2.7336424173285105,790.9260687196341,Clay
2025-04-14,43728,Hamad Medjedovic,Giovanni Mpetshi Perricard,P2,8.915476872192084,False,P1,0.5157798528671265,0.48422014713287354,1.5017182130584192,2.9931506849315066,-8.915476872192084,782.010591847442,Clay
2025-04-14,43759,Miomir Kecmanovic,Marcos Giron,P2,7.54900785510482,False,P1,0.5397978872060776,0.4602021127939224,1.4948805460750851,3.020689655172414,-7.54900785510482,774.4615839923372,Clay
2025-04-14,43729,Carlos Alcaraz,Laslo Djere,P2,1.7634514970713364,False,P1,0.8610042035579681,0.13899579644203186,1.1085427135678392,10.212962962962962,-1.7634514970713364,772.6981324952659,Clay
2025-04-14,43760,Fabian Marozsan,Ugo Humbert,P2,14.525033875362775,False,P1,0.3247574716806412,0.6752425283193588,1.9215686274509802,2.0851063829787235,-14.525033875362775,758.1730986199032,Clay
2025-04-14,43761,Francisco Cerundolo,Alexander Shevchenko,P2,2.6766605464853472,False,P1,0.813217855989933,0.18678214401006699,1.142857142857143,8.0,-2.6766605464853472,755.4964380734178,Clay
2025-04-14,43730,Alejandro Davidovich Fokina,Andrey Rublev,P2,0.6073194606805896,False,P1,0.47057169675827026,0.5294283032417297,2.090909090909091,1.9166666666666667,-0.6073194606805896,754.8891186127372,Clay
2025-04-14,43731,Alex de Minaur,Jacob Fearnley,P2,1.5619158484231,False,P1,0.8602988049387932,0.13970119506120682,1.1142857142857143,9.749999999999998,-1.5619158484231,753.327202764314,Clay
2025-04-14,43732,Karen Khachanov,Jaume Munar,P1,8.572067454946069,True,P1,0.658652275800705,0.34134772419929504,1.7918552036199096,2.262857142857143,6.787836219979919,760.115038984294,Clay
2025-04-14,43763,David Goffin,Mariano Navone,P1,8.268363428786005,True,P1,0.47308360040187836,0.5269163995981216,3.0620689655172413,1.4849498327759196,17.049935622117346,777.1649746064113,Clay
2025-04-14,43764,Alexander Zverev,Daniel Altmaier,P2,0.5138052779181645,False,P1,0.8306162133812904,0.16938378661870956,1.1880064829821717,6.318965517241379,-0.5138052779181645,776.6511693284931,Clay
2025-04-14,43733,Casper Ruud,Hamad Medjedovic,P2,3.8040917739918765,False,P1,0.6341254264116287,0.3658745735883713,1.4224924012158056,3.3669064748201447,-3.8040917739918765,772.8470775545012,Clay
2025-04-14,43765,Ben Shelton,Botic Van De Zandschulp,P1,5.266064217800688,True,P1,0.597808375954628,0.402191624045372,1.8714285714285714,2.1475409836065573,4.588998818369171,777.4360763728704,Clay
2025-04-14,43734,Stefanos Tsitsipas,Sebastian Korda,P2,4.143114046419348,False,P1,0.6657165586948395,0.3342834413051605,1.3420365535248042,3.9236641221374047,-4.143114046419348,773.2929623264511,Clay
2025-04-14,43735,Holger Rune,Sebastian Baez,P1,3.9402312928704926,True,P1,0.6053837537765503,0.3946162462234497,1.7837837837837835,2.275862068965517,3.088289391709304,776.3812517181603,Clay
2025-04-14,43766,Luciano Darderi,Miomir Kecmanovic,P2,2.2831083655479305,False,P1,0.5077135115861893,0.49228648841381073,1.8537735849056602,2.1712707182320443,-2.2831083655479305,774.0981433526124,Clay
2025-04-14,43767,Tallon Griekspoor,Yannick Hanfmann,P2,2.255268780453303,False,P1,0.6658103168010712,0.33418968319892883,1.4144144144144142,3.4130434782608696,-2.255268780453303,771.8428745721591,Clay
2025-04-14,43736,Arthur Fils,Pedro Martinez,P2,0.9599865461225597,False,P1,0.7728645280003548,0.22713547199964523,1.2617021276595746,4.821138211382114,-0.9599865461225597,770.8828880260365,Clay
2025-04-14,43737,Carlos Alcaraz,Alex de Minaur,P2,6.536329239506982,False,P1,0.650207057595253,0.349792942404747,1.2771618625277161,4.608,-6.536329239506982,764.3465587865296,Clay
2025-04-14,43768,Alexander Zverev,Tallon Griekspoor,P2,2.749560840726649,False,P1,0.7030716687440872,0.2969283312559128,1.32,4.125,-2.749560840726649,761.596997945803,Clay
2025-04-14,43769,Ben Shelton,Luciano Darderi,P1,11.569311679842771,True,P1,0.5979544073343277,0.4020455926656723,2.3668639053254434,1.7316017316017311,15.813674544637157,777.4106724904401,Clay
2025-04-14,43738,Holger Rune,Casper Ruud,P1,3.38707174225966,True,P1,0.4433763772249222,0.5566236227750778,2.5624999999999996,1.6399999999999997,5.292299597280717,782.7029720877208,Clay
2025-04-14,43739,Arthur Fils,Stefanos Tsitsipas,P2,12.189400406911563,False,P1,0.37142109870910645,0.6285789012908936,1.8537735849056602,2.1712707182320443,-12.189400406911563,770.5135716808093,Clay
2025-04-14,43770,Francisco Cerundolo,David Goffin,P2,5.102710943041812,False,P1,0.7189713716506958,0.2810286283493042,1.2066549912434326,5.8389830508474585,-5.102710943041812,765.4108607377675,Clay
2025-04-14,43740,Karen Khachanov,Alejandro Davidovich Fokina,P1,7.765646078141339,True,P1,0.49259161949157715,0.5074083805084229,2.7516339869281046,1.5708955223880594,13.602569600927312,779.0134303386948,Clay
2025-04-14,43771,Fabian Marozsan,Zizou Bergs,P2,5.230081458048835,False,P1,0.4853309690952301,0.5146690309047699,1.7837837837837835,2.275862068965517,-5.230081458048835,773.7833488806459,Clay
2025-04-14,43772,Alexander Zverev,Fabian Marozsan,P1,2.3335457862314444,True,P1,0.8141952306032181,0.18580476939678192,1.2464646464646465,5.057377049180328,0.5751365372125985,774.3584854178586,Clay
2025-04-14,43741,Carlos Alcaraz,Arthur Fils,P1,8.173606722954949,True,P1,0.7851387709379196,0.21486122906208038,1.3743016759776538,3.6716417910447765,3.059394695184256,777.4178801130428,Clay
2025-04-14,43773,Ben Shelton,Francisco Cerundolo,P1,5.438967704022824,True,P1,0.3793265372514725,0.6206734627485275,3.592592592592593,1.385714285714286,14.101027380799916,791.5189074938427,Clay
2025-04-14,43742,Holger Rune,Karen Khachanov,P2,11.118738984012966,False,P1,0.4391297549009323,0.5608702450990677,1.6374501992031876,2.5687499999999996,-11.118738984012966,780.4001685098297,Clay
2025-04-14,43743,Holger Rune,Carlos Alcaraz,P2,6.876522097991206,False,P1,0.15494094043970108,0.8450590595602989,5.316666666666666,1.2316602316602316,-6.876522097991206,773.5236464118384,Clay
2025-04-14,43774,Alexander Zverev,Ben Shelton,P2,3.975492982221735,False,P1,0.7195164710283279,0.28048352897167206,1.2469635627530362,5.049180327868852,-3.975492982221735,769.5481534296167,Clay
2025-04-21,43775,Matteo Arnaldi,Borna Coric,P1,7.5672637438074775,True,P1,0.6301795095205307,0.3698204904794693,1.8530805687203793,2.1722222222222225,6.455485658224389,776.0036390878411,Clay
2025-04-21,43776,Luciano Darderi,Quentin Halys,P2,2.741963548630223,False,P1,0.6446345299482346,0.35536547005176544,1.4416403785488958,3.2642857142857147,-2.741963548630223,773.2616755392108,Clay
2025-04-21,43777,Gabriel Diallo,Zizou Bergs,P1,1.0135771714247876,True,P1,0.3907967358827591,0.6092032641172409,2.670967741935484,1.5984555984555984,1.6936547574130323,774.9553302966239,Clay
2025-04-21,43778,Damir Dzumhur,Mattia Bellucci,P2,3.9244085825274047,False,P1,0.44935955107212067,0.5506404489278793,2.0,2.0,-3.9244085825274047,771.0309217140965,Clay
2025-04-21,43779,Tomas Martin Etcheverry,Hamad Medjedovic,P1,1.1389027456685266,True,P1,0.4486036002635956,0.5513963997364044,2.3157894736842106,1.7599999999999998,1.498556244300693,772.5294779583973,Clay
2025-04-21,43780,Jacob Fearnley,Yunchaokete Bu,P1,2.3298343249930524,True,P1,0.5590718388557434,0.4409281611442566,1.8840579710144931,2.1311475409836067,2.059708606153279,774.5891865645506,Clay
2025-04-21,43782,Marcos Giron,Learner Tien,P1,8.514045437881856,True,P1,0.6437506526708603,0.3562493473291397,1.84037558685446,2.189944134078212,7.154995931365503,781.7441824959161,Clay
2025-04-21,43783,Tallon Griekspoor,Vit Kopriva,P1,15.634883649918322,True,P1,0.8502927497029305,0.14970725029706955,1.351206434316354,3.847328244274809,5.491071737638875,787.235254233555,Clay
2025-04-21,43784,Nicolas Jarry,Daniel Altmaier,P1,6.584185239881389,True,P1,0.5217591673135757,0.47824083268642426,2.3491124260355027,1.7412280701754383,8.88280612244353,796.1180603559985,Clay
2025-04-21,43785,Alexandre Muller,David Goffin,P2,8.60790570774768,False,P1,0.4278651773929596,0.5721348226070404,1.8317757009345794,2.202247191011236,-8.60790570774768,787.5101546482508,Clay
2025-04-21,43786,Kei Nishikori,Aleksandar Vukic,P2,0.2093281262594414,False,P1,0.6843952685594559,0.31560473144054413,1.4533762057877813,3.2056737588652484,-0.2093281262594414,787.3008265219913,Clay
2025-04-21,43787,Cameron Norrie,Martin Landaluce,P1,10.953157408592974,True,P1,0.81602343916893,0.18397656083106995,1.3421052631578947,3.9230769230769225,3.747132797676543,791.0479593196678,Clay
2025-04-21,43788,Reilly Opelka,Rinky Hijikata,P1,1.3644705661266845,True,P1,0.6854472458362579,0.31455275416374207,1.483221476510067,3.069444444444444,0.6593414816182636,791.7073008012861,Clay
2025-04-21,43789,Lorenzo Sonego,Miomir Kecmanovic,P2,2.701598840778585,False,P1,0.39231687784194946,0.6076831221580505,2.375,1.7272727272727275,-2.701598840778585,789.0057019605075,Clay
2025-04-21,43790,Jan-Lennard Struff,Botic Van De Zandschulp,P1,3.6432566040319414,True,P1,0.45541034638881683,0.5445896536111832,2.5,1.6666666666666667,5.464884906047912,794.4705868665554,Clay
2025-04-21,43791,Roberto Bautista Agut,Jaume Munar,P1,8.69839395460385,True,P1,0.4977795481681824,0.5022204518318176,2.8013245033112586,1.5551470588235292,15.668630169882434,810.1392170364379,Clay
2025-04-21,43792,Benjamin Bonzi,Marin Cilic,P1,8.57601097332543,True,P1,0.41940830647945404,0.580591693520546,3.7954545454545445,1.3577235772357723,23.973848857250623,834.1130658936885,Clay
2025-04-21,43793,Nuno Borges,Pablo Carreno Busta,P2,5.740102430313573,False,P1,0.4952632784843445,0.5047367215156555,1.7412280701754383,2.3491124260355027,-5.740102430313573,828.372963463375,Clay
2025-04-21,43794,Alexander Bublik,Alex Michelsen,P1,0.9236767257024338,True,P1,0.49855127930641174,0.5014487206935883,2.0529100529100535,1.9497487437185932,0.9725485101311344,829.3455119735061,Clay
2025-04-21,43795,Juan Manuel Cerundolo,Aleksandar Kovacevic,P2,12.88912697919846,False,P1,0.4087158143520355,0.5912841856479645,1.686192468619247,2.457317073170732,-12.88912697919846,816.4563849943077,Clay
2025-04-21,43797,Flavio Cobolli,Fabian Marozsan,P1,7.932013739120437,True,P1,0.5249997824430466,0.47500021755695343,2.436363636363637,1.6962025316455698,11.39325609800936,827.849641092317,Clay
2025-04-21,43798,Francisco Comesana,Pedro Martinez,P2,3.5407058300870404,False,P1,0.47015947103500366,0.5298405289649963,1.945,2.0582010582010586,-3.5407058300870404,824.30893526223,Clay
2025-04-21,43799,Laslo Djere,Fabio Fognini,P2,5.012466965771233,False,P1,0.687964916229248,0.31203508377075195,1.2767857142857142,4.612903225806452,-5.012466965771233,819.2964682964588,Clay
2025-04-21,43800,Harold Mayot,Corentin Moutet,P2,3.892542926394618,False,P1,0.34874777495861053,0.6512522250413895,2.5949367088607596,1.626984126984127,-3.892542926394618,815.4039253700641,Clay
2025-04-21,43801,Gael Monfils,Borna Gojo,P1,16.308078507401284,True,P1,0.753548875451088,0.24645112454891205,1.7167381974248928,2.3952095808383236,11.688622792858432,827.0925481629225,Clay
2025-04-21,43802,Mariano Navone,Giovanni Mpetshi Perricard,P2,4.780951466517657,False,P1,0.528451144695282,0.471548855304718,1.6735537190082643,2.4846625766871164,-4.780951466517657,822.3115966964049,Clay
2025-04-21,43803,Christopher O'Connell,Camilo Ugo Carabelli,P1,2.3025559322349514,True,P1,0.4670593738555908,0.5329406261444092,2.296511627906977,1.7713004484304933,2.9852905400488035,825.2968872364537,Clay
2025-04-21,43804,Sebastian Ofner,Hugo Gaston,P1,7.108192552381287,True,P1,0.5087216049432755,0.49127839505672455,2.460122699386503,1.684873949579832,10.378833297342002,835.6757205337957,Clay
2025-04-21,43805,Ethan Quinn,Dusan Lajovic,P1,2.0398280201715897,True,P1,0.4040791541337967,0.5959208458662033,2.6774193548387095,1.5961538461538458,3.42164700157815,839.0973675353738,Clay
2025-04-21,43806,Arthur Rinderknech,Roman Safiullin,P1,3.486074655120747,True,P1,0.4373003840446472,0.5626996159553528,2.5886075949367084,1.6294820717131475,5.538004673641185,844.635372209015,Clay
2025-04-21,43807,Matteo Arnaldi,Novak Djokovic,P2,16.8927074441803,False,P1,0.12058759480714798,0.879412405192852,4.0703125,1.3256997455470738,-16.8927074441803,827.7426647648348,Clay
2025-04-21,43808,Jack Draper,Tallon Griekspoor,P2,2.9693924310770248,False,P1,0.573134571313858,0.42686542868614197,1.6196078431372551,2.613924050632911,-2.9693924310770248,824.7732723337577,Clay
2025-04-21,43809,Alex de Minaur,Lorenzo Sonego,P2,0.4506543120718006,False,P1,0.8125054761767387,0.18749452382326126,1.2173112338858196,5.601694915254238,-0.4506543120718006,824.3226180216859,Clay
2025-04-21,43810,Lorenzo Musetti,Tomas Martin Etcheverry,P1,4.269225851736649,True,P1,0.7025520205497742,0.29744797945022583,1.4965986394557824,3.0136986301369864,2.120091749501874,826.4427097711878,Clay
2025-04-21,43811,Tommy Paul,Joao Fonseca,P1,16.528854195423754,True,P1,0.6277195662260056,0.37228043377399445,2.673076923076923,1.5977011494252877,27.654044519266662,854.0967542904544,Clay
2025-04-21,43812,Grigor Dimitrov,Nicolas Jarry,P1,10.169330863277263,True,P1,0.7026851326227188,0.2973148673772812,1.6399999999999997,2.5624999999999996,6.508371752497445,860.6051260429518,Clay
2025-04-21,43813,Frances Tiafoe,Luciano Darderi,P1,0.5335149634725563,True,P1,0.43318115174770355,0.5668188482522964,2.347058823529412,1.74235807860262,0.7186760390306789,861.3238020819825,Clay
2025-04-21,43814,Stefanos Tsitsipas,Jan-Lennard Struff,P2,0.32295261278382664,False,P1,0.7555693835020065,0.24443061649799347,1.3135802469135802,4.188976377952756,-0.32295261278382664,861.0008494691987,Clay
2025-04-21,43815,Jacob Fearnley,Tomas Machac,P2,4.843722890348359,False,P1,0.26875944435596466,0.7312405556440353,3.302158273381295,1.4343749999999997,-4.843722890348359,856.1571265788504,Clay
2025-04-21,43816,Alexandre Muller,Ugo Humbert,P2,10.420114817349363,False,P1,0.371519535779953,0.628480464220047,2.036458333333334,1.964824120603015,-10.420114817349363,845.737011761501,Clay
2025-04-21,43817,Karen Khachanov,Reilly Opelka,P2,6.789634528683016,False,P1,0.6097157150506973,0.3902842849493027,1.376770538243626,3.6541353383458643,-6.789634528683016,838.947377232818,Clay
2025-04-21,43818,Cameron Norrie,Jiri Lehecka,P1,5.284194142514548,True,P1,0.3956392854452133,0.6043607145547867,3.24113475177305,1.4462025316455696,11.842591127904948,850.7899683607229,Clay
2025-04-21,43819,Denis Shapovalov,Kei Nishikori,P2,1.0272381842893448,False,P1,0.5264138728380203,0.4735861271619797,1.8537735849056602,2.1712707182320443,-1.0272381842893448,849.7627301764336,Clay
2025-04-21,43820,Matteo Berrettini,Marcos Giron,P2,5.69965087605373,False,P1,0.70794677734375,0.29205322265625,1.2230483271375465,5.483333333333333,-5.69965087605373,844.0630793003799,Clay
2025-04-21,43821,Damir Dzumhur,Sebastian Baez,P1,8.411661440972194,True,P1,0.3944904953241348,0.6055095046758652,4.10236220472441,1.322335025380711,26.096020533409806,870.1590998337897,Clay
2025-04-21,43822,Gabriel Diallo,Kamil Majchrzak,P2,2.601908328945965,False,P1,0.45206400752067566,0.5479359924793243,2.079787234042553,1.9261083743842367,-2.601908328945965,867.5571915048438,Clay
2025-04-21,43823,Alexander Zverev,Roberto Bautista Agut,P2,1.116749983668055,False,P1,0.8604887574911118,0.13951124250888824,1.1322115384615383,8.563636363636364,-1.116749983668055,866.4404415211758,Clay
2025-04-21,43824,Taylor Fritz,Christopher O'Connell,P1,5.603204872019538,True,P1,0.7889305427670479,0.21106945723295212,1.32,4.125,1.7930255590462525,868.233467080222,Clay
2025-04-21,43825,Andrey Rublev,Gael Monfils,P2,14.366671002193712,False,P1,0.47219353914260864,0.5278064608573914,1.4169184290030208,3.3985507246376816,-14.366671002193712,853.8667960780283,Clay
2025-04-21,43826,Flavio Cobolli,Holger Rune,P2,2.485659752096965,False,P1,0.2841573804616928,0.7158426195383072,3.3142857142857145,1.4320987654320987,-2.485659752096965,851.3811363259314,Clay
2025-04-21,43827,Daniil Medvedev,Laslo Djere,P1,5.887291428947263,True,P1,0.6510646045207977,0.34893539547920227,1.6804979253112031,2.469512195121951,4.006289603101041,855.3874259290325,Clay
2025-04-21,43828,Ben Shelton,Mariano Navone,P1,9.047689285948186,True,P1,0.6348635405302048,0.3651364594697952,1.862559241706161,2.1593406593406588,7.804168009680424,863.1915939387129,Clay
2025-04-21,43829,Francisco Comesana,Arthur Fils,P1,2.588696253791475,True,P1,0.2344920039176941,0.7655079960823059,5.386554621848739,1.2279693486590038,11.35545751663151,874.5470514553444,Clay
2025-04-21,43830,Casper Ruud,Arthur Rinderknech,P2,4.8398838661292904,False,P1,0.7578224763274193,0.24217752367258072,1.17351598173516,6.763157894736843,-4.8398838661292904,869.7071675892151,Clay
2025-04-21,43831,Juan Manuel Cerundolo,Felix Auger-Aliassime,P2,4.2615536994970835,False,P1,0.23345889151096344,0.7665411084890366,3.8636363636363633,1.3492063492063493,-4.2615536994970835,865.4456138897181,Clay
2025-04-21,43832,Francisco Cerundolo,Harold Mayot,P1,0.6268830857379641,True,P1,0.8676529228687286,0.13234707713127136,1.1551246537396123,7.44642857142857,0.09724502161032135,865.5428589113284,Clay
2025-04-21,43833,Jakub Mensik,Ethan Quinn,P1,6.738544692667226,True,P1,0.7461602091789246,0.25383979082107544,1.4299065420560748,3.3260869565217397,2.8969444473148824,868.4398033586433,Clay
2025-04-21,43835,Alexander Bublik,Alexei Popyrin,P2,0.4491092236108828,False,P1,0.3929520845413208,0.6070479154586792,2.518518518518518,1.6585365853658534,-0.4491092236108828,867.9906941350324,Clay
2025-04-21,43836,Benjamin Bonzi,Hubert Hurkacz,P2,7.528511227385216,False,P1,0.2805652767419815,0.7194347232580185,2.9459459459459456,1.5138888888888888,-7.528511227385216,860.4621829076472,Clay
2025-04-21,43837,Alejandro Davidovich Fokina,Nuno Borges,P2,3.8139674261081318,False,P1,0.6275529116392136,0.37244708836078644,1.4522292993630572,3.211267605633803,-3.8139674261081318,856.6482154815391,Clay
2025-04-21,43838,Brandon Nakashima,Sebastian Ofner,P2,1.8045428679270374,False,P1,0.5599486976861954,0.4400513023138046,1.7106382978723402,2.407185628742515,-1.8045428679270374,854.8436726136121,Clay
2025-04-21,43839,Jack Draper,Matteo Berrettini,P2,7.346132650248595,False,P1,0.505743145942688,0.494256854057312,1.6374501992031876,2.5687499999999996,-7.346132650248595,847.4975399633635,Clay
2025-04-21,43840,Alex de Minaur,Denis Shapovalov,P2,0.4877034889726773,False,P1,0.7700008079409599,0.22999919205904007,1.2837528604118993,4.524193548387097,-0.4877034889726773,847.0098364743908,Clay
2025-04-21,43841,Lorenzo Musetti,Stefanos Tsitsipas,P2,8.565625749565744,False,P1,0.3774493783712387,0.6225506216287613,2.1135135135135137,1.898058252427185,-8.565625749565744,838.4442107248251,Clay
2025-04-21,43842,Tommy Paul,Karen Khachanov,P2,5.892097317968653,False,P1,0.4721544533967972,0.5278455466032028,1.8202764976958523,2.2191011235955056,-5.892097317968653,832.5521134068564,Clay
2025-04-21,43843,Frances Tiafoe,Alexandre Muller,P2,1.3537740833096106,False,P1,0.5528451055288315,0.4471548944711685,1.75,2.333333333333333,-1.3537740833096106,831.1983393235467,Clay
2025-04-21,43844,Gabriel Diallo,Cameron Norrie,P2,4.654914476817946,False,P1,0.41907931864261627,0.5809206813573837,2.1189189189189186,1.8937198067632852,-4.654914476817946,826.5434248467288,Clay
2025-04-21,43845,Grigor Dimitrov,Jacob Fearnley,P2,0.48209018770710177,False,P1,0.7207855731248856,0.27921442687511444,1.3711911357340723,3.6940298507462686,-0.48209018770710177,826.0613346590218,Clay
2025-04-21,43846,Matteo Arnaldi,Damir Dzumhur,P2,9.366515815529695,False,P1,0.5341354757547379,0.46586452424526215,1.4476190476190474,3.234042553191489,-9.366515815529695,816.694818843492,Clay
2025-04-21,43847,Alexander Zverev,Alejandro Davidovich Fokina,P1,10.757330872463905,True,P1,0.8052424564957619,0.19475754350423813,1.3594594594594593,3.781954887218045,3.8668243406424296,820.5616431841345,Clay
2025-04-21,43848,Taylor Fritz,Benjamin Bonzi,P2,2.4301204999009642,False,P1,0.8055187836289406,0.19448121637105942,1.1679049034175333,6.95575221238938,-2.4301204999009642,818.1315226842336,Clay
2025-04-21,43849,Alexander Bublik,Andrey Rublev,P1,5.827229069743881,True,P1,0.3352106809616089,0.6647893190383911,4.448818897637795,1.2899543378995435,20.09705773659701,838.2285804208306,Clay
2025-04-21,43850,Daniil Medvedev,Juan Manuel Cerundolo,P1,9.200885545595462,True,P1,0.7918751090764999,0.20812489092350006,1.3636363636363635,3.749999999999999,3.3457765620347124,841.5743569828653,Clay
2025-04-21,43851,Jakub Mensik,Ben Shelton,P2,4.5428837950914085,False,P1,0.5033164024353027,0.49668359756469727,1.7723214285714286,2.294797687861272,-4.5428837950914085,837.0314731877739,Clay
2025-04-21,43852,Casper Ruud,Sebastian Korda,P2,12.087765311746393,False,P1,0.5019169449806213,0.49808305501937866,1.4169184290030208,3.3985507246376816,-12.087765311746393,824.9437078760276,Clay
2025-04-21,43853,Francisco Cerundolo,Francisco Comesana,P2,0.391752380515881,False,P1,0.7662037909030914,0.23379620909690857,1.2927400468384076,4.416,-0.391752380515881,824.5519554955117,Clay
2025-04-21,43854,Brandon Nakashima,Flavio Cobolli,P1,2.2627201890608615,True,P1,0.4132973253726959,0.5867026746273041,2.6369426751592355,1.6108949416342413,3.7039432394180976,828.2558987349298,Clay
2025-04-21,43855,Jack Draper,Tommy Paul,P2,1.0619752861457268,False,P1,0.5917432457208633,0.40825675427913666,1.6465863453815262,2.546583850931677,-1.0619752861457268,827.1939234487841,Clay
2025-04-21,43856,Lorenzo Musetti,Alex de Minaur,P2,12.919326032965094,False,P1,0.29470066726207733,0.7052993327379227,2.333333333333333,1.75,-12.919326032965094,814.274597415819,Clay
2025-04-21,43857,Gabriel Diallo,Grigor Dimitrov,P1,0.41047108769956114,True,P1,0.30073869228363037,0.6992613077163696,3.4057971014492754,1.4156626506024097,0.9875101530163355,815.2621075688354,Clay
2025-04-21,43858,Matteo Arnaldi,Frances Tiafoe,P2,4.981755928039145,False,P1,0.47899578511714935,0.5210042148828506,1.832558139534884,2.201117318435754,-4.981755928039145,810.2803516407963,Clay
2025-04-21,43859,Francisco Cerundolo,Alexander Zverev,P2,2.2204564837586664,False,P1,0.34574751555919647,0.6542524844408035,2.7337662337662336,1.5767790262172285,-2.2204564837586664,808.0598951570377,Clay
2025-04-21,43860,Casper Ruud,Taylor Fritz,P2,8.545382998348044,False,P1,0.45254549384117126,0.5474545061588287,1.74235807860262,2.347058823529412,-8.545382998348044,799.5145121586896,Clay
2025-04-21,43861,Daniil Medvedev,Brandon Nakashima,P2,1.2268599761389634,False,P1,0.6633246392011642,0.33667536079883575,1.461290322580645,3.167832167832168,-1.2268599761389634,798.2876521825507,Clay
2025-04-21,43862,Jakub Mensik,Alexander Bublik,P2,3.5710328113618,False,P1,0.6620370000600815,0.3379629999399185,1.3753501400560222,3.6641791044776113,-3.5710328113618,794.7166193711889,Clay
2025-04-21,43863,Jack Draper,Matteo Arnaldi,P2,0.7595972534575741,False,P1,0.7299154996871948,0.2700845003128052,1.3438320209973753,3.9083969465648853,-0.7595972534575741,793.9570221177313,Clay
2025-04-21,43864,Casper Ruud,Daniil Medvedev,P2,2.3797920525773404,False,P1,0.6121271252632141,0.3878728747367859,1.5357142857142856,2.8666666666666667,-2.3797920525773404,791.5772300651539,Clay
2025-04-21,43865,Lorenzo Musetti,Gabriel Diallo,P2,5.800588034933402,False,P1,0.6835891604423523,0.3164108395576477,1.2484725050916494,5.024590163934427,-5.800588034933402,785.7766420302205,Clay
2025-04-21,43866,Francisco Cerundolo,Jakub Mensik,P2,2.7159099181373634,False,P1,0.5408814549446106,0.4591185450553894,1.7210300429184548,2.3869047619047614,-2.7159099181373634,783.0607321120831,Clay
2025-04-21,43867,Jack Draper,Lorenzo Musetti,P2,6.860112879470234,False,P1,0.5084853172302246,0.4915146827697754,1.6220472440944884,2.6075949367088613,-6.860112879470234,776.2006192326129,Clay
2025-04-21,43868,Casper Ruud,Francisco Cerundolo,P2,3.240527205402526,False,P1,0.4629514366388321,0.5370485633611679,1.979695431472081,2.0207253886010363,-3.240527205402526,772.9600920272104,Clay
2025-04-21,43869,Casper Ruud,Jack Draper,P1,6.102288227971796,True,P1,0.4398748278617859,0.5601251721382141,2.9863945578231292,1.5034246575342465,12.121552126311322,785.0816441535218,Clay
2025-05-05,43870,Roberto Bautista Agut,Matteo Arnaldi,P1,9.789250629310583,True,P1,0.40985873341560364,0.5901412665843964,4.67741935483871,1.2719298245614037,35.99917973359376,821.0808238871156,Clay
2025-05-05,43871,Alexander Bublik,Roman Safiullin,P1,4.215693666454536,True,P1,0.5432697087526321,0.45673029124736786,2.0366492146596857,1.9646464646464645,4.3701955285759055,825.4510194156915,Clay
2025-05-05,43872,Jesper de Jong,Alexander Shevchenko,P2,5.111834750127138,False,P1,0.5256866663694382,0.47431333363056183,1.6666666666666667,2.5,-5.111834750127138,820.3391846655643,Clay
2025-05-05,43873,Jacob Fearnley,Fabio Fognini,P2,2.546394849959747,False,P1,0.6385382562875748,0.36146174371242523,1.4688524590163936,3.132867132867133,-2.546394849959747,817.7927898156046,Clay
2025-05-05,43875,Marcos Giron,Gabriel Diallo,P1,3.381948286884099,True,P1,0.4314129501581192,0.5685870498418808,2.630573248407643,1.61328125,5.514514404091269,823.3073042196959,Clay
2025-05-05,43876,Nicolas Jarry,Hugo Gaston,P2,1.8314456626839128,False,P1,0.6003444343805313,0.3996555656194687,1.5916030534351142,2.690322580645161,-1.8314456626839128,821.475858557012,Clay
2025-05-05,43877,Fabian Marozsan,Joao Fonseca,P1,6.9772719632363005,True,P1,0.42768682539463043,0.5723131746053696,3.2198581560283692,1.450479233226837,15.488554074418174,836.9644126314302,Clay
2025-05-05,43878,Pedro Martinez,Mattia Bellucci,P2,7.707192199534134,False,P1,0.46264782547950745,0.5373521745204926,1.763392857142857,2.309941520467836,-7.707192199534134,829.257220431896,Clay
2025-05-05,43879,Jaume Munar,Tomas Barrios Vera,P1,10.506341885338447,True,P1,0.7072124034166336,0.2927875965833664,1.6451612903225807,2.55,6.778285087315128,836.0355055192111,Clay
2025-05-05,43880,Luca Nardi,Flavio Cobolli,P2,10.867616676441521,False,P1,0.21961890161037445,0.7803810983896255,3.369565217391305,1.4220183486238531,-10.867616676441521,825.1678888427696,Clay
2025-05-05,43882,Sebastian Ofner,Roberto Carballes Baena,P2,3.6323377094362246,False,P1,0.5184754282236099,0.4815245717763901,1.7589285714285714,2.317647058823529,-3.6323377094362246,821.5355511333333,Clay
2025-05-05,43883,Thiago Seyboth Wild,Nuno Borges,P2,11.639339196760336,False,P1,0.3299129754304886,0.6700870245695114,2.1722222222222225,1.8530805687203793,-11.639339196760336,809.896211936573,Clay
2025-05-05,43884,Learner Tien,Reilly Opelka,P2,11.565638950224429,False,P1,0.36178724467754364,0.6382127553224564,1.9746192893401011,2.0260416666666665,-11.565638950224429,798.3305729863486,Clay
2025-05-05,43885,Aleksandar Vukic,Nicolas Moreno De Alboran,P1,6.5372861259007,True,P1,0.5239619761705399,0.47603802382946014,2.3216374269005846,1.756637168141593,8.639922014348292,806.9704950006968,Clay
2025-05-05,43887,Francisco Comesana,Daniel Altmaier,P1,5.988781276483676,True,P1,0.6154883950948715,0.3845116049051285,1.8232558139534885,2.214689265536723,4.930299004360981,811.9007940050578,Clay
2025-05-05,43888,Luciano Darderi,Yunchaokete Bu,P1,0.3471841448383403,True,P1,0.7051298022270203,0.29487019777297974,1.4233128834355828,3.3623188405797104,0.14696752143463485,812.0477615264924,Clay
2025-05-05,43889,Laslo Djere,Tomas Martin Etcheverry,P1,6.296386507790044,True,P1,0.5851393043994904,0.41486069560050964,1.9646464646464645,2.0366492146596857,6.073786984787365,818.1215485112798,Clay
2025-05-05,43891,Tallon Griekspoor,Miomir Kecmanovic,P1,6.504103570549679,True,P1,0.6598440408706665,0.3401559591293335,1.6791666666666667,2.4723926380368098,4.4173703416649905,822.5389188529448,Clay
2025-05-05,43892,Vit Kopriva,Quentin Halys,P2,16.450778377058896,False,P1,0.30667608976364136,0.6933239102363586,1.5855513307984792,2.707792207792208,-16.450778377058896,806.0881404758859,Clay
2025-05-05,43893,Dusan Lajovic,Yoshihito Nishioka,P2,16.117346095763953,False,P1,0.4690997451543808,0.5309002548456192,1.2792792792792793,4.580645161290324,-16.117346095763953,789.9707943801219,Clay
2025-05-05,43894,Corentin Moutet,Rinky Hijikata,P2,8.019469199386954,False,P1,0.601167768239975,0.398832231760025,1.3256997455470738,4.0703125,-8.019469199386954,781.9513251807349,Clay
2025-05-05,43895,Alexandre Muller,Jiri Lehecka,P1,0.9286843587837402,True,P1,0.3999652564525604,0.6000347435474396,2.5949367088607596,1.626984126984127,1.4811927747690035,783.432517955504,Clay
2025-05-05,43896,Cameron Norrie,Christopher O'Connell,P1,4.67398676862675,True,P1,0.629187673330307,0.370812326669693,1.7272727272727275,2.375,3.3992631044558195,786.8317810599598,Clay
2025-05-05,43897,Francesco Passaro,Chun-Hsin Tseng,P2,3.89608308626443,False,P1,0.34031714498996735,0.6596828550100327,2.647435897435897,1.6070038910505835,-3.89608308626443,782.9356979736954,Clay
2025-05-05,43898,Carlos Taberner,Aleksandar Kovacevic,P2,15.658713959473907,False,P1,0.2737182378768921,0.7262817621231079,1.6571428571428568,2.5217391304347827,-15.658713959473907,767.2769840142215,Clay
2025-05-05,43899,Jordan Thompson,Giovanni Mpetshi Perricard,P2,3.836270457417726,False,P1,0.5002554655075073,0.4997445344924927,1.7990867579908678,2.2514285714285713,-3.836270457417726,763.4407135568038,Clay
2025-05-05,43900,Camilo Ugo Carabelli,Pablo Carreno Busta,P2,10.595032404523122,False,P1,0.3640057295560837,0.6359942704439163,1.9846938775510201,2.0155440414507773,-10.595032404523122,752.8456811522807,Clay
2025-05-05,43901,Otto Virtanen,Hamad Medjedovic,P1,4.521416809239328,True,P1,0.3262875974178314,0.6737124025821686,4.26771653543307,1.306024096385542,14.774708471136385,767.620389623417,Clay
2025-05-05,43902,Jannik Sinner,Mariano Navone,P2,4.227189089875499,False,P1,0.8002183213829994,0.19978167861700058,1.1120246659815005,9.926605504587156,-4.227189089875499,763.3932005335415,Clay
2025-05-05,43903,Marcos Giron,Taylor Fritz,P1,4.167253948550904,True,P1,0.25451532006263733,0.7454846799373627,6.129310344827586,1.1949579831932773,21.375138787825758,784.7683393213673,Clay
2025-05-05,43904,Casper Ruud,Alexander Bublik,P2,2.9222699789368294,False,P1,0.759801484644413,0.240198515355587,1.2181146025878005,5.584745762711864,-2.9222699789368294,781.8460693424305,Clay
2025-05-05,43905,Alex de Minaur,Luca Nardi,P2,0.04337253131578658,False,P1,0.8813739791512489,0.11862602084875107,1.1333333333333333,8.5,-0.04337253131578658,781.8026968111147,Clay
2025-05-05,43906,Tommy Paul,Roberto Bautista Agut,P2,6.586787271485413,False,P1,0.6540350019931793,0.3459649980068207,1.2713347921225382,4.685483870967742,-6.586787271485413,775.2159095396294,Clay
2025-05-05,43907,Jaume Munar,Ben Shelton,P2,8.595287649115951,False,P1,0.3430563807487488,0.6569436192512512,2.268571428571429,1.7882882882882885,-8.595287649115951,766.6206218905135,Clay
2025-05-05,43908,Sebastian Ofner,Frances Tiafoe,P2,4.48643092852145,False,P1,0.38476404547691345,0.6152359545230865,2.294797687861272,1.7723214285714286,-4.48643092852145,762.134190961992,Clay
2025-05-05,43909,Fabian Marozsan,Andrey Rublev,P2,4.169965663548731,False,P1,0.4101613610982895,0.5898386389017105,2.1712707182320443,1.8537735849056602,-4.169965663548731,757.9642252984432,Clay
2025-05-05,43910,Francisco Cerundolo,Nicolas Jarry,P2,3.5984048957824695,False,P1,0.7255122661590576,0.2744877338409424,1.2474645030425964,5.0409836065573765,-3.5984048957824695,754.3658204026608,Clay
2025-05-05,43911,Tomas Machac,Learner Tien,P1,7.038687968213445,True,P1,0.789888046681881,0.21011195331811905,1.3482849604221636,3.8712121212121207,2.451469160433179,756.8172895630939,Clay
2025-05-05,43913,Sebastian Korda,Aleksandar Vukic,P1,6.918681159636917,True,P1,0.7643127664923668,0.2356872335076332,1.4053254437869822,3.4671532846715327,2.804317511450466,759.6216070745444,Clay
2025-05-05,43914,Jesper de Jong,Alejandro Davidovich Fokina,P1,0.3065027914281116,True,P1,0.24950192868709564,0.7504980713129044,4.108527131782946,1.3216957605985038,0.9527722431214942,760.5743793176658,Clay
2025-05-05,43915,Matteo Berrettini,Jacob Fearnley,P1,4.02568482995206,True,P1,0.7559778317809105,0.2440221682190895,1.3753501400560222,3.6641791044776113,1.5110413647439096,762.0854206824098,Clay
2025-05-05,43916,Hubert Hurkacz,Pedro Martinez,P1,8.406709186094881,True,P1,0.6623357534408569,0.33766424655914307,1.7644444444444443,2.308139534883721,6.426462133370308,768.5118828157802,Clay
2025-05-05,43917,Hugo Dellien,Thiago Seyboth Wild,P2,1.5474565904891795,False,P1,0.3448669761419296,0.6551330238580704,2.7828947368421053,1.5608856088560885,-1.5474565904891795,766.9644262252909,Clay
2025-05-05,43918,Alexander Zverev,Camilo Ugo Carabelli,P2,0.4870651301911863,False,P1,0.8769239336252213,0.12307606637477875,1.125866050808314,8.944954128440367,-0.4870651301911863,766.4773610950997,Clay
2025-05-05,43919,Carlos Alcaraz,Dusan Lajovic,P2,0.7413130877101634,False,P1,0.9158147163689137,0.08418528363108635,1.0708024275118004,15.123809523809523,-0.7413130877101634,765.7360480073895,Clay
2025-05-05,43920,Jack Draper,Luciano Darderi,P2,2.778223347315521,False,P1,0.7265187352895737,0.27348126471042633,1.2765486725663715,4.616,-2.778223347315521,762.957824660074,Clay
2025-05-05,43921,Lorenzo Musetti,Otto Virtanen,P2,1.9545307870818371,False,P1,0.8529116660356522,0.14708833396434784,1.112382934443288,9.898148148148145,-1.9545307870818371,761.0032938729922,Clay
2025-05-05,43922,Holger Rune,Francisco Comesana,P2,2.2992603638592946,False,P1,0.6796500831842422,0.32034991681575775,1.3824362606232292,3.6148148148148143,-2.2992603638592946,758.704033509133,Clay
2025-05-05,43923,Daniil Medvedev,Cameron Norrie,P2,4.989179903230712,False,P1,0.6379265487194061,0.36207345128059387,1.3614130434782608,3.7669172932330826,-4.989179903230712,753.7148536059022,Clay
2025-05-05,43924,Arthur Fils,Tallon Griekspoor,P2,6.207072082140395,False,P1,0.5338788777589798,0.4661211222410202,1.5645756457564575,2.7712418300653594,-6.207072082140395,747.5077815237619,Clay
2025-05-05,43925,Francesco Passaro,Grigor Dimitrov,P2,5.613676256260877,False,P1,0.20143475383520126,0.7985652461647987,4.218749999999999,1.3106796116504853,-5.613676256260877,741.894105267501,Clay
2025-05-05,43926,Stefanos Tsitsipas,Alexandre Muller,P2,0.5104118664726826,False,P1,0.7372677028179169,0.26273229718208313,1.337696335078534,3.9612403100775198,-0.5104118664726826,741.3836934010283,Clay
2025-05-05,43929,Alexei Popyrin,Carlos Taberner,P1,9.488833129862211,True,P1,0.7299337089061737,0.2700662910938263,1.569811320754717,2.754966887417219,5.406844538147903,746.7905379391761,Clay
2025-05-05,43930,Vilius Gaubas,Denis Shapovalov,P2,3.703857779035289,False,P1,0.3142346441745758,0.6857653558254242,2.8666666666666667,1.5357142857142856,-3.703857779035289,743.0866801601409,Clay
2025-05-05,43931,Brandon Nakashima,Jordan Thompson,P2,9.222203491938025,False,P1,0.5280214250087738,0.4719785749912262,1.4237804878048779,3.3597122302158278,-9.222203491938025,733.8644766682029,Clay
2025-05-05,43932,Laslo Djere,Alex Michelsen,P1,2.806468265971802,True,P1,0.7052171975374222,0.2947828024625778,1.4688524590163936,3.132867132867133,1.3158195476523535,735.1802962158553,Clay
2025-05-05,43933,Vit Kopriva,Sebastian Baez,P2,3.9397190358939413,False,P1,0.3149913102388382,0.6850086897611618,2.834437086092715,1.5451263537906137,-3.9397190358939413,731.2405771799613,Clay
2025-05-05,43934,Jannik Sinner,Jesper de Jong,P2,1.889866500471946,False,P1,0.8902963772416115,0.10970362275838852,1.0651629072681703,16.346153846153847,-1.889866500471946,729.3507106794893,Clay
2025-05-05,43935,Casper Ruud,Matteo Berrettini,P2,3.7505498041415675,False,P1,0.536966398358345,0.46303360164165497,1.670781893004115,2.4907975460122698,-3.7505498041415675,725.6001608753478,Clay
2025-05-05,43936,Alex de Minaur,Hugo Dellien,P2,2.0051572206530732,False,P1,0.8896570615470409,0.11034293845295906,1.061904761904762,17.153846153846153,-2.0051572206530732,723.5950036546948,Clay
2025-05-05,43937,Tommy Paul,Tomas Machac,P2,3.397683360176086,False,P1,0.5167893469333649,0.48321065306663513,1.7533039647577093,2.327485380116959,-3.397683360176086,720.1973202945187,Clay
2025-05-05,43938,Francisco Cerundolo,Sebastian Ofner,P2,1.9877638803901947,False,P1,0.7805475518107414,0.21945244818925858,1.2104316546762588,5.752136752136751,-1.9877638803901947,718.2095564141285,Clay
2025-05-05,43939,Jakub Mensik,Fabian Marozsan,P1,9.883386793078346,True,P1,0.6911977380514145,0.3088022619485855,1.74235807860262,2.347058823529412,7.337012029796152,725.5465684439247,Clay
2025-05-05,43940,Jaume Munar,Sebastian Korda,P2,8.341855276668383,False,P1,0.35465554893016815,0.6453444510698318,2.1712707182320443,1.8537735849056602,-8.341855276668383,717.2047131672563,Clay
2025-05-05,43941,Hubert Hurkacz,Marcos Giron,P2,3.367455571565926,False,P1,0.5892785638570786,0.41072143614292145,1.5376344086021503,2.86,-3.367455571565926,713.8372575956904,Clay
2025-05-05,43942,Alexander Zverev,Vilius Gaubas,P2,1.0523761412941208,False,P1,0.8933397233486176,0.10666027665138245,1.0863895680521598,12.575471698113207,-1.0523761412941208,712.7848814543963,Clay
2025-05-05,43943,Carlos Alcaraz,Laslo Djere,P2,1.3411149506921363,False,P1,0.8606783896684647,0.13932161033153534,1.1181525241675616,9.463636363636363,-1.3411149506921363,711.4437665037042,Clay
2025-05-05,43944,Jack Draper,Vit Kopriva,P2,0.17451410079566063,False,P1,0.8608163297176361,0.1391836702823639,1.1559888579387188,7.410714285714286,-0.17451410079566063,711.2692524029085,Clay
2025-05-05,43945,Lorenzo Musetti,Brandon Nakashima,P2,4.253852034288746,False,P1,0.7232226133346558,0.27677738666534424,1.2173112338858196,5.601694915254238,-4.253852034288746,707.0154003686197,Clay
2025-05-05,43946,Corentin Moutet,Holger Rune,P1,3.308424325713887,True,P1,0.26845885813236237,0.7315411418676376,5.183333333333333,1.2390438247011952,13.84024176256976,720.8556421311895,Clay
2025-05-05,43947,Daniil Medvedev,Alexei Popyrin,P2,2.8508096328157633,False,P1,0.6626717299222946,0.3373282700777054,1.3896848137535818,3.566176470588235,-2.8508096328157633,718.0048324983737,Clay
2025-05-05,43948,Arthur Fils,Stefanos Tsitsipas,P2,4.063580372702387,False,P1,0.4816678911447525,0.5183321088552475,1.841121495327103,2.188888888888889,-4.063580372702387,713.9412521256713,Clay
2025-05-05,43949,Karen Khachanov,Francesco Passaro,P1,2.6104964682169927,True,P1,0.6959360390901566,0.30406396090984344,1.488215488215488,3.048275862068966,1.2744848077153665,715.2157369333867,Clay
2025-05-05,43950,Casper Ruud,Jaume Munar,P2,0.23304378798207462,False,P1,0.7818132862448692,0.21818671375513077,1.2707423580786024,4.693548387096774,-0.23304378798207462,714.9826931454046,Clay
2025-05-05,43951,Jannik Sinner,Francisco Cerundolo,P2,1.2285274298215392,False,P1,0.7301586121320724,0.26984138786792755,1.3225000000000002,4.10077519379845,-1.2285274298215392,713.7541657155831,Clay
2025-05-05,43952,Alexander Zverev,Arthur Fils,P1,11.400891329703494,True,P1,0.743162602186203,0.256837397813797,1.606177606177606,2.6496815286624202,6.910965014530689,720.6651307301138,Clay
2025-05-05,43953,Carlos Alcaraz,Karen Khachanov,P2,1.5228720551682295,False,P1,0.8684706091880798,0.13152939081192017,1.1027857829010566,10.728971962616821,-1.5228720551682295,719.1422586749455,Clay
2025-05-05,43954,Jack Draper,Corentin Moutet,P2,1.4662294666092817,False,P1,0.830560602247715,0.169439397752285,1.1549100968188104,7.455357142857143,-1.4662294666092817,717.6760292083362,Clay
2025-05-05,43955,Tommy Paul,Alex de Minaur,P2,2.6924508286634112,False,P1,0.3315921276807785,0.6684078723192215,2.789473684210527,1.5588235294117647,-2.6924508286634112,714.9835783796728,Clay
2025-05-05,43956,Lorenzo Musetti,Daniil Medvedev,P2,1.154507975172507,False,P1,0.6120332032442093,0.3879667967557907,1.581132075471698,2.72077922077922,-1.154507975172507,713.8290704045004,Clay
2025-05-05,43957,Hubert Hurkacz,Jakub Mensik,P1,8.479717952304991,True,P1,0.4876978397369385,0.5123021602630615,3.048275862068966,1.488215488215488,17.368801598859193,731.1978720033596,Clay
2025-05-05,43958,Jannik Sinner,Casper Ruud,P2,1.7778722986980566,False,P1,0.7211142033338547,0.2788857966661453,1.3193069306930691,4.1317829457364335,-1.7778722986980566,729.4199997046616,Clay
2025-05-05,43959,Tommy Paul,Hubert Hurkacz,P2,8.687947154019398,False,P1,0.5245623290538788,0.4754376709461212,1.4522292993630572,3.211267605633803,-8.687947154019398,720.7320525506422,Clay
2025-05-05,43960,Lorenzo Musetti,Alexander Zverev,P2,1.3498108119488867,False,P1,0.39648187160491943,0.6035181283950806,2.4277108433734944,1.7004219409282701,-1.3498108119488867,719.3822417386932,Clay
2025-05-05,43961,Carlos Alcaraz,Jack Draper,P2,0.03512034092174494,False,P1,0.7165553867816925,0.2834446132183075,1.3942028985507247,3.536764705882353,-0.03512034092174494,719.3471213977715,Clay
2025-05-05,43962,Jannik Sinner,Tommy Paul,P2,0.2990747279469046,False,P1,0.8850520513951778,0.11494794860482216,1.1204819277108433,9.3,-0.2990747279469046,719.0480466698245,Clay
2025-05-05,43963,Carlos Alcaraz,Lorenzo Musetti,P2,0.15072346481954843,False,P1,0.7103983759880066,0.2896016240119934,1.4017595307917887,3.489051094890511,-0.15072346481954843,718.897323205005,Clay
2025-05-05,43964,Carlos Alcaraz,Jannik Sinner,P1,0.14029306660298896,True,P1,0.4038138687610626,0.5961861312389374,2.4907975460122698,1.670781893004115,0.20914855941427185,719.1064717644193,Clay
2025-05-19,43996,Hubert Hurkacz,Arthur Cazaux,P1,13.486792241254351,True,P1,0.8659381121397018,0.13406188786029816,1.2731277533039649,4.661290322580646,3.683617264131146,722.7900890285505,Clay
2025-05-19,43965,Frances Tiafoe,Yunchaokete Bu,P1,3.7170524447644144,True,P1,0.6716184020042419,0.32838159799575806,1.5773584905660376,2.7320261437908493,2.146071788863982,724.9361608174145,Clay
2025-05-19,43966,Alejandro Davidovich Fokina,Gael Monfils,P2,12.030564766975846,False,P1,0.4693930149078369,0.5306069850921631,1.4233128834355828,3.3623188405797104,-12.030564766975846,712.9055960504386,Clay
2025-05-19,43967,Felix Auger-Aliassime,Daniel Altmaier,P1,11.077918267675486,True,P1,0.7023832201957703,0.29761677980422974,1.7599999999999998,2.3157894736842106,8.419217883433367,721.324813933872,Clay
2025-05-19,43998,Arthur Rinderknech,Miomir Kecmanovic,P1,2.4048712311628355,True,P1,0.3879152536392212,0.6120847463607788,2.9054054054054053,1.524822695035461,4.582254643161619,725.9070685770336,Clay
2025-05-19,43999,Matteo Arnaldi,Hugo Gaston,P2,2.1243542807347313,False,P1,0.6693576127290726,0.33064238727092743,1.4065281899109792,3.4598540145985406,-2.1243542807347313,723.7827142962989,Clay
2025-05-19,43968,Camilo Ugo Carabelli,Sebastian Baez,P2,1.4321252866197562,False,P1,0.39084360003471375,0.6091563999652863,2.457317073170732,1.686192468619247,-1.4321252866197562,722.3505890096791,Clay
2025-05-19,44000,Jacob Fearnley,Dusan Lajovic,P1,4.0985187796738165,True,P1,0.5669940412044525,0.4330059587955475,1.9547738693467334,2.0473684210526315,3.9131586338594215,726.2637476435385,Clay
2025-05-19,44001,Marton Fucsovics,Zizou Bergs,P2,0.7590952263035227,False,P1,0.5552341192960739,0.4447658807039261,1.763392857142857,2.309941520467836,-0.7590952263035227,725.504652417235,Clay
2025-05-19,43970,Tomas Martin Etcheverry,Francisco Comesana,P2,1.3277637644340983,False,P1,0.42438270151615143,0.5756172984838486,2.2701149425287355,1.7873303167420815,-1.3277637644340983,724.1768886528009,Clay
2025-05-19,44002,Quentin Halys,Jaume Munar,P1,3.82526940958577,True,P1,0.39505399763584137,0.6049460023641586,3.0902777777777772,1.4784053156146177,7.995875640870254,732.1727642936712,Clay
2025-05-19,43971,Giovanni Mpetshi Perricard,Alexander Bublik,P2,0.19028907840086426,False,P1,0.45679686963558197,0.543203130364418,2.1777777777777776,1.8490566037735847,-0.19028907840086426,731.9824752152704,Clay
2025-05-19,43972,Alexander Zverev,Aleksandar Kovacevic,P2,1.6937329681051645,False,P1,0.8933598808944225,0.10664011910557747,1.0675675675675675,15.799999999999999,-1.6937329681051645,730.2887422471653,Clay
2025-05-19,44003,Kei Nishikori,Learner Tien,P1,7.805229806794615,True,P1,0.6310707628726959,0.3689292371273041,1.8840579710144931,2.1311475409836067,6.9002756262966916,737.1890178734619,Clay
2025-05-19,43973,Andrey Rublev,Damir Dzumhur,P2,6.928522477303276,False,P1,0.6610420346260071,0.3389579653739929,1.2284069097888677,5.378151260504202,-6.928522477303276,730.2604953961586,Clay
2025-05-19,44004,Cameron Norrie,Dominic Stricker,P2,1.4483930445872855,False,P1,0.697710707783699,0.30228929221630096,1.3764044943820226,3.656716417910447,-1.4483930445872855,728.8121023515713,Clay
2025-05-19,44006,Alexei Popyrin,Nicolas Jarry,P1,2.6026819214493697,True,P1,0.5357112884521484,0.46428871154785156,2.0,2.0,2.6026819214493697,731.4147842730207,Clay
2025-05-19,43975,Roberto Bautista Agut,Marcos Giron,P2,5.815634165460531,False,P1,0.4258926063776016,0.5741073936223984,1.9746192893401011,2.0260416666666665,-5.815634165460531,725.5991501075601,Clay
2025-05-19,44007,Nuno Borges,Alex Michelsen,P1,6.156811493981912,True,P1,0.6444571316242218,0.3555428683757782,1.7488986784140967,2.335294117647059,4.610827991087774,730.209978098648,Clay
2025-05-19,44008,Taylor Fritz,Quentin Halys,P2,1.5610051059385601,False,P1,0.7536457479000092,0.24635425209999084,1.270152505446623,4.701612903225806,-1.5610051059385601,728.6489729927094,Clay
2025-05-19,43977,Jiri Lehecka,Borna Gojo,P1,3.561539024438002,True,P1,0.7073807567358017,0.2926192432641983,1.4799999999999998,3.083333333333333,1.7095387317302402,730.3585117244397,Clay
2025-05-19,43978,Alexandre Muller,Elias Ymer,P1,1.5425613463810692,True,P1,0.70787313580513,0.29212686419487,1.438871473354232,3.278571428571428,0.6769861708255477,731.0354978952653,Clay
2025-05-19,44009,Novak Djokovic,Marton Fucsovics,P1,9.546838314556078,True,P1,0.8218562379479408,0.17814376205205917,1.3177339901477834,4.147286821705426,3.0333550309796418,734.068852926245,Clay
2025-05-19,43979,Francisco Cerundolo,Pedro Martinez,P2,1.6021908818645323,False,P1,0.7889158800244331,0.21108411997556686,1.2122302158273381,5.711864406779661,-1.6021908818645323,732.4666620443804,Clay
2025-05-19,44010,Cameron Norrie,Tomas Machac,P1,0.2836479028824844,True,P1,0.3780602663755417,0.6219397336244583,2.6794871794871793,1.5954198473282442,0.4763830163795571,732.94304506076,Clay
2025-05-19,44011,Alexei Popyrin,Jacob Fearnley,P1,3.395170407690605,True,P1,0.5486489832401276,0.45135101675987244,1.989795918367347,2.010309278350516,3.3605258116937624,736.3035708724537,Clay
2025-05-19,44012,Hubert Hurkacz,Arthur Rinderknech,P1,5.6915734102176785,True,P1,0.7629389762878418,0.2370610237121582,1.3896848137535818,3.566176470588235,2.2179197243255144,738.5214905967792,Clay
2025-05-19,43981,Alexandre Muller,Alexander Zverev,P1,0.20219600130854795,True,P1,0.12787868827581406,0.8721213117241859,8.124999999999998,1.1403508771929822,1.4406465093234038,739.9621371061027,Clay
2025-05-19,44013,Matteo Arnaldi,Fabian Marozsan,P1,0.7904999831103652,True,P1,0.4659738093614578,0.5340261906385422,2.201117318435754,1.832558139534884,0.9494832199370308,740.9116203260397,Clay
2025-05-19,43982,Roberto Bautista Agut,Frances Tiafoe,P1,4.953351063927659,True,P1,0.46143876016139984,0.5385612398386002,2.643312101910828,1.6085271317829455,8.1399017483652,749.0515220744049,Clay
2025-05-19,44014,Sebastian Ofner,Nuno Borges,P2,1.223321716448113,False,P1,0.5049148052930832,0.4950851947069168,1.9158415841584158,2.0918918918918914,-1.223321716448113,747.8282003579568,Clay
2025-05-19,44015,Karen Khachanov,Kei Nishikori,P2,5.880173341752579,False,P1,0.604228675365448,0.395771324634552,1.3947368421052633,3.533333333333333,-5.880173341752579,741.9480270162043,Clay
2025-05-19,43984,Jiri Lehecka,Francisco Cerundolo,P2,2.575416183055401,False,P1,0.2963752746582031,0.7036247253417969,3.13986013986014,1.4673202614379082,-2.575416183055401,739.3726108331489,Clay
2025-05-19,44016,Hubert Hurkacz,Taylor Fritz,P1,0.7302828833364011,True,P1,0.42940911650657654,0.5705908834934235,2.392857142857143,1.7179487179487178,1.0171797303614158,740.3897905635102,Clay
2025-05-19,43985,Flavio Cobolli,Alejandro Davidovich Fokina,P1,3.211757959194341,True,P1,0.3769664019346237,0.6230335980653763,3.146853146853146,1.4657980456026056,6.89517268162701,747.2849632451373,Clay
2025-05-19,43986,Felix Auger-Aliassime,Giovanni Mpetshi Perricard,P2,5.626474851030618,False,P1,0.5688393712043762,0.4311606287956238,1.4932432432432434,3.0273972602739727,-5.626474851030618,741.6584883941067,Clay
2025-05-19,44017,Novak Djokovic,Matteo Arnaldi,P1,13.65339094289159,True,P1,0.8392859920859337,0.16071400791406631,1.3411458333333335,3.9312977099236637,4.6577974310385395,746.3162858251452,Clay
2025-05-19,44018,Sebastian Ofner,Karen Khachanov,P2,1.853770608589928,False,P1,0.331611230969429,0.668388769030571,2.865771812080537,1.535971223021583,-1.853770608589928,744.4625152165553,Clay
2025-05-19,43987,Luciano Darderi,Brandon Nakashima,P2,1.2225007947517748,False,P1,0.5516199767589569,0.4483800232410431,1.7533039647577093,2.327485380116959,-1.2225007947517748,743.2400144218035,Clay
2025-05-19,43988,Tomas Martin Etcheverry,Camilo Ugo Carabelli,P2,1.002602518951234,False,P1,0.5465582609176636,0.4534417390823364,1.780269058295964,2.2816091954022983,-1.002602518951234,742.2374119028523,Clay
2025-05-19,44019,Cameron Norrie,Alexei Popyrin,P1,3.692996236020247,True,P1,0.5063302665948868,0.4936697334051132,2.2134831460674156,1.8240740740740737,4.481388690900973,746.7188005937533,Clay
2025-05-19,43989,Andrey Rublev,Luciano Darderi,P2,6.475907367457714,False,P1,0.5395536720752716,0.4604463279247284,1.5319148936170213,2.8799999999999994,-6.475907367457714,740.2428932262956,Clay
2025-05-19,44020,Novak Djokovic,Cameron Norrie,P1,11.149869767980467,True,P1,0.8662201315164566,0.1337798684835434,1.2367906066536203,5.22314049586777,2.6401844264689553,742.8830776527645,Clay
2025-05-19,44021,Hubert Hurkacz,Sebastian Ofner,P1,3.9515688903189483,True,P1,0.6924972683191299,0.30750273168087006,1.5246478873239437,2.906040268456376,2.073182269920857,744.9562599226854,Clay
2025-05-19,43990,Felix Auger-Aliassime,Alexandre Muller,P2,5.531550556079319,False,P1,0.5721572488546371,0.42784275114536285,1.488215488215488,3.048275862068966,-5.531550556079319,739.4247093666061,Clay
2025-05-19,43991,Flavio Cobolli,Roberto Bautista Agut,P2,4.270024610308365,False,P1,0.5179726481437683,0.4820273518562317,1.7076271186440675,2.413173652694611,-4.270024610308365,735.1546847562977,Clay
2025-05-19,44022,Novak Djokovic,Hubert Hurkacz,P1,3.319964226517721,True,P1,0.7438582628965378,0.2561417371034622,1.3919308357348703,3.551470588235294,1.3011963539089628,736.4558811102066,Clay
2025-05-19,43992,Tomas Martin Etcheverry,Jiri Lehecka,P1,0.43407650490739236,True,P1,0.3865448832511902,0.6134551167488098,2.6369426751592355,1.6108949416342413,0.7105583551668778,737.1664394653735,Clay
2025-05-19,43993,Andrey Rublev,Felix Auger-Aliassime,P2,2.7129955963927777,False,P1,0.5078707933425903,0.49212920665740967,1.8240740740740737,2.2134831460674156,-2.7129955963927777,734.4534438689807,Clay
2025-05-19,43994,Flavio Cobolli,Tomas Martin Etcheverry,P1,7.374582538659026,True,P1,0.5638982802629471,0.4361017197370529,2.201117318435754,1.832558139534884,8.857738803417266,743.311182672398,Clay
2025-05-19,43995,Flavio Cobolli,Andrey Rublev,P1,5.763057346191006,True,P1,0.41405557096004486,0.5859444290399551,3.2624113475177303,1.4420062695924765,13.03840633641795,756.3495890088159,Clay
2025-05-26,44023,Alexander Zverev,Learner Tien,P2,0.7144827345826436,False,P1,0.9093687459826469,0.09063125401735306,1.0788880540946655,13.676190476190476,-0.7144827345826436,755.6351062742333,Clay
2025-05-26,44024,Jack Draper,Mattia Bellucci,P2,3.890227226735478,False,P1,0.8614459484815598,0.13855405151844025,1.0413122721749697,25.205882352941174,-3.890227226735478,751.7448790474978,Clay
2025-05-26,44025,Novak Djokovic,Mackenzie McDonald,P2,0.822728769643555,False,P1,0.93490344658494,0.06509655341506004,1.0462165835976438,22.637254901960784,-0.822728769643555,750.9221502778543,Clay
2025-05-26,44026,Alex de Minaur,Laslo Djere,P2,3.6038602149846075,False,P1,0.7100741267204285,0.28992587327957153,1.2731277533039649,4.661290322580646,-3.6038602149846075,747.3182900628697,Clay
2025-05-26,44027,Cameron Norrie,Daniil Medvedev,P1,6.833267394444022,True,P1,0.3626995384693146,0.6373004615306854,4.544,1.2821670428893905,24.21709964590961,771.5353897087792,Clay
2025-05-26,44029,Andrey Rublev,Lloyd Harris,P2,4.029083494661213,False,P1,0.8101536929607391,0.18984630703926086,1.1054158607350097,10.486238532110091,-4.029083494661213,767.506306214118,Clay
2025-05-26,44030,Jakub Mensik,Alexandre Muller,P2,0.8274826727632508,False,P1,0.6806519031524658,0.3193480968475342,1.4375,3.285714285714286,-0.8274826727632508,766.6788235413547,Clay
2025-05-26,44031,Matteo Arnaldi,Felix Auger-Aliassime,P2,1.9450028531509713,False,P1,0.4528365284204483,0.5471634715795517,2.096256684491978,1.9121951219512194,-1.9450028531509713,764.7338206882038,Clay
2025-05-26,44032,Joao Fonseca,Hubert Hurkacz,P2,15.294676413764076,False,P1,0.24474327266216278,0.7552567273378372,1.8937198067632852,2.1189189189189186,-15.294676413764076,749.4391442744397,Clay
2025-05-26,44033,Alexander Bublik,James Duckworth,P2,7.069476826771321,False,P1,0.6763086318969727,0.32369136810302734,1.199658703071672,6.0085470085470085,-7.069476826771321,742.3696674476685,Clay
2025-05-26,44034,Flavio Cobolli,Marin Cilic,P2,2.4835974693148857,False,P1,0.6418838948011398,0.35811610519886017,1.4536741214057507,3.2042253521126765,-2.4835974693148857,739.8860699783536,Clay
2025-05-26,44035,Jesper de Jong,Francesco Passaro,P2,4.569226913407819,False,P1,0.5602083653211594,0.43979163467884064,1.5645756457564575,2.7712418300653594,-4.569226913407819,735.3168430649457,Clay
2025-05-26,44037,Pierre-Hugues Herbert,Benjamin Bonzi,P1,4.550371000289638,True,P1,0.4648791551589966,0.5351208448410034,2.5687499999999996,1.6374501992031876,7.138394506704367,742.4552375716501,Clay
2025-05-26,44038,Gael Monfils,Hugo Dellien,P1,12.024324872530707,True,P1,0.8158608675003052,0.18413913249969482,1.3743016759776538,3.6716417910447765,4.500724952288032,746.9559625239381,Clay
2025-05-26,44041,Alexander Shevchenko,Dusan Lajovic,P1,5.486809094615406,True,P1,0.43582913279533386,0.5641708672046661,2.952702702702703,1.5121107266435987,10.714106948269276,757.6700694722074,Clay
2025-05-26,44042,Adam Walton,Maximilian Marterer,P1,13.495874221742524,True,P1,0.5171850472688675,0.4828149527311325,3.999999999999999,1.3333333333333333,40.48762266522756,798.157692137435,Clay
2025-05-26,44043,Jannik Sinner,Arthur Rinderknech,P2,1.270206290770402,False,P1,0.9442631527781487,0.05573684722185135,1.0253196289796942,40.4950495049505,-1.270206290770402,796.8874858466646,Clay
2025-05-26,44044,Carlos Alcaraz,Giulio Zeppieri,P2,1.8923094914274494,False,P1,0.9351579360663891,0.06484206393361092,1.0185525349008082,54.9009900990099,-1.8923094914274494,794.9951763552372,Clay
2025-05-26,44045,Daniel Altmaier,Taylor Fritz,P2,15.899903527104744,False,P1,0.1387721449136734,0.8612278550863266,3.8333333333333335,1.352941176470588,-15.899903527104744,779.0952728281325,Clay
2025-05-26,44046,Casper Ruud,Albert Ramos-Vinolas,P2,2.452252584700605,False,P1,0.8858922459185123,0.11410775408148766,1.0577456968350916,18.317307692307693,-2.452252584700605,776.6430202434318,Clay
2025-05-26,44047,Holger Rune,Roberto Bautista Agut,P2,6.766859508772797,False,P1,0.6834964007139206,0.3165035992860794,1.2081128747795415,5.805084745762714,-6.766859508772797,769.876160734659,Clay
2025-05-26,44048,Arthur Fils,Nicolas Jarry,P2,3.8727008978063453,False,P1,0.7509751170873642,0.2490248829126358,1.197635135135135,6.0598290598290605,-3.8727008978063453,766.0034598368527,Clay
2025-05-26,44049,Gabriel Diallo,Francisco Cerundolo,P1,6.933350833998562,True,P1,0.2802690267562866,0.7197309732437134,8.252252252252253,1.137888198757764,50.282409201521105,816.2858690383738,Clay
2025-05-26,44050,Stefanos Tsitsipas,Tomas Martin Etcheverry,P2,2.630888093345484,False,P1,0.740310475230217,0.259689524769783,1.2637130801687761,4.792,-2.630888093345484,813.6549809450283,Clay
2025-05-26,44051,Ugo Humbert,Christopher O'Connell,P2,1.3243972052557997,False,P1,0.6055235862731934,0.39447641372680664,1.5977011494252877,2.673076923076923,-1.3243972052557997,812.3305837397726,Clay
2025-05-26,44052,Sebastian Korda,Luciano Darderi,P1,3.4085133887055803,True,P1,0.5396107584238052,0.46038924157619476,2.010309278350516,1.989795918367347,3.443652701991206,815.7742364417638,Clay
2025-05-26,44053,Karen Khachanov,Aleksandar Vukic,P2,4.004296511016365,False,P1,0.8048575296998024,0.1951424703001976,1.1204819277108433,9.3,-4.004296511016365,811.7699399307475,Clay
2025-05-26,44054,Alexei Popyrin,Yoshihito Nishioka,P2,12.15261358423648,False,P1,0.5748428404331207,0.4251571595668793,1.2187499999999998,5.571428571428571,-12.15261358423648,799.6173263465109,Clay
2025-05-26,44056,Denis Shapovalov,Pedro Martinez,P1,2.219049644779321,True,P1,0.6377899050712585,0.36221009492874146,1.6220472440944884,2.6075949367088613,1.3803537160438302,800.9976800625548,Clay
2025-05-26,44057,Jacob Fearnley,Stan Wawrinka,P2,4.199618987879862,False,P1,0.5912853330373764,0.4087146669626236,1.5138888888888888,2.9459459459459456,-4.199618987879862,796.7980610746749,Clay
2025-05-26,44058,Richard Gasquet,Terence Atmane,P1,10.689785469862672,True,P1,0.5482354313135147,0.4517645686864853,2.613924050632911,1.6196078431372551,17.2525018659176,814.0505629405925,Clay
2025-05-26,44060,Tallon Griekspoor,Marcos Giron,P2,8.000075617210571,False,P1,0.6022005975246429,0.39779940247535706,1.3341902313624678,3.9923076923076914,-8.000075617210571,806.050487323382,Clay
2025-05-26,44061,Miomir Kecmanovic,Sebastian Baez,P1,2.0738553766761028,True,P1,0.4706364721059799,0.5293635278940201,2.262857142857143,1.7918552036199096,2.618983075688107,808.6694703990701,Clay
2025-05-26,44062,Jiri Lehecka,Jordan Thompson,P2,12.56937132278137,False,P1,0.575732633471489,0.42426736652851105,1.1969696969696968,6.0769230769230775,-12.56937132278137,796.1000990762886,Clay
2025-05-26,44063,Filip Misolic,Yunchaokete Bu,P2,2.129737275274911,False,P1,0.569757878780365,0.430242121219635,1.6612244897959183,2.5123456790123457,-2.129737275274911,793.9703618010137,Clay
2025-05-26,44064,Jaume Munar,Camilo Ugo Carabelli,P1,2.598180906524921,True,P1,0.6051516979932785,0.3948483020067215,1.7316017316017311,2.3668639053254434,1.9008336502281877,795.8711954512419,Clay
2025-05-26,44065,Sebastian Ofner,Jan-Lennard Struff,P2,3.158384022696559,False,P1,0.6378226280212402,0.36217737197875977,1.4433962264150944,3.2553191489361706,-3.158384022696559,792.7128114285454,Clay
2025-05-26,44066,Alejandro Tabilo,Arthur Cazaux,P2,4.540023161432553,False,P1,0.541589617729187,0.458410382270813,1.6349206349206347,2.575,-4.540023161432553,788.1727882671128,Clay
2025-05-26,44067,Lorenzo Musetti,Yannick Hanfmann,P2,3.211449124740511,False,P1,0.8497990891337395,0.15020091086626053,1.0808543096872618,13.367924528301886,-3.211449124740511,784.9613391423723,Clay
2025-05-26,44069,Ben Shelton,Lorenzo Sonego,P1,6.765697661215605,True,P1,0.6841461509466171,0.3158538490533829,1.6171874999999998,2.6202531645569613,4.1757040252815045,789.1370431676537,Clay
2025-05-26,44070,Frances Tiafoe,Roman Safiullin,P2,4.60737661389205,False,P1,0.5834179818630219,0.41658201813697815,1.5138888888888888,2.9459459459459456,-4.60737661389205,784.5296665537617,Clay
2025-05-26,44071,Quentin Halys,Tomas Machac,P1,5.544605832032271,True,P1,0.40042440593242645,0.5995755940675735,3.3142857142857145,1.4320987654320987,12.831802068417543,797.3614686221792,Clay
2025-05-26,44072,Mariano Navone,Brandon Nakashima,P2,9.291215911527127,False,P1,0.5030348151922226,0.4969651848077774,1.5246478873239437,2.906040268456376,-9.291215911527127,788.0702527106521,Clay
2025-05-26,44073,Giovanni Mpetshi Perricard,Zizou Bergs,P2,0.5515155174785921,False,P1,0.5119148045778275,0.48808519542217255,1.9261083743842367,2.079787234042553,-0.5515155174785921,787.5187371931735,Clay
2025-05-26,44074,Juan Manuel Cerundolo,Alex Michelsen,P2,6.715559030030619,False,P1,0.4306352585554123,0.5693647414445877,1.9261083743842367,2.079787234042553,-6.715559030030619,780.8031781631429,Clay
2025-05-26,44076,Jenson Brooksby,Jaime Faria,P1,8.753022024540545,True,P1,0.6839356124401093,0.31606438755989075,1.6874999999999998,2.454545454545454,6.017702641871623,786.8208808050146,Clay
2025-05-26,44077,Pablo Carreno Busta,Francisco Comesana,P1,12.577656764390744,True,P1,0.5685560703277588,0.4314439296722412,2.7337662337662336,1.5767790262172285,21.806716598002133,808.6275974030167,Clay
2025-05-26,44078,Damir Dzumhur,Thiago Agustin Tirante,P2,4.205906753439244,False,P1,0.5022885650396347,0.4977114349603653,1.7837837837837835,2.275862068965517,-4.205906753439244,804.4216906495775,Clay
2025-05-26,44079,Marton Fucsovics,Tristan Schoolkate,P2,7.7778130008984085,False,P1,0.7175385653972626,0.2824614346027374,1.124153498871332,9.054545454545453,-7.7778130008984085,796.6438776486791,Clay
2025-05-26,44082,Vit Kopriva,Thiago Monteiro,P2,12.874610874715932,False,P1,0.46602748334407806,0.5339725166559219,1.4522292993630572,3.211267605633803,-12.874610874715932,783.7692667739632,Clay
2025-05-26,44083,Fabian Marozsan,Luca Nardi,P2,3.468275187636578,False,P1,0.7140327394008636,0.28596726059913635,1.2765486725663715,4.616,-3.468275187636578,780.3009915863266,Clay
2025-05-26,44084,Hamad Medjedovic,Kamil Majchrzak,P2,9.819269475208705,False,P1,0.4504634886980057,0.5495365113019943,1.6612244897959183,2.5123456790123457,-9.819269475208705,770.481722111118,Clay
2025-05-26,44085,Emilio Nava,Botic Van De Zandschulp,P2,15.409634442222359,False,P1,0.2668299823999405,0.7331700176000595,2.2316384180790965,1.8119266055045873,-15.409634442222359,755.0720876688956,Clay
2025-05-26,44086,Reilly Opelka,Rinky Hijikata,P1,3.334381956931695,True,P1,0.6947220414876938,0.3052779585123062,1.5034246575342465,2.9863945578231292,1.678610094756709,756.7506977636523,Clay
2025-05-26,44087,Jannik Sinner,Richard Gasquet,P2,1.6430501059234448,False,P1,0.9326854348182678,0.06731456518173218,1.0256150139487699,40.039603960396036,-1.6430501059234448,755.1076476577289,Clay
2025-05-26,44088,Alexander Zverev,Jesper de Jong,P2,3.7108373224109643,False,P1,0.8498452007770538,0.15015479922294617,1.0610328638497653,17.384615384615383,-3.7108373224109643,751.3968103353179,Clay
2025-05-26,44089,Jack Draper,Gael Monfils,P2,5.764477615400854,False,P1,0.7262314856052399,0.27376851439476013,1.1656976744186047,7.035087719298246,-5.764477615400854,745.632332719917,Clay
2025-05-26,44090,Novak Djokovic,Corentin Moutet,P1,5.54686488120422,True,P1,0.9115513153374195,0.08844868466258049,1.1159574468085105,9.623853211009173,0.6432002894162333,746.2755330093332,Clay
2025-05-26,44091,Alexander Bublik,Alex de Minaur,P1,4.969402253661855,True,P1,0.22872017323970795,0.771279826760292,9.072727272727274,1.123873873873874,40.116629102288435,786.3921621116217,Clay
2025-05-26,44092,Arthur Fils,Jaume Munar,P2,2.778673942267104,False,P1,0.7642707899212837,0.23572921007871628,1.2159709618874772,5.630252100840336,-2.778673942267104,783.6134881693546,Clay
2025-05-26,44093,Andrey Rublev,Adam Walton,P2,7.840811849656993,False,P1,0.7606781870126724,0.23932181298732758,1.0515361744301288,20.40384615384615,-7.840811849656993,775.7726763196976,Clay
2025-05-26,44095,Jacob Fearnley,Ugo Humbert,P1,6.137262034894776,True,P1,0.5280948281288147,0.4719051718711853,2.275862068965517,1.7837837837837835,7.830299837624367,783.6029761573219,Clay
2025-05-26,44096,Jiri Lehecka,Alejandro Davidovich Fokina,P1,5.4247724958015935,True,P1,0.5396336019039154,0.4603663980960846,2.1475409836065573,1.8714285714285714,6.22514876567396,789.8281249229958,Clay
2025-05-26,44097,Filip Misolic,Denis Shapovalov,P2,1.960939356843607,False,P1,0.3838832676410675,0.6161167323589325,2.475609756097561,1.6776859504132233,-1.960939356843607,787.8671855661522,Clay
2025-05-26,44098,Flavio Cobolli,Matteo Arnaldi,P1,4.839740668873072,True,P1,0.5804967135190964,0.4195032864809036,1.9166666666666667,2.090909090909091,4.436428946466983,792.3036145126192,Clay
2025-05-26,44099,Joao Fonseca,Pierre-Hugues Herbert,P2,12.461827997447616,False,P1,0.6383580267429352,0.3616419732570648,1.0737359550561798,14.56190476190476,-12.461827997447616,779.8417865151716,Clay
2025-05-26,44100,Tallon Griekspoor,Gabriel Diallo,P1,0.24546276605665007,True,P1,0.6097890883684158,0.39021091163158417,1.6465863453815262,2.546583850931677,0.1587128728318099,780.0004993880034,Clay
2025-05-26,44102,Ethan Quinn,Alexander Shevchenko,P1,5.057850452160157,True,P1,0.5111347883939743,0.4888652116060257,2.2816091954022983,1.780269058295964,6.48218764845813,786.4826870364615,Clay
2025-05-26,44103,Carlos Alcaraz,Fabian Marozsan,P2,2.1435585917408924,False,P1,0.8972315900027752,0.10276840999722481,1.05378590078329,19.592233009708735,-2.1435585917408924,784.3391284447206,Clay
2025-05-26,44104,Nuno Borges,Casper Ruud,P1,4.070892466768794,True,P1,0.19417009502649307,0.8058299049735069,9.91743119266055,1.1121399176954734,36.30190346513089,820.6410319098514,Clay
2025-05-26,44105,Lorenzo Musetti,Daniel Elahi Galan,P2,2.571171806429828,False,P1,0.8905381038784981,0.10946189612150192,1.0525517938352704,20.02884615384615,-2.571171806429828,818.0698601034217,Clay
2025-05-26,44106,Holger Rune,Emilio Nava,P2,0.25730783968848436,False,P1,0.8651927039027214,0.1348072960972786,1.1485411140583555,7.732142857142855,-0.25730783968848436,817.8125522637332,Clay
2025-05-26,44107,Tommy Paul,Marton Fucsovics,P2,5.8194850683397235,False,P1,0.6886394172906876,0.31136058270931244,1.2454728370221329,5.073770491803279,-5.8194850683397235,811.9930671953935,Clay
2025-05-26,44108,Ben Shelton,Hugo Gaston,P2,2.0083076624080354,False,P1,0.6538837403059006,0.3461162596940994,1.4536741214057507,3.2042253521126765,-2.0083076624080354,809.9847595329854,Clay
2025-05-26,44109,Frances Tiafoe,Pablo Carreno Busta,P2,6.640191545478217,False,P1,0.5040838867425919,0.49591611325740814,1.6585365853658534,2.518518518518518,-6.640191545478217,803.3445679875072,Clay
2025-05-26,44111,Sebastian Korda,Jenson Brooksby,P2,13.142822837726419,False,P1,0.4870557636022568,0.5129442363977432,1.38135593220339,3.6222222222222222,-13.142822837726419,790.2017451497808,Clay
2025-05-26,44112,Karen Khachanov,Sebastian Ofner,P2,6.349135155689414,False,P1,0.5762105286121368,0.42378947138786316,1.4565916398713825,3.1901408450704225,-6.349135155689414,783.8526099940914,Clay
2025-05-26,44113,Alexei Popyrin,Alejandro Tabilo,P2,2.212483891526659,False,P1,0.5888651907444,0.4111348092556,1.6023166023166024,2.66025641025641,-2.212483891526659,781.6401261025647,Clay
2025-05-26,44114,Damir Dzumhur,Giovanni Mpetshi Perricard,P1,3.866456026936188,True,P1,0.4444871246814728,0.5555128753185272,2.6075949367088613,1.6220472440944884,6.215695131910076,787.8558212344748,Clay
2025-05-26,44115,Daniel Altmaier,Vit Kopriva,P2,9.842678766024381,False,P1,0.46566668152809143,0.5343333184719086,1.6108949416342413,2.6369426751592355,-9.842678766024381,778.0131424684504,Clay
2025-05-26,44116,Quentin Halys,Miomir Kecmanovic,P1,7.981921273902847,True,P1,0.5325791388750076,0.46742086112499237,2.4277108433734944,1.7004219409282701,11.39587555370467,789.409018022155,Clay
2025-05-26,44117,Hamad Medjedovic,Juan Manuel Cerundolo,P2,6.97358515708382,False,P1,0.5501283705234528,0.44987162947654724,1.4965986394557824,3.0136986301369864,-6.97358515708382,782.4354328650712,Clay
2025-05-26,44118,Mariano Navone,Reilly Opelka,P2,13.090233564558085,False,P1,0.5204940438270569,0.4795059561729431,1.2783964365256124,4.5920000000000005,-13.090233564558085,769.3451993005132,Clay
2025-05-26,44119,Jannik Sinner,Jiri Lehecka,P2,0.8894137787189569,False,P1,0.9065327979624271,0.09346720203757286,1.0775988286969251,13.886792452830186,-0.8894137787189569,768.4557855217943,Clay
2025-05-26,44120,Alexander Zverev,Flavio Cobolli,P2,2.145489942757335,False,P1,0.7642500102519989,0.2357499897480011,1.235408560311284,5.247933884297521,-2.145489942757335,766.310295579037,Clay
2025-05-26,44121,Jack Draper,Joao Fonseca,P1,12.237636709443331,True,P1,0.7832359373569489,0.21676406264305115,1.4673202614379082,3.13986013986014,5.718895586439199,772.0291911654762,Clay
2025-05-26,44122,Novak Djokovic,Filip Misolic,P2,0.046187020086457135,False,P1,0.9089195765554905,0.0910804234445095,1.0988909426987061,11.11214953271028,-0.046187020086457135,771.9830041453897,Clay
2025-05-26,44123,Andrey Rublev,Arthur Fils,P2,8.892300534645829,False,P1,0.44638217985630035,0.5536178201436996,1.7241379310344829,2.380952380952381,-8.892300534645829,763.0907036107438,Clay
2025-05-26,44125,Tallon Griekspoor,Ethan Quinn,P2,2.5743630076187425,False,P1,0.7656545639038086,0.2343454360961914,1.2179487179487178,5.588235294117647,-2.5743630076187425,760.5163406031251,Clay
2025-05-26,44126,Cameron Norrie,Jacob Fearnley,P1,10.298143640348927,True,P1,0.6641689091920853,0.33583109080791473,1.8537735849056602,2.1712707182320443,8.79228301369413,769.3086236168192,Clay
2025-05-26,44127,Carlos Alcaraz,Damir Dzumhur,P2,2.063993507664007,False,P1,0.9359798170626163,0.06402018293738365,1.0110705192073508,91.33,-2.063993507664007,767.2446301091552,Clay
2025-05-26,44128,Lorenzo Musetti,Mariano Navone,P2,1.884059058569066,False,P1,0.8286150768399239,0.17138492316007614,1.147562582345191,7.776785714285713,-1.884059058569066,765.3605710505861,Clay
2025-05-26,44129,Holger Rune,Quentin Halys,P2,6.445592684192569,False,P1,0.688527911901474,0.311472088098526,1.2077464788732395,5.813559322033899,-6.445592684192569,758.9149783663936,Clay
2025-05-26,44130,Tommy Paul,Karen Khachanov,P1,9.04839351532278,True,P1,0.5872548073530197,0.4127451926469803,2.183333333333333,1.8450704225352113,10.707265659798622,769.6222440261922,Clay
2025-05-26,44131,Ben Shelton,Matteo Gigante,P1,4.8726704046641816,True,P1,0.6869032979011536,0.31309670209884644,1.5588235294117647,2.789473684210527,2.7229628731946898,772.3452068993869,Clay
2025-05-26,44132,Frances Tiafoe,Sebastian Korda,P2,5.164304973745671,False,P1,0.41324591636657715,0.5867540836334229,2.096256684491978,1.9121951219512194,-5.164304973745671,767.1809019256413,Clay
2025-05-26,44133,Alexei Popyrin,Nuno Borges,P1,0.1314610981430475,True,P1,0.5359469801187515,0.4640530198812485,1.8714285714285714,2.1475409836065573,0.1145589569532271,767.2954608825945,Clay
2025-05-26,44134,Daniel Altmaier,Hamad Medjedovic,P1,2.1523250813851953,True,P1,0.4267543852329254,0.5732456147670746,2.546583850931677,1.6465863453815262,3.328751212825551,770.62421209542,Clay
2025-05-26,44135,Jannik Sinner,Andrey Rublev,P2,3.2603198903066146,False,P1,0.845326617360115,0.15467338263988495,1.082877247849883,13.066037735849052,-3.2603198903066146,767.3638922051134,Clay
2025-05-26,44136,Alexander Zverev,Tallon Griekspoor,P2,5.271776555385483,False,P1,0.7324178814888,0.26758211851119995,1.17774343122102,6.62608695652174,-5.271776555385483,762.0921156497279,Clay
2025-05-26,44137,Alexander Bublik,Jack Draper,P1,3.361608805222029,True,P1,0.17622070014476776,0.8237792998552322,10.361111111111109,1.1068249258160237,31.468393537772876,793.5605091875008,Clay
2025-05-26,44138,Novak Djokovic,Cameron Norrie,P2,3.539562592989491,False,P1,0.8376834690570831,0.16231653094291687,1.0872756933115824,12.457943925233645,-3.539562592989491,790.0209465945113,Clay
2025-05-26,44139,Carlos Alcaraz,Ben Shelton,P2,2.04351484651711,False,P1,0.8815769217908382,0.11842307820916176,1.0756484149855907,14.219047619047616,-2.04351484651711,787.9774317479942,Clay
2025-05-26,44140,Lorenzo Musetti,Holger Rune,P2,0.6403359335862884,False,P1,0.6460092067718506,0.3539907932281494,1.5228070175438597,2.9127516778523495,-0.6403359335862884,787.3370958144079,Clay
2025-05-26,44141,Tommy Paul,Alexei Popyrin,P1,5.665924543315184,True,P1,0.6452498435974121,0.3547501564025879,1.7076271186440675,2.413173652694611,4.009361859040828,791.3464576734488,Clay
2025-05-26,44142,Frances Tiafoe,Daniel Altmaier,P1,7.638017469130051,True,P1,0.7041141241788864,0.2958858758211136,1.5789473684210527,2.7272727272727275,4.422010113706872,795.7684677871556,Clay
2025-05-26,44143,Jannik Sinner,Alexander Bublik,P2,1.6820019995882693,False,P1,0.9032559916377068,0.09674400836229324,1.060304449648712,17.58252427184466,-1.6820019995882693,794.0864657875674,Clay
2025-05-26,44144,Novak Djokovic,Alexander Zverev,P1,8.021766987016367,True,P1,0.5989727526903152,0.40102724730968475,2.010309278350516,1.989795918367347,8.104465615748497,802.1909314033159,Clay
2025-05-26,44145,Carlos Alcaraz,Tommy Paul,P2,2.3864701309113343,False,P1,0.8226755410432816,0.17732445895671844,1.143222506393862,7.982142857142857,-2.3864701309113343,799.8044612724045,Clay
2025-05-26,44146,Lorenzo Musetti,Frances Tiafoe,P2,3.8115811622150333,False,P1,0.7240458726882935,0.27595412731170654,1.2494887525562373,5.008196721311475,-3.8115811622150333,795.9928801101895,Clay
2025-05-26,44147,Jannik Sinner,Novak Djokovic,P2,9.46543842817652,False,P1,0.5845655500888824,0.41543444991111755,1.3038277511961724,4.291338582677165,-9.46543842817652,786.527441682013,Clay
2025-05-26,44148,Carlos Alcaraz,Lorenzo Musetti,P2,6.980601717626891,False,P1,0.7004479169845581,0.2995520830154419,1.1742424242424243,6.739130434782609,-6.980601717626891,779.5468399643861,Clay
2025-05-26,44149,Carlos Alcaraz,Jannik Sinner,P1,0.6544748900489022,True,P1,0.4895360767841339,0.5104639232158661,2.079787234042553,1.9261083743842367,0.7066936312762081,780.2535335956622,Clay
2025-06-09,44150,Arthur Rinderknech,Denis Shapovalov,P1,1.3634412888865832,True,P1,0.3493545353412628,0.6506454646587372,3.069444444444444,1.483221476510067,2.821566000612512,783.0750995962748,Grass
2025-06-09,44177,Hubert Hurkacz,Roberto Bautista Agut,P1,4.555285501706003,True,P1,0.7509527653455734,0.24904723465442657,1.3924418604651165,3.548148148148148,1.7876847172392758,784.862784313514,Grass
2025-06-09,44178,Daniel Evans,Rinky Hijikata,P1,5.930448468314597,True,P1,0.4646156579256058,0.5353843420743942,2.707792207792208,1.5855513307984792,10.127973682900903,794.9907579964149,Grass
2025-06-09,44151,Alex Michelsen,Gael Monfils,P2,15.899815159928298,False,P1,0.306486114859581,0.693513885140419,1.9068627450980393,2.1027027027027025,-15.899815159928298,779.0909428364866,Grass
2025-06-09,44180,Adrian Mannarino,Christopher O'Connell,P2,4.627065042074969,False,P1,0.5038707405328751,0.49612925946712494,1.7488986784140967,2.335294117647059,-4.627065042074969,774.4638777944117,Grass
2025-06-09,44153,Marton Fucsovics,Yannick Hanfmann,P1,1.2023555337658054,True,P1,0.6430184245109558,0.3569815754890442,1.5833333333333335,2.7142857142857144,0.7013740613633866,775.1652518557751,Grass
2025-06-09,44154,Quentin Halys,Lorenzo Sonego,P2,2.4837594395943055,False,P1,0.5638608932495117,0.4361391067504883,1.6598360655737707,2.515527950310559,-2.4837594395943055,772.6814924161807,Grass
2025-06-09,44182,Mackenzie McDonald,Mattia Bellucci,P1,0.36881131346996826,True,P1,0.5934704840183258,0.4065295159816742,1.6962025316455698,2.436363636363637,0.2567673701373197,772.9382597863181,Grass
2025-06-09,44155,Pierre-Hugues Herbert,Damir Dzumhur,P2,6.723969108514729,False,P1,0.5365239977836609,0.4634760022163391,1.5395683453237412,2.853333333333333,-6.723969108514729,766.2142906778033,Grass
2025-06-09,44183,Reilly Opelka,Jesper de Jong,P1,1.475200935018194,True,P1,0.5764559060335159,0.42354409396648407,1.7873303167420815,2.2701149425287355,1.1614704194260896,767.3757610972294,Grass
2025-06-09,44156,Corentin Moutet,Fabio Fognini,P2,8.794533939333895,False,P1,0.5620012134313583,0.43799878656864166,1.3715083798882683,3.691729323308271,-8.794533939333895,758.5812271578956,Grass
2025-06-09,44157,Learner Tien,Yoshihito Nishioka,P2,15.171624543157911,False,P1,0.37142008543014526,0.6285799145698547,1.5034482758620689,2.986301369863013,-15.171624543157911,743.4096026147377,Grass
2025-06-09,44184,Otto Virtanen,Tomas Martin Etcheverry,P2,7.62113207492002,False,P1,0.4886145740747452,0.5113854259252548,1.626984126984127,2.5949367088607596,-7.62113207492002,735.7884705398176,Grass
2025-06-09,44185,Jordan Thompson,Aleksandar Kovacevic,P2,0.4684968539704471,False,P1,0.6700093597173691,0.3299906402826309,1.4735099337748345,3.1118881118881125,-0.4684968539704471,735.3199736858471,Grass
2025-06-09,44158,Brandon Nakashima,Jacob Fearnley,P2,0.07347214100370655,False,P1,0.5105458199977875,0.4894541800022125,1.9547738693467334,2.0473684210526315,-0.07347214100370655,735.2465015448435,Grass
2025-06-09,44186,Nuno Borges,Nishesh Basavareddy,P1,6.272119022870331,True,P1,0.6755453050136566,0.3244546949863434,1.6425702811244978,2.5562500000000004,4.030277283772099,739.2767788286155,Grass
2025-06-09,44159,Jiri Lehecka,Benjamin Bonzi,P1,1.6713446219316324,True,P1,0.6952362507581711,0.3047637492418289,1.4688524590163936,3.132867132867133,0.7836140358564705,740.060392864472,Grass
2025-06-09,44160,Giovanni Mpetshi Perricard,Roman Safiullin,P2,5.45600525523646,False,P1,0.5149502158164978,0.4850497841835022,1.6556016597510372,2.5253164556962022,-5.45600525523646,734.6043876092355,Grass
2025-06-09,44187,Nicolas Jarry,Luciano Darderi,P2,6.787707086954394,False,P1,0.5010503828525543,0.4989496171474457,1.626984126984127,2.5949367088607596,-6.787707086954394,727.8166805222811,Grass
2025-06-09,44188,Gabriel Diallo,Aleksandar Vukic,P2,4.257681953522905,False,P1,0.5236657559871674,0.47633424401283264,1.686192468619247,2.457317073170732,-4.257681953522905,723.5589985687582,Grass
2025-06-09,44161,Jan-Lennard Struff,Matteo Arnaldi,P1,0.866070478160839,True,P1,0.5031875520944595,0.49681244790554047,2.0366492146596857,1.9646464646464645,0.8978112810253723,724.4568098497836,Grass
2025-06-09,44162,Alexander Zverev,Corentin Moutet,P2,5.195963336331979,False,P1,0.7715241312980652,0.22847586870193481,1.1102123356926188,10.073394495412844,-5.195963336331979,719.2608465134516,Grass
2025-06-09,44189,Daniil Medvedev,Adrian Mannarino,P2,1.5525841167081498,False,P1,0.7134082168340683,0.2865917831659317,1.341207349081365,3.930769230769231,-1.5525841167081498,717.7082623967434,Grass
2025-06-09,44190,Ugo Humbert,Daniel Evans,P2,2.6614787177781527,False,P1,0.6780755817890167,0.3219244182109833,1.3653846153846154,3.7368421052631584,-2.6614787177781527,715.0467836789652,Grass
2025-06-09,44163,Felix Auger-Aliassime,Giovanni Mpetshi Perricard,P2,1.0566252559818148,False,P1,0.5548897683620453,0.4451102316379547,1.7488986784140967,2.335294117647059,-1.0566252559818148,713.9901584229834,Grass
2025-06-09,44191,Zizou Bergs,Alexei Popyrin,P2,1.8627566010950707,False,P1,0.4062090963125229,0.5937909036874771,2.333333333333333,1.75,-1.8627566010950707,712.1274018218884,Grass
2025-06-09,44164,Brandon Nakashima,Learner Tien,P2,4.907644176735845,False,P1,0.6014702916145325,0.39852970838546753,1.4334365325077403,3.307142857142857,-4.907644176735845,707.2197576451525,Grass
2025-06-09,44193,Reilly Opelka,Nicolas Jarry,P2,1.4798230066679707,False,P1,0.5217412412166595,0.47825875878334045,1.8364485981308412,2.195530726256983,-1.4798230066679707,705.7399346384846,Grass
2025-06-09,44166,Taylor Fritz,Quentin Halys,P2,2.315626386149568,False,P1,0.6427694708108902,0.3572305291891098,1.4536741214057507,3.2042253521126765,-2.315626386149568,703.424308252335,Grass
2025-06-09,44167,Ben Shelton,Pierre-Hugues Herbert,P2,3.477509866336023,False,P1,0.6609463095664978,0.3390536904335022,1.3633879781420766,3.7518796992481214,-3.477509866336023,699.9467983859989,Grass
2025-06-09,44194,Karen Khachanov,Mackenzie McDonald,P2,1.1085653794443036,False,P1,0.6321005821228027,0.36789941787719727,1.5319148936170213,2.8799999999999994,-1.1085653794443036,698.8382330065547,Grass
2025-06-09,44168,Jiri Lehecka,Jan-Lennard Struff,P2,1.6268970242321763,False,P1,0.6216163039207458,0.37838369607925415,1.5338078291814947,2.873333333333333,-1.6268970242321763,697.2113359823225,Grass
2025-06-09,44195,Gabriel Diallo,Jordan Thompson,P1,2.133425232374784,True,P1,0.4155059903860092,0.5844940096139908,2.6496815286624202,1.606177606177606,3.5194721986310133,700.7308081809534,Grass
2025-06-09,44196,Nuno Borges,Otto Virtanen,P2,8.792470990989228,False,P1,0.4667983651161194,0.5332016348838806,1.6046511627906976,2.6538461538461537,-8.792470990989228,691.9383371899642,Grass
2025-06-09,44169,Marton Fucsovics,Arthur Rinderknech,P1,3.3875542231289497,True,P1,0.6729407161474228,0.3270592838525772,1.5687732342007437,2.758169934640523,1.9267501715194404,693.8650873614836,Grass
2025-06-09,44170,Alexander Zverev,Brandon Nakashima,P1,5.106951927526051,True,P1,0.7818038985133171,0.2181961014866829,1.3438320209973753,3.9083969465648853,1.7559336023777234,695.6210209638613,Grass
2025-06-09,44197,Reilly Opelka,Daniil Medvedev,P1,1.3634338539847886,True,P1,0.2893494665622711,0.7106505334377289,3.840909090909091,1.352,3.873391630638604,699.4944125944999,Grass
2025-06-09,44171,Taylor Fritz,Marton Fucsovics,P2,4.635046922381829,False,P1,0.6138483881950378,0.38615161180496216,1.4131736526946106,3.420289855072464,-4.635046922381829,694.8593656721181,Grass
2025-06-09,44198,Ugo Humbert,Nuno Borges,P2,3.5232615063472976,False,P1,0.6225530058145523,0.3774469941854477,1.4433962264150944,3.2553191489361706,-3.5232615063472976,691.3361041657707,Grass
2025-06-09,44172,Ben Shelton,Jiri Lehecka,P2,2.058631271855918,False,P1,0.47504521906375885,0.5249547809362411,1.979695431472081,2.0207253886010363,-2.058631271855918,689.2774728939148,Grass
2025-06-09,44199,Gabriel Diallo,Karen Khachanov,P2,3.628377356302318,False,P1,0.36141374707221985,0.6385862529277802,2.475609756097561,1.6776859504132233,-3.628377356302318,685.6490955376125,Grass
2025-06-09,44200,Zizou Bergs,Mark Lajal,P2,1.9891203026642164,False,P1,0.502228319644928,0.497771680355072,1.8755980861244024,2.14207650273224,-1.9891203026642164,683.6599752349483,Grass
2025-06-09,44201,Gabriel Diallo,Ugo Humbert,P1,5.173393951654396,True,P1,0.46882686018943787,0.5311731398105621,2.673076923076923,1.5977011494252877,8.6554860344987,692.315461269447,Grass
2025-06-09,44174,Alexander Zverev,Ben Shelton,P1,8.585646515340105,True,P1,0.7039910703897476,0.2960089296102524,1.6491935483870968,2.540372670807453,5.573746326490955,697.889207595938,Grass
2025-06-09,44175,Taylor Fritz,Felix Auger-Aliassime,P1,0.38023021465155254,True,P1,0.6115959733724594,0.3884040266275406,1.6465863453815262,2.546583850931677,0.24585166489518057,698.1350592608333,Grass
2025-06-09,44202,Zizou Bergs,Reilly Opelka,P1,3.369769360929607,True,P1,0.4792063981294632,0.5207936018705368,2.36094674556213,1.7347826086956524,4.5860766450521275,702.7211359058854,Grass
2025-06-09,44203,Gabriel Diallo,Zizou Bergs,P2,3.419197564888331,False,P1,0.5641793310642242,0.43582066893577576,1.6,2.6666666666666665,-3.419197564888331,699.301938340997,Grass
2025-06-09,44176,Taylor Fritz,Alexander Zverev,P1,1.2288592572020562,True,P1,0.43497343361377716,0.5650265663862228,2.413173652694611,1.7076271186440675,1.7365915251478161,701.0385298661448,Grass
2025-06-16,44235,Alexander Zverev,Marcos Giron,P2,1.5145800817422457,False,P1,0.8176652565598488,0.18233474344015121,1.1701492537313434,6.877192982456142,-1.5145800817422457,699.5239497844026,Grass
2025-06-16,44204,Carlos Alcaraz,Adam Walton,P2,1.6245242477721973,False,P1,0.9202101193368435,0.07978988066315651,1.036234458259325,28.598039215686274,-1.6245242477721973,697.8994255366304,Grass
2025-06-16,44205,Jack Draper,Jenson Brooksby,P2,6.777494799573309,False,P1,0.7323350459337234,0.26766495406627655,1.1002811621368325,10.97196261682243,-6.777494799573309,691.121930737057,Grass
2025-06-16,44236,Karen Khachanov,Zizou Bergs,P2,1.4491261664806017,False,P1,0.6082223504781723,0.3917776495218277,1.5751879699248121,2.738562091503268,-1.4491261664806017,689.6728045705764,Grass
2025-06-16,44237,Jannik Sinner,Yannick Hanfmann,P2,2.551497752238287,False,P1,0.8883628360927105,0.1116371639072895,1.0423764021603656,24.598039215686274,-2.551497752238287,687.1213068183381,Grass
2025-06-16,44206,Corentin Moutet,Taylor Fritz,P1,1.891970935456143,True,P1,0.2054288014769554,0.7945711985230446,6.28448275862069,1.1892332789559545,9.998087788229446,697.1193946065675,Grass
2025-06-16,44207,Jiri Lehecka,Alex de Minaur,P1,7.07961465304628,True,P1,0.4495171457529068,0.5504828542470932,3.234042553191489,1.4476190476190474,15.816160395103388,712.9355550016709,Grass
2025-06-16,44238,Andrey Rublev,Sebastian Ofner,P1,3.754382099844147,True,P1,0.689260944724083,0.31073905527591705,1.5321428571428573,2.879194630872483,1.9978676174170642,714.933422619088,Grass
2025-06-16,44208,Arthur Rinderknech,Ben Shelton,P1,2.446044310709113,True,P1,0.2626364380121231,0.7373635619878769,4.796747967479675,1.2633832976445396,9.287013765050048,724.220436384138,Grass
2025-06-16,44239,Alex Michelsen,Francisco Cerundolo,P2,10.023251410249,False,P1,0.36996549367904663,0.6300345063209534,1.9547738693467334,2.0473684210526315,-10.023251410249,714.197184973889,Grass
2025-06-16,44240,Denis Shapovalov,Ugo Humbert,P2,0.9879948776804426,False,P1,0.4139149338006973,0.5860850661993027,2.3491124260355027,1.7412280701754383,-0.9879948776804426,713.2091900962085,Grass
2025-06-16,44209,Gabriel Diallo,Billy Harris,P1,12.398230125456,True,P1,0.7855165377259254,0.21448346227407455,1.4898648648648647,3.0413793103448277,6.073457324969998,719.2826474211786,Grass
2025-06-16,44210,Jaume Munar,Jordan Thompson,P1,2.330700198607616,True,P1,0.33144429326057434,0.6685557067394257,3.50735294117647,1.3988269794721404,5.8438879979793885,725.126535419158,Grass
2025-06-16,44241,Tomas Machac,Jesper de Jong,P2,6.835610590146066,False,P1,0.5512863099575043,0.4487136900424957,1.4719471947194718,3.118881118881119,-6.835610590146066,718.2909248290119,Grass
2025-06-16,44242,Felix Auger-Aliassime,Laslo Djere,P2,2.2050223331767684,False,P1,0.6913068741559982,0.30869312584400177,1.3577235772357723,3.7954545454545445,-2.2050223331767684,716.0859024958352,Grass
2025-06-16,44211,Brandon Nakashima,Giovanni Mpetshi Perricard,P2,3.9528647844798828,False,P1,0.5514215379953384,0.44857846200466156,1.61328125,2.630573248407643,-3.9528647844798828,712.1330377113553,Grass
2025-06-16,44212,Reilly Opelka,Camilo Ugo Carabelli,P2,2.6506807154032686,False,P1,0.7520147264003754,0.24798527359962463,1.2307692307692306,5.333333333333333,-2.6506807154032686,709.482356995952,Grass
2025-06-16,44243,Flavio Cobolli,Joao Fonseca,P1,10.705063622395667,True,P1,0.5596302151679993,0.44036978483200073,2.707792207792208,1.5855513307984792,18.282024238247146,727.7643812341992,Grass
2025-06-16,44213,Alexei Popyrin,Aleksandar Vukic,P2,1.2712218361738457,False,P1,0.5689562410116196,0.43104375898838043,1.6962025316455698,2.436363636363637,-1.2712218361738457,726.4931593980253,Grass
2025-06-16,44244,Tomas Martin Etcheverry,Pedro Martinez,P2,2.211555162579203,False,P1,0.6536585092544556,0.34634149074554443,1.4367088607594936,3.2898550724637685,-2.211555162579203,724.2816042354461,Grass
2025-06-16,44245,Lorenzo Sonego,Jan-Lennard Struff,P1,2.583968147563791,True,P1,0.48382288217544556,0.5161771178245544,2.2514285714285713,1.7990867579908678,3.2336515675226867,727.5152558029688,Grass
2025-06-16,44214,Holger Rune,Christopher O'Connell,P1,1.9254442309723747,True,P1,0.7928810864686966,0.2071189135313034,1.2799097065462754,4.572580645161291,0.5389505296626964,728.0542063326315,Grass
2025-06-16,44215,Daniel Evans,Frances Tiafoe,P1,0.9446362087751339,True,P1,0.2541865110397339,0.7458134889602661,4.26771653543307,1.306024096385542,3.086803359383311,731.1410096920148,Grass
2025-06-16,44246,Daniil Medvedev,Daniel Altmaier,P1,13.064316295093027,True,P1,0.8806970044970512,0.11930299550294876,1.2279693486590038,5.386554621848739,2.9782636764675665,734.1192733684824,Grass
2025-06-16,44216,Jakub Mensik,Cameron Norrie,P1,1.6628284672039257,True,P1,0.597011610865593,0.40298838913440704,1.7304347826086959,2.3690476190476186,1.2145877499576505,735.33386111844,Grass
2025-06-16,44247,Alexander Bublik,Alexandre Muller,P2,5.558839335026624,False,P1,0.6098576635122299,0.3901423364877701,1.3918128654970758,3.5522388059701484,-5.558839335026624,729.7750217834134,Grass
2025-06-16,44248,Quentin Halys,Benjamin Bonzi,P2,0.6990898599596728,False,P1,0.5657747536897659,0.43422524631023407,1.7336244541484718,2.3630952380952377,-0.6990898599596728,729.0759319234537,Grass
2025-06-16,44217,Roberto Bautista Agut,Nuno Borges,P1,4.783189476887274,True,P1,0.6163222193717957,0.38367778062820435,1.7909090909090908,2.264367816091954,3.7830680408108432,732.8589999642645,Grass
2025-06-16,44249,Fabian Marozsan,Miomir Kecmanovic,P2,5.354544573750766,False,P1,0.42693622410297394,0.5730637758970261,2.0,2.0,-5.354544573750766,727.5044553905137,Grass
2025-06-16,44218,Jacob Fearnley,Alex Bolt,P2,2.2516601321407568,False,P1,0.6467511206865311,0.35324887931346893,1.450479233226837,3.2198581560283692,-2.2516601321407568,725.252795258373,Grass
2025-06-16,44250,Stefanos Tsitsipas,Luciano Darderi,P2,1.0214315214923764,False,P1,0.7279362380504608,0.2720637619495392,1.3350515463917525,3.984615384615384,-1.0214315214923764,724.2313637368807,Grass
2025-06-16,44219,Mackenzie McDonald,Gael Monfils,P2,4.113960019997921,False,P1,0.4148581922054291,0.5851418077945709,2.1366120218579234,1.879807692307692,-4.113960019997921,720.1174037168828,Grass
2025-06-16,44251,Alexander Bublik,Jannik Sinner,P2,2.323552909426825,False,P1,0.14111081510782242,0.8588891848921776,6.629310344827586,1.1776416539050536,-2.323552909426825,717.793850807456,Grass
2025-06-16,44220,Carlos Alcaraz,Jaume Munar,P2,1.3123279558749072,False,P1,0.9136098511517048,0.08639014884829521,1.054535920293655,19.336538461538463,-1.3123279558749072,716.4815228515811,Grass
2025-06-16,44221,Jacob Fearnley,Corentin Moutet,P2,8.273396874550045,False,P1,0.4644414335489273,0.5355585664510727,1.6558704453441293,2.524691358024691,-8.273396874550045,708.208125977031,Grass
2025-06-16,44252,Alexander Zverev,Lorenzo Sonego,P2,0.9605984888826171,False,P1,0.8494729772210121,0.15052702277898788,1.14526588845655,7.88392857142857,-0.9605984888826171,707.2475274881484,Grass
2025-06-16,44253,Tomas Martin Etcheverry,Andrey Rublev,P1,1.0683712508743906,True,P1,0.24030479043722153,0.7596952095627785,4.616,1.2765486725663715,3.863230443161796,711.1107579313102,Grass
2025-06-16,44222,Jiri Lehecka,Gabriel Diallo,P2,4.7077876127339096,False,P1,0.5430260896682739,0.4569739103317261,1.5977011494252877,2.673076923076923,-4.7077876127339096,706.4029703185763,Grass
2025-06-16,44223,Arthur Rinderknech,Reilly Opelka,P2,2.1584651548199267,False,P1,0.43002529442310333,0.5699747055768967,2.183333333333333,1.8450704225352113,-2.1584651548199267,704.2445051637563,Grass
2025-06-16,44254,Tomas Machac,Fabian Marozsan,P1,4.887067569704231,True,P1,0.590319037437439,0.40968096256256104,1.9073170731707316,2.102150537634408,4.434119843731644,708.678625007488,Grass
2025-06-16,44224,Jack Draper,Alexei Popyrin,P2,3.1709942527144506,False,P1,0.7720062136650085,0.22799378633499146,1.1794071762870515,6.573913043478262,-3.1709942527144506,705.5076307547736,Grass
2025-06-16,44255,Karen Khachanov,Felix Auger-Aliassime,P1,3.8432688775426227,True,P1,0.47819431126117706,0.5218056887388229,2.413173652694611,1.7076271186440675,5.431206317964425,710.938837072738,Grass
2025-06-16,44225,Holger Rune,Mackenzie McDonald,P2,0.6479950440412677,False,P1,0.6907981634140015,0.30920183658599854,1.4212121212121214,3.3741007194244608,-0.6479950440412677,710.2908420286967,Grass
2025-06-16,44256,Flavio Cobolli,Denis Shapovalov,P1,6.565021639741611,True,P1,0.5185989141464233,0.48140108585357666,2.4424242424242424,1.6932773109243697,9.46954636520305,719.7603883938998,Grass
2025-06-16,44257,Daniil Medvedev,Quentin Halys,P1,5.681362308358597,True,P1,0.7173667103052139,0.28263328969478607,1.5051546391752577,2.9795918367346936,2.8699665269027963,722.6303549208026,Grass
2025-06-16,44226,Roberto Bautista Agut,Jakub Mensik,P1,0.433924773245958,True,P1,0.3685249984264374,0.6314750015735626,2.7712418300653594,1.5645756457564575,0.7685857094748668,723.3989406302775,Grass
2025-06-16,44258,Alex Michelsen,Stefanos Tsitsipas,P2,14.46797881260555,False,P1,0.32640019059181213,0.6735998094081879,1.7999999999999998,2.25,-14.46797881260555,708.9309618176719,Grass
2025-06-16,44227,Brandon Nakashima,Daniel Evans,P2,2.396488580997949,False,P1,0.6453451961278915,0.35465480387210846,1.444794952681388,3.24822695035461,-2.396488580997949,706.534473236674,Grass
2025-06-16,44228,Carlos Alcaraz,Arthur Rinderknech,P1,1.5839129447788707,True,P1,0.8807388171553612,0.11926118284463882,1.1426735218508997,8.009009009009008,0.22598243813683103,706.7604556748108,Grass
2025-06-16,44259,Alexander Zverev,Flavio Cobolli,P2,3.5887480193484222,False,P1,0.7732339575886726,0.22676604241132736,1.1619318181818181,7.175438596491228,-3.5887480193484222,703.1717076554625,Grass
2025-06-16,44229,Jack Draper,Brandon Nakashima,P2,2.416578684546518,False,P1,0.752119705080986,0.24788029491901398,1.2381889763779528,5.198347107438017,-2.416578684546518,700.755128970916,Grass
2025-06-16,44260,Daniil Medvedev,Alex Michelsen,P1,7.6121691620911776,True,P1,0.7507074251770973,0.24929257482290268,1.4673202614379082,3.13986013986014,3.5573208829380314,704.312449853854,Grass
2025-06-16,44230,Roberto Bautista Agut,Holger Rune,P1,5.092640175456984,True,P1,0.3757055252790451,0.6242944747209549,3.7014925373134324,1.3701657458563536,13.757729429219612,718.0701792830736,Grass
2025-06-16,44261,Alexander Bublik,Tomas Machac,P2,2.114103362639241,False,P1,0.5859358757734299,0.41406412422657013,1.606177606177606,2.6496815286624202,-2.114103362639241,715.9560759204344,Grass
2025-06-16,44231,Jiri Lehecka,Jacob Fearnley,P1,5.650944850677749,True,P1,0.699517160654068,0.300482839345932,1.554744525547445,2.8026315789473686,3.1348307200840053,719.0909066405184,Grass
2025-06-16,44262,Karen Khachanov,Tomas Martin Etcheverry,P1,2.6231984870147973,True,P1,0.7367899566888809,0.2632100433111191,1.3965014577259474,3.5220588235294117,1.0401020240058667,720.1310086645242,Grass
2025-06-16,44263,Daniil Medvedev,Alexander Zverev,P2,2.0988167638125548,False,P1,0.41853784024715424,0.5814621597528458,2.25,1.7999999999999998,-2.0988167638125548,718.0321919007116,Grass
2025-06-16,44232,Carlos Alcaraz,Roberto Bautista Agut,P2,0.37468924132766995,False,P1,0.8673681765794754,0.1326318234205246,1.140880503144654,8.098214285714285,-0.37468924132766995,717.6575026593839,Grass
2025-06-16,44264,Alexander Bublik,Karen Khachanov,P2,10.051739051969786,False,P1,0.4365004003047943,0.5634995996952057,1.6491935483870968,2.540372670807453,-10.051739051969786,707.6057636074141,Grass
2025-06-16,44233,Jiri Lehecka,Jack Draper,P1,1.9450566472045834,True,P1,0.39216747879981995,0.60783252120018,2.8026315789473686,1.554744525547445,3.506220535092473,711.1119841425066,Grass
2025-06-16,44265,Alexander Bublik,Daniil Medvedev,P2,5.155501687238242,False,P1,0.3500627279281616,0.6499372720718384,2.4424242424242424,1.6932773109243697,-5.155501687238242,705.9564824552683,Grass
2025-06-16,44234,Carlos Alcaraz,Jiri Lehecka,P1,5.052220789337525,True,P1,0.8120901808142662,0.1879098191857338,1.2808988764044942,4.56,1.4191631430723375,707.3756455983406,Grass
2025-06-23,44266,Roberto Bautista Agut,Tomas Martin Etcheverry,P1,2.448857251446024,True,P1,0.6349952220916748,0.3650047779083252,1.6451612903225807,2.55,1.5799079041587254,708.9555535024994,Grass
2025-06-23,44293,Jacob Fearnley,Flavio Cobolli,P2,10.26852940133472,False,P1,0.4028141051530838,0.5971858948469162,1.763392857142857,2.309941520467836,-10.26852940133472,698.6870241011646,Grass
2025-06-23,44267,Brandon Holt,Benjamin Bonzi,P2,10.73363105806491,False,P1,0.29914140701293945,0.7008585929870605,2.3157894736842106,1.7599999999999998,-10.73363105806491,687.9533930430997,Grass
2025-06-23,44295,Jenson Brooksby,Francisco Comesana,P2,0.3734259388842507,False,P1,0.6375524401664734,0.3624475598335266,1.5514705882352942,2.8133333333333335,-0.3734259388842507,687.5799671042155,Grass
2025-06-23,44268,Bernard Tomic,Rinky Hijikata,P2,2.1041305537467703,False,P1,0.35774509608745575,0.6422549039125443,2.6242038216560504,1.615686274509804,-2.1041305537467703,685.4758365504687,Grass
2025-06-23,44296,James Duckworth,Aleksandar Vukic,P1,2.31954870960726,True,P1,0.4009607136249542,0.5990392863750458,2.7973856209150325,1.5563636363636362,4.169123497660107,689.6449600481287,Grass
2025-06-23,44269,Roman Safiullin,Alexandre Muller,P2,4.39067701891571,False,P1,0.5197033137083054,0.48029668629169464,1.6791666666666667,2.4723926380368098,-4.39067701891571,685.254283029213,Grass
2025-06-23,44297,Marcos Giron,Luciano Darderi,P2,5.181124365612018,False,P1,0.518815666437149,0.48118433356285095,1.6360000000000001,2.5723270440251573,-5.181124365612018,680.0731586636009,Grass
2025-06-23,44270,Gabriel Diallo,Jaume Munar,P1,6.861257338645664,True,P1,0.6779458820819855,0.3220541179180145,1.6763485477178421,2.478527607361963,4.640601436511381,684.7137601001123,Grass
2025-06-23,44271,Hamad Medjedovic,Nishesh Basavareddy,P2,7.632700922317553,False,P1,0.4490514546632767,0.5509485453367233,1.7304347826086959,2.3690476190476186,-7.632700922317553,677.0810591777947,Grass
2025-06-23,44298,Billy Harris,Cameron Norrie,P1,0.3952046875015404,True,P1,0.29914870858192444,0.7008512914180756,3.4379562043795615,1.4101796407185627,0.9634917198942662,678.044550897689,Grass
2025-06-23,44272,Corentin Moutet,Pedro Martinez,P2,1.0313771756708157,False,P1,0.7262475341558456,0.27375246584415436,1.3350515463917525,3.984615384615384,-1.0313771756708157,677.0131737220181,Grass
2025-06-23,44273,Ethan Quinn,Camilo Ugo Carabelli,P2,7.554347571958097,False,P1,0.5355699360370636,0.4644300639629364,1.450479233226837,3.2198581560283692,-7.554347571958097,669.45882615006,Grass
2025-06-23,44300,Alejandro Davidovich Fokina,Chun-Hsin Tseng,P2,3.9005876516988947,False,P1,0.6418683081865311,0.35813169181346893,1.3764044943820226,3.656716417910447,-3.9005876516988947,665.5582384983611,Grass
2025-06-23,44301,Mattia Bellucci,Quentin Halys,P2,8.071497285855797,False,P1,0.32434964179992676,0.6756503582000732,2.335294117647059,1.7488986784140967,-8.071497285855797,657.4867412125053,Grass
2025-06-23,44274,Arthur Rinderknech,Damir Dzumhur,P2,7.323191177928844,False,P1,0.5772014260292053,0.4227985739707947,1.3465608465608467,3.8854961832061066,-7.323191177928844,650.1635500345765,Grass
2025-06-23,44302,Daniel Evans,Miomir Kecmanovic,P1,1.1957206671178213,True,P1,0.445786714553833,0.554213285446167,2.3550295857988166,1.737991266375546,1.620236880295746,651.7837869148722,Grass
2025-06-23,44276,Daniel Altmaier,Fabio Fognini,P2,8.41380772909242,False,P1,0.48357096314430237,0.5164290368556976,1.5340501792114694,2.87248322147651,-8.41380772909242,643.3699791857797,Grass
2025-06-23,44303,Joao Fonseca,Zizou Bergs,P2,5.56088892976225,False,P1,0.5223994553089142,0.4776005446910858,1.5833333333333335,2.7142857142857144,-5.56088892976225,637.8090902560175,Grass
2025-06-23,44304,Lorenzo Sonego,Fabian Marozsan,P2,1.4829011695598528,False,P1,0.5520264059305191,0.4479735940694809,1.7272727272727275,2.375,-1.4829011695598528,636.3261890864576,Grass
2025-06-23,44277,Laslo Djere,Yunchaokete Bu,P1,6.736433643731701,True,P1,0.6538809835910797,0.3461190164089203,1.7828054298642535,2.277456647398844,5.273316834233413,641.5995059206911,Grass
2025-06-23,44305,Taylor Fritz,Joao Fonseca,P1,0.3817471125191899,True,P1,0.6964659690856934,0.30353403091430664,1.4433962264150944,3.2553191489361706,0.16926522913586722,641.7687711498269,Grass
2025-06-23,44278,Learner Tien,Ben Shelton,P1,5.128301683710427,True,P1,0.3727072477340698,0.6272927522659302,3.9465648854961826,1.339378238341969,15.110873663452095,656.879644813279,Grass
2025-06-23,44279,Alex Michelsen,Brandon Holt,P2,4.689877155985384,False,P1,0.6395830512046814,0.3604169487953186,1.3402597402597405,3.9389312977099245,-4.689877155985384,652.1897676572936,Grass
2025-06-23,44306,Daniel Evans,Tommy Paul,P2,1.250285768239793,False,P1,0.28623250126838684,0.7137674987316132,3.3597122302158278,1.4237804878048779,-1.250285768239793,650.9394818890538,Grass
2025-06-23,44280,Roberto Bautista Agut,Bernard Tomic,P2,3.551127525145983,False,P1,0.7054781168699265,0.29452188313007355,1.262820512820513,4.8048780487804885,-3.551127525145983,647.3883543639079,Grass
2025-06-23,44307,Jakub Mensik,Reilly Opelka,P2,0.9284490029893842,False,P1,0.6278302520513535,0.37216974794864655,1.5471014492753625,2.827814569536424,-0.9284490029893842,646.4599053609185,Grass
2025-06-23,44308,Ugo Humbert,Lorenzo Sonego,P2,3.255751080576447,False,P1,0.527932271361351,0.472067728638649,1.7033898305084747,2.421686746987952,-3.255751080576447,643.204154280342,Grass
2025-06-23,44281,Corentin Moutet,Daniel Altmaier,P2,0.7173288471637431,False,P1,0.6420348286628723,0.3579651713371277,1.5228070175438597,2.9127516778523495,-0.7173288471637431,642.4868254331782,Grass
2025-06-23,44282,Felix Auger-Aliassime,Arthur Rinderknech,P2,5.364950666001147,False,P1,0.5947474390268326,0.4052525609731674,1.4005847953216373,3.496350364963503,-5.364950666001147,637.121874767177,Grass
2025-06-23,44309,Alejandro Davidovich Fokina,James Duckworth,P2,2.562653922356777,False,P1,0.609521746635437,0.390478253364563,1.5086505190311417,2.965986394557823,-2.562653922356777,634.5592208448203,Grass
2025-06-23,44310,Jenson Brooksby,Nuno Borges,P1,7.726178455424256,True,P1,0.6014417558908463,0.39855824410915375,2.1135135135135137,1.898058252427185,8.603204117931876,643.1624249627522,Grass
2025-06-23,44283,Tallon Griekspoor,Ethan Quinn,P1,8.909298548088175,True,P1,0.7282392084598541,0.2717607915401459,1.6023166023166024,2.66025641025641,5.3662184305087095,648.528643393261,Grass
2025-06-23,44311,Marcos Giron,Jacob Fearnley,P1,6.279964127805456,True,P1,0.47113563120365143,0.5288643687963486,2.906040268456376,1.5246478873239437,11.969864512058724,660.4985079053197,Grass
2025-06-23,44284,Gabriel Diallo,Laslo Djere,P1,0.11715164392585516,True,P1,0.6797116547822952,0.3202883452177048,1.4736842105263157,3.1111111111111107,0.055492883964878746,660.5540007892846,Grass
2025-06-23,44312,Billy Harris,Mattia Bellucci,P1,4.397493152079777,True,P1,0.4697880893945694,0.5302119106054306,2.575,1.6349206349206347,6.9260517145256495,667.4800525038103,Grass
2025-06-23,44285,Hamad Medjedovic,Roman Safiullin,P2,3.9064338146888327,False,P1,0.48079200088977814,0.5192079991102219,1.8364485981308412,2.195530726256983,-3.9064338146888327,663.5736186891214,Grass
2025-06-23,44286,Felix Auger-Aliassime,Hamad Medjedovic,P2,1.8529341759206577,False,P1,0.6351186335086823,0.36488136649131775,1.4865771812080535,3.055172413793103,-1.8529341759206577,661.7206845132008,Grass
2025-06-23,44313,Taylor Fritz,Marcos Giron,P2,2.276734042827667,False,P1,0.7258992195129395,0.27410078048706055,1.2828054298642535,4.5360000000000005,-2.276734042827667,659.4439504703731,Grass
2025-06-23,44287,Alex Michelsen,Roberto Bautista Agut,P2,8.085460434239149,False,P1,0.36964839696884155,0.6303516030311584,2.0418848167539267,1.959798994974874,-8.085460434239149,651.358490036134,Grass
2025-06-23,44314,Alejandro Davidovich Fokina,Jakub Mensik,P2,2.265291831702241,False,P1,0.33654360473155975,0.6634563952684402,2.7647058823529416,1.5666666666666667,-2.265291831702241,649.0931982044317,Grass
2025-06-23,44315,Ugo Humbert,Billy Harris,P2,3.8882182512588868,False,P1,0.6787813007831573,0.32121869921684265,1.2967289719626167,4.37007874015748,-3.8882182512588868,645.2049799531728,Grass
2025-06-23,44288,Tallon Griekspoor,Gabriel Diallo,P1,2.2216570904330224,True,P1,0.5260984003543854,0.4739015996456146,2.036458333333334,1.964824120603015,2.3026550051883943,647.5076349583612,Grass
2025-06-23,44289,Corentin Moutet,Learner Tien,P1,3.994452884115787,True,P1,0.5184134542942047,0.4815865457057953,2.2191011235955056,1.8202764976958523,4.869641999174864,652.3772769575361,Grass
2025-06-23,44316,Jenson Brooksby,Daniel Evans,P1,3.5334933648406617,True,P1,0.5815994441509247,0.4184005558490753,1.8840579710144931,2.1311475409836067,3.1238129747142094,655.5010899322502,Grass
2025-06-23,44317,Taylor Fritz,Alejandro Davidovich Fokina,P1,4.749627706449098,True,P1,0.7528554499149323,0.24714455008506775,1.4065281899109792,3.4598540145985406,1.9308575542537871,657.431947486504,Grass
2025-06-23,44290,Tallon Griekspoor,Felix Auger-Aliassime,P1,8.569054908009473,True,P1,0.5738270878791809,0.4261729121208191,2.36094674556213,1.7347826086956524,11.66202738959869,669.0939748761027,Grass
2025-06-23,44318,Jenson Brooksby,Ugo Humbert,P1,7.844338582561457,True,P1,0.4949304312467575,0.5050695687532425,2.93918918918919,1.515679442508711,15.211656575642833,684.3056314517455,Grass
2025-06-23,44291,Corentin Moutet,Alex Michelsen,P1,6.484083162176876,True,P1,0.5042624175548553,0.49573758244514465,2.575,1.6349206349206347,10.212430980428582,694.5180624321741,Grass
2025-06-23,44292,Tallon Griekspoor,Corentin Moutet,P1,3.6167514135459493,True,P1,0.6482964754104614,0.3517035245895386,1.6463414634146345,2.547169811320755,2.337656401438237,696.8557188336124,Grass
2025-06-23,44319,Taylor Fritz,Jenson Brooksby,P2,2.1425034466745436,False,P1,0.7034299820661545,0.2965700179338455,1.3341902313624678,3.9923076923076914,-2.1425034466745436,694.7132153869378,Grass
2025-06-30,44320,Jannik Sinner,Luca Nardi,P1,2.5052391434346974,True,P1,0.9331080801784992,0.06689191982150078,1.0776923076923077,13.87128712871287,0.19463781037454198,694.9078531973123,Grass
2025-06-30,44321,Jack Draper,Sebastian Baez,P2,1.5818201635832638,False,P1,0.8937022089958191,0.10629779100418091,1.068,15.70588235294118,-1.5818201635832638,693.326033033729,Grass
2025-06-30,44322,Novak Djokovic,Alexandre Muller,P2,2.3892373774871967,False,P1,0.8934115916490555,0.10658840835094452,1.042161277118297,24.718446601941746,-2.3892373774871967,690.9367956562418,Grass
2025-06-30,44323,Nikoloz Basilashvili,Lorenzo Musetti,P2,9.964238052285076,False,P1,0.17686498910188675,0.8231350108981133,4.023255813953488,1.330769230769231,-9.964238052285076,680.9725576039567,Grass
2025-06-30,44324,Ben Shelton,Alex Bolt,P2,3.2148798920363157,False,P1,0.6835218816995621,0.3164781183004379,1.3248730964467006,4.078125000000001,-3.2148798920363157,677.7576777119205,Grass
2025-06-30,44325,Alex de Minaur,Roberto Carballes Baena,P2,1.3396320182752697,False,P1,0.8912272043526173,0.10877279564738274,1.0776923076923077,13.87128712871287,-1.3396320182752697,676.4180456936451,Grass
2025-06-30,44327,Jakub Mensik,Hugo Gaston,P2,4.929552941729951,False,P1,0.7735292762517929,0.2264707237482071,1.1043478260869564,10.583333333333332,-4.929552941729951,671.4884927519151,Grass
2025-06-30,44328,Gael Monfils,Ugo Humbert,P1,6.994114317913099,True,P1,0.42659977078437805,0.573400229215622,3.6268656716417906,1.3806818181818183,18.372598805264257,689.8610915571794,Grass
2025-06-30,44329,Grigor Dimitrov,Yoshihito Nishioka,P2,5.5535398708079065,False,P1,0.6739247739315033,0.3260752260684967,1.2449392712550609,5.082644628099174,-5.5535398708079065,684.3075516863715,Grass
2025-06-30,44330,Tomas Machac,Damir Dzumhur,P2,7.2727277699945905,False,P1,0.6283897161483765,0.37161028385162354,1.2531120331950205,4.950819672131147,-7.2727277699945905,677.0348239163769,Grass
2025-06-30,44331,Flavio Cobolli,Beibit Zhukayev,P2,0.5653092072434757,False,P1,0.7331457287073135,0.26685427129268646,1.341207349081365,3.930769230769231,-0.5653092072434757,676.4695147091335,Grass
2025-06-30,44332,Mariano Navone,Denis Shapovalov,P1,6.811186185252743,True,P1,0.32565318048000336,0.6743468195199966,6.426086956521741,1.184294871794872,36.958088518240984,713.4276032273744,Grass
2025-06-30,44333,Jaume Munar,Alexander Bublik,P1,2.9266864416295952,True,P1,0.2693207263946533,0.7306792736053467,4.901639344262295,1.2563025210084033,11.418874968981045,724.8464781963555,Grass
2025-06-30,44334,Brandon Nakashima,Yunchaokete Bu,P2,4.463350453768378,False,P1,0.7439914047718048,0.2560085952281952,1.1785714285714286,6.600000000000001,-4.463350453768378,720.3831277425871,Grass
2025-06-30,44335,Miomir Kecmanovic,Alex Michelsen,P1,2.7929883320145947,True,P1,0.39356911182403564,0.6064308881759644,2.918918918918919,1.5211267605633803,5.3595181506226,725.7426458932098,Grass
2025-06-30,44336,Arthur Cazaux,Adam Walton,P2,14.066691506863842,False,P1,0.38216568529605865,0.6178343147039413,1.6023166023166024,2.66025641025641,-14.066691506863842,711.6759543863459,Grass
2025-06-30,44338,Jesper de Jong,Christopher Eubanks,P2,3.0262637290643872,False,P1,0.5329606384038925,0.4670393615961075,1.7167381974248928,2.3952095808383236,-3.0262637290643872,708.6496906572816,Grass
2025-06-30,44339,Daniel Evans,Jay Clarke,P2,1.4676729666795516,False,P1,0.7806207239627838,0.2193792760372162,1.2279693486590038,5.386554621848739,-1.4676729666795516,707.182017690602,Grass
2025-06-30,44340,Marton Fucsovics,Aleksandar Kovacevic,P2,4.2072215836226885,False,P1,0.6620339900255203,0.3379660099744797,1.330769230769231,4.023255813953488,-4.2072215836226885,702.9747961069794,Grass
2025-06-30,44341,Marcos Giron,Camilo Ugo Carabelli,P2,5.897194532068458,False,P1,0.7540652602910995,0.24593473970890045,1.1036468330134357,10.648148148148147,-5.897194532068458,697.0776015749109,Grass
2025-06-30,44342,Rinky Hijikata,David Goffin,P2,8.188115848860397,False,P1,0.4582863301038742,0.5417136698961258,1.6694214876033058,2.493827160493827,-8.188115848860397,688.8894857260505,Grass
2025-06-30,44346,Corentin Moutet,Francisco Comesana,P2,2.5302148044615693,False,P1,0.5981199741363525,0.40188002586364746,1.5490909090909089,2.821192052980132,-2.5302148044615693,686.3592709215889,Grass
2025-06-30,44347,Sebastian Ofner,Hamad Medjedovic,P1,5.391320665602553,True,P1,0.46562501788139343,0.5343749821186066,2.7320261437908493,1.5773584905660376,9.337908342383505,695.6971792639723,Grass
2025-06-30,44348,Reilly Opelka,Alexander Shevchenko,P2,0.3528255907442516,False,P1,0.7137604653835297,0.28623953461647034,1.386819484240688,3.585185185185186,-0.3528255907442516,695.344353673228,Grass
2025-06-30,44350,Lorenzo Sonego,Jaime Faria,P2,2.999244840854326,False,P1,0.6866205781698227,0.3133794218301773,1.330769230769231,4.023255813953488,-2.999244840854326,692.3451088323737,Grass
2025-06-30,44351,Aleksandar Vukic,Chun-Hsin Tseng,P2,10.753076479334391,False,P1,0.5311557501554489,0.4688442498445511,1.297872340425532,4.357142857142858,-10.753076479334391,681.5920323530394,Grass
2025-06-30,44352,Carlos Alcaraz,Fabio Fognini,P2,0.6068588642188795,False,P1,0.9271115660667419,0.07288843393325806,1.0594117647058825,17.831683168316832,-0.6068588642188795,680.9851734888205,Grass
2025-06-30,44353,Arthur Rinderknech,Alexander Zverev,P1,3.5470233444315924,True,P1,0.20855987817049026,0.7914401218295097,8.581818181818182,1.13189448441247,26.892886084144983,707.8780595729654,Grass
2025-06-30,44354,Taylor Fritz,Giovanni Mpetshi Perricard,P2,0.8454030343742058,False,P1,0.8052220046520233,0.19477799534797668,1.2122302158273381,5.711864406779661,-0.8454030343742058,707.0326565385913,Grass
2025-06-30,44355,Nicolas Jarry,Holger Rune,P1,0.003228564091631894,True,P1,0.2569848597049713,0.7430151402950287,3.8923076923076922,1.3457446808510638,0.009338000757335324,707.0419945393486,Grass
2025-06-30,44356,Benjamin Bonzi,Daniil Medvedev,P1,1.8958070808650465,True,P1,0.15555797517299652,0.8444420248270035,9.28440366972477,1.1207087486157254,15.705631137808593,722.7476256771572,Grass
2025-06-30,44357,Frances Tiafoe,Elmer Moller,P2,7.1385693526104905,False,P1,0.7394522577524185,0.2605477422475815,1.085209003215434,12.735849056603772,-7.1385693526104905,715.6090563245467,Grass
2025-06-30,44358,Andrey Rublev,Laslo Djere,P2,3.1284048144714607,False,P1,0.7050153911113739,0.2949846088886261,1.294392523364486,4.396825396825396,-3.1284048144714607,712.4806515100753,Grass
2025-06-30,44359,Nuno Borges,Francisco Cerundolo,P2,6.809460012672341,False,P1,0.3152144104242325,0.6847855895757675,2.566037735849057,1.63855421686747,-6.809460012672341,705.6711914974029,Grass
2025-06-30,44360,Karen Khachanov,Mackenzie McDonald,P2,4.7545594291988555,False,P1,0.6941770613193512,0.3058229386806488,1.2464358452138493,5.0578512396694215,-4.7545594291988555,700.9166320682041,Grass
2025-06-30,44362,Jiri Lehecka,Hugo Dellien,P2,1.8451708659155548,False,P1,0.8870316259562969,0.11296837404370308,1.068,15.70588235294118,-1.8451708659155548,699.0714612022886,Grass
2025-06-30,44364,Felix Auger-Aliassime,James Duckworth,P2,2.7277373602827706,False,P1,0.7452273666858673,0.2547726333141327,1.2371541501976284,5.216666666666667,-2.7277373602827706,696.3437238420058,Grass
2025-06-30,44365,Alejandro Davidovich Fokina,Brandon Holt,P2,3.5581012212928185,False,P1,0.7077370584011078,0.2922629415988922,1.2685589519650655,4.723577235772358,-3.5581012212928185,692.785622620713,Grass
2025-06-30,44366,Jenson Brooksby,Tallon Griekspoor,P1,0.04591273109975734,True,P1,0.36103761196136475,0.6389623880386353,2.776315789473684,1.5629629629629629,0.08155550919035842,692.8671781299033,Grass
2025-06-30,44367,Kamil Majchrzak,Matteo Berrettini,P1,4.1259556635241665,True,P1,0.23888373374938965,0.7611162662506104,7.353982300884955,1.1573816155988859,26.216249260268597,719.0834273901719,Grass
2025-06-30,44369,Luciano Darderi,Roman Safiullin,P1,5.985444855402735,True,P1,0.4300837516784668,0.5699162483215332,3.1619718309859155,1.462540716612378,12.940363173300279,732.0237905634722,Grass
2025-06-30,44370,Gabriel Diallo,Daniel Altmaier,P2,3.5379740048418915,False,P1,0.7339614629745483,0.26603853702545166,1.2307692307692306,5.333333333333333,-3.5379740048418915,728.4858165586303,Grass
2025-06-30,44371,Joao Fonseca,Jacob Fearnley,P2,9.155131161888814,False,P1,0.48802389204502106,0.5119761079549789,1.5340501792114694,2.87248322147651,-9.155131161888814,719.3306853967415,Grass
2025-06-30,44373,Billy Harris,Dusan Lajovic,P1,6.797929019465394,True,P1,0.7240371257066727,0.27596287429332733,1.5157894736842106,2.938775510204082,3.506300231092677,722.8369856278342,Grass
2025-06-30,44374,Lloyd Harris,Zizou Bergs,P1,0.45585520530739065,True,P1,0.3864779472351074,0.6135220527648926,2.641025641025641,1.6093750000000002,0.7480700805044359,723.5850557083387,Grass
2025-06-30,44375,Adrian Mannarino,Christopher O'Connell,P2,4.092225754791501,False,P1,0.6025285869836807,0.3974714130163193,1.4719471947194718,3.118881118881119,-4.092225754791501,719.4928299535472,Grass
2025-06-30,44376,Shintaro Mochizuki,Giulio Zeppieri,P2,9.60913866291894,False,P1,0.47188521921634674,0.5281147807836533,1.5531135531135531,2.8079470198675502,-9.60913866291894,709.8836912906283,Grass
2025-06-30,44377,Cameron Norrie,Roberto Bautista Agut,P2,3.952566654494814,False,P1,0.45231641829013824,0.5476835817098618,1.9646464646464645,2.0366492146596857,-3.952566654494814,705.9311246361335,Grass
2025-06-30,44379,Jan-Lennard Struff,Filip Misolic,P1,2.801599584727606,True,P1,0.6211884617805481,0.3788115382194519,1.6991525423728815,2.43030303030303,1.9587454723731146,707.8898701085067,Grass
2025-06-30,44381,Jordan Thompson,Vit Kopriva,P1,1.989946997564006,True,P1,0.6973985135555267,0.30260148644447327,1.4719471947194718,3.118881118881119,0.9391499031407682,708.8290200116475,Grass
2025-06-30,44382,Learner Tien,Nishesh Basavareddy,P1,1.5467071641583343,True,P1,0.6468123346567154,0.3531876653432846,1.5855513307984792,2.707792207792208,0.9056764383284545,709.7346964499759,Grass
2025-06-30,44383,Botic Van De Zandschulp,Matteo Arnaldi,P1,2.5540808772363306,True,P1,0.4603952318429947,0.5396047681570053,2.389221556886228,1.7198275862068966,3.5481842126875978,713.2828806626635,Grass
2025-06-30,44384,Jannik Sinner,Aleksandar Vukic,P2,1.0394746325199298,False,P1,0.9164083525538445,0.08359164744615555,1.0594117647058825,17.831683168316832,-1.0394746325199298,712.2434060301435,Grass
2025-06-30,44385,Marin Cilic,Jack Draper,P1,7.418146255996021,True,P1,0.3131825625896454,0.6868174374103546,7.548672566371684,1.1527027027027026,48.57901087997396,760.8224169101175,Grass
2025-06-30,44386,Novak Djokovic,Daniel Evans,P2,0.2963261139973117,False,P1,0.9220005609095097,0.07799943909049034,1.0761494252873562,14.132075471698112,-0.2963261139973117,760.5260907961201,Grass
2025-06-30,44387,Ben Shelton,Rinky Hijikata,P2,4.142433610926305,False,P1,0.6916429251432419,0.3083570748567581,1.288329519450801,4.468253968253968,-4.142433610926305,756.3836571851938,Grass
2025-06-30,44388,Alex de Minaur,Arthur Cazaux,P2,4.999374744942163,False,P1,0.7694985717535019,0.2305014282464981,1.1277584204413473,8.827272727272726,-4.999374744942163,751.3842824402516,Grass
2025-06-30,44389,Sebastian Ofner,Tommy Paul,P1,6.792952466719796,True,P1,0.3081921637058258,0.6918078362941742,6.431034482758621,1.1841269841269841,36.892759086495445,788.277041526747,Grass
2025-06-30,44390,Jakub Mensik,Marcos Giron,P2,0.6186903344625135,False,P1,0.6044383198022842,0.39556168019771576,1.6284584980237156,2.591194968553459,-0.6186903344625135,787.6583511922845,Grass
2025-06-30,44391,Grigor Dimitrov,Corentin Moutet,P2,0.1280003448996548,False,P1,0.5871942192316055,0.41280578076839447,1.6974789915966384,2.4337349397590358,-0.1280003448996548,787.5303508473849,Grass
2025-06-30,44392,August Holmgren,Tomas Machac,P1,9.616822074199359,True,P1,0.3532882034778595,0.6467117965221405,6.929824561403509,1.168639053254438,57.0260677382348,844.5564185856197,Grass
2025-06-30,44394,Brandon Nakashima,Reilly Opelka,P2,7.998354524352668,False,P1,0.5581697076559067,0.4418302923440933,1.4522292993630572,3.211267605633803,-7.998354524352668,836.558064061267,Grass
2025-06-30,44395,Marton Fucsovics,Gael Monfils,P1,1.5173622623822163,True,P1,0.5206092447042465,0.4793907552957535,1.989795918367347,2.010309278350516,1.5018789739905611,838.0599430352576,Grass
2025-06-30,44396,Miomir Kecmanovic,Jesper de Jong,P2,8.83424983470403,False,P1,0.5462185442447662,0.45378145575523376,1.444794952681388,3.24822695035461,-8.83424983470403,829.2256932005536,Grass
2025-06-30,44397,Pedro Martinez,Mariano Navone,P1,0.7622295293820363,True,P1,0.3725992888212204,0.6274007111787796,2.7712418300653594,1.5645756457564575,1.3500928265524956,830.575786027106,Grass
2025-06-30,44398,Jaume Munar,Fabian Marozsan,P2,1.8366248715591391,False,P1,0.5309859216213226,0.46901407837867737,1.7999999999999998,2.25,-1.8366248715591391,828.7391611555469,Grass
2025-06-30,44399,Lorenzo Sonego,Nikoloz Basilashvili,P2,4.485599965677107,False,P1,0.6011789739131927,0.39882102608680725,1.4833333333333332,3.0689655172413794,-4.485599965677107,824.2535611898697,Grass
2025-06-30,44401,Taylor Fritz,Gabriel Diallo,P2,1.0672378378863872,False,P1,0.720990464091301,0.27900953590869904,1.351063829787234,3.8484848484848486,-1.0672378378863872,823.1863233519833,Grass
2025-06-30,44402,Cameron Norrie,Frances Tiafoe,P1,5.689869341734844,True,P1,0.4634716212749481,0.5365283787250519,2.6496815286624202,1.606177606177606,9.386472353562576,832.5727957055459,Grass
2025-06-30,44403,Andrey Rublev,Lloyd Harris,P2,4.851541837553798,False,P1,0.657415971159935,0.342584028840065,1.3438320209973753,3.9083969465648853,-4.851541837553798,827.7212538679921,Grass
2025-06-30,44404,Karen Khachanov,Shintaro Mochizuki,P1,2.695210734136495,True,P1,0.8650937899947166,0.13490621000528336,1.168639053254438,6.929824561403509,0.4545177865259772,828.1757716545181,Grass
2025-06-30,44405,Mattia Bellucci,Jiri Lehecka,P1,2.2179522613716443,True,P1,0.2367926836013794,0.7632073163986206,5.165289256198348,1.2400793650793653,9.238412725052141,837.4141843795703,Grass
2025-06-30,44406,Jan-Lennard Struff,Felix Auger-Aliassime,P1,2.0045818878644224,True,P1,0.3224882632493973,0.6775117367506027,3.4671532846715327,1.4053254437869822,4.945610789037771,842.3597951686081,Grass
2025-06-30,44407,Alejandro Davidovich Fokina,Botic Van De Zandschulp,P2,6.171971404820306,False,P1,0.6259846687316895,0.37401533126831055,1.3633879781420766,3.7518796992481214,-6.171971404820306,836.1878237637878,Grass
2025-06-30,44408,Nuno Borges,Billy Harris,P2,7.73633618225849,False,P1,0.5039377063512802,0.4960622936487198,1.6171874999999998,2.6202531645569613,-7.73633618225849,828.4514875815294,Grass
2025-06-30,44410,Joao Fonseca,Jenson Brooksby,P2,15.715229616366942,False,P1,0.41839008033275604,0.581609919667244,1.4833333333333332,3.0689655172413794,-15.715229616366942,812.7362579651624,Grass
2025-06-30,44411,Nicolas Jarry,Learner Tien,P2,7.37807730728393,False,P1,0.45468810200691223,0.5453118979930878,1.7999999999999998,2.25,-7.37807730728393,805.3581806578785,Grass
2025-06-30,44412,Kamil Majchrzak,Ethan Quinn,P1,5.1840732921859285,True,P1,0.5052641779184341,0.49473582208156586,2.3139534883720927,1.7610619469026547,6.811631186244299,812.1698118441228,Grass
2025-06-30,44414,Arthur Rinderknech,Cristian Garin,P2,2.077836233330252,False,P1,0.5295251905918121,0.47047480940818787,1.7918552036199096,2.262857142857143,-2.077836233330252,810.0919756107926,Grass
2025-06-30,44415,Jordan Thompson,Benjamin Bonzi,P1,11.35443940029114,True,P1,0.5660781264305115,0.4339218735694885,2.518518518518518,1.6585365853658534,17.241926496738394,827.333902107531,Grass
2025-06-30,44416,Jannik Sinner,Pedro Martinez,P2,2.9666177928744806,False,P1,0.9060676284134388,0.0939323715865612,1.024520514688031,41.78217821782177,-2.9666177928744806,824.3672843146566,Grass
2025-06-30,44417,Novak Djokovic,Miomir Kecmanovic,P2,1.0462161884983114,False,P1,0.9123323485255241,0.08766765147447586,1.0682704811443433,15.647619047619047,-1.0462161884983114,823.3210681261583,Grass
2025-06-30,44418,Ben Shelton,Marton Fucsovics,P2,10.010840880004137,False,P1,0.5605508983135223,0.43944910168647766,1.350132625994695,3.856060606060606,-10.010840880004137,813.3102272461541,Grass
2025-06-30,44419,Alex de Minaur,August Holmgren,P2,10.505196948316678,False,P1,0.6740159839391708,0.32598401606082916,1.100371747211896,10.96296296296296,-10.505196948316678,802.8050302978374,Grass
2025-06-30,44420,Flavio Cobolli,Jakub Mensik,P1,1.825980924868523,True,P1,0.39464569091796875,0.6053543090820312,2.7337662337662336,1.5767790262172285,3.165824071038283,805.9708543688757,Grass
2025-06-30,44421,Grigor Dimitrov,Sebastian Ofner,P2,4.532606242896169,False,P1,0.6613264828920364,0.33867351710796356,1.3420365535248042,3.9236641221374047,-4.532606242896169,801.4382481259796,Grass
2025-06-30,44422,Lorenzo Sonego,Brandon Nakashima,P1,4.67624557119365,True,P1,0.43186572194099426,0.5681342780590057,2.8026315789473686,1.554744525547445,8.429547937546449,809.867796063526,Grass
2025-06-30,44423,Marin Cilic,Jaume Munar,P2,2.168722126602925,False,P1,0.5843652635812759,0.41563473641872406,1.6196078431372551,2.613924050632911,-2.168722126602925,807.6990739369231,Grass
2025-06-30,44424,Carlos Alcaraz,Jan-Lennard Struff,P2,2.1686286754666866,False,P1,0.8863724768161774,0.11362752318382263,1.0676110753380554,15.790476190476188,-2.1686286754666866,805.5304452614564,Grass
2025-06-30,44425,Taylor Fritz,Alejandro Davidovich Fokina,P1,7.301781102351217,True,P1,0.7961070165038109,0.20389298349618912,1.3316326530612246,4.015384615384614,2.421509039045047,807.9519543005015,Grass
2025-06-30,44426,Andrey Rublev,Adrian Mannarino,P2,4.171110296950219,False,P1,0.6751186847686768,0.32488131523132324,1.3282828282828285,4.046153846153846,-4.171110296950219,803.7808440035512,Grass
2025-06-30,44427,Karen Khachanov,Nuno Borges,P1,0.8387660263926924,True,P1,0.6845757365226746,0.31542426347732544,1.4752475247524752,3.104166666666667,0.39862147788959634,804.1794654814408,Grass
2025-06-30,44428,Nicolas Jarry,Joao Fonseca,P1,7.461570905579592,True,P1,0.44553300738334656,0.5544669926166534,3.132867132867133,1.4688524590163936,15.914539344068361,820.0940048255092,Grass
2025-06-30,44429,Kamil Majchrzak,Arthur Rinderknech,P1,2.3835868582704878,True,P1,0.5026347637176514,0.49736523628234863,2.1189189189189186,1.8937198067632852,2.667040430605356,822.7610452561145,Grass
2025-06-30,44430,Cameron Norrie,Mattia Bellucci,P2,0.0382678267197455,False,P1,0.6091888844966888,0.39081111550331116,1.6399999999999997,2.5624999999999996,-0.0382678267197455,822.7227774293947,Grass
2025-06-30,44431,Jordan Thompson,Luciano Darderi,P1,1.886114948120899,True,P1,0.5665158629417419,0.43348413705825806,1.832558139534884,2.201117318435754,1.57030035215647,824.2930777815511,Grass
2025-06-30,44432,Jannik Sinner,Grigor Dimitrov,P2,6.48829565346905,False,P1,0.7971120998263359,0.2028879001736641,1.0570321151716502,18.533980582524272,-6.48829565346905,817.804782128082,Grass
2025-06-30,44433,Novak Djokovic,Alex de Minaur,P1,8.096484914994116,True,P1,0.8500944525003433,0.14990554749965668,1.2298850574712643,5.35,1.8612608999986469,819.6660430280807,Grass
2025-06-30,44434,Ben Shelton,Lorenzo Sonego,P2,9.410892235009008,False,P1,0.5701969861984253,0.4298030138015747,1.351063829787234,3.8484848484848486,-9.410892235009008,810.2551507930717,Grass
2025-06-30,44435,Flavio Cobolli,Marin Cilic,P2,1.7515436215711506,False,P1,0.4967350959777832,0.5032649040222168,1.9261083743842367,2.079787234042553,-1.7515436215711506,808.5036071715006,Grass
2025-06-30,44436,Carlos Alcaraz,Andrey Rublev,P2,2.050573456487718,False,P1,0.8412911519408226,0.1587088480591774,1.1283547257876314,8.790909090909091,-2.050573456487718,806.4530337150128,Grass
2025-06-30,44437,Taylor Fritz,Jordan Thompson,P2,4.03227116871021,False,P1,0.7621836289763451,0.23781637102365494,1.180817610062893,6.530434782608697,-4.03227116871021,802.4207625463026,Grass
2025-06-30,44438,Karen Khachanov,Kamil Majchrzak,P2,1.602233485785393,False,P1,0.6805524080991745,0.3194475919008255,1.4107142857142858,3.4347826086956528,-1.602233485785393,800.8185290605172,Grass
2025-06-30,44439,Cameron Norrie,Nicolas Jarry,P1,2.0578312891742754,True,P1,0.5463184863328934,0.45368151366710663,1.9166666666666667,2.090909090909091,1.8863453484097525,802.704874408927,Grass
2025-06-30,44440,Jannik Sinner,Ben Shelton,P1,16.05409748817854,True,P1,0.8511706814169884,0.14882931858301163,1.366666666666667,3.727272727272728,5.886502412332136,808.5913768212591,Grass
2025-06-30,44441,Novak Djokovic,Flavio Cobolli,P1,2.8272490766435325,True,P1,0.8906379826366901,0.10936201736330986,1.1332533013205284,8.504504504504505,0.37674027311816627,808.9681170943772,Grass
2025-06-30,44442,Carlos Alcaraz,Cameron Norrie,P2,0.547841665121472,False,P1,0.8982026390731335,0.10179736092686653,1.098255280073462,11.177570093457946,-0.547841665121472,808.4202754292558,Grass
2025-06-30,44443,Taylor Fritz,Karen Khachanov,P2,3.210403073318662,False,P1,0.6986052542924881,0.3013947457075119,1.3177339901477834,4.147286821705426,-3.210403073318662,805.2098723559371,Grass
2025-06-30,44444,Jannik Sinner,Novak Djokovic,P2,16.104197447118743,False,P1,0.317402720451355,0.682597279548645,1.5017064846416384,2.993197278911565,-16.104197447118743,789.1056749088184,Grass
2025-06-30,44445,Carlos Alcaraz,Taylor Fritz,P2,3.654182717741253,False,P1,0.7353682368993759,0.2646317631006241,1.233918128654971,5.275,-3.654182717741253,785.4514921910771,Grass
2025-06-30,44446,Jannik Sinner,Carlos Alcaraz,P2,9.2566557648372,False,P1,0.4035957157611847,0.5964042842388153,1.8937198067632852,2.1189189189189186,-9.2566557648372,776.1948364262399,Grass
2025-07-14,44474,David Goffin,Martin Landaluce,P1,15.523896728524798,True,P1,0.6986869275569916,0.3013130724430084,2.41566265060241,1.7063829787234042,21.976600790381497,798.1714372166214,Clay
2025-07-14,44501,Filip Misolic,Elmer Moller,P2,2.981991540023948,False,P1,0.6009992510080338,0.39900074899196625,1.5395683453237412,2.853333333333333,-2.981991540023948,795.1894456765974,Clay
2025-07-14,44447,Daniel Altmaier,Mitchell Krueger,P2,1.2904641496633336,False,P1,0.6284509748220444,0.3715490251779556,1.5395683453237412,2.853333333333333,-1.2904641496633336,793.8989815269341,Hard
2025-07-14,44475,Francisco Comesana,Marco Trungelliti,P1,4.334048761269103,True,P1,0.6436735540628433,0.3563264459371567,1.6666666666666667,2.5,2.889365840846069,796.7883473677801,Clay
2025-07-14,44502,Mariano Navone,Tomas Barrios Vera,P1,2.8525720174506306,True,P1,0.7956870049238205,0.2043129950761795,1.2821670428893905,4.544,0.8049018107930674,797.5932491785732,Clay
2025-07-14,44449,Adam Walton,Rodrigo Pacheco Mendez,P2,4.135211401099647,False,P1,0.5645015239715576,0.4354984760284424,1.5877862595419847,2.7012987012987018,-4.135211401099647,793.4580377774735,Hard
2025-07-14,44503,Camilo Ugo Carabelli,Cristian Garin,P2,12.313124272981739,False,P1,0.29283449053764343,0.7071655094623566,2.3550295857988166,1.737991266375546,-12.313124272981739,781.1449135044917,Clay
2025-07-14,44476,Francesco Passaro,Arthur Rinderknech,P2,10.941024709146642,False,P1,0.35993604362010956,0.6400639563798904,2.0,2.0,-10.941024709146642,770.203888795345,Clay
2025-07-14,44477,Roberto Carballes Baena,Carlos Taberner,P1,10.621200596264037,True,P1,0.661053255200386,0.33894674479961395,1.879807692307692,2.1366120218579234,9.344613986136146,779.5485027814811,Clay
2025-07-14,44504,Damir Dzumhur,Sebastian Ofner,P2,4.618249074334798,False,P1,0.3526059091091156,0.6473940908908844,2.5,1.6666666666666667,-4.618249074334798,774.9302537071463,Clay
2025-07-14,44478,Juan Manuel Cerundolo,Jan-Lennard Struff,P2,9.147744049863768,False,P1,0.31354430317878723,0.6864556968212128,2.436363636363637,1.6962025316455698,-9.147744049863768,765.7825096572826,Clay
2025-07-14,44505,Vit Kopriva,Hugo Dellien,P2,0.6535567961526767,False,P1,0.5863524079322815,0.4136475920677185,1.6763485477178421,2.478527607361963,-0.6535567961526767,765.12895286113,Clay
2025-07-14,44451,Nishesh Basavareddy,Nicolas Mejia,P2,4.459277889100593,False,P1,0.6354870647192001,0.36451293528079987,1.3901734104046242,3.562962962962963,-4.459277889100593,760.6696749720294,Hard
2025-07-14,44452,James Duckworth,Adrian Mannarino,P2,11.387805722799524,False,P1,0.368256077170372,0.631743922829628,1.9024390243902443,2.108108108108108,-11.387805722799524,749.2818692492299,Hard
2025-07-14,44507,Hugo Gaston,Chun-Hsin Tseng,P1,8.69999392019057,True,P1,0.5500553995370865,0.4499446004629135,2.41566265060241,1.7063829787234042,12.316256453281834,761.5981257025118,Clay
2025-07-14,44480,Alexander Shevchenko,Stan Wawrinka,P1,2.567834076448131,True,P1,0.5313128679990768,0.46868713200092316,2.0103626943005177,1.9897435897435893,2.594443755996815,764.1925694585086,Clay
2025-07-14,44454,Tristan Schoolkate,Yibing Wu,P1,4.637752296925953,True,P1,0.4458561837673187,0.5541438162326813,2.707792207792208,1.5855513307984792,7.920317234360557,772.1128866928692,Hard
2025-07-14,44455,Aleksandar Kovacevic,Hady Habib,P2,7.995974618474203,False,P1,0.5580791085958481,0.4419208914041519,1.420731707317073,3.3768115942028993,-7.995974618474203,764.116912074395,Hard
2025-07-14,44509,Botic Van De Zandschulp,Mikael Ymer,P2,1.973726417600903,False,P1,0.6429059505462646,0.35709404945373535,1.4750830564784052,3.104895104895105,-1.973726417600903,762.1431856567941,Clay
2025-07-14,44483,Arthur Cazaux,Nikoloz Basilashvili,P2,7.017115417137632,False,P1,0.4534847140312195,0.5465152859687805,1.7990867579908678,2.2514285714285713,-7.017115417137632,755.1260702396564,Clay
2025-07-14,44484,Kamil Majchrzak,Terence Atmane,P2,3.1655283207527494,False,P1,0.6630346179008484,0.3369653820991516,1.381766381766382,3.6194029850746268,-3.1655283207527494,751.9605419189037,Clay
2025-07-14,44458,Emilio Nava,Aleksandar Vukic,P2,15.039210838378073,False,P1,0.2523874193429947,0.7476125806570053,2.1366120218579234,1.879807692307692,-15.039210838378073,736.9213310805256,Hard
2025-07-14,44485,Dominic Stricker,Pierre-Hugues Herbert,P2,8.333688478625033,False,P1,0.44800348579883575,0.5519965142011642,1.7272727272727275,2.375,-8.333688478625033,728.5876426019006,Clay
2025-07-14,44486,Alexander Bublik,Alexander Shevchenko,P1,10.316367692531255,True,P1,0.7405823618173599,0.2594176381826401,1.5671641791044775,2.7631578947368425,5.851074213674441,734.438716815575,Clay
2025-07-14,44513,Francisco Cerundolo,Mariano Navone,P1,1.9773035671319923,True,P1,0.5679548680782318,0.4320451319217682,1.84037558685446,2.189944134078212,1.6616776456179652,736.100394461193,Clay
2025-07-14,44487,Arthur Cazaux,Tomas Martin Etcheverry,P1,4.5926240387048765,True,P1,0.43501220643520355,0.5649877935647964,2.821192052980132,1.5490909090909089,8.36405040161484,744.4644448628078,Clay
2025-07-14,44460,James Duckworth,Alejandro Davidovich Fokina,P1,0.07664771639793116,True,P1,0.217642180621624,0.782357819378376,4.629032258064517,1.2755555555555556,0.27815703531507285,744.7426018981229,Hard
2025-07-14,44514,Filip Misolic,Nuno Borges,P1,1.693798131930137,True,P1,0.47295327484607697,0.527046725153923,2.2329545454545454,1.811059907834101,2.08837610584568,746.8309780039685,Clay
2025-07-14,44515,Camilo Ugo Carabelli,Botic Van De Zandschulp,P2,9.916163809806383,False,P1,0.3521578758955002,0.6478421241044998,2.085561497326203,1.9211822660098525,-9.916163809806383,736.9148141941622,Clay
2025-07-14,44488,Francisco Comesana,Roberto Carballes Baena,P2,8.164807824340988,False,P1,0.5117296427488327,0.4882703572511673,1.5211267605633803,2.918918918918919,-8.164807824340988,728.7500063698212,Clay
2025-07-14,44516,Damir Dzumhur,Hugo Gaston,P2,0.03366602277961167,False,P1,0.5251553654670715,0.47484463453292847,1.9024390243902443,2.108108108108108,-0.03366602277961167,728.7163403470416,Clay
2025-07-14,44463,Tristan Schoolkate,Daniel Altmaier,P1,2.441933823273101,True,P1,0.4457545429468155,0.5542454570531845,2.4634146341463414,1.6833333333333333,3.5735616925947817,732.2899020396364,Hard
2025-07-14,44490,Casper Ruud,Dominic Stricker,P1,4.411163459384838,True,P1,0.7784144654870033,0.22158553451299667,1.3367875647668395,3.9692307692307685,1.4856249992746866,733.7755270389112,Clay
2025-07-14,44491,Juan Manuel Cerundolo,David Goffin,P2,9.312810387095922,False,P1,0.4319916069507599,0.5680083930492401,1.7272727272727275,2.375,-9.312810387095922,724.4627166518152,Clay
2025-07-14,44464,Emilio Nava,Yunchaokete Bu,P2,4.432755896684718,False,P1,0.3974999934434891,0.6025000065565109,2.207865168539326,1.8279069767441858,-4.432755896684718,720.0299607551304,Hard
2025-07-14,44519,Luciano Darderi,Elias Ymer,P2,2.2859770985872103,False,P1,0.7338393926620483,0.26616060733795166,1.2761692650334076,4.620967741935484,-2.2859770985872103,717.7439836565433,Clay
2025-07-14,44466,Adam Walton,Nishesh Basavareddy,P1,6.285120077011859,True,P1,0.5014332085847855,0.49856679141521454,2.527950310559006,1.6544715447154474,9.603351173570916,727.3473348301142,Hard
2025-07-14,44520,Jesper de Jong,Vit Kopriva,P1,5.816366037348602,True,P1,0.5616106241941452,0.4383893758058548,2.0913978494623655,1.9162561576354682,6.347969384848205,733.6953042149623,Clay
2025-07-14,44467,Andrey Rublev,Emilio Nava,P1,3.543286499544129,True,P1,0.8334723338484764,0.1665276661515236,1.225988700564972,5.425,0.8007427117613856,734.4960469267237,Hard
2025-07-14,44494,Juan Manuel Cerundolo,Casper Ruud,P2,0.6903057021310459,False,P1,0.20621899515390396,0.793781004846096,4.758064516129033,1.2660944206008584,-0.6903057021310459,733.8057412245927,Clay
2025-07-14,44521,Francisco Cerundolo,Damir Dzumhur,P2,6.814934919511999,False,P1,0.6558571606874466,0.3441428393125534,1.2415169660678644,5.140495867768595,-6.814934919511999,726.9908063050807,Clay
2025-07-14,44495,Alexander Bublik,Francisco Comesana,P1,4.573556843894825,True,P1,0.6377474069595337,0.3622525930404663,1.7076271186440675,2.413173652694611,3.23637285140015,730.2271791564808,Clay
2025-07-14,44468,Denis Shapovalov,Tristan Schoolkate,P2,2.340215110018142,False,P1,0.6712828278541565,0.3287171721458435,1.3942028985507247,3.536764705882353,-2.340215110018142,727.8869640464627,Hard
2025-07-14,44522,Jesper de Jong,Tallon Griekspoor,P2,7.092001737056766,False,P1,0.3373132199048996,0.6626867800951004,2.3869047619047614,1.7210300429184548,-7.092001737056766,720.794962309406,Clay
2025-07-14,44523,Luciano Darderi,Sebastian Baez,P1,2.7917608480804623,True,P1,0.59231336414814,0.40768663585186005,1.7918552036199096,2.262857142857143,2.210670354814846,723.0056326642208,Clay
2025-07-14,44470,Adam Walton,James Duckworth,P2,3.64653730437705,False,P1,0.5214944630861282,0.47850553691387177,1.7241379310344829,2.380952380952381,-3.64653730437705,719.3590953598438,Hard
2025-07-14,44524,Camilo Ugo Carabelli,Filip Misolic,P2,10.750291712071819,False,P1,0.34607453644275665,0.6539254635572433,2.0259067357512954,1.974747474747475,-10.750291712071819,708.608803647772,Clay
2025-07-14,44525,Luciano Darderi,Francisco Cerundolo,P2,2.277119817820298,False,P1,0.3706313818693161,0.6293686181306839,2.524691358024691,1.6558704453441293,-2.277119817820298,706.3316838299517,Clay
2025-07-14,44471,Aleksandar Kovacevic,Andrey Rublev,P1,0.863738381261697,True,P1,0.24809232354164124,0.7519076764583588,4.362204724409449,1.2974238875878221,2.904065266131848,709.2357490960835,Hard
2025-07-14,44498,Alexander Bublik,Arthur Cazaux,P2,1.3065048083102748,False,P1,0.6797550022602081,0.32024499773979187,1.4169184290030208,3.3985507246376816,-1.3065048083102748,707.9292442877733,Clay
2025-07-14,44526,Jesper de Jong,Camilo Ugo Carabelli,P1,5.223418286836665,True,P1,0.6020538657903671,0.3979461342096329,1.8755980861244024,2.14207650273224,4.5736150549813885,712.5028593427546,Clay
2025-07-14,44472,Denis Shapovalov,Adam Walton,P2,3.2482630959499477,False,P1,0.6563707590103149,0.34362924098968506,1.3846153846153846,3.5999999999999996,-3.2482630959499477,709.2545962468047,Hard
2025-07-14,44527,Luciano Darderi,Jesper de Jong,P2,2.725069991287299,False,P1,0.564649298787117,0.435350701212883,1.6349206349206347,2.575,-2.725069991287299,706.5295262555173,Clay
2025-07-14,44473,Denis Shapovalov,Aleksandar Kovacevic,P2,2.491000830911743,False,P1,0.6522360891103745,0.34776391088962555,1.4250764525993882,3.3525179856115113,-2.491000830911743,704.0385254246056,Hard
2025-07-14,44500,Alexander Bublik,Juan Manuel Cerundolo,P2,2.4715706660192165,False,P1,0.6886647641658783,0.3113352358341217,1.350132625994695,3.856060606060606,-2.4715706660192165,701.5669547585863,Clay
2025-07-21,44555,Filip Misolic,Tomas Martin Etcheverry,P1,2.045185030644682,True,P1,0.5400453358888626,0.4599546641111374,1.9547738693467334,2.0473684210526315,1.9526892252386405,703.519643983825,Clay
2025-07-21,44582,Yunchaokete Bu,David Goffin,P2,13.055626904311191,False,P1,0.39397722482681274,0.6060227751731873,1.5961538461538458,2.6774193548387095,-13.055626904311191,690.4640170795137,Hard
2025-07-21,44556,Arthur Cazaux,Ignacio Buse,P2,1.9612820445042232,False,P1,0.46068379282951355,0.5393162071704865,2.0473684210526315,1.9547738693467334,-1.9612820445042232,688.5027350350096,Clay
2025-07-21,44583,Aleksandar Kovacevic,Quentin Halys,P1,2.163350213413476,True,P1,0.5422622412443161,0.4577377587556839,1.9547738693467334,2.0473684210526315,2.065510254012866,690.5682452890225,Hard
2025-07-21,44529,Dino Prizmic,Elmer Moller,P2,13.811364905780449,False,P1,0.32865653932094574,0.6713434606790543,1.7713004484304933,2.296511627906977,-13.811364905780449,676.756880383242,Clay
2025-07-21,44530,Mariano Navone,Tomas Barrios Vera,P2,0.335800272990595,False,P1,0.7640805393457413,0.23591946065425873,1.295774647887324,4.3809523809523805,-0.335800272990595,676.4210801102514,Clay
2025-07-21,44584,Jaume Munar,Marcos Giron,P2,5.643974101334665,False,P1,0.3856653869152069,0.6143346130847931,2.160220994475138,1.8619047619047617,-5.643974101334665,670.7771060089167,Hard
2025-07-21,44585,Zachary Svajda,Miomir Kecmanovic,P2,10.611073467810364,False,P1,0.2582190930843353,0.7417809069156647,2.647435897435897,1.6070038910505835,-10.611073467810364,660.1660325411063,Hard
2025-07-21,44531,Nikoloz Basilashvili,Roberto Carballes Baena,P2,4.712812998218835,False,P1,0.4764769673347473,0.5235230326652527,1.7990867579908678,2.2514285714285713,-4.712812998218835,655.4532195428875,Clay
2025-07-21,44559,Jan-Lennard Struff,Sebastian Ofner,P1,3.6272401524458573,True,P1,0.503424733877182,0.496575266122818,2.264367816091954,1.7909090909090908,4.586165709989015,660.0393852528765,Clay
2025-07-21,44586,Yibing Wu,Gael Monfils,P2,3.9376966562586935,False,P1,0.31290148198604584,0.6870985180139542,2.814569536423841,1.5510948905109487,-3.9376966562586935,656.1016885966178,Hard
2025-07-21,44587,Matteo Arnaldi,Daniel Altmaier,P2,1.3539132717118973,False,P1,0.5481898784637451,0.4518101215362549,1.7488986784140967,2.335294117647059,-1.3539132717118973,654.7477753249059,Hard
2025-07-21,44533,Terence Atmane,Dusan Lajovic,P1,7.085502864264584,True,P1,0.48550112545490265,0.5144988745450974,2.9121621621621623,1.5229681978798588,13.548630476938362,668.2964058018442,Clay
2025-07-21,44560,Thiago Agustin Tirante,Jaime Faria,P2,4.005996051514577,False,P1,0.5401183664798737,0.45988163352012634,1.6294820717131475,2.5886075949367084,-4.005996051514577,664.2904097503297,Clay
2025-07-21,44561,Botic Van De Zandschulp,Nicolas Jarry,P1,5.321400987879663,True,P1,0.48383828997612,0.51616171002388,2.5949367088607596,1.626984126984127,8.487297778137185,672.7777075284669,Clay
2025-07-21,44588,Daniel Evans,Zizou Bergs,P2,1.1787130079938783,False,P1,0.3960655927658081,0.6039344072341919,2.436363636363637,1.6962025316455698,-1.1787130079938783,671.598994520473,Hard
2025-07-21,44589,Fabian Marozsan,Benjamin Bonzi,P2,0.9194092356972928,False,P1,0.5724149346351624,0.42758506536483765,1.6991525423728815,2.43030303030303,-0.9194092356972928,670.6795852847756,Hard
2025-07-21,44535,Carlos Taberner,Pierre-Hugues Herbert,P2,12.089296962860681,False,P1,0.4033241420984268,0.5966758579015732,1.5855513307984792,2.707792207792208,-12.089296962860681,658.590288321915,Clay
2025-07-21,44562,Arthur Rinderknech,Facundo Bagnis,P1,4.336964997490353,True,P1,0.6836923509836197,0.3163076490163803,1.5730337078651684,2.745098039215686,2.4852271333933476,661.0755154553083,Clay
2025-07-21,44536,Chun-Hsin Tseng,Giulio Zeppieri,P1,1.7082866726797228,True,P1,0.4880545735359192,0.5119454264640808,2.1731843575418996,1.8523809523809525,2.0041352025851498,663.0796506578935,Clay
2025-07-21,44591,Alexandre Muller,Beibit Zhukayev,P2,9.872355351547752,False,P1,0.4739637076854706,0.5260362923145294,1.4816053511705687,3.076388888888889,-9.872355351547752,653.2072953063457,Hard
2025-07-21,44565,Norbert Gombos,Hugo Gaston,P2,1.92442130640402,False,P1,0.3594871312379837,0.6405128687620163,2.6178343949044587,1.6181102362204727,-1.92442130640402,651.2828739999417,Clay
2025-07-21,44592,Yoshihito Nishioka,Jenson Brooksby,P1,3.8886234690965913,True,P1,0.37719257175922394,0.6228074282407761,3.4160583941605838,1.4138972809667674,9.39514137424067,660.6780153741823,Hard
2025-07-21,44566,Alexander Shevchenko,Daniel Elahi Galan,P1,1.5418359428024622,True,P1,0.6019865423440933,0.3980134576559067,1.7167381974248928,2.3952095808383236,1.1050927143691467,661.7831080885514,Clay
2025-07-21,44593,Cameron Norrie,Billy Harris,P2,1.4055546137058563,False,P1,0.7541107460856438,0.24588925391435623,1.269736842105263,4.7073170731707314,-1.4055546137058563,660.3775534748456,Hard
2025-07-21,44567,Alexander Bublik,Thiago Agustin Tirante,P1,10.975959746958168,True,P1,0.7589715719223022,0.24102842807769775,1.5650557620817847,2.7697368421052633,6.20202929939644,666.5795827742421,Clay
2025-07-21,44540,Carlos Taberner,Francisco Cerundolo,P1,1.334867304917872,True,P1,0.21365900337696075,0.7863409966230392,5.529411764705882,1.2207792207792207,6.046163675216244,672.6257464494583,Clay
2025-07-21,44541,Luciano Darderi,Chun-Hsin Tseng,P1,10.095425152596931,True,P1,0.7932008132338524,0.2067991867661476,1.4194528875379937,3.384057971014493,4.234555231180473,676.8603016806388,Clay
2025-07-21,44568,Yannick Hanfmann,Sebastian Baez,P1,5.805791813642805,True,P1,0.5709057301282883,0.42909426987171173,2.074468085106383,1.9306930693069304,6.238138012531098,683.0984396931699,Clay
2025-07-21,44595,Ethan Quinn,Christopher O'Connell,P2,9.925537898437387,False,P1,0.44208770990371704,0.557912290096283,1.6046511627906976,2.6538461538461537,-9.925537898437387,673.1729017947325,Hard
2025-07-21,44569,Jan-Lennard Struff,Pedro Martinez,P1,2.830507248663036,True,P1,0.6946981698274612,0.30530183017253876,1.4999999999999998,2.9999999999999996,1.4152536243315172,674.588155419064,Clay
2025-07-21,44542,Damir Dzumhur,Stan Wawrinka,P2,1.5568686620499526,False,P1,0.6071965843439102,0.3928034156560898,1.5708955223880594,2.7516339869281046,-1.5568686620499526,673.0312867570141,Clay
2025-07-21,44596,Learner Tien,Emilio Nava,P2,0.4946446126452693,False,P1,0.570437416434288,0.429562583565712,1.7272727272727275,2.375,-0.4946446126452693,672.5366421443688,Hard
2025-07-21,44597,Aleksandar Vukic,Giovanni Mpetshi Perricard,P2,3.8406886783519436,False,P1,0.35431399941444397,0.645686000585556,2.5,1.6666666666666667,-3.8406886783519436,668.6959534660168,Hard
2025-07-21,44570,Thiago Seyboth Wild,Roberto Bautista Agut,P2,6.5160174686080135,False,P1,0.4252646565437317,0.5747353434562683,1.8932038834951457,2.119565217391304,-6.5160174686080135,662.1799359974088,Clay
2025-07-21,44543,Jesper de Jong,Mariano Navone,P1,8.568456309925592,True,P1,0.5008213967084885,0.49917860329151154,3.0625000000000004,1.4848484848484849,17.672441139221537,679.8523771366304,Clay
2025-07-21,44571,Arthur Rinderknech,Norbert Gombos,P2,1.6017983918559224,False,P1,0.617357611656189,0.38264238834381104,1.5434782608695654,2.84,-1.6017983918559224,678.2505787447744,Clay
2025-07-21,44598,Taylor Fritz,Aleksandar Vukic,P1,0.9543779359330486,True,P1,0.8611631914973259,0.1388368085026741,1.1666666666666665,7.0,0.15906298932217464,678.4096417340966,Hard
2025-07-21,44572,Arthur Cazaux,Francisco Comesana,P1,7.124583043411555,True,P1,0.4769905358552933,0.5230094641447067,2.9591836734693877,1.5104166666666667,13.95836677892876,692.3680085130253,Clay
2025-07-21,44545,Dino Prizmic,Nikoloz Basilashvili,P2,10.142823904102835,False,P1,0.4511401057243347,0.5488598942756653,1.5671641791044775,2.7631578947368425,-10.142823904102835,682.2251846089225,Clay
2025-07-21,44599,Learner Tien,Andrey Rublev,P2,4.805069339133239,False,P1,0.2990030348300934,0.7009969651699066,2.873333333333333,1.5338078291814947,-4.805069339133239,677.4201152697893,Hard
2025-07-21,44573,Alexander Shevchenko,Marton Fucsovics,P2,3.0345562081461583,False,P1,0.3664112985134125,0.6335887014865875,2.4846625766871164,1.6735537190082643,-3.0345562081461583,674.3855590616432,Clay
2025-07-21,44600,Frances Tiafoe,Aleksandar Kovacevic,P2,4.783479576722355,False,P1,0.5816909521818161,0.4183090478181839,1.4752475247524752,3.104166666666667,-4.783479576722355,669.6020794849209,Hard
2025-07-21,44546,Camilo Ugo Carabelli,Francesco Passaro,P2,3.259860041272933,False,P1,0.46639901399612427,0.5336009860038757,1.935323383084577,2.0691489361702122,-3.259860041272933,666.3422194436479,Clay
2025-07-21,44601,Alex de Minaur,Yunchaokete Bu,P2,2.673668153605136,False,P1,0.7725907564163208,0.2274092435836792,1.1904761904761905,6.25,-2.673668153605136,663.6685512900427,Hard
2025-07-21,44547,Pablo Llamas Ruiz,Terence Atmane,P2,5.764741269012576,False,P1,0.5399620831012726,0.4600379168987274,1.5302491103202847,2.885906040268457,-5.764741269012576,657.9038100210302,Clay
2025-07-21,44574,Botic Van De Zandschulp,Filip Misolic,P1,3.051496608861447,True,P1,0.4588024169206619,0.5411975830793381,2.478527607361963,1.6763485477178421,4.511721979973059,662.4155320010032,Clay
2025-07-21,44602,Daniil Medvedev,Reilly Opelka,P2,4.575302092168876,False,P1,0.6413450837135315,0.3586549162864685,1.3438320209973753,3.9083969465648853,-4.575302092168876,657.8402299088343,Hard
2025-07-21,44548,Luciano Darderi,Dino Prizmic,P1,9.23275733420344,True,P1,0.6945682018995285,0.3054317981004715,1.737991266375546,2.3550295857988166,6.813694277206905,664.6539241860412,Clay
2025-07-21,44575,Alexander Bublik,Alexander Shevchenko,P1,1.0823719042309938,True,P1,0.7461216151714325,0.2538783848285675,1.3557951482479784,3.810606060606061,0.38510267212531313,665.0390268581665,Clay
2025-07-21,44549,Camilo Ugo Carabelli,Pablo Llamas Ruiz,P1,3.4567620277569997,True,P1,0.5233324468135834,0.4766675531864166,2.1366120218579234,1.879807692307692,3.928997277450579,668.968024135617,Clay
2025-07-21,44576,Arthur Rinderknech,Yannick Hanfmann,P1,3.17716356858525,True,P1,0.49823330342769623,0.5017666965723038,2.244318181818182,1.8036529680365299,3.953402395000966,672.921426530618,Clay
2025-07-21,44603,Flavio Cobolli,Yoshihito Nishioka,P2,3.612861457315431,False,P1,0.6184175759553909,0.38158242404460907,1.4433962264150944,3.2553191489361706,-3.612861457315431,669.3085650733026,Hard
2025-07-21,44577,Arthur Cazaux,Jan-Lennard Struff,P1,2.7792271658652483,True,P1,0.4534422308206558,0.5465577691793442,2.475609756097561,1.6776859504132233,4.101054720362135,673.4096197936648,Clay
2025-07-21,44604,Yibing Wu,Alexei Popyrin,P2,1.6445981465683592,False,P1,0.448887437582016,0.551112562417984,2.1189189189189186,1.8937198067632852,-1.6445981465683592,671.7650216470964,Hard
2025-07-21,44551,Carlos Taberner,Jesper de Jong,P2,0.9083708262630011,False,P1,0.3021734654903412,0.6978265345096588,3.2198581560283692,1.450479233226837,-0.9083708262630011,670.8566508208335,Clay
2025-07-21,44578,Botic Van De Zandschulp,Thiago Seyboth Wild,P2,0.8170935522133908,False,P1,0.5351088345050812,0.4648911654949188,1.8232558139534885,2.214689265536723,-0.8170935522133908,670.0395572686201,Clay
2025-07-21,44605,Jiri Lehecka,Zachary Svajda,P1,13.400791145372402,True,P1,0.8749035969376564,0.1250964030623436,1.4420062695924765,3.2624113475177303,5.9232337037539455,675.962790972374,Hard
2025-07-21,44552,Luciano Darderi,Camilo Ugo Carabelli,P2,2.9006558763712897,False,P1,0.6672018021345139,0.33279819786548615,1.3701657458563536,3.7014925373134324,-2.9006558763712897,673.0621350960027,Clay
2025-07-21,44606,Alejandro Davidovich Fokina,Jaume Munar,P1,3.334357289649182,True,P1,0.5929854810237885,0.40701451897621155,1.8240740740740737,2.2134831460674156,2.747757396099788,675.8098924921026,Hard
2025-07-21,44579,Alexander Bublik,Botic Van De Zandschulp,P2,0.28467568020905504,False,P1,0.7236900180578232,0.2763099819421768,1.3701657458563536,3.7014925373134324,-0.28467568020905504,675.5252168118935,Clay
2025-07-21,44553,Carlos Taberner,Damir Dzumhur,P2,5.736351482523862,False,P1,0.38755206763744354,0.6124479323625565,2.14207650273224,1.8755980861244024,-5.736351482523862,669.7888653293696,Clay
2025-07-21,44580,Arthur Cazaux,Arthur Rinderknech,P2,5.450585963962765,False,P1,0.49359945952892303,0.506400540471077,1.6962025316455698,2.436363636363637,-5.450585963962765,664.3382793654068,Clay
2025-07-21,44607,Matteo Arnaldi,Lorenzo Sonego,P2,4.366441554244225,False,P1,0.4253656417131424,0.5746343582868576,2.0418848167539267,1.959798994974874,-4.366441554244225,659.9718378111626,Hard
2025-07-21,44581,Alexander Bublik,Arthur Cazaux,P2,0.2445640180270442,False,P1,0.7296119779348373,0.27038802206516266,1.3604336043360434,3.774436090225563,-0.2445640180270442,659.7272737931355,Clay
2025-07-21,44608,Cameron Norrie,Lorenzo Musetti,P2,9.630753556290701,False,P1,0.3111077547073364,0.6888922452926636,2.275862068965517,1.7837837837837835,-9.630753556290701,650.0965202368448,Hard
2025-07-21,44554,Luciano Darderi,Carlos Taberner,P1,1.0158033060465108,True,P1,0.6763497143983841,0.3236502856016159,1.5017064846416384,2.993197278911565,0.5096351057639492,650.6061553426088,Clay
2025-07-21,44609,Ben Shelton,Mackenzie McDonald,P2,2.248808244337437,False,P1,0.7118420451879501,0.28815795481204987,1.3076923076923077,4.250000000000001,-2.248808244337437,648.3573470982714,Hard
2025-07-21,44610,Daniel Evans,Alex Michelsen,P1,7.871659335928608,True,P1,0.45314672589302063,0.5468532741069794,3.5999999999999996,1.3846153846153846,20.466314273414376,668.8236613716857,Hard
2025-07-21,44611,Brandon Nakashima,Ethan Quinn,P1,5.395769101026476,True,P1,0.7198150008916855,0.2801849991083145,1.5017064846416384,2.993197278911565,2.7070923476139663,671.5307537192997,Hard
2025-07-21,44612,Gabriel Diallo,Fabian Marozsan,P2,1.3388868411157777,False,P1,0.5746556967496872,0.4253443032503128,1.670781893004115,2.4907975460122698,-1.3388868411157777,670.1918668781839,Hard
2025-07-21,44613,Corentin Moutet,Alexandre Muller,P1,1.2303410521664404,True,P1,0.5146435797214508,0.4853564202785492,2.0155440414507773,1.9846938775510201,1.2494655244799084,671.4413324026638,Hard
2025-07-21,44614,Taylor Fritz,Matteo Arnaldi,P2,0.1268268930053609,False,P1,0.8368266895413399,0.16317331045866013,1.1904761904761905,6.25,-0.1268268930053609,671.3145055096584,Hard
2025-07-21,44615,Ben Shelton,Gabriel Diallo,P2,1.2155763800579213,False,P1,0.608102560043335,0.39189743995666504,1.5849056603773586,2.7096774193548385,-1.2155763800579213,670.0989291296005,Hard
2025-07-21,44616,Frances Tiafoe,Flavio Cobolli,P2,7.659835933155534,False,P1,0.4228895902633667,0.5771104097366333,1.8240740740740737,2.2134831460674156,-7.659835933155534,662.4390931964449,Hard
2025-07-21,44617,Alex de Minaur,Jiri Lehecka,P2,10.98376575813714,False,P1,0.4209534674882889,0.5790465325117111,1.5877862595419847,2.7012987012987018,-10.98376575813714,651.4553274383078,Hard
2025-07-21,44618,Daniil Medvedev,Yibing Wu,P2,0.23369692629580455,False,P1,0.7645480185747147,0.23545198142528534,1.2985781990521326,4.349206349206349,-0.23369692629580455,651.221630512012,Hard
2025-07-21,44619,Alejandro Davidovich Fokina,Learner Tien,P1,1.521774285075251,True,P1,0.618694394826889,0.38130560517311096,1.6666666666666667,2.5,1.0145161900501674,652.2361467020621,Hard
2025-07-21,44620,Brandon Nakashima,Cameron Norrie,P1,3.5836586825708205,True,P1,0.5765709429979324,0.42342905700206757,1.9073170731707316,2.102150537634408,3.251514707113037,655.4876614091752,Hard
2025-07-21,44621,Corentin Moutet,Daniel Evans,P2,7.339590325186906,False,P1,0.5126248747110367,0.4873751252889633,1.5138888888888888,2.9459459459459456,-7.339590325186906,648.1480710839883,Hard
2025-07-21,44622,Alejandro Davidovich Fokina,Taylor Fritz,P2,5.488341991124651,False,P1,0.2154129594564438,0.7845870405435562,3.856060606060606,1.350132625994695,-5.488341991124651,642.6597290928636,Hard
2025-07-21,44623,Ben Shelton,Frances Tiafoe,P2,4.179455150711404,False,P1,0.5779688954353333,0.42203110456466675,1.5051546391752577,2.9795918367346936,-4.179455150711404,638.4802739421522,Hard
2025-07-21,44624,Alex de Minaur,Brandon Nakashima,P2,3.521359358884307,False,P1,0.5834747850894928,0.4165252149105072,1.524822695035461,2.9054054054054053,-3.521359358884307,634.9589145832679,Hard
2025-07-21,44625,Corentin Moutet,Daniil Medvedev,P1,2.5184131209361698,True,P1,0.28265446424484253,0.7173455357551575,4.5280000000000005,1.2834467120181405,8.884961490662809,643.8438760739307,Hard
2025-07-21,44626,Alejandro Davidovich Fokina,Ben Shelton,P1,5.430503890599568,True,P1,0.3916018158197403,0.6083981841802597,3.729323308270676,1.3663911845730026,14.82160084426799,658.6654769181987,Hard
2025-07-21,44627,Alex de Minaur,Corentin Moutet,P2,4.294936105700443,False,P1,0.7135070562362671,0.2864929437637329,1.2187499999999998,5.571428571428571,-4.294936105700443,654.3705408124982,Hard
2025-07-21,44628,Alex de Minaur,Alejandro Davidovich Fokina,P2,0.6926318858995859,False,P1,0.6613720208406448,0.33862797915935516,1.4799999999999998,3.083333333333333,-0.6926318858995859,653.6779089265987,Hard
2025-07-27,44629,Corentin Moutet,Jenson Brooksby,P1,0.47907203522926317,True,P1,0.5587271302938461,0.44127286970615387,1.811059907834101,2.2329545454545454,0.38855612073894136,654.0664650473376,Hard
2025-07-27,44631,Yunchaokete Bu,Vit Kopriva,P2,4.091282786181937,False,P1,0.5994305610656738,0.40056943893432617,1.459546925566343,3.176056338028169,-4.091282786181937,649.9751822611556,Hard
2025-07-27,44632,Roberto Carballes Baena,Camilo Ugo Carabelli,P2,2.149274152955847,False,P1,0.4124179631471634,0.5875820368528366,2.264367816091954,1.7909090909090908,-2.149274152955847,647.8259081081998,Hard
2025-07-27,44634,Francisco Comesana,Damir Dzumhur,P2,4.74408963122103,False,P1,0.5326900631189346,0.46730993688106537,1.6023166023166024,2.66025641025641,-4.74408963122103,643.0818184769787,Hard
2025-07-27,44636,Hugo Gaston,Mattia Bellucci,P1,5.300942668578372,True,P1,0.4622805267572403,0.5377194732427597,2.8079470198675502,1.5531135531135531,9.583823500145007,652.6656419771238,Hard
2025-07-27,44637,Matteo Gigante,Borna Coric,P2,0.32820521224246496,False,P1,0.4784298539161682,0.5215701460838318,2.0691489361702122,1.935323383084577,-0.32820521224246496,652.3374367648813,Hard
2025-07-27,44638,Adrian Mannarino,Marcos Giron,P1,2.626218939067736,True,P1,0.372612401843071,0.627387598156929,3.1478873239436616,1.4655737704918033,5.640822369124362,657.9782591340057,Hard
2025-07-27,44639,Fabian Marozsan,Hugo Dellien,P2,3.572656162843874,False,P1,0.7698986828327179,0.2301013171672821,1.1578212290502792,7.336283185840708,-3.572656162843874,654.4056029711619,Hard
2025-07-27,44640,Mackenzie McDonald,David Goffin,P2,5.205605797641053,False,P1,0.49870097637176514,0.5012990236282349,1.686192468619247,2.457317073170732,-5.205605797641053,649.1999971735208,Hard
2025-07-27,44642,Christopher O'Connell,Chun-Hsin Tseng,P2,1.1526730697342544,False,P1,0.5528765171766281,0.4471234828233719,1.7444933920704846,2.3431952662721893,-1.1526730697342544,648.0473241037865,Hard
2025-07-27,44643,Ethan Quinn,Yoshihito Nishioka,P2,9.23300906376304,False,P1,0.37498839199543,0.62501160800457,1.9068627450980393,2.1027027027027025,-9.23300906376304,638.8143150400235,Hard
2025-07-27,44644,Tristan Schoolkate,Joao Fonseca,P1,5.0530617273242076,True,P1,0.36541326344013214,0.6345867365598679,4.0625,1.3265306122448979,15.475001539930386,654.289316579954,Hard
2025-07-27,44646,Aleksandar Vukic,Pedro Martinez,P2,5.139573272738106,False,P1,0.6025734543800354,0.3974265456199646,1.3988269794721404,3.50735294117647,-5.139573272738106,649.1497433072159,Hard
2025-07-27,44647,Yosuke Watanuki,Daniel Altmaier,P1,6.65952193125938,True,P1,0.516449898481369,0.483550101518631,2.5534591194968552,1.6437246963562753,10.345295075604193,659.4950383828201,Hard
2025-07-27,44649,Facundo Bagnis,Vasek Pospisil,P2,13.189900767656402,False,P1,0.4148076921701431,0.5851923078298569,1.2006920415224913,5.982758620689657,-13.189900767656402,646.3051376151637,Hard
2025-07-27,44650,Tomas Barrios Vera,Gael Monfils,P1,0.768483516511973,True,P1,0.2562139630317688,0.7437860369682312,4.2,1.3125,2.4591472528383136,648.764284868002,Hard
2025-07-27,44651,James Duckworth,Juncheng Shang,P2,8.933915299418054,False,P1,0.4526473879814148,0.5473526120185852,1.6007751937984493,2.6645161290322577,-8.933915299418054,639.830369568584,Hard
2025-07-27,44652,Tomas Martin Etcheverry,Pierre-Hugues Herbert,P2,5.814309496082986,False,P1,0.5188931971788406,0.48110680282115936,1.5769230769230766,2.733333333333333,-5.814309496082986,634.0160600725011,Hard
2025-07-27,44654,Miomir Kecmanovic,Quentin Halys,P2,2.9253769886948024,False,P1,0.5587662905454636,0.44123370945453644,1.624505928853755,2.60126582278481,-2.9253769886948024,631.0906830838063,Hard
2025-07-27,44655,Giovanni Mpetshi Perricard,Shintaro Mochizuki,P1,3.3578796840307716,True,P1,0.6891878694295883,0.3108121305704117,1.5333333333333337,2.8750000000000004,1.7908691648164126,632.8815522486227,Hard
2025-07-27,44656,Emilio Nava,Zizou Bergs,P2,2.195103788659472,False,P1,0.3838854730129242,0.6161145269870758,2.4242424242424243,1.702127659574468,-2.195103788659472,630.6864484599632,Hard
2025-07-27,44657,Reilly Opelka,Sebastian Ofner,P2,3.044566655221515,False,P1,0.574136346578598,0.425863653421402,1.5735849056603772,2.7434210526315783,-3.044566655221515,627.6418818047417,Hard
2025-07-27,44660,Adam Walton,Benjamin Bonzi,P2,2.622664649012837,False,P1,0.4605759233236313,0.5394240766763687,1.9897435897435893,2.0103626943005177,-2.622664649012837,625.0192171557289,Hard
2025-07-27,44661,Taylor Fritz,Roberto Carballes Baena,P2,1.7031576426786674,False,P1,0.8758529126644135,0.12414708733558655,1.0795198799699925,13.575471698113207,-1.7031576426786674,623.3160595130503,Hard
2025-07-27,44662,Ben Shelton,Adrian Mannarino,P2,1.5820739013331473,False,P1,0.7791176065802574,0.22088239341974258,1.2183486238532109,5.579831932773109,-1.5820739013331473,621.7339856117171,Hard
2025-07-27,44663,Andrey Rublev,Hugo Gaston,P2,5.121817678693968,False,P1,0.7347947806119919,0.2652052193880081,1.1366995073891626,8.315315315315313,-5.121817678693968,616.6121679330231,Hard
2025-07-27,44664,Frances Tiafoe,Yosuke Watanuki,P2,3.202953985303347,False,P1,0.629388615489006,0.37061138451099396,1.4237804878048779,3.3597122302158278,-3.202953985303347,613.4092139477198,Hard
2025-07-27,44665,Alex de Minaur,Francisco Comesana,P2,1.5735684807430839,False,P1,0.8453711867332458,0.15462881326675415,1.1222222222222222,9.181818181818182,-1.5735684807430839,611.8356454669766,Hard
2025-07-27,44668,Arthur Fils,Pablo Carreno Busta,P2,2.1110734145337067,False,P1,0.6506934314966202,0.3493065685033798,1.4307692307692306,3.3214285714285707,-2.1110734145337067,609.7245720524429,Hard
2025-07-27,44669,Jiri Lehecka,Mackenzie McDonald,P1,3.0249237257298445,True,P1,0.7423663884401321,0.25763361155986786,1.4005847953216373,3.496350364963503,1.2117384515350542,610.936310503978,Hard
2025-07-27,44670,Alejandro Davidovich Fokina,Corentin Moutet,P2,1.2443907292492429,False,P1,0.5617519319057465,0.43824806809425354,1.7076271186440675,2.413173652694611,-1.2443907292492429,609.6919197747287,Hard
2025-07-27,44671,Fabian Marozsan,Felix Auger-Aliassime,P2,1.8662435615117112,False,P1,0.3686431795358658,0.6313568204641342,2.546583850931677,1.6465863453815262,-1.8662435615117112,607.825676213217,Hard
2025-07-27,44672,Christopher O'Connell,Stefanos Tsitsipas,P2,1.2199758423834348,False,P1,0.3008825480937958,0.6991174519062042,3.1901408450704225,1.4565916398713825,-1.2199758423834348,606.6057003708336,Hard
2025-07-27,44673,Brandon Nakashima,Ethan Quinn,P1,5.32242947225326,True,P1,0.7432423084974289,0.2567576915025711,1.4522292993630572,3.211267605633803,2.4069585511463782,609.01265892198,Hard
2025-07-27,44674,Gabriel Diallo,Matteo Gigante,P2,4.168676176751577,False,P1,0.6366009712219238,0.36339902877807617,1.3557951482479784,3.810606060606061,-4.168676176751577,604.8439827452285,Hard
2025-07-27,44675,Lorenzo Sonego,Yunchaokete Bu,P1,1.8296339104931825,True,P1,0.5566132217645645,0.4433867782354355,1.8937198067632852,2.1189189189189186,1.6351800649335209,606.4791628101619,Hard
2025-07-27,44676,Aleksandar Vukic,Cameron Norrie,P1,0.06352545182565635,True,P1,0.31991322338581085,0.6800867766141891,3.13986013986014,1.4673202614379082,0.13593558222832758,606.6150983923902,Hard
2025-07-27,44677,Alexander Zverev,Adam Walton,P2,1.8507132306584286,False,P1,0.8183790594339371,0.18162094056606293,1.1473684210526316,7.785714285714286,-1.8507132306584286,604.7643851617318,Hard
2025-07-27,44678,Lorenzo Musetti,James Duckworth,P1,7.242096580662945,True,P1,0.7977073788642883,0.20229262113571167,1.3623978201634879,3.7593984962406015,2.6245200142457006,607.3889051759775,Hard
2025-07-27,44679,Holger Rune,Giovanni Mpetshi Perricard,P1,4.570139130385948,True,P1,0.6639509797096252,0.33604902029037476,1.6544715447154474,2.527950310559006,2.9910260162282034,610.3799311922056,Hard
2025-07-27,44680,Casper Ruud,Roman Safiullin,P1,2.0967945005601543,True,P1,0.6838721930980682,0.31612780690193176,1.5138888888888888,2.9459459459459456,1.0775193961211902,611.4574505883268,Hard
2025-07-27,44683,Francisco Cerundolo,Jaume Munar,P1,6.019891426853744,True,P1,0.6066884100437164,0.39331158995628357,1.959798994974874,2.0418848167539267,5.777885741352083,617.2353363296788,Hard
2025-07-27,44684,Reilly Opelka,Tomas Machac,P1,3.0437184252632936,True,P1,0.46676038205623627,0.5332396179437637,2.4484848484848483,1.6903765690376567,4.408780022048043,621.6441163517269,Hard
2025-07-27,44686,Learner Tien,Denis Shapovalov,P2,4.451549358238171,False,P1,0.34397874772548676,0.6560212522745132,2.4907975460122698,1.670781893004115,-4.451549358238171,617.1925669934888,Hard
2025-07-27,44687,Tomas Martin Etcheverry,Tallon Griekspoor,P2,1.759788372615151,False,P1,0.3215673118829727,0.6784326881170273,2.9324324324324325,1.5174825174825177,-1.759788372615151,615.4327786208736,Hard
2025-07-27,44688,Alex Michelsen,Tomas Barrios Vera,P2,2.184088801376436,False,P1,0.7404357045888901,0.2595642954111099,1.254697286012526,4.926229508196722,-2.184088801376436,613.2486898194971,Hard
2025-07-27,44689,Alexandre Muller,Miomir Kecmanovic,P1,0.6338149089350544,True,P1,0.37827783823013306,0.6217221617698669,2.738562091503268,1.5751879699248121,1.1019265737040815,614.3506163932012,Hard
2025-07-27,44690,Nuno Borges,Facundo Bagnis,P2,8.097553078961376,False,P1,0.6196914464235306,0.3803085535764694,1.1883116883116882,6.310344827586207,-8.097553078961376,606.2530633142399,Hard
2025-07-27,44691,Matteo Arnaldi,Tristan Schoolkate,P1,0.5526265074853454,True,P1,0.5980349779129028,0.40196502208709717,1.6932773109243697,2.4424242424242424,0.38312341905496633,606.6361867332948,Hard
2025-07-27,44693,Taylor Fritz,Gabriel Diallo,P1,7.411510048352281,True,P1,0.7685091644525528,0.2314908355474472,1.4416403785488958,3.2642857142857147,3.2732221033732465,609.909408836668,Hard
2025-07-27,44694,Ben Shelton,Brandon Nakashima,P2,2.9575885328269758,False,P1,0.6186957508325577,0.3813042491674423,1.459546925566343,3.176056338028169,-2.9575885328269758,606.951820303841,Hard
2025-07-27,44695,Andrey Rublev,Lorenzo Sonego,P2,4.203891723830022,False,P1,0.5889288932085037,0.4110711067914963,1.4627831715210353,3.1608391608391604,-4.203891723830022,602.747928580011,Hard
2025-07-27,44696,Frances Tiafoe,Aleksandar Vukic,P2,1.4051636714955185,False,P1,0.6632172167301178,0.3367827832698822,1.4375,3.285714285714286,-1.4051636714955185,601.3427649085155,Hard
2025-07-27,44697,Alejandro Davidovich Fokina,Jakub Mensik,P2,0.701440440117309,False,P1,0.48833543062210083,0.5116645693778992,2.0,2.0,-0.701440440117309,600.6413244683982,Hard
2025-07-27,44698,Flavio Cobolli,Fabian Marozsan,P1,5.641662436684067,True,P1,0.5741948783397675,0.42580512166023254,2.102150537634408,1.9073170731707316,6.217961287743189,606.8592857561414,Hard
2025-07-27,44699,Jiri Lehecka,Arthur Fils,P1,5.088265697618588,True,P1,0.6444914638996124,0.3555085361003876,1.7456140350877196,2.3411764705882354,3.7938823183998256,610.6531680745412,Hard
2025-07-27,44700,Alexander Zverev,Matteo Arnaldi,P2,0.09010055138275755,False,P1,0.7956583425402641,0.20434165745973587,1.2531120331950205,4.950819672131147,-0.09010055138275755,610.5630675231585,Hard
2025-07-27,44701,Alex Michelsen,Lorenzo Musetti,P2,5.401390979820278,False,P1,0.31137773394584656,0.6886222660541534,2.643312101910828,1.6085271317829455,-5.401390979820278,605.1616765433382,Hard
2025-07-27,44702,Holger Rune,Alexandre Muller,P1,1.0532891396287778,True,P1,0.7746707573533058,0.22532924264669418,1.3045563549160673,4.283464566929133,0.3207859010380212,605.4824624443762,Hard
2025-07-27,44703,Casper Ruud,Nuno Borges,P1,1.7165495446203907,True,P1,0.659611165523529,0.34038883447647095,1.5645756457564575,2.7712418300653594,0.96912206762701,606.4515845120033,Hard
2025-07-27,44704,Alexei Popyrin,Daniil Medvedev,P1,3.1064788172764684,True,P1,0.3100782036781311,0.6899217963218689,4.322834645669291,1.3009478672985784,10.322315440084012,616.7738999520873,Hard
2025-07-27,44705,Karen Khachanov,Emilio Nava,P1,2.7905317697389544,True,P1,0.766380250453949,0.23361974954605103,1.3456464379947228,3.893129770992366,0.9645373663213797,617.7384373184086,Hard
2025-07-27,44706,Francisco Cerundolo,Tomas Martin Etcheverry,P2,0.47031139802227656,False,P1,0.6285785883665085,0.3714214116334915,1.5666666666666667,2.7647058823529416,-0.47031139802227656,617.2681259203863,Hard
2025-07-27,44707,Alex de Minaur,Christopher O'Connell,P2,1.080727350693631,False,P1,0.8652531802654266,0.13474681973457336,1.1152614727854857,9.675925925925924,-1.080727350693631,616.1873985696926,Hard
2025-07-27,44708,Learner Tien,Reilly Opelka,P2,6.404301218900866,False,P1,0.4449503719806671,0.5550496280193329,1.780269058295964,2.2816091954022983,-6.404301218900866,609.7830973507918,Hard
2025-07-27,44709,Taylor Fritz,Jiri Lehecka,P2,5.931471819743767,False,P1,0.5851886868476868,0.41481131315231323,1.3764044943820226,3.656716417910447,-5.931471819743767,603.851625531048,Hard
2025-07-27,44710,Ben Shelton,Flavio Cobolli,P2,2.0349697375519016,False,P1,0.6335035711526871,0.3664964288473129,1.4721311475409837,3.1180555555555554,-2.0349697375519016,601.816655793496,Hard
2025-07-27,44711,Andrey Rublev,Alejandro Davidovich Fokina,P2,0.25055832819434165,False,P1,0.4443700462579727,0.5556299537420273,2.2316384180790965,1.8119266055045873,-0.25055832819434165,601.5660974653017,Hard
2025-07-27,44712,Alex de Minaur,Frances Tiafoe,P2,0.25311668051033165,False,P1,0.7556686699390411,0.24433133006095886,1.3121951219512196,4.203125,-0.25311668051033165,601.3129807847914,Hard
2025-07-27,44713,Alexander Zverev,Francisco Cerundolo,P1,7.6626365618040815,True,P1,0.8137158751487732,0.1862841248512268,1.3333333333333333,3.999999999999999,2.5542121872680266,603.8671929720595,Hard
2025-07-27,44714,Alexei Popyrin,Holger Rune,P2,1.3470237990644829,False,P1,0.3258000910282135,0.6741999089717865,2.9324324324324325,1.5174825174825177,-1.3470237990644829,602.520169172995,Hard
2025-07-27,44715,Karen Khachanov,Casper Ruud,P2,1.0023624094598043,False,P1,0.5310883671045303,0.46891163289546967,1.8202764976958523,2.2191011235955056,-1.0023624094598043,601.5178067635352,Hard
2025-07-27,44716,Alex Michelsen,Learner Tien,P1,0.6031838209777689,True,P1,0.5037620663642883,0.49623793363571167,2.0259067357512954,1.974747474747475,0.6188103448372967,602.1366171083724,Hard
2025-07-27,44717,Taylor Fritz,Andrey Rublev,P1,7.684990620837371,True,P1,0.7460324689745903,0.2539675310254097,1.5174825174825177,2.9324324324324325,3.9768482933004594,606.1134654016729,Hard
2025-07-27,44718,Ben Shelton,Alex de Minaur,P2,1.1875089555064589,False,P1,0.3914434015750885,0.6085565984249115,2.454545454545454,1.6874999999999998,-1.1875089555064589,604.9259564461664,Hard
2025-07-27,44719,Alexander Zverev,Alexei Popyrin,P1,4.185701774133306,True,P1,0.7672255858778954,0.23277441412210464,1.3701657458563536,3.7014925373134324,1.5494034191543178,606.4753598653208,Hard
2025-07-27,44720,Karen Khachanov,Alex Michelsen,P2,0.26313990567389817,False,P1,0.6733926683664322,0.3266073316335678,1.4721311475409837,3.1180555555555554,-0.26313990567389817,606.2122199596469,Hard
2025-07-27,44721,Karen Khachanov,Alexander Zverev,P1,2.2753319807451207,True,P1,0.3854898363351822,0.6145101636648178,2.9795918367346936,1.5051546391752577,4.504228614944422,610.7164485745913,Hard
2025-07-27,44722,Ben Shelton,Taylor Fritz,P1,1.4907511791282466,True,P1,0.42001204192638397,0.579987958073616,2.5624999999999996,1.6399999999999997,2.3292987173878847,613.0457472919792,Hard
2025-07-27,44723,Ben Shelton,Karen Khachanov,P2,6.227193368410624,False,P1,0.49945729970932007,0.5005427002906799,1.5954198473282442,2.6794871794871793,-6.227193368410624,606.8185539235685,Hard
2025-08-07,44733,Luca Nardi,Thiago Agustin Tirante,P2,3.005193032804347,False,P1,0.36979393661022186,0.6302060633897781,2.436363636363637,1.6962025316455698,-3.005193032804347,603.8133608907642,Hard
2025-08-07,44751,Pedro Martinez,Nicolas Jarry,P1,3.4334518352751573,True,P1,0.3500654399394989,0.6499345600605011,3.749999999999999,1.3636363636363635,9.441992547006679,613.2553534377709,Hard
2025-08-18,44835,Sebastian Korda,Vit Kopriva,P1,4.224425484501611,True,P1,0.7158561944961548,0.2841438055038452,1.4915254237288134,3.03448275862069,2.076412526280452,615.3317659640513,Hard
2025-08-18,44839,Luciano Darderi,Mackenzie McDonald,P2,3.5918268623305187,False,P1,0.4144507050514221,0.5855492949485779,2.1311475409836067,1.8840579710144931,-3.5918268623305187,611.7399391017208,Hard
2025-08-18,44861,Giovanni Mpetshi Perricard,Hamad Medjedovic,P1,1.8401770720010098,True,P1,0.37201738357543945,0.6279826164245605,3.0136986301369864,1.4965986394557824,3.705562049097924,615.4455011508187,Hard
2025-08-18,44847,Hamad Medjedovic,Jacob Fearnley,P1,6.182849229284246,True,P1,0.7218165546655655,0.2781834453344345,1.5340501792114694,2.87248322147651,3.3019517389367468,618.7474528897554,Hard
2025-08-18,44848,Mariano Navone,Marcos Giron,P1,0.32689959233424865,True,P1,0.4303261637687683,0.5696738362312317,2.357142857142857,1.7368421052631582,0.4436494467393375,619.1911023364947,Hard
2025-08-18,44836,Kamil Majchrzak,Nuno Borges,P1,2.1714792915635566,True,P1,0.49692147970199585,0.5030785202980042,2.1787709497206706,1.8483412322274884,2.5596767068151425,621.7507790433099,Hard
2025-08-18,44837,Sebastian Baez,Pablo Carreno Busta,P2,3.8501148909978133,False,P1,0.2920508235692978,0.7079491764307022,2.9999999999999996,1.4999999999999998,-3.8501148909978133,617.9006641523121,Hard
2025-08-18,44838,Marton Fucsovics,Tallon Griekspoor,P2,3.7583098734563327,False,P1,0.38988086581230164,0.6101191341876984,2.2528735632183907,1.7981651376146788,-3.7583098734563327,614.1423542788557,Hard
2025-08-18,44841,Botic Van De Zandschulp,Matteo Arnaldi,P1,1.5104291263779694,True,P1,0.489333838224411,0.510666161775589,2.160220994475138,1.8619047619047617,1.7524315830904618,615.8947858619462,Hard
2025-08-18,44843,Giovanni Mpetshi Perricard,Pedro Martinez,P2,2.0538708871679243,False,P1,0.5971379429101944,0.4028620570898056,1.5629629629629629,2.776315789473684,-2.0538708871679243,613.8409149747782,Hard
2025-08-18,44844,Jaume Munar,Mattia Bellucci,P2,2.373363905984931,False,P1,0.5298970937728882,0.4701029062271118,1.7412280701754383,2.3491124260355027,-2.373363905984931,611.4675510687933,Hard
2025-08-18,44845,Miomir Kecmanovic,Aleksandar Kovacevic,P2,1.3960226954533888,False,P1,0.5355982035398483,0.4644017964601517,1.7818181818181815,2.2790697674418605,-1.3960226954533888,610.0715283733399,Hard
2025-08-18,44846,Roberto Bautista Agut,Christopher O'Connell,P1,2.2137018823666037,True,P1,0.6439945846796036,0.3560054153203964,1.6230158730158732,2.605095541401274,1.3791714108395114,611.4506997841794,Hard
2025-08-18,44850,Yunchaokete Bu,Stefanos Tsitsipas,P2,2.4681857019685043,False,P1,0.3273807764053345,0.6726192235946655,2.8079470198675502,1.5531135531135531,-2.4681857019685043,608.9825140822109,Hard
2025-08-18,44851,Miomir Kecmanovic,Luciano Darderi,P2,6.539822201251479,False,P1,0.5062368214130402,0.49376317858695984,1.5510948905109487,2.814569536423841,-6.539822201251479,602.4426918809594,Hard
2025-08-18,44852,Hamad Medjedovic,Gabriel Diallo,P1,3.9184940611446213,True,P1,0.5196662843227386,0.48033371567726135,2.2329545454545454,1.811059907834101,4.831325064024902,607.2740169449843,Hard
2025-08-18,44853,Jaume Munar,Lorenzo Sonego,P2,8.150740786550577,False,P1,0.4219847023487091,0.5780152976512909,1.7336244541484718,2.3630952380952377,-8.150740786550577,599.1232761584337,Hard
2025-08-18,44854,Giovanni Mpetshi Perricard,Alexandre Muller,P1,1.3087908789217513,True,P1,0.5378245711326599,0.4621754288673401,1.935323383084577,2.0691489361702122,1.2241427126233295,600.347418871057,Hard
2025-08-18,44855,Botic Van De Zandschulp,Sebastian Baez,P2,0.8374554894056037,False,P1,0.6561132967472076,0.34388670325279236,1.4816053511705687,3.076388888888889,-0.8374554894056037,599.5099633816515,Hard
2025-08-18,44856,Sebastian Korda,Kamil Majchrzak,P1,9.191787971338881,True,P1,0.698082685470581,0.30191731452941895,1.7713004484304933,2.296511627906977,7.089630184171693,606.5995935658232,Hard
2025-08-18,44860,Marton Fucsovics,Jaume Munar,P1,2.70460975071895,True,P1,0.4795273244380951,0.5204726755619049,2.333333333333333,1.75,3.6061463342919327,610.2057399001151,Hard
2025-08-18,44862,Botic Van De Zandschulp,Yunchaokete Bu,P1,6.070172076060241,True,P1,0.5891547203063965,0.4108452796936035,2.0529100529100535,1.9497487437185932,6.3913452017777175,616.5970851018928,Hard
2025-08-18,44863,Marton Fucsovics,Sebastian Korda,P2,3.1286104739798666,False,P1,0.3265405595302582,0.6734594404697418,2.7516339869281046,1.5708955223880594,-3.1286104739798666,613.468474627913,Hard
2025-08-18,44864,Botic Van De Zandschulp,Giovanni Mpetshi Perricard,P1,6.488024848465201,True,P1,0.5387388616800308,0.4612611383199692,2.4096385542168677,1.7094017094017095,9.145769967113598,622.6142445950265,Hard
2025-08-18,44859,Sebastian Korda,Miomir Kecmanovic,P1,11.243159610182826,True,P1,0.700136199593544,0.299863800406456,1.8846153846153846,2.1304347826086953,9.945871962854037,632.5601165578806,Hard
2025-08-18,44858,Yunchaokete Bu,Mariano Navone,P2,3.576035504314516,False,P1,0.5042470395565033,0.4957529604434967,1.7589285714285714,2.317647058823529,-3.576035504314516,628.9840810535661,Hard
2025-08-18,44833,Mattia Bellucci,Francisco Comesana,P2,3.1785099317126053,False,P1,0.4048624783754349,0.5951375216245651,2.2203389830508478,1.8194444444444444,-3.1785099317126053,625.8055711218535,Hard
2025-08-18,44865,Marton Fucsovics,Botic Van De Zandschulp,P2,0.6033453556075637,False,P1,0.5315340757369995,0.4684659242630005,1.8450704225352113,2.183333333333333,-0.6033453556075637,625.202225766246,Hard
2025-08-18,44840,Gabriel Diallo,Nishesh Basavareddy,P1,6.542264440264137,True,P1,0.6793866008520126,0.32061339914798737,1.6820083682008369,2.4662576687116564,4.461879095242905,629.6641048614889,Hard
2025-08-18,44857,Marton Fucsovics,Roberto Bautista Agut,P2,3.6042508858893694,False,P1,0.49544188380241394,0.5045581161975861,1.7873303167420815,2.2701149425287355,-3.6042508858893694,626.0598539755996,Hard
2025-08-18,44831,Aleksandar Kovacevic,Filip Misolic,P2,3.3084529333101163,False,P1,0.530371680855751,0.46962831914424896,1.686192468619247,2.457317073170732,-3.3084529333101163,622.7514010422894,Hard
2025-08-18,44830,Christopher O'Connell,Roman Safiullin,P1,0.7172331079761184,True,P1,0.37576302886009216,0.6242369711399078,2.7697368421052633,1.5650557620817847,1.269313855562999,624.0207148978525,Hard
2025-08-18,44829,Marton Fucsovics,Hugo Gaston,P2,0.5634798391812817,False,P1,0.6583463698625565,0.34165363013744354,1.4915254237288134,3.03448275862069,-0.5634798391812817,623.4572350586712,Hard
2025-08-18,44827,Nishesh Basavareddy,Raphael Collignon,P2,5.48915367808347,False,P1,0.5894938260316849,0.4105061739683151,1.3976608187134503,3.514705882352941,-5.48915367808347,617.9680813805878,Hard
2025-08-18,44826,Botic Van De Zandschulp,Adam Walton,P1,2.617224312787342,True,P1,0.5003232061862946,0.49967679381370544,2.202247191011236,1.8317757009345794,3.1465505782948946,621.1146319588827,Hard
2025-08-18,44825,Hamad Medjedovic,Arthur Rinderknech,P2,1.3846397439846934,False,P1,0.5959744900465012,0.40402550995349884,1.6031128404669261,2.6580645161290324,-1.3846397439846934,619.729992214898,Hard
2025-08-18,44824,Mackenzie McDonald,Brandon Holt,P1,6.366974631029419,True,P1,0.7521506249904633,0.24784937500953674,1.4533762057877813,3.2056737588652484,2.8866348005631766,622.6166270154612,Hard
2025-08-18,44823,Pedro Martinez,David Goffin,P1,0.23206681583442856,True,P1,0.4618423730134964,0.5381576269865036,2.1843575418994416,1.8443396226415094,0.27485008355809426,622.8914770990193,Hard
2025-08-18,44822,Kamil Majchrzak,Nicolas Jarry,P2,0.1061093431417666,False,P1,0.5008650422096252,0.49913495779037476,1.9897435897435893,2.0103626943005177,-0.1061093431417666,622.7853677558776,Hard
2025-08-18,44821,Vit Kopriva,Sebastian Ofner,P2,0.5474343978169821,False,P1,0.3905421942472458,0.6094578057527542,2.515527950310559,1.6598360655737707,-0.5474343978169821,622.2379333580606,Hard
2025-08-18,44820,Pablo Carreno Busta,Yoshihito Nishioka,P1,2.351716614398777,True,P1,0.6107743084430695,0.38922569155693054,1.7272727272727275,2.375,1.7103393559263838,623.948272713987,Hard
2025-08-18,44819,Yunchaokete Bu,Chun-Hsin Tseng,P2,4.3333151602755935,False,P1,0.6470694988965988,0.3529305011034012,1.330769230769231,4.023255813953488,-4.3333151602755935,619.6149575537114,Hard
2025-08-24,44974,Jaume Munar,Zizou Bergs,P2,5.047754367816106,False,P1,0.5661965757608414,0.43380342423915863,1.4784053156146177,3.0902777777777772,-5.047754367816106,614.5672031858953,Hard
2025-08-24,44953,Flavio Cobolli,Jenson Brooksby,P2,5.411104824107186,False,P1,0.49958065152168274,0.5004193484783173,1.6491935483870968,2.540372670807453,-5.411104824107186,609.1560983617882,Hard
2025-08-24,44866,Alejandro Davidovich Fokina,Alexander Shevchenko,P1,0.02785152802491454,True,P1,0.8198618441820145,0.18013815581798553,1.21996303142329,5.546218487394958,0.0061263065341309215,609.1622246683223,Hard
2025-08-24,44868,Ben Shelton,Ignacio Buse,P2,2.6083946854688076,False,P1,0.8621265217661858,0.13787347823381424,1.0605882352941176,17.50485436893204,-2.6083946854688076,606.5538299828535,Hard
2025-08-24,44881,Jordan Thompson,Corentin Moutet,P1,7.788320117308219,True,P1,0.4667035788297653,0.5332964211702347,3.5407407407407407,1.3935860058309035,19.788102223975695,626.3419322068291,Hard
2025-08-24,44882,Novak Djokovic,Learner Tien,P1,8.63580966806232,True,P1,0.8866825737059116,0.11331742629408836,1.185483870967742,6.391304347826088,1.60180340617285,627.943735613002,Hard
2025-08-24,44898,Mattia Bellucci,Juncheng Shang,P2,4.918697582189452,False,P1,0.4912452846765518,0.5087547153234482,1.7167381974248928,2.3952095808383236,-4.918697582189452,623.0250380308125,Hard
2025-08-24,44899,Jaume Munar,Jaime Faria,P2,3.7617247624407004,False,P1,0.679270938038826,0.320729061961174,1.294392523364486,4.396825396825396,-3.7617247624407004,619.2633132683718,Hard
2025-08-24,44900,Karen Khachanov,Nishesh Basavareddy,P1,11.839651149894621,True,P1,0.8560772091150284,0.14392279088497162,1.3038277511961724,4.291338582677165,3.59721458381966,622.8605278521915,Hard
2025-08-24,44962,Jiri Lehecka,Raphael Collignon,P2,0.7607240635743351,False,P1,0.844647116959095,0.155352883040905,1.1550068587105626,7.45132743362832,-0.7607240635743351,622.0998037886171,Hard
2025-08-24,44963,Arthur Rinderknech,Benjamin Bonzi,P1,2.9529740724954436,True,P1,0.534736767411232,0.465263232588768,2.057894736842105,1.9452736318407962,3.123935729324127,625.2237395179412,Hard
2025-08-24,44972,Alex de Minaur,Daniel Altmaier,P2,4.736901156273909,False,P1,0.7911072075366974,0.2088927924633026,1.072513812154696,14.79047619047619,-4.736901156273909,620.4868383616673,Hard
2025-08-24,44973,Andrey Rublev,Coleman Wong,P2,7.3906341550231724,False,P1,0.6834455728530884,0.3165544271469116,1.1146161934805467,9.724770642201833,-7.3906341550231724,613.0962042066442,Hard
2025-08-24,44885,Marcos Giron,Mariano Navone,P1,1.7213963724359966,True,P1,0.5038759261369705,0.4961240738630295,2.108108108108108,1.9024390243902443,1.9074932775642122,615.0036974842084,Hard
2025-08-24,44901,Holger Rune,Botic Van De Zandschulp,P2,2.58535243146161,False,P1,0.6593892723321915,0.34061072766780853,1.3890489913544668,3.5703703703703704,-2.58535243146161,612.4183450527468,Hard
2025-08-24,44902,Andrey Rublev,Dino Prizmic,P1,12.248366901054936,True,P1,0.8680220618844032,0.13197793811559677,1.3341902313624678,3.9923076923076914,4.0932845684759425,616.5116296212227,Hard
2025-08-24,44931,Zizou Bergs,Jack Draper,P2,3.231117069952498,False,P1,0.15198750793933868,0.8480124920606613,5.889830508474576,1.2045060658578857,-3.231117069952498,613.2805125512702,Hard
2025-08-24,44869,Jakub Mensik,Nicolas Jarry,P2,0.9481578227524964,False,P1,0.6667779088020325,0.33322209119796753,1.4533762057877813,3.2056737588652484,-0.9481578227524964,612.3323547285178,Hard
2025-08-24,44870,Luciano Darderi,Rinky Hijikata,P2,1.1593796161701888,False,P1,0.5682071894407272,0.43179281055927277,1.6932773109243697,2.4424242424242424,-1.1593796161701888,611.1729751123476,Hard
2025-08-24,44871,Arthur Rinderknech,Roberto Carballes Baena,P2,1.974458237525572,False,P1,0.6067973077297211,0.39320269227027893,1.5415162454873648,2.8466666666666667,-1.974458237525572,609.198516874822,Hard
2025-08-24,44872,Tomas Machac,Luca Nardi,P1,0.3494919782505189,True,P1,0.6779462248086929,0.32205377519130707,1.483221476510067,3.069444444444444,0.16888202975864,609.3673989045806,Hard
2025-08-24,44877,Pablo Carreno Busta,Pablo Llamas Ruiz,P1,3.801868438794407,True,P1,0.6760005950927734,0.32399940490722656,1.5877862595419847,2.7012987012987018,2.2346860289096893,611.6020849334902,Hard
2025-08-24,44878,Tomas Martin Etcheverry,Camilo Ugo Carabelli,P2,7.0769614121544,False,P1,0.5394973903894424,0.46050260961055756,1.4246153846153846,3.355072463768116,-7.0769614121544,604.5251235213358,Hard
2025-08-24,44879,Zachary Svajda,Zsombor Piros,P2,7.13213674082062,False,P1,0.5218677520751953,0.4781322479248047,1.4640522875816993,3.154929577464789,-7.13213674082062,597.3929867805151,Hard
2025-08-24,44883,Benjamin Bonzi,Daniil Medvedev,P1,3.242785558382851,True,P1,0.2976103574037552,0.7023896425962448,4.715447154471544,1.2691466083150986,12.048398375454981,609.4413851559701,Hard
2025-08-24,44884,Brandon Nakashima,Jesper de Jong,P2,5.053819510286526,False,P1,0.6235872060060501,0.3764127939939499,1.3376623376623378,3.9615384615384617,-5.053819510286526,604.3875656456836,Hard
2025-08-24,44886,Zizou Bergs,Chun-Hsin Tseng,P2,1.2783818852221382,False,P1,0.6541409939527512,0.34585900604724884,1.4640522875816993,3.154929577464789,-1.2783818852221382,603.1091837604614,Hard
2025-08-24,44888,Lloyd Harris,Sebastian Baez,P2,7.858242218166289,False,P1,0.46456870436668396,0.535431295633316,1.5916030534351142,2.690322580645161,-7.858242218166289,595.2509415422951,Hard
2025-08-24,44889,Cameron Norrie,Sebastian Korda,P2,1.5356155061092438,False,P1,0.34323208034038544,0.6567679196596146,2.7631578947368425,1.5671641791044775,-1.5356155061092438,593.7153260361858,Hard
2025-08-24,44890,Coleman Wong,Aleksandar Kovacevic,P1,3.7455631703084187,True,P1,0.4981551766395569,0.5018448233604431,2.3491124260355027,1.7412280701754383,5.05318581556402,598.7685118517498,Hard
2025-08-24,44891,Adam Walton,Ugo Humbert,P1,0.501226076622109,True,P1,0.33129650354385376,0.6687034964561462,3.125874125874126,1.470394736842105,1.0655435475043438,599.8340553992542,Hard
2025-08-24,44893,Francisco Comesana,Alex Michelsen,P1,6.222438007825795,True,P1,0.4217122793197632,0.5782877206802368,3.699248120300752,1.370473537604457,16.79590409631173,616.6299594955659,Hard
2025-08-24,44894,Raphael Collignon,Daniel Elahi Galan,P2,5.31363743078763,False,P1,0.457941398024559,0.542058601975441,1.8073394495412844,2.2386363636363638,-5.31363743078763,611.3163220647783,Hard
2025-08-24,44895,Joao Fonseca,Miomir Kecmanovic,P2,3.8466469024671337,False,P1,0.5020318776369095,0.4979681223630905,1.7412280701754383,2.3491124260355027,-3.8466469024671337,607.4696751623112,Hard
2025-08-24,44896,Frances Tiafoe,Yoshihito Nishioka,P2,5.797716814056625,False,P1,0.7092167735099792,0.29078322649002075,1.1408629441624367,8.0990990990991,-5.797716814056625,601.6719583482546,Hard
2025-08-24,44897,Flavio Cobolli,Francesco Passaro,P2,1.023323390745976,False,P1,0.7682490274310112,0.2317509725689888,1.257383966244726,4.885245901639346,-1.023323390745976,600.6486349575086,Hard
2025-08-24,44903,Tristan Boyer,James Duckworth,P1,4.320038769814876,True,P1,0.5455796867609024,0.4544203132390976,2.1311475409836067,1.8840579710144931,4.8866012314299425,605.5352361889386,Hard
2025-08-24,44904,Jenson Brooksby,Aleksandar Vukic,P1,0.39336436040097983,True,P1,0.6835378855466843,0.31646211445331573,1.4719471947194718,3.118881118881119,0.1856472063938617,605.7208833953324,Hard
2025-08-24,44905,Kamil Majchrzak,Hugo Dellien,P2,4.827889857097259,False,P1,0.7645605579018593,0.23543944209814072,1.0994423791821561,11.05607476635514,-4.827889857097259,600.8929935382351,Hard
2025-08-24,44906,Jan-Lennard Struff,Mackenzie McDonald,P2,5.119257976511877,False,P1,0.42013752460479736,0.5798624753952026,1.9746192893401011,2.0260416666666665,-5.119257976511877,595.7737355617232,Hard
2025-08-24,44907,Casper Ruud,Sebastian Ofner,P2,0.9938219689795031,False,P1,0.7516381368041039,0.24836186319589615,1.28604118993135,4.496,-0.9938219689795031,594.7799135927437,Hard
2025-08-24,44908,Gabriel Diallo,Damir Dzumhur,P2,2.0560482158798266,False,P1,0.706051230430603,0.293948769569397,1.3184079601990049,4.140624999999999,-2.0560482158798266,592.7238653768638,Hard
2025-08-24,44909,Carlos Alcaraz,Reilly Opelka,P2,3.237521629534907,False,P1,0.8309180662035942,0.1690819337964058,1.07201646090535,14.885714285714284,-3.237521629534907,589.486343747329,Hard
2025-08-24,44910,Jannik Sinner,Vit Kopriva,P2,1.757053398917499,False,P1,0.9223026037216187,0.07769739627838135,1.0196078431372548,52.0,-1.757053398917499,587.7292903484115,Hard
2025-08-24,44911,Lorenzo Musetti,Giovanni Mpetshi Perricard,P2,4.1551452598711975,False,P1,0.5931142121553421,0.4068857878446579,1.4476190476190474,3.234042553191489,-4.1551452598711975,583.5741450885403,Hard
2025-08-24,44912,Francisco Cerundolo,Matteo Arnaldi,P1,3.6520861175646235,True,P1,0.6114301383495331,0.3885698616504669,1.7990867579908678,2.2514285714285713,2.9183336555881705,586.4924787441284,Hard
2025-08-24,44913,Alexander Bublik,Marin Cilic,P2,0.25385979807362263,False,P1,0.6646504998207092,0.33534950017929077,1.4915254237288134,3.03448275862069,-0.25385979807362263,586.2386189460548,Hard
2025-08-24,44914,Denis Shapovalov,Marton Fucsovics,P2,1.9950807229956067,False,P1,0.46956169605255127,0.5304383039474487,1.9846938775510201,2.0155440414507773,-1.9950807229956067,584.2435382230592,Hard
2025-08-24,44915,David Goffin,Quentin Halys,P1,5.925425530761974,True,P1,0.49065133929252625,0.5093486607074738,2.7697368421052633,1.5650557620817847,10.486443866940599,594.7299820899998,Hard
2025-08-24,44916,Shintaro Mochizuki,Hugo Gaston,P2,8.29689026823176,False,P1,0.4407006800174713,0.5592993199825287,1.6360000000000001,2.5723270440251573,-8.29689026823176,586.433091821768,Hard
2025-08-24,44917,Alexei Popyrin,Emil Ruusuvuori,P2,8.761073030218403,False,P1,0.6415547579526901,0.3584452420473099,1.0929824561403507,11.754716981132075,-8.761073030218403,577.6720187915496,Hard
2025-08-24,44918,Leandro Riedi,Pedro Martinez,P2,7.837766288110274,False,P1,0.43538670241832733,0.5646132975816727,1.6735537190082643,2.4846625766871164,-7.837766288110274,569.8342525034393,Hard
2025-08-24,44920,Felix Auger-Aliassime,Billy Harris,P2,2.993012840127153,False,P1,0.788819395005703,0.21118060499429703,1.1345454545454547,8.432432432432433,-2.993012840127153,566.8412396633122,Hard
2025-08-24,44921,Stefanos Tsitsipas,Alexandre Muller,P2,2.246585694797208,False,P1,0.574626237154007,0.42537376284599304,1.6023166023166024,2.66025641025641,-2.246585694797208,564.594653968515,Hard
2025-08-24,44922,Daniel Altmaier,Hamad Medjedovic,P2,1.0451889157787702,False,P1,0.26496659219264984,0.7350334078073502,3.634328358208956,1.379603399433428,-1.0451889157787702,563.5494650527362,Hard
2025-08-24,44923,Nuno Borges,Brandon Holt,P2,0.09521167970272441,False,P1,0.7100661247968674,0.28993387520313263,1.403560830860534,3.477941176470588,-0.09521167970272441,563.4542533730335,Hard
2025-08-24,44924,Roman Safiullin,Gael Monfils,P2,2.0563046426740117,False,P1,0.45394857227802277,0.5460514277219772,2.0421052631578944,1.9595959595959598,-2.0563046426740117,561.3979487303594,Hard
2025-08-24,44925,Tristan Schoolkate,Lorenzo Sonego,P1,2.5784041032403153,True,P1,0.3656785488128662,0.6343214511871338,3.3165467625899288,1.4316770186335404,5.972993678009941,567.3709424083694,Hard
2025-08-24,44926,Alex de Minaur,Christopher O'Connell,P2,3.45417983700864,False,P1,0.8190889358520508,0.18091106414794922,1.0722145804676755,14.847619047619046,-3.45417983700864,563.9167625713608,Hard
2025-08-24,44927,Alexander Zverev,Alejandro Tabilo,P2,1.9246352059682752,False,P1,0.878512904047966,0.121487095952034,1.0605882352941176,17.50485436893204,-1.9246352059682752,561.9921273653925,Hard
2025-08-24,44928,Tommy Paul,Elmer Moller,P2,1.7452763122465946,False,P1,0.8570240661501884,0.14297593384981155,1.0943562610229276,11.598130841121495,-1.7452763122465946,560.246851053146,Hard
2025-08-24,44929,Jacob Fearnley,Roberto Bautista Agut,P2,3.812878365688301,False,P1,0.3646553009748459,0.6353446990251541,2.3690476190476186,1.7304347826086959,-3.812878365688301,556.4339726874576,Hard
2025-08-24,44930,Jiri Lehecka,Tomas Martin Etcheverry,P2,2.086798212486494,False,P1,0.7040998041629791,0.2959001958370209,1.3137254901960784,4.1875,-2.086798212486494,554.3471744749711,Hard
2025-08-24,44932,Novak Djokovic,Zachary Svajda,P1,5.22847569848211,True,P1,0.9183391146361828,0.08166088536381721,1.1119096509240245,9.93577981651376,0.5851168902818781,554.9322913652529,Hard
2025-08-24,44933,Tomas Machac,Joao Fonseca,P2,0.6003283824347938,False,P1,0.5216276943683624,0.4783723056316376,1.8755980861244024,2.14207650273224,-0.6003283824347938,554.3319629828181,Hard
2025-08-24,44935,Taylor Fritz,Lloyd Harris,P2,3.5307129354568345,False,P1,0.7835548743605614,0.21644512563943863,1.113660062565172,9.79816513761468,-3.5307129354568345,550.8012500473613,Hard
2025-08-24,44936,Raphael Collignon,Casper Ruud,P2,2.7600563271290115,False,P1,0.14356879889965057,0.8564312011003494,6.267241379310346,1.1898527004909984,-2.7600563271290115,548.0411937202323,Hard
2025-08-24,44937,Benjamin Bonzi,Marcos Giron,P2,0.3982163655509729,False,P1,0.48643288016319275,0.5135671198368073,2.0259067357512954,1.974747474747475,-0.3982163655509729,547.6429773546813,Hard
2025-08-24,44939,Arthur Rinderknech,Alejandro Davidovich Fokina,P1,3.147009662441345,True,P1,0.27872927486896515,0.7212707251310349,5.4033613445378155,1.2270992366412212,13.857420698481217,561.5003980531625,Hard
2025-08-24,44940,Cameron Norrie,Francisco Comesana,P2,3.000819618889338,False,P1,0.5664168745279312,0.4335831254720688,1.5767790262172285,2.7337662337662336,-3.000819618889338,558.4995784342732,Hard
2025-08-24,44943,Ben Shelton,Pablo Carreno Busta,P2,2.530715774210651,False,P1,0.8091576993465424,0.19084230065345764,1.1238532110091743,9.074074074074074,-2.530715774210651,555.9688626600625,Hard
2025-08-24,44944,Carlos Alcaraz,Mattia Bellucci,P2,1.6809366769674905,False,P1,0.8889298923313618,0.11107010766863823,1.0569239189928845,18.567307692307693,-1.6809366769674905,554.2879259830951,Hard
2025-08-24,44945,Jan-Lennard Struff,Holger Rune,P2,0.7865886204318102,False,P1,0.26462768018245697,0.735372319817543,3.6716417910447765,1.3743016759776538,-0.7865886204318102,553.5013373626633,Hard
2025-08-24,44946,Adrian Mannarino,Jordan Thompson,P2,4.15638676538703,False,P1,0.5283185690641403,0.4716814309358597,1.6085271317829455,2.643312101910828,-4.15638676538703,549.3449505972762,Hard
2025-08-24,44947,Lorenzo Musetti,David Goffin,P2,3.9353781047417447,False,P1,0.7231493443250656,0.2768506556749344,1.1847133757961785,6.413793103448277,-3.9353781047417447,545.4095724925345,Hard
2025-08-24,44948,Andrey Rublev,Tristan Boyer,P2,3.7589899484282716,False,P1,0.7939583659172058,0.2060416340827942,1.0858995137763372,12.641509433962263,-3.7589899484282716,541.6505825441062,Hard
2025-08-24,44949,Coleman Wong,Adam Walton,P1,2.5350997034365252,True,P1,0.4606398940086365,0.5393601059913635,2.469512195121951,1.6804979253112031,3.7253599300500153,545.3759424741562,Hard
2025-08-24,44950,Jannik Sinner,Alexei Popyrin,P2,1.8921561222856933,False,P1,0.8875036239624023,0.11249637603759766,1.0485714285714285,21.588235294117645,-1.8921561222856933,543.4837863518705,Hard
2025-08-24,44951,Kamil Majchrzak,Karen Khachanov,P1,2.4784587302651326,True,P1,0.2741648107767105,0.7258351892232895,4.967213114754099,1.2520661157024793,9.832573979084625,553.3163603309551,Hard
2025-08-24,44952,Leandro Riedi,Francisco Cerundolo,P2,7.32239018517482,False,P1,0.25942617654800415,0.7405738234519958,2.834437086092715,1.5451263537906137,-7.32239018517482,545.9939701457803,Hard
2025-08-24,44955,Alexander Bublik,Tristan Schoolkate,P2,3.5215290653500477,False,P1,0.696517825126648,0.30348217487335205,1.2505133470225873,4.991803278688525,-3.5215290653500477,542.4724410804303,Hard
2025-08-24,44956,Jaume Munar,Gabriel Diallo,P2,2.0380054305269546,False,P1,0.49998903274536133,0.5000109672546387,1.8497652582159625,2.1767955801104972,-2.0380054305269546,540.4344356499033,Hard
2025-08-24,44957,Alex de Minaur,Shintaro Mochizuki,P2,0.5738390927242399,False,P1,0.9174805618822575,0.08251943811774254,1.0667951188182403,15.971153846153848,-0.5738390927242399,539.8605965571791,Hard
2025-08-24,44958,Tommy Paul,Nuno Borges,P2,1.99000333801994,False,P1,0.7012990117073059,0.2987009882926941,1.3208020050125313,4.1171875,-1.99000333801994,537.8705932191591,Hard
2025-08-24,44959,Alexander Zverev,Jacob Fearnley,P2,1.765521005871947,False,P1,0.8401237428188324,0.1598762571811676,1.112159329140461,9.91588785046729,-1.765521005871947,536.1050722132871,Hard
2025-08-24,44960,Felix Auger-Aliassime,Roman Safiullin,P2,3.1159682233188493,False,P1,0.6283239275217056,0.3716760724782944,1.4065281899109792,3.4598540145985406,-3.1159682233188493,532.9891039899683,Hard
2025-08-24,44961,Daniel Altmaier,Stefanos Tsitsipas,P1,2.0556297155433643,True,P1,0.31552740931510925,0.6844725906848907,3.8712121212121207,1.3482849604221636,5.902148955991931,538.8912529459602,Hard
2025-08-24,44964,Carlos Alcaraz,Luciano Darderi,P2,3.445422854850231,False,P1,0.8395171836018562,0.16048281639814377,1.038846153846154,26.742574257425744,-3.445422854850231,535.44583009111,Hard
2025-08-24,44965,Adrian Mannarino,Ben Shelton,P1,2.2542494153896357,True,P1,0.22584444284439087,0.7741555571556091,6.465517241379311,1.1829652996845426,12.320639046181288,547.7664691372913,Hard
2025-08-24,44966,Jan-Lennard Struff,Frances Tiafoe,P1,3.2460638890996405,True,P1,0.37678802013397217,0.6232119798660278,3.4130434782608696,1.4144144144144142,7.832893297610002,555.5993624349013,Hard
2025-08-24,44968,Novak Djokovic,Cameron Norrie,P2,1.003133469752118,False,P1,0.8577560037374496,0.14224399626255035,1.1237345331833521,9.081818181818182,-1.003133469752118,554.5962289651492,Hard
2025-08-24,44970,Lorenzo Musetti,Flavio Cobolli,P2,3.252540234110621,False,P1,0.6281150132417679,0.3718849867582321,1.4053254437869822,3.4671532846715327,-3.252540234110621,551.3436887310386,Hard
2025-08-24,44971,Jannik Sinner,Denis Shapovalov,P2,2.725380341626903,False,P1,0.859394758939743,0.14060524106025696,1.0485714285714285,21.588235294117645,-2.725380341626903,548.6183083894117,Hard
2025-08-24,44975,Leandro Riedi,Kamil Majchrzak,P2,1.045938000877939,False,P1,0.4074086397886276,0.5925913602113724,2.36094674556213,1.7347826086956524,-1.045938000877939,547.5723703885337,Hard
2025-08-24,44976,Felix Auger-Aliassime,Alexander Zverev,P1,1.4399460714255747,True,P1,0.27968743443489075,0.7203125655651093,4.171874999999999,1.315270935960591,4.567328945302994,552.1396993338367,Hard
2025-08-24,44977,Alexander Bublik,Tommy Paul,P2,1.255997683635631,False,P1,0.48579633235931396,0.514203667640686,1.964824120603015,2.036458333333334,-1.255997683635631,550.883701650201,Hard
2025-08-24,44978,Jiri Lehecka,Adrian Mannarino,P2,1.7989474783733852,False,P1,0.6673559993505478,0.3326440006494522,1.4005847953216373,3.496350364963503,-1.7989474783733852,549.0847541718276,Hard
2025-08-24,44979,Carlos Alcaraz,Arthur Rinderknech,P2,2.457594019306858,False,P1,0.8721837401390076,0.12781625986099243,1.0439130434782609,23.772277227722775,-2.457594019306858,546.6271601525208,Hard
2025-08-24,44980,Taylor Fritz,Tomas Machac,P2,1.5326637775865641,False,P1,0.6635697185993195,0.33643028140068054,1.4224924012158056,3.3669064748201447,-1.5326637775865641,545.0944963749342,Hard
2025-08-24,44981,Novak Djokovic,Jan-Lennard Struff,P1,5.10857374762322,True,P1,0.8585271686315536,0.14147283136844635,1.2108108108108107,5.743589743589743,1.0769425738232725,546.1714389487576,Hard
2025-08-24,44982,Alex de Minaur,Leandro Riedi,P2,4.366537614070969,False,P1,0.7659361958503723,0.23406380414962769,1.0968325791855205,11.327102803738319,-4.366537614070969,541.8049013346866,Hard
2025-08-24,44983,Lorenzo Musetti,Jaume Munar,P1,0.9768605712463643,True,P1,0.675001710653305,0.32499828934669495,1.5086505190311417,2.965986394557823,0.49688063658552073,542.3017819712721,Hard
2025-08-24,44984,Felix Auger-Aliassime,Andrey Rublev,P2,1.283275831562301,False,P1,0.44231246411800385,0.5576875358819962,2.1538461538461537,1.8666666666666667,-1.283275831562301,541.0185061397099,Hard
2025-08-24,44985,Jannik Sinner,Alexander Bublik,P2,3.729432084213366,False,P1,0.7686279565095901,0.23137204349040985,1.1216517857142858,9.220183486238533,-3.729432084213366,537.2890740554965,Hard
2025-08-24,44986,Carlos Alcaraz,Jiri Lehecka,P2,3.734015134659806,False,P1,0.7949180528521538,0.20508194714784622,1.0831372549019609,13.028301886792452,-3.734015134659806,533.5550589208367,Hard
2025-08-24,44987,Novak Djokovic,Taylor Fritz,P1,9.066149565076369,True,P1,0.7606526464223862,0.23934735357761383,1.5687732342007437,2.758169934640523,5.1565832098761515,538.7116421307129,Hard
2025-08-24,44988,Felix Auger-Aliassime,Alex de Minaur,P2,1.6638805881939638,False,P1,0.3887939900159836,0.6112060099840164,2.413173652694611,1.7076271186440675,-1.6638805881939638,537.047761542519,Hard
2025-08-24,44989,Jannik Sinner,Lorenzo Musetti,P2,1.974977229408217,False,P1,0.8694298937916756,0.13057010620832443,1.065584009993754,16.247619047619047,-1.974977229408217,535.0727843131108,Hard
2025-08-24,44990,Carlos Alcaraz,Novak Djokovic,P2,5.4274711970619025,False,P1,0.6038420796394348,0.3961579203605652,1.3200992555831266,4.124031007751938,-5.4274711970619025,529.6453131160489,Hard
2025-08-24,44991,Jannik Sinner,Felix Auger-Aliassime,P2,2.6202555975450283,False,P1,0.8425822332501411,0.15741776674985886,1.069398545935228,15.40952380952381,-2.6202555975450283,527.0250575185039,Hard
2025-08-24,44992,Carlos Alcaraz,Jannik Sinner,P2,4.866479394388734,False,P1,0.37550483644008636,0.6244951635599136,2.1712707182320443,1.8537735849056602,-4.866479394388734,522.1585781241151,Hard
2025-08-24,44875,Jiri Lehecka,Borna Coric,P1,0.3769789406864074,True,P1,0.8396563157439232,0.1603436842560768,1.1943048576214408,6.1465517241379315,0.07324883939635396,522.2318269635115,Hard
2025-08-24,44876,Adrian Mannarino,Tallon Griekspoor,P1,0.05151281450421997,True,P1,0.41161082684993744,0.5883891731500626,2.436363636363637,1.6962025316455698,0.0739911335606069,522.3058180970721,Hard
2025-09-17,45110,Giovanni Mpetshi Perricard,Filip Misolic,P1,0.6088752654513093,True,P1,0.6098106652498245,0.3901893347501755,1.6652892561983474,2.5031055900621118,0.4050781724696729,522.7108962695418,Hard
2025-09-17,45138,Rinky Hijikata,Camilo Ugo Carabelli,P2,7.088711548041355,False,P1,0.47565488517284393,0.5243451148271561,1.5321428571428573,2.879194630872483,-7.088711548041355,515.6221847215004,Hard
2025-09-17,45137,Sebastian Korda,Adam Walton,P1,7.406777365928691,True,P1,0.7403716593980789,0.2596283406019211,1.5730337078651684,2.745098039215686,4.244333097329923,519.8665178188303,Hard
2025-09-17,45135,Alejandro Tabilo,Brandon Nakashima,P2,1.3977090894296413,False,P1,0.3556905835866928,0.6443094164133072,2.66025641025641,1.6023166023166024,-1.3977090894296413,518.4688087294006,Hard
2025-09-17,45134,Lorenzo Musetti,Alexander Shevchenko,P2,2.181100053190751,False,P1,0.7524638026952744,0.24753619730472565,1.2171532846715327,5.605042016806722,-2.181100053190751,516.2877086762098,Hard
2025-09-17,45133,Brandon Nakashima,Marcos Giron,P2,3.199404880328897,False,P1,0.5893142819404602,0.4106857180595398,1.4865771812080535,3.055172413793103,-3.199404880328897,513.088303795881,Hard
2025-09-17,45132,Lorenzo Musetti,Nikoloz Basilashvili,P1,3.591767248796086,True,P1,0.7825111225247383,0.2174888774752617,1.338501291989664,3.954198473282442,1.2158178542436358,514.3041216501246,Hard
2025-09-17,45131,Alexander Shevchenko,Taro Daniel,P1,4.481378193525068,True,P1,0.6093091368675232,0.3906908631324768,1.898058252427185,2.1135135135135137,4.024538668942418,518.328660319067,Hard
2025-09-17,45130,Alejandro Tabilo,Christopher O'Connell,P2,6.270334959692515,False,P1,0.4807621240615845,0.5192378759384155,1.5767790262172285,2.7337662337662336,-6.270334959692515,512.0583253593745,Hard
2025-09-17,45129,Taro Daniel,Tallon Griekspoor,P2,4.940922364416246,False,P1,0.29136963188648224,0.7086303681135178,2.7697368421052633,1.5650557620817847,-4.940922364416246,507.1174029949583,Hard
2025-09-17,45128,Brandon Nakashima,Juncheng Shang,P1,2.5560675797819843,True,P1,0.6204414516687393,0.3795585483312607,1.7304347826086959,2.3690476190476186,1.8670406669711892,508.9844436619295,Hard
2025-09-17,45124,Lorenzo Musetti,Dino Prizmic,P1,7.135403328597422,True,P1,0.7795468866825104,0.22045311331748962,1.4416403785488958,3.2642857142857147,3.151282227140817,512.1357258890703,Hard
2025-09-17,45123,Alexander Shevchenko,Giovanni Mpetshi Perricard,P1,3.934437810552119,True,P1,0.4523606300354004,0.5476393699645996,2.833333333333333,1.5454545454545454,7.213135986012217,519.3488618750824,Hard
2025-09-17,45122,Nikoloz Basilashvili,Mackenzie McDonald,P2,1.1978174728941995,False,P1,0.38580940663814545,0.6141905933618546,2.4723926380368098,1.6791666666666667,-1.1978174728941995,518.1510444021883,Hard
2025-09-17,45121,Juncheng Shang,Zizou Bergs,P2,6.968228361071591,False,P1,0.40197569131851196,0.598024308681488,1.8186046511627907,2.221590909090909,-6.968228361071591,511.1828160411167,Hard
2025-09-17,45120,Christopher O'Connell,Quentin Halys,P1,3.164887046361829,True,P1,0.5630450248718262,0.43695497512817383,1.994845360824742,2.0051813471502586,3.1485731956073857,514.3313892367241,Hard
2025-09-17,45119,Marcos Giron,Ethan Quinn,P1,5.7978294335383,True,P1,0.6306919008493423,0.36930809915065765,1.911330049261084,2.097297297297297,5.283736183273822,519.615125419998,Hard
2025-09-17,45118,Yi Zhou,Cameron Norrie,P1,3.086571349107596,True,P1,0.30225977301597595,0.697740226984024,4.80327868852459,1.2629310344827587,11.739091032671512,531.3542164526694,Hard
2025-09-17,45117,Alejandro Tabilo,Jordan Thompson,P2,4.923486946657056,False,P1,0.4283377230167389,0.5716622769832611,1.9019607843137254,2.108695652173913,-4.923486946657056,526.4307295060124,Hard
2025-09-17,45116,Alexander Shevchenko,Gael Monfils,P1,1.216979564692696,True,P1,0.41145728528499603,0.588542714715004,2.6114649681528657,1.6205533596837944,1.9611199354602036,528.3918494414727,Hard
2025-09-17,45115,Dino Prizmic,Terence Atmane,P2,5.614871307825741,False,P1,0.4201210141181946,0.5798789858818054,1.8743961352657006,2.143646408839779,-5.614871307825741,522.7769781336469,Hard
2025-09-17,45114,Mackenzie McDonald,Botic Van De Zandschulp,P2,2.2040733148773164,False,P1,0.4542899876832962,0.5457100123167038,2.015625,1.9846153846153847,-2.2040733148773164,520.5729048187696,Hard
2025-09-17,45161,Alexander Bublik,Yibing Wu,P2,1.7775376838884167,False,P1,0.6682731807231903,0.3317268192768097,1.3942028985507247,3.536764705882353,-1.7775376838884167,518.7953671348812,Hard
2025-09-17,45162,Valentin Royer,Corentin Moutet,P1,0.137909464632504,True,P1,0.41358213126659393,0.5864178687334061,2.436363636363637,1.6962025316455698,0.19808814010850584,518.9934552749897,Hard
2025-09-17,45163,Alexander Bublik,Valentin Royer,P2,3.2342779518929405,False,P1,0.6690162569284439,0.3309837430715561,1.308433734939759,4.2421875,-3.2342779518929405,515.7591773230968,Hard
2025-09-17,45149,Dalibor Svrcina,Zhizhen Zhang,P2,1.9370123293748667,False,P1,0.410800039768219,0.589199960231781,2.2514285714285713,1.7990867579908678,-1.9370123293748667,513.8221649937219,Hard
2025-09-17,45151,Alexander Bublik,Aleksandar Vukic,P2,0.28664140433099716,False,P1,0.7167587280273438,0.28324127197265625,1.379603399433428,3.634328358208956,-0.28664140433099716,513.5355235893909,Hard
2025-09-17,45152,Yibing Wu,Sebastian Korda,P2,4.1609352616205175,False,P1,0.3265538364648819,0.6734461635351181,2.566037735849057,1.63855421686747,-4.1609352616205175,509.37458832777037,Hard
2025-09-17,45153,Daniil Medvedev,Nishesh Basavareddy,P1,1.9229864991878503,True,P1,0.7089169472455978,0.29108305275440216,1.459546925566343,3.176056338028169,0.8837025336073614,510.2582908613777,Hard
2025-09-17,45113,Taro Daniel,Coleman Wong,P2,2.6153245189087544,False,P1,0.3053959608078003,0.6946040391921997,2.938775510204082,1.5157894736842106,-2.6153245189087544,507.6429663424689,Hard
2025-09-17,45125,Christopher O'Connell,Yi Zhou,P2,3.82918560732276,False,P1,0.5319904685020447,0.4680095314979553,1.5961538461538458,2.6774193548387095,-3.82918560732276,503.81378073514617,Hard
2025-09-17,45154,Learner Tien,Giulio Zeppieri,P1,5.519142553174434,True,P1,0.6868646442890167,0.3131353557109833,1.6694214876033058,2.493827160493827,3.6946326182407367,507.5084133533869,Hard
2025-09-17,45148,Aleksandar Vukic,David Goffin,P2,1.5697371924973684,False,P1,0.518005758523941,0.48199424147605896,1.811059907834101,2.2329545454545454,-1.5697371924973684,505.93867616088954,Hard
2025-09-17,45127,Marcos Giron,Lorenzo Sonego,P2,0.0154643158665154,False,P1,0.49323834478855133,0.5067616552114487,2.026178010471204,1.9744897959183674,-0.0154643158665154,505.92321184502305,Hard
2025-09-17,45126,Alejandro Tabilo,Luciano Darderi,P2,2.3681729085971455,False,P1,0.5208828896284103,0.47911711037158966,1.7400881057268724,2.3511904761904763,-2.3681729085971455,503.5550389364259,Hard
2025-09-17,45155,Tomas Martin Etcheverry,Rinky Hijikata,P2,0.34141039067748263,False,P1,0.615633636713028,0.38436636328697205,1.6023166023166024,2.66025641025641,-0.34141039067748263,503.2136285457484,Hard
2025-09-17,45156,Corentin Moutet,Arthur Cazaux,P1,0.37264122735662836,True,P1,0.5314651280641556,0.4685348719358444,1.9068627450980393,2.1027027027027025,0.3379344463773346,503.55156299212575,Hard
2025-09-17,45157,Corentin Moutet,Tomas Martin Etcheverry,P1,1.9611954017159998,True,P1,0.5047515332698822,0.4952484667301178,2.160220994475138,1.8619047619047617,2.275420079339005,505.8269830714648,Hard
2025-09-17,45158,Alexander Bublik,Dalibor Svrcina,P1,0.3588194461136117,True,P1,0.7361910045146942,0.2638089954853058,1.3653846153846154,3.7368421052631584,0.13110710531074277,505.9580901767755,Hard
2025-09-17,45159,Yibing Wu,Daniil Medvedev,P1,4.149170657003365,True,P1,0.38772740960121155,0.6122725903987885,3.7368421052631584,1.3653846153846154,11.355624956009212,517.3137151327848,Hard
2025-09-17,45160,Valentin Royer,Learner Tien,P1,1.3083342788206465,True,P1,0.41556498408317566,0.5844350159168243,2.60126582278481,1.624505928853755,2.094990965453313,519.4087060982381,Hard
2025-09-17,45147,Arthur Cazaux,Matteo Arnaldi,P2,2.278384494163326,False,P1,0.4561350345611572,0.5438649654388428,2.0,2.0,-2.278384494163326,517.1303216040748,Hard
2025-09-17,45145,Learner Tien,Mariano Navone,P1,2.005235079176343,True,P1,0.6373670399188995,0.36263296008110046,1.6477732793522268,2.54375,1.298937703110182,518.4292593071849,Hard
2025-09-17,45144,Yibing Wu,Adrian Mannarino,P2,8.95557655828161,False,P1,0.3473943769931793,0.6526056230068207,1.8840579710144931,2.1311475409836067,-8.95557655828161,509.4736827489033,Hard
2025-09-17,45143,Zhizhen Zhang,Yunchaokete Bu,P1,4.743670564077996,True,P1,0.43443070352077484,0.5655692964792252,3.278571428571428,1.438871473354232,10.80879221386343,520.2824749627667,Hard
2025-09-17,45141,Tomas Martin Etcheverry,Damir Dzumhur,P2,1.0162015179133368,False,P1,0.6542090326547623,0.34579096734523773,1.4688524590163936,3.132867132867133,-1.0162015179133368,519.2662734448534,Hard
2025-09-17,45140,Nishesh Basavareddy,Marin Cilic,P2,10.385325468897067,False,P1,0.33967117965221405,0.660328820347786,1.586206896551724,2.705882352941176,-10.385325468897067,508.8809479759563,Hard
2025-09-17,45111,Lorenzo Sonego,Juan Manuel Cerundolo,P2,1.46070223128291,False,P1,0.585687980055809,0.414312019944191,1.6093750000000002,2.641025641025641,-1.46070223128291,507.42024574467337,Hard
2025-09-24,45185,Holger Rune,Ethan Quinn,P1,6.758997683556789,True,P1,0.7705499902367592,0.22945000976324081,1.455128205128205,3.19718309859155,3.076210484182897,510.4964562288563,Hard
2025-09-24,45164,Daniel Altmaier,Denis Shapovalov,P1,0.8634052139776557,True,P1,0.29394984245300293,0.7060501575469971,3.7142857142857135,1.368421052631579,2.3435284379393506,512.8399846667957,Hard
2025-09-24,45165,Matteo Berrettini,Jaume Munar,P1,8.76719259595418,True,P1,0.6253680139780045,0.37463198602199554,2.3216374269005846,1.756637168141593,11.58704986365874,524.4270345304544,Hard
2025-09-24,45166,Nuno Borges,Yosuke Watanuki,P2,4.060808620713684,False,P1,0.4892878234386444,0.5107121765613556,1.7272727272727275,2.375,-4.060808620713684,520.3662259097407,Hard
2025-09-24,45167,Marton Fucsovics,Frances Tiafoe,P2,4.832504182876924,False,P1,0.4649991989135742,0.5350008010864258,1.751111111111111,2.3313609467455625,-4.832504182876924,515.5337217268637,Hard
2025-09-24,45168,Casper Ruud,Shintaro Mochizuki,P1,10.310674434537274,True,P1,0.8987777046859264,0.10122229531407356,1.4533762057877813,3.2056737588652484,4.674614454243587,520.2083361811074,Hard
2025-09-24,45169,Taylor Fritz,Gabriel Diallo,P1,7.673185221840305,True,P1,0.8335790857672691,0.16642091423273087,1.3090024330900243,4.2362204724409445,2.371032903099072,522.5793690842064,Hard
2025-09-24,45170,Sho Shimabukuro,Tomas Machac,P2,10.451587381684128,False,P1,0.1530499905347824,0.8469500094652176,3.7368421052631584,1.3653846153846154,-10.451587381684128,512.1277817025223,Hard
2025-09-24,45173,Sebastian Korda,Marcos Giron,P1,4.700200073141532,True,P1,0.6853702664375305,0.3146297335624695,1.626984126984127,2.5949367088607596,2.946950839509373,515.0747325420316,Hard
2025-09-24,45174,Ethan Quinn,Alex Michelsen,P2,2.326526145607185,False,P1,0.3558582216501236,0.6441417783498764,2.5562500000000004,1.6425702811244978,-2.326526145607185,512.7482063964244,Hard
2025-09-24,45175,Aleksandar Vukic,Damir Dzumhur,P2,2.8388289418964434,False,P1,0.5571330487728119,0.4428669512271881,1.5961538461538458,2.6774193548387095,-2.8388289418964434,509.90937745452794,Hard
2025-09-24,45176,Zizou Bergs,Alejandro Tabilo,P2,3.0140997746310196,False,P1,0.47584493458271027,0.5241550654172897,1.8530805687203793,2.1722222222222225,-3.0140997746310196,506.89527767989694,Hard
2025-09-24,45177,Carlos Alcaraz,Sebastian Baez,P1,0.44800951938221906,True,P1,0.9499515555799007,0.05004844442009926,1.0536842105263158,19.627450980392158,0.024051037356308598,506.9193287172532,Hard
2025-09-24,45178,Holger Rune,Hamad Medjedovic,P2,0.807481623499189,False,P1,0.5707700550556183,0.4292299449443817,1.6962025316455698,2.436363636363637,-0.807481623499189,506.111847093754,Hard
2025-09-24,45179,Brandon Nakashima,Jordan Thompson,P2,1.7102264261752984,False,P1,0.604870080947876,0.395129919052124,1.5415162454873648,2.8466666666666667,-1.7102264261752984,504.4016206675787,Hard
2025-09-24,45180,Taylor Fritz,Nuno Borges,P1,3.1376746238560735,True,P1,0.8355702832341194,0.16442971676588058,1.23121387283237,5.325000000000001,0.7254739014696127,505.1270945690483,Hard
2025-09-24,45181,Sebastian Korda,Sho Shimabukuro,P1,7.272045895288325,True,P1,0.7928796634078026,0.20712033659219742,1.4101796407185627,3.4379562043795615,2.982845172618264,508.1099397416666,Hard
2025-09-24,45182,Aleksandar Vukic,Daniel Altmaier,P1,0.9178624015277658,True,P1,0.5155800431966782,0.48441995680332184,2.0103626943005177,1.9897435897435893,0.927373929004737,509.0373136706713,Hard
2025-09-24,45183,Casper Ruud,Matteo Berrettini,P2,0.810674429521104,False,P1,0.5521853268146515,0.4478146731853485,1.7533039647577093,2.327485380116959,-0.810674429521104,508.2266392411502,Hard
2025-09-24,45184,Carlos Alcaraz,Zizou Bergs,P1,3.7150642512824645,True,P1,0.9367553442716599,0.06324465572834015,1.08,13.499999999999998,0.2972051401025974,508.52384438125284,Hard
2025-09-24,45186,Jenson Brooksby,Luciano Darderi,P1,1.36603968317301,True,P1,0.641147181391716,0.358852818608284,1.6108949416342413,2.6369426751592355,0.8345067325220333,509.35835111377486,Hard
2025-09-24,45187,Brandon Nakashima,Marton Fucsovics,P1,2.6116523477186,True,P1,0.5899959802627563,0.41000401973724365,1.841121495327103,2.188888888888889,2.1967169279876075,511.55506804176247,Hard
2025-09-24,45188,Carlos Alcaraz,Brandon Nakashima,P1,3.5212918265787776,True,P1,0.9019667059183121,0.09803329408168793,1.1282660332541568,8.796296296296294,0.4516621345255439,512.006730176288,Hard
2025-09-24,45189,Taylor Fritz,Sebastian Korda,P1,2.7249769491767935,True,P1,0.7351718097925186,0.2648281902074814,1.4212121212121214,3.3741007194244608,1.1477933210168922,513.1545234973049,Hard
2025-09-24,45190,Jenson Brooksby,Holger Rune,P1,3.283212169357805,True,P1,0.4193064570426941,0.5806935429573059,2.9931506849315066,1.5017182130584192,6.543936584130966,519.6984600814359,Hard
2025-09-24,45191,Casper Ruud,Aleksandar Vukic,P1,3.55136672508006,True,P1,0.7653424292802811,0.23465757071971893,1.3732590529247912,3.67910447761194,1.3255797803920004,521.0240398618279,Hard
2025-09-24,45225,Jannik Sinner,Learner Tien,P2,0.6718851149656188,False,P1,0.9116117171943188,0.08838828280568123,1.0686666666666667,15.563106796116504,-0.6718851149656188,520.3521547468623,Hard
2025-09-24,45224,Jannik Sinner,Alex de Minaur,P2,1.4585443251002381,False,P1,0.794761560857296,0.205238439142704,1.1877022653721683,6.327586206896551,-1.4585443251002381,518.8936104217621,Hard
2025-09-24,45223,Learner Tien,Daniil Medvedev,P1,1.3802800695838562,True,P1,0.31425249576568604,0.685747504234314,3.6268656716417906,1.3806818181818183,3.625810332041174,522.5194207538033,Hard
2025-09-24,45222,Learner Tien,Lorenzo Musetti,P2,1.843306966261045,False,P1,0.2778342217206955,0.7221657782793045,3.345323741007194,1.4263803680981593,-1.843306966261045,520.6761137875422,Hard
2025-09-24,45221,Daniil Medvedev,Alexander Zverev,P2,10.336921817838126,False,P1,0.31464600563049316,0.6853539943695068,1.9162561576354682,2.0913978494623655,-10.336921817838126,510.33919196970413,Hard
2025-09-24,45220,Alex de Minaur,Jakub Mensik,P1,5.100527695269071,True,P1,0.7308546900749207,0.26914530992507935,1.5068965517241382,2.972789115646259,2.585439900705358,512.9246318704095,Hard
2025-09-24,45219,Jannik Sinner,Fabian Marozsan,P2,0.023088102226489434,False,P1,0.9250923581421375,0.07490764185786247,1.08,13.499999999999998,-0.023088102226489434,512.901543768183,Hard
2025-09-24,45194,Carlos Alcaraz,Taylor Fritz,P1,1.9594713087314155,True,P1,0.8048077300190926,0.19519226998090744,1.2679738562091503,4.7317073170731705,0.5250870827319478,513.426630850915,Hard
2025-09-24,45193,Carlos Alcaraz,Casper Ruud,P1,6.708182864559359,True,P1,0.9006286449730396,0.09937135502696037,1.155433287482806,7.43362831858407,1.0426749156742876,514.4693057665893,Hard
2025-09-24,45196,Alexandre Muller,Karen Khachanov,P2,3.5662744817978305,False,P1,0.18640273809432983,0.8135972619056702,4.620967741935484,1.2761692650334076,-3.5662744817978305,510.90303128479144,Hard
2025-09-24,45218,Alexander Zverev,Corentin Moutet,P2,0.020033524057000564,False,P1,0.8091133907437325,0.19088660925626755,1.2349514563106796,5.256198347107438,-0.020033524057000564,510.88299776073444,Hard
2025-09-24,45217,Learner Tien,Flavio Cobolli,P1,4.611501808609028,True,P1,0.5038996785879135,0.4961003214120865,2.5341614906832297,1.651821862348178,7.074788488984036,517.9577862497184,Hard
2025-09-24,45192,Taylor Fritz,Jenson Brooksby,P1,8.405705048679998,True,P1,0.8206104189157486,0.1793895810842514,1.3616438356164382,3.7651515151515156,3.039871414865094,520.9976576645835,Hard
2025-09-24,45195,Terence Atmane,Zhizhen Zhang,P2,4.807803836625293,False,P1,0.4988801032304764,0.5011198967695236,1.6345381526104417,2.5759493670886076,-4.807803836625293,516.1898538279581,Hard
2025-09-24,45215,Lorenzo Musetti,Adrian Mannarino,P1,3.7595358511556016,True,P1,0.6909851580858231,0.30901484191417694,1.5666666666666667,2.7647058823529416,2.130403648988174,518.3202574769463,Hard
2025-09-24,45214,Jakub Mensik,Arthur Cazaux,P2,2.4432296660182065,False,P1,0.6092687994241714,0.39073120057582855,1.4865771812080535,3.055172413793103,-2.4432296660182065,515.8770278109281,Hard
2025-09-24,45213,Fabian Marozsan,Alexandre Muller,P1,0.053040677154566236,True,P1,0.5968897491693497,0.40311025083065033,1.6776859504132233,2.475609756097561,0.03594492170805316,515.9129727326361,Hard
2025-09-24,45212,Alex de Minaur,Arthur Rinderknech,P2,4.412355723312242,False,P1,0.7282784879207611,0.2717215120792389,1.1382316313823164,8.234234234234233,-4.412355723312242,511.5006170093239,Hard
2025-09-24,45211,Jannik Sinner,Terence Atmane,P2,0.47662453037445734,False,P1,0.9314389415085316,0.06856105849146843,1.0535995796111404,19.65686274509804,-0.47662453037445734,511.0239924789494,Hard
2025-09-24,45210,Corentin Moutet,Tallon Griekspoor,P1,0.008346940097554507,True,P1,0.5423490405082703,0.45765095949172974,1.8443396226415094,2.1843575418994416,0.007047652252180456,511.0310401312016,Hard
2025-09-24,45209,Lorenzo Musetti,Giovanni Mpetshi Perricard,P2,0.05377366573549847,False,P1,0.7139754295349121,0.2860245704650879,1.3976608187134503,3.514705882352941,-0.05377366573549847,510.97726646546613,Hard
2025-09-24,45208,Alexander Zverev,Lorenzo Sonego,P1,2.124130269329118,True,P1,0.7839680314064026,0.2160319685935974,1.3082524271844658,4.244094488188975,0.6547683111766937,511.6320347766428,Hard
2025-09-24,45207,Learner Tien,Francisco Cerundolo,P2,2.7895726382337602,False,P1,0.40787917375564575,0.5921208262443542,2.1843575418994416,1.8443396226415094,-2.7895726382337602,508.842462138409,Hard
2025-09-24,45171,Jenson Brooksby,Ugo Humbert,P1,1.5523292787292966,True,P1,0.480459600687027,0.519540399312973,2.2386363636363638,1.8073394495412844,1.9227714929715154,510.7652336313805,Hard
2025-09-24,45172,Luciano Darderi,Yoshihito Nishioka,P2,2.068110545967865,False,P1,0.5221699625253677,0.47783003747463226,1.7599999999999998,2.3157894736842106,-2.068110545967865,508.69712308541267,Hard
2025-09-24,45197,Fabian Marozsan,Benjamin Bonzi,P2,1.5899269901195365,False,P1,0.5517398864030838,0.4482601135969162,1.6991525423728815,2.43030303030303,-1.5899269901195365,507.10719609529315,Hard
2025-09-24,45198,Jannik Sinner,Marin Cilic,P2,0.4014142244205712,False,P1,0.9425666499882936,0.05743335001170635,1.0441367373431414,23.65686274509804,-0.4014142244205712,506.70578187087256,Hard
2025-09-24,45199,Alejandro Davidovich Fokina,Camilo Ugo Carabelli,P2,2.5751346310432384,False,P1,0.7522014081478119,0.2477985918521881,1.1943048576214408,6.1465517241379315,-2.5751346310432384,504.13064723982933,Hard
2025-09-24,45206,Arthur Rinderknech,David Goffin,P1,6.831706710835214,True,P1,0.6854312121868134,0.31456878781318665,1.7590909090909093,2.317365269461078,5.185886457770368,509.3165336975997,Hard
2025-09-24,45205,Arthur Cazaux,Juncheng Shang,P1,1.97486432217269,True,P1,0.5506620407104492,0.4493379592895508,1.9497487437185932,2.0529100529100535,1.8756249089981833,511.1921586065979,Hard
2025-09-24,45204,Daniil Medvedev,Cameron Norrie,P2,6.055211855005476,False,P1,0.5737883597612381,0.4262116402387619,1.3299232736572892,4.0310077519379846,-6.055211855005476,505.1369467515924,Hard
2025-09-24,45203,Jakub Mensik,Miomir Kecmanovic,P1,1.476838980249246,True,P1,0.6646919697523117,0.3353080302476883,1.5531135531135531,2.8079470198675502,0.816859655742257,505.95380640733464,Hard
2025-09-24,45202,Flavio Cobolli,Andrey Rublev,P1,2.269200642934437,True,P1,0.3890049308538437,0.6109950691461563,3.0413793103448277,1.4898648648648647,4.63229924350754,510.58610565084217,Hard
2025-09-24,45201,Alex de Minaur,Yunchaokete Bu,P1,4.282029319342404,True,P1,0.8327233195304871,0.16727668046951294,1.251546391752577,4.975409836065573,1.0771290246593253,511.6632346755015,Hard
2025-09-24,45200,Adrian Mannarino,Alexander Bublik,P1,1.0362631825519324,True,P1,0.33380088210105896,0.666199117898941,3.2714285714285714,1.4402515723270441,2.3537978003679605,514.0170324758694,Hard
2025-10-01,45226,Sebastian Baez,Zhizhen Zhang,P1,0.8196814219540338,True,P1,0.45451848208904266,0.5454815179109573,2.2906976744186047,1.7747747747747746,1.0579609050802066,515.0749933809496,Hard
2025-10-01,45237,Valentin Vacherot,Laslo Djere,P2,8.588319223853267,False,P1,0.4181782156229019,0.5818217843770981,1.5938697318007664,2.6838709677419352,-8.588319223853267,506.4866741570964,Hard
2025-10-01,45240,Juncheng Shang,Aleksandar Kovacevic,P2,3.0677518982929612,False,P1,0.5898934304714203,0.4101065695285797,1.4898648648648647,3.0413793103448277,-3.0677518982929612,503.41892225880343,Hard
2025-10-01,45252,Alejandro Tabilo,Marcos Giron,P2,0.6289352448293907,False,P1,0.5175071358680725,0.4824928641319275,1.8840579710144931,2.1311475409836067,-0.6289352448293907,502.78998701397404,Hard
2025-10-01,45258,Valentin Vacherot,Alexander Bublik,P1,0.07255979452331739,True,P1,0.287775918841362,0.712224081158638,3.4999999999999996,1.4,0.18139948630829345,502.97138650028234,Hard
2025-10-01,45259,Novak Djokovic,Marin Cilic,P1,1.5104133944086617,True,P1,0.8854737840592861,0.11452621594071388,1.13875,8.207207207207206,0.2095698584742017,503.18095635875653,Hard
2025-10-01,45276,Felix Auger-Aliassime,Alejandro Tabilo,P1,4.682787145190794,True,P1,0.6708157807588577,0.3291842192411423,1.6791666666666667,2.4723926380368098,3.1803929361087477,506.3613492948653,Hard
2025-10-01,45304,Daniil Medvedev,Alejandro Davidovich Fokina,P2,0.3344799942652276,False,P1,0.5507079362869263,0.44929206371307373,1.7918552036199096,2.262857142857143,-0.3344799942652276,506.0268693006001,Hard
2025-10-01,45308,Novak Djokovic,Jaume Munar,P1,10.120537386012002,True,P1,0.8962176367640495,0.10378236323595047,1.2782805429864255,4.59349593495935,2.816348639093839,508.84321793969394,Hard
2025-10-01,45309,Valentin Vacherot,Tallon Griekspoor,P1,3.760500134977897,True,P1,0.48994290828704834,0.5100570917129517,2.4907975460122698,1.670781893004115,5.606144373003858,514.4493623126978,Hard
2025-10-01,45318,Valentin Vacherot,Novak Djokovic,P2,7.041023578482772,False,P1,0.10587560757994652,0.8941243924200535,6.859649122807017,1.1706586826347305,-7.041023578482772,507.40833873421496,Hard
2025-10-13,45348,Benjamin Bonzi,Reilly Opelka,P2,2.2758376131356024,False,P1,0.489980548620224,0.510019451379776,1.85781990521327,2.165745856353591,-2.2758376131356024,505.1325011210794,Hard
2025-10-13,45321,Jacob Fearnley,Tallon Griekspoor,P2,2.754691008785416,False,P1,0.3165428787469864,0.6834571212530136,2.814569536423841,1.5510948905109487,-2.754691008785416,502.37781011229396,Hard
2025-10-13,45375,Alex Michelsen,Beibit Zhukayev,P2,2.2779081342431846,False,P1,0.5927543640136719,0.4072456359863281,1.5340501792114694,2.87248322147651,-2.2779081342431846,500.09990197805075,Hard
2025-10-13,45349,Marcos Giron,Mattia Bellucci,P1,1.0581521467116801,True,P1,0.571114256978035,0.428885743021965,1.811059907834101,2.2329545454545454,0.8582247825864314,500.9581267606372,Hard
2025-10-13,45376,Shintaro Mochizuki,Arthur Cazaux,P2,2.1597813930407304,False,P1,0.24601607024669647,0.7539839297533035,3.7142857142857135,1.368421052631579,-2.1597813930407304,498.7983453675965,Hard
2025-10-13,45322,Miomir Kecmanovic,Alexandre Muller,P2,1.3167457350709537,False,P1,0.5894218981266022,0.4105781018733978,1.6070038910505835,2.647435897435897,-1.3167457350709537,497.4815996325255,Hard
2025-10-13,45323,Sebastian Korda,Alexei Popyrin,P2,2.6715711355603347,False,P1,0.5718524008989334,0.4281475991010666,1.5608856088560885,2.7828947368421053,-2.6715711355603347,494.8100284969652,Hard
2025-10-13,45350,Francisco Comesana,David Goffin,P1,4.3342745362060935,True,P1,0.5166322141885757,0.48336778581142426,2.41566265060241,1.7063829787234042,6.135870578364049,500.94589907532924,Hard
2025-10-13,45377,Jan-Lennard Struff,Mackenzie McDonald,P1,0.07253204046438519,True,P1,0.5907408148050308,0.4092591851949692,1.6962025316455698,2.436363636363637,0.05049699019672388,500.99639606552597,Hard
2025-10-13,45324,Leo Borg,Sebastian Ofner,P1,5.3299937106101645,True,P1,0.3659174293279648,0.6340825706720352,5.140495867768595,1.2415169660678644,22.068816934013988,523.06521299954,Hard
2025-10-13,45378,Brandon Nakashima,Hamad Medjedovic,P2,0.8854214969702059,False,P1,0.5177545696496964,0.48224543035030365,1.8660287081339713,2.154696132596685,-0.8854214969702059,522.1797915025697,Hard
2025-10-13,45351,Giovanni Mpetshi Perricard,Emil Ruusuvuori,P2,3.118853135596708,False,P1,0.5532440096139908,0.4467559903860092,1.5916030534351142,2.690322580645161,-3.118853135596708,519.060938366973,Hard
2025-10-13,45379,Rinky Hijikata,Timofey Skatov,P1,1.4684341892098294,True,P1,0.6757698804140091,0.3242301195859909,1.5236363636363635,2.909722222222222,0.7689255390771468,519.8298639060502,Hard
2025-10-13,45325,Elias Ymer,Mikael Ymer,P2,5.816478651537974,False,P1,0.3343399167060852,0.6656600832939148,2.3216374269005846,1.756637168141593,-5.816478651537974,514.0133852545122,Hard
2025-10-13,45352,Valentin Royer,Sebastian Baez,P2,1.3990874448152377,False,P1,0.6438322514295578,0.3561677485704422,1.4686468646864685,3.1338028169014085,-1.3990874448152377,512.614297809697,Hard
2025-10-13,45326,Marin Cilic,Nicolai Budkov Kjaer,P1,5.4265376560178655,True,P1,0.6129525452852249,0.3870474547147751,1.9646464646464645,2.0366492146596857,5.234690365148547,517.8489881748455,Hard
2025-10-13,45380,Alexander Shevchenko,Laslo Djere,P2,6.783711709351109,False,P1,0.4264848679304123,0.5735151320695877,1.7304347826086959,2.3690476190476186,-6.783711709351109,511.06527646549443,Hard
2025-10-13,45327,Tomas Martin Etcheverry,Mark Lajal,P1,9.070202493999595,True,P1,0.6517740041017532,0.34822599589824677,2.1731843575418996,1.8523809523809525,10.64101968569785,521.7062961511923,Hard
2025-10-13,45382,Adam Walton,Tristan Schoolkate,P2,0.09105492888282586,False,P1,0.5149058550596237,0.4850941449403763,1.935323383084577,2.0691489361702122,-0.09105492888282586,521.6152412223095,Hard
2025-10-13,45328,Kamil Majchrzak,Filip Misolic,P1,1.651872287482605,True,P1,0.7144820541143417,0.28551794588565826,1.4384858044164035,3.2805755395683454,0.7243225487699746,522.3395637710794,Hard
2025-10-13,45355,Botic Van De Zandschulp,Joao Fonseca,P1,0.592766464684809,True,P1,0.37554723024368286,0.6244527697563171,2.7697368421052633,1.5650557620817847,1.0490406513171948,523.3886044223966,Hard
2025-10-13,45356,Raphael Collignon,Zizou Bergs,P2,10.467772088447932,False,P1,0.2698855698108673,0.7301144301891327,2.119565217391304,1.8932038834951457,-10.467772088447932,512.9208323339486,Hard
2025-10-13,45329,Matteo Berrettini,Giulio Zeppieri,P1,10.258416646678972,True,P1,0.7901285365223885,0.20987146347761154,1.5434782608695654,2.84,5.5752264384124866,518.4960587723612,Hard
2025-10-13,45330,Aleksandar Kovacevic,Camilo Ugo Carabelli,P2,8.52257193256094,False,P1,0.4806711673736572,0.5193288326263428,1.3965014577259474,3.5220588235294117,-8.52257193256094,509.9734868398002,Hard
2025-10-13,45357,Nikoloz Basilashvili,Quentin Halys,P1,3.2799625335095803,True,P1,0.5134497135877609,0.4865502864122391,2.264367816091954,1.7909090909090908,4.147079065356941,514.1205659051572,Hard
2025-10-13,45384,Corentin Moutet,Bernard Tomic,P2,1.2050684678284809,False,P1,0.723366916179657,0.276633083820343,1.3176178660049627,4.1484375,-1.2050684678284809,512.9154974373287,Hard
2025-10-13,45331,Marton Fucsovics,Jesper de Jong,P2,5.884321525493753,False,P1,0.46042977273464203,0.539570227265358,1.6735537190082643,2.4846625766871164,-5.884321525493753,507.0311759118349,Hard
2025-10-13,45386,Fabian Marozsan,Luca Nardi,P2,1.4050661424508724,False,P1,0.6282735168933868,0.37172648310661316,1.5034482758620689,2.986301369863013,-1.4050661424508724,505.626109769384,Hard
2025-10-13,45359,Yannick Hanfmann,Matteo Arnaldi,P2,0.772514918158406,False,P1,0.535290539264679,0.46470946073532104,1.811059907834101,2.2329545454545454,-0.772514918158406,504.85359485122564,Hard
2025-10-13,45387,Jan-Lennard Struff,Karen Khachanov,P1,2.814100905264719,True,P1,0.41105104982852936,0.5889489501714706,2.965986394557823,1.5086505190311417,5.5324840926632906,510.38607894388895,Hard
2025-10-13,45333,Denis Shapovalov,Leo Borg,P2,4.592386530294501,False,P1,0.74945168197155,0.25054831802845,1.0941901408450705,11.616822429906543,-4.592386530294501,505.79369241359444,Hard
2025-10-13,45388,Daniil Medvedev,Adam Walton,P2,1.8690893810892852,False,P1,0.778730995953083,0.22126900404691696,1.1892332789559545,6.28448275862069,-1.8690893810892852,503.92460303250516,Hard
2025-10-13,45361,Lorenzo Musetti,Yannick Hanfmann,P1,0.6060847115276145,True,P1,0.7097403705120087,0.29025962948799133,1.4233128834355828,3.3623188405797104,0.25656346684297787,504.18116649934814,Hard
2025-10-13,45334,Casper Ruud,Marin Cilic,P1,5.8414524330588256,True,P1,0.7135228514671326,0.28647714853286743,1.594594594594595,2.681818181818182,3.4732960412782226,507.65446254062635,Hard
2025-10-13,45335,Sebastian Korda,Kamil Majchrzak,P2,2.296084389976091,False,P1,0.5604020655155182,0.4395979344844818,1.6230158730158732,2.605095541401274,-2.296084389976091,505.35837815065025,Hard
2025-10-13,45389,Shintaro Mochizuki,Luciano Darderi,P2,4.672240711267192,False,P1,0.345796599984169,0.654203400015831,2.357142857142857,1.7368421052631582,-4.672240711267192,500.68613743938306,Hard
2025-10-13,45390,Alex Michelsen,Aleksandar Vukic,P2,1.0296009803404176,False,P1,0.5786298960447311,0.42137010395526886,1.6571428571428568,2.5217391304347827,-1.0296009803404176,499.6565364590426,Hard
2025-10-13,45363,Benjamin Bonzi,Valentin Royer,P2,3.1286266185708724,False,P1,0.43625426292419434,0.5637457370758057,2.0051813471502586,1.994845360824742,-3.1286266185708724,496.52790984047175,Hard
2025-10-13,45336,Ugo Humbert,Matteo Berrettini,P2,0.0687448937994111,False,P1,0.4870793968439102,0.5129206031560898,2.0473684210526315,1.9547738693467334,-0.0687448937994111,496.45916494667233,Hard
2025-10-13,45391,Flavio Cobolli,Rinky Hijikata,P2,3.4910201569032306,False,P1,0.5787548422813416,0.42124515771865845,1.4848484848484849,3.0625000000000004,-3.4910201569032306,492.9681447897691,Hard
2025-10-13,45337,Tomas Martin Etcheverry,Miomir Kecmanovic,P1,6.083908467528281,True,P1,0.5429150611162186,0.45708493888378143,2.54375,1.6477732793522268,9.392033696746784,502.3601784865159,Hard
2025-10-13,45364,Alejandro Davidovich Fokina,Marcos Giron,P1,7.0340546962728965,True,P1,0.6898914128541946,0.31010858714580536,1.756637168141593,2.3216374269005846,5.322227225940998,507.6824057124569,Hard
2025-10-13,45392,Fabian Marozsan,Brandon Nakashima,P1,1.1763352605605406,True,P1,0.4240279644727707,0.5759720355272293,2.525,1.6557377049180328,1.7939112723548243,509.4763169848117,Hard
2025-10-13,45365,Raphael Collignon,Francisco Comesana,P2,8.838598461095458,False,P1,0.4286009669303894,0.5713990330696106,1.5236363636363635,2.909722222222222,-8.838598461095458,500.6377185237163,Hard
2025-10-13,45338,Lorenzo Sonego,Aleksandar Kovacevic,P2,3.390554320021682,False,P1,0.5566563904285431,0.4433436095714569,1.5531135531135531,2.8079470198675502,-3.390554320021682,497.2471642036946,Hard
2025-10-13,45366,Felix Auger-Aliassime,Damir Dzumhur,P1,0.32300278136646793,True,P1,0.8499747291207314,0.15002527087926865,1.1792452830188678,6.578947368421053,0.05789672496191402,497.3050609286565,Hard
2025-10-13,45339,Elias Ymer,Jacob Fearnley,P1,8.608033774807048,True,P1,0.47212229669094086,0.5278777033090591,5.191666666666667,1.2385685884691848,36.08200823939955,533.387069168056,Hard
2025-10-13,45393,James Duckworth,Gabriel Diallo,P1,1.1232760597646099,True,P1,0.23656374961137772,0.7634362503886223,4.926229508196722,1.254697286012526,4.410239611698756,537.7973087797548,Hard
2025-10-13,45340,Holger Rune,Marton Fucsovics,P1,2.4471398645940887,True,P1,0.6799317002296448,0.3200682997703552,1.5434782608695654,2.84,1.329967317714179,539.1272760974689,Hard
2025-10-13,45367,Giovanni Mpetshi Perricard,Nikoloz Basilashvili,P1,1.3955548317323523,True,P1,0.6197695136070251,0.38023048639297485,1.6694214876033058,2.493827160493827,0.9342143914902523,540.0614904889592,Hard
2025-10-13,45394,Corentin Moutet,Alexander Shevchenko,P2,3.5658336386681135,False,P1,0.5766361355781555,0.4233638644218445,1.5051903114186853,2.9794520547945207,-3.5658336386681135,536.4956568502911,Hard
2025-10-13,45368,Giovanni Mpetshi Perricard,Lorenzo Musetti,P2,4.734762214276305,False,P1,0.32058121263980865,0.6794187873601913,2.5687499999999996,1.6374501992031876,-4.734762214276305,531.7608946360148,Hard
2025-10-13,45395,Daniil Medvedev,Fabian Marozsan,P1,0.874548380088862,True,P1,0.6926747411489487,0.30732525885105133,1.4657980456026056,3.146853146853146,0.4073629262303166,532.1682575622451,Hard
2025-10-13,45341,Holger Rune,Tomas Martin Etcheverry,P2,5.724598133208503,False,P1,0.5908985286951065,0.4091014713048935,1.3282442748091603,4.046511627906976,-5.724598133208503,526.4436594290366,Hard
2025-10-13,45369,Jiri Lehecka,Benjamin Bonzi,P2,0.08050006680720434,False,P1,0.7358379513025284,0.2641620486974716,1.3548387096774193,3.818181818181818,-0.08050006680720434,526.3631593622295,Hard
2025-10-13,45396,James Duckworth,Flavio Cobolli,P1,4.359555651570998,True,P1,0.42961348593235016,0.5703865140676498,3.1608391608391604,1.4627831715210353,9.420298575772295,535.7834579380018,Hard
2025-10-13,45342,Ugo Humbert,Lorenzo Sonego,P2,1.853281156805999,False,P1,0.5761141777038574,0.4238858222961426,1.615686274509804,2.6242038216560504,-1.853281156805999,533.9301767811958,Hard
2025-10-13,45397,Alex Michelsen,Shintaro Mochizuki,P1,6.931855939700905,True,P1,0.735838994383812,0.26416100561618805,1.554744525547445,2.8026315789473686,3.845409134432617,537.7755859156284,Hard
2025-10-13,45370,Raphael Collignon,Alejandro Davidovich Fokina,P2,6.2136310320183705,False,P1,0.271275594830513,0.728724405169487,2.834437086092715,1.5451263537906137,-6.2136310320183705,531.56195488361,Hard
2025-10-13,45343,Casper Ruud,Sebastian Korda,P1,2.8361759398293502,True,P1,0.6216395050287247,0.37836049497127533,1.7347826086956524,2.36094674556213,2.0839727557876535,533.6459276393977,Hard
2025-10-13,45344,Denis Shapovalov,Elias Ymer,P2,3.6941225045267294,False,P1,0.6659560650587082,0.3340439349412918,1.2937062937062938,4.404761904761904,-3.6941225045267294,529.9518051348709,Hard
2025-10-13,45398,Corentin Moutet,Jan-Lennard Struff,P2,3.7559333403173216,False,P1,0.4820921719074249,0.5179078280925751,1.780269058295964,2.2816091954022983,-3.7559333403173216,526.1958717945536,Hard
2025-10-13,45371,Felix Auger-Aliassime,Eliot Spizzirri,P1,4.8872122463833945,True,P1,0.7987610846757889,0.20123891532421112,1.3282828282828285,4.046153846153846,1.6043878586612164,527.8002596532148,Hard
2025-10-13,45372,Jiri Lehecka,Giovanni Mpetshi Perricard,P1,3.518192620817871,True,P1,0.6555202603340149,0.3444797396659851,1.6596638655462186,2.515923566878981,2.3208245439848985,530.1210841971997,Hard
2025-10-13,45345,Ugo Humbert,Holger Rune,P2,3.6654516484725974,False,P1,0.41645753383636475,0.5835424661636353,2.0691489361702122,1.935323383084577,-3.6654516484725974,526.4556325487271,Hard
2025-10-13,45399,Daniil Medvedev,James Duckworth,P2,1.9176715360208827,False,P1,0.7584466263651848,0.24155337363481522,1.222429906542056,5.495798319327731,-1.9176715360208827,524.5379610127062,Hard
2025-10-13,45373,Felix Auger-Aliassime,Raphael Collignon,P1,3.2379596397348553,True,P1,0.7379803657531738,0.26201963424682617,1.4263803680981593,3.345323741007194,1.3806024230771308,525.9185634357833,Hard
2025-10-13,45346,Casper Ruud,Denis Shapovalov,P1,3.5956352574076784,True,P1,0.6697445511817932,0.3302554488182068,1.6196078431372551,2.613924050632911,2.2278838065506408,528.1464472423339,Hard
2025-10-13,45400,Corentin Moutet,Alex Michelsen,P1,2.9543436394020994,True,P1,0.5832648575305939,0.41673514246940613,1.8840579710144931,2.1311475409836067,2.6118110435293933,530.7582582858633,Hard
2025-10-13,45401,Daniil Medvedev,Corentin Moutet,P2,1.492887515233524,False,P1,0.6622772663831711,0.3377227336168289,1.425,3.3529411764705883,-1.492887515233524,529.2653707706298,Hard
2025-10-13,45374,Felix Auger-Aliassime,Jiri Lehecka,P2,4.351172074947014,False,P1,0.41778846085071564,0.5822115391492844,2.0,2.0,-4.351172074947014,524.9141986956828,Hard
2025-10-13,45347,Casper Ruud,Ugo Humbert,P2,0.33197291656773464,False,P1,0.6053833067417145,0.3946166932582855,1.6309523809523812,2.5849056603773586,-0.33197291656773464,524.5822257791151,Hard
2025-10-20,45402,Taylor Fritz,Valentin Vacherot,P2,1.7389613713543797,False,P1,0.7298649400472641,0.2701350599527359,1.2792792792792793,4.580645161290324,-1.7389613713543797,522.8432644077607,Hard
2025-10-20,45433,Jannik Sinner,Daniel Altmaier,P2,0.6045861807321102,False,P1,0.9354939609766006,0.06450603902339935,1.044232437120555,23.607843137254903,-0.6045861807321102,522.2386782270286,Hard
2025-10-20,45403,Casper Ruud,Quentin Halys,P1,10.044624139344556,True,P1,0.8679926916956902,0.13200730830430984,1.2731277533039649,4.661290322580646,2.7434656239619506,524.9821438509905,Hard
2025-10-20,45434,Daniil Medvedev,Nuno Borges,P2,0.5734986929272575,False,P1,0.7707160711288452,0.22928392887115479,1.2691466083150986,4.715447154471544,-0.5734986929272575,524.4086451580632,Hard
2025-10-20,45404,Felix Auger-Aliassime,Gabriel Diallo,P2,0.05028250521843053,False,P1,0.6923240572214127,0.30767594277858734,1.4416403785488958,3.2642857142857147,-0.05028250521843053,524.3583626528448,Hard
2025-10-20,45435,Matteo Berrettini,Alexei Popyrin,P2,1.5406197559976604,False,P1,0.5324174016714096,0.4675825983285904,1.7678571428571426,2.302325581395349,-1.5406197559976604,522.8177428968471,Hard
2025-10-20,45436,Flavio Cobolli,Tomas Machac,P1,0.609376563115535,True,P1,0.4072675108909607,0.5927324891090393,2.54375,1.6477732793522268,0.9407250693096073,523.7584679661567,Hard
2025-10-20,45405,Botic Van De Zandschulp,Jiri Lehecka,P2,5.885434922905071,False,P1,0.21244384348392487,0.7875561565160751,3.6492537313432836,1.3774647887323945,-5.885434922905071,517.8730330432516,Hard
2025-10-20,45406,Ugo Humbert,Sebastian Korda,P1,1.0195929876183947,True,P1,0.4660491943359375,0.5339508056640625,2.2514285714285713,1.7990867579908678,1.2759477959338767,519.1489808391855,Hard
2025-10-20,45437,Corentin Moutet,Damir Dzumhur,P1,8.307870083757777,True,P1,0.7340077310800552,0.26599226891994476,1.6425702811244978,2.5562500000000004,5.33839041526604,524.4873712544515,Hard
2025-10-20,45407,Ben Shelton,Kamil Majchrzak,P1,5.321158920208127,True,P1,0.7030069380998611,0.29699306190013885,1.5938697318007664,2.6838709677419352,3.160075220813256,527.6474464752648,Hard
2025-10-20,45438,Alexander Zverev,Jacob Fearnley,P1,3.914353812467198,True,P1,0.7786438018083572,0.22135619819164276,1.351206434316354,3.847328244274809,1.3747462451292305,529.0221927203941,Hard
2025-10-20,45408,Denis Shapovalov,Marcos Giron,P1,2.696844133472197,True,P1,0.5832153856754303,0.4167846143245697,1.8660287081339713,2.154696132596685,2.335544440949606,531.3577371613437,Hard
2025-10-20,45439,Lorenzo Musetti,Hamad Medjedovic,P1,2.4487271820948338,True,P1,0.7111445814371109,0.2888554185628891,1.4666666666666668,3.1428571428571432,1.142739351644256,532.500476512988,Hard
2025-10-20,45409,Marin Cilic,David Goffin,P2,1.4517286758492058,False,P1,0.6205385029315948,0.37946149706840515,1.5236363636363635,2.909722222222222,-1.4517286758492058,531.0487478371389,Hard
2025-10-20,45440,Cameron Norrie,Andrey Rublev,P1,1.8863104980006604,True,P1,0.4086436480283737,0.5913563519716263,2.7516339869281046,1.5708955223880594,3.3041255781972354,534.3528734153361,Hard
2025-10-20,45441,Francisco Cerundolo,Alex Michelsen,P1,3.2915959174120664,True,P1,0.5638594627380371,0.4361405372619629,1.9897435897435893,2.0103626943005177,3.257835959284762,537.6107093746209,Hard
2025-10-20,45410,Joao Fonseca,Giovanni Mpetshi Perricard,P2,2.8010318588429985,False,P1,0.42263244092464447,0.5773675590753555,2.119565217391304,1.8932038834951457,-2.8010318588429985,534.8096775157779,Hard
2025-10-20,45411,Reilly Opelka,Sebastian Baez,P2,2.8007402814027564,False,P1,0.6266835182905197,0.3733164817094803,1.4285714285714284,3.3333333333333335,-2.8007402814027564,532.0089372343751,Hard
2025-10-20,45442,Tomas Martin Etcheverry,Nicolai Budkov Kjaer,P1,7.657112029780949,True,P1,0.6828877627849579,0.3171122372150421,1.8027522935779814,2.2457142857142856,6.1467642440902095,538.1557014784654,Hard
2025-10-20,45412,Valentin Royer,Raphael Collignon,P1,1.469135404464752,True,P1,0.5272994488477707,0.4727005511522293,2.0,2.0,1.469135404464752,539.6248368829301,Hard
2025-10-20,45443,Filip Misolic,Camilo Ugo Carabelli,P2,7.740656427189465,False,P1,0.4870793968439102,0.5129206031560898,1.4640522875816993,3.154929577464789,-7.740656427189465,531.8841804557406,Hard
2025-10-20,45413,Stan Wawrinka,Miomir Kecmanovic,P2,1.907260184965053,False,P1,0.35063469409942627,0.6493653059005737,2.647435897435897,1.6070038910505835,-1.907260184965053,529.9769202707756,Hard
2025-10-20,45444,Alex de Minaur,Jurij Rodionov,P2,2.209281561834885,False,P1,0.8390943557024002,0.1609056442975998,1.0924006908462867,11.822429906542055,-2.209281561834885,527.7676387089407,Hard
2025-10-20,45445,Tallon Griekspoor,Karen Khachanov,P1,0.21257581286818467,True,P1,0.38364623486995697,0.616353765130043,2.641025641025641,1.6093750000000002,0.3488423595785594,528.1164810685193,Hard
2025-10-20,45415,Alejandro Davidovich Fokina,Lorenzo Sonego,P1,1.2273185488575418,True,P1,0.6228086799383163,0.37719132006168365,1.6544715447154474,2.527950310559006,0.8032450665287167,528.919726135048,Hard
2025-10-20,45446,Alexander Bublik,Alejandro Tabilo,P2,1.7015001726909447,False,P1,0.6266160011291504,0.3733839988708496,1.4931972789115644,3.027586206896552,-1.7015001726909447,527.218225962357,Hard
2025-10-20,45447,Matteo Arnaldi,Aleksandar Kovacevic,P2,0.7521778785668403,False,P1,0.5910151302814484,0.40898486971855164,1.6437246963562753,2.5534591194968552,-0.7521778785668403,526.4660480837902,Hard
2025-10-20,45416,Jenson Brooksby,Alexandre Muller,P1,4.495772834559806,True,P1,0.7430362105369568,0.2569637894630432,1.4490445859872612,3.2269503546099294,2.0188024511876836,528.4848505349778,Hard
2025-10-20,45448,Brandon Nakashima,Luciano Darderi,P2,0.41648086445560284,False,P1,0.7018410861492157,0.2981589138507843,1.4023668639053255,3.485294117647059,-0.41648086445560284,528.0683696705222,Hard
2025-10-20,45449,Alex de Minaur,Filip Misolic,P2,1.3920614885472407,False,P1,0.8721967339515686,0.1278032660484314,1.0860820595333869,12.616822429906541,-1.3920614885472407,526.676308181975,Hard
2025-10-20,45418,Jaume Munar,Ben Shelton,P2,6.070281880888329,False,P1,0.27947476506233215,0.7205252349376678,2.7533333333333334,1.570342205323194,-6.070281880888329,520.6060263010867,Hard
2025-10-20,45450,Tallon Griekspoor,Brandon Nakashima,P2,1.3035481097903316,False,P1,0.46402834355831146,0.5359716564416885,2.0471204188481673,1.9549999999999998,-1.3035481097903316,519.3024781912964,Hard
2025-10-20,45419,Felix Auger-Aliassime,Marin Cilic,P1,4.410695852692962,True,P1,0.7751731276512146,0.2248268723487854,1.3714285714285712,3.6923076923076916,1.6382584595716707,520.9407366508681,Hard
2025-10-20,45420,Denis Shapovalov,Valentin Royer,P2,2.2374368265909164,False,P1,0.5507742613554001,0.4492257386445999,1.6596638655462186,2.515923566878981,-2.2374368265909164,518.7032998242771,Hard
2025-10-20,45451,Corentin Moutet,Daniil Medvedev,P2,0.8507728337687004,False,P1,0.30774423480033875,0.6922557651996613,3.1428571428571432,1.4666666666666668,-0.8507728337687004,517.8525269905084,Hard
2025-10-20,45452,Matteo Berrettini,Cameron Norrie,P2,0.13696634286503956,False,P1,0.5654683411121368,0.43453165888786316,1.7590909090909093,2.317365269461078,-0.13696634286503956,517.7155606476433,Hard
2025-10-20,45421,Ugo Humbert,Taylor Fritz,P2,2.5331782254178115,False,P1,0.3100433945655823,0.6899566054344177,2.909722222222222,1.5236363636363635,-2.5331782254178115,515.1823824222255,Hard
2025-10-20,45422,Casper Ruud,Stan Wawrinka,P1,3.398113164700196,True,P1,0.8172460719943047,0.18275392800569534,1.2666666666666666,4.75,0.9061635105867187,516.0885459328122,Hard
2025-10-20,45453,Lorenzo Musetti,Tomas Martin Etcheverry,P2,3.0933465012527885,False,P1,0.6705702245235443,0.3294297754764557,1.3125,4.2,-3.0933465012527885,512.9951994315594,Hard
2025-10-20,45454,Jannik Sinner,Flavio Cobolli,P2,0.4469978350254489,False,P1,0.9264415614306927,0.07355843856930733,1.0605882352941176,17.50485436893204,-0.4469978350254489,512.548201596534,Hard
2025-10-20,45423,Reilly Opelka,Botic Van De Zandschulp,P1,1.6312672160850374,True,P1,0.5071859061717987,0.4928140938282013,2.111111111111111,1.9000000000000001,1.812519128983375,514.3607207255174,Hard
2025-10-20,45424,Alejandro Davidovich Fokina,Jenson Brooksby,P2,0.4610898133059311,False,P1,0.5444901883602142,0.45550981163978577,1.8036529680365299,2.244318181818182,-0.4610898133059311,513.8996309122115,Hard
2025-10-20,45455,Alexander Zverev,Matteo Arnaldi,P2,1.1412777195229042,False,P1,0.7109997272491455,0.2890002727508545,1.344,3.906976744186047,-1.1412777195229042,512.7583531926886,Hard
2025-10-20,45456,Alexander Bublik,Francisco Cerundolo,P2,1.060025273497342,False,P1,0.5776193737983704,0.42238062620162964,1.6596638655462186,2.515923566878981,-1.060025273497342,511.69832791919123,Hard
2025-10-20,45425,Joao Fonseca,Jakub Mensik,P2,3.312932145406136,False,P1,0.49868543446063995,0.50131456553936,1.7456140350877196,2.3411764705882354,-3.312932145406136,508.3853957737851,Hard
2025-10-20,45426,Alejandro Davidovich Fokina,Casper Ruud,P2,1.0602954055493519,False,P1,0.329339936375618,0.670660063624382,2.909722222222222,1.5236363636363635,-1.0602954055493519,507.3251003682357,Hard
2025-10-20,45457,Lorenzo Musetti,Corentin Moutet,P2,0.7877333613161046,False,P1,0.6606447398662567,0.3393552601337433,1.4666666666666668,3.1428571428571432,-0.7877333613161046,506.5373670069196,Hard
2025-10-20,45427,Jaume Munar,Felix Auger-Aliassime,P2,4.2998102642758065,False,P1,0.23344658315181732,0.7665534168481827,3.5563909774436087,1.3911764705882355,-4.2998102642758065,502.2375567426438,Hard
2025-10-20,45458,Jannik Sinner,Alexander Bublik,P2,0.6634506175369309,False,P1,0.8802714347839355,0.11972856521606445,1.1059999999999999,10.433962264150942,-0.6634506175369309,501.5741061251069,Hard
2025-10-20,45459,Alexander Zverev,Tallon Griekspoor,P1,1.0041705446103468,True,P1,0.670085608959198,0.329914391040802,1.5236363636363635,2.909722222222222,0.5258202124505087,502.0999263375574,Hard
2025-10-20,45428,Joao Fonseca,Denis Shapovalov,P2,0.3125920858292026,False,P1,0.5197624266147614,0.48023757338523865,1.9000000000000001,2.111111111111111,-0.3125920858292026,501.7873342517282,Hard
2025-10-20,45460,Alex de Minaur,Matteo Berrettini,P1,1.2219960682979365,True,P1,0.7565139681100845,0.24348603188991547,1.344,3.906976744186047,0.42036664749449026,502.20770089922274,Hard
2025-10-20,45429,Ugo Humbert,Reilly Opelka,P2,4.442883816792776,False,P1,0.5775900930166245,0.42240990698337555,1.425,3.3529411764705883,-4.442883816792776,497.76481708242994,Hard
2025-10-20,45430,Alejandro Davidovich Fokina,Ugo Humbert,P1,3.1821223120414213,True,P1,0.4745059162378311,0.5254940837621689,2.515923566878981,1.6596638655462186,4.823854205515021,502.588671287945,Hard
2025-10-20,45462,Alexander Zverev,Lorenzo Musetti,P1,3.6891696396219102,True,P1,0.5734033584594727,0.42659664154052734,2.0,2.0,3.6891696396219102,506.2778409275669,Hard
2025-10-20,45431,Joao Fonseca,Jaume Munar,P2,1.5866608139517757,False,P1,0.5328437238931656,0.4671562761068344,1.7590909090909093,2.317365269461078,-1.5866608139517757,504.69118011361513,Hard
2025-10-20,45463,Jannik Sinner,Alexander Zverev,P2,0.1553737119892452,False,P1,0.8588765114545822,0.14112348854541779,1.1571428571428573,7.363636363636364,-0.1553737119892452,504.5358064016259,Hard
2025-10-20,45432,Joao Fonseca,Alejandro Davidovich Fokina,P2,3.1042252305996767,False,P1,0.48083271086215973,0.5191672891378403,1.8238095238095235,2.213872832369942,-3.1042252305996767,501.4315811710262,Hard
2025-10-27,45464,Alexander Bublik,Alexei Popyrin,P2,0.5482025375123991,False,P1,0.6669098883867264,0.3330901116132736,1.4666666666666668,3.1428571428571432,-0.5482025375123991,500.8833786335138,Hard
2025-10-27,45465,Andrey Rublev,Jacob Fearnley,P1,2.068785691102688,True,P1,0.6353647112846375,0.36463528871536255,1.6596638655462186,2.515923566878981,1.3647031659795046,502.2480817994933,Hard
2025-10-27,45466,Daniel Altmaier,Marcos Giron,P1,0.45280768000516514,True,P1,0.39083823561668396,0.609161764383316,2.633986928104575,1.612,0.7398818300737993,502.9879636295671,Hard
2025-10-27,45467,Arthur Cazaux,Luciano Darderi,P2,3.8923134145641654,False,P1,0.5762947797775269,0.42370522022247314,1.4666666666666668,3.1428571428571432,-3.8923134145641654,499.09565021500293,Hard
2025-10-27,45468,Francisco Cerundolo,Damir Dzumhur,P1,0.9544686815615611,True,P1,0.7131616622209549,0.2868383377790451,1.425,3.3529411764705883,0.4056491896636635,499.5012994046666,Hard
2025-10-27,45469,Flavio Cobolli,Tomas Machac,P2,4.312255444590216,False,P1,0.45363156497478485,0.5463684350252151,1.8238095238095235,2.213872832369942,-4.312255444590216,495.1890439600764,Hard
2025-10-27,45470,Miomir Kecmanovic,Aleksandar Kovacevic,P1,1.1627106686785935,True,P1,0.6061417460441589,0.39385825395584106,1.7043478260869567,2.419753086419753,0.8189527318518791,496.00799669192827,Hard
2025-10-27,45471,Cameron Norrie,Sebastian Baez,P2,2.2608452321568353,False,P1,0.7175039649009705,0.28249603509902954,1.2666666666666666,4.75,-2.2608452321568353,493.74715145977143,Hard
2025-10-27,45472,Arthur Rinderknech,Fabian Marozsan,P1,4.27351060352437,True,P1,0.6264940053224564,0.37350599467754364,1.8238095238095235,2.213872832369942,3.520558735284361,497.26771019505577,Hard
2025-10-27,45473,Learner Tien,Nuno Borges,P1,2.968404535324022,True,P1,0.6656735837459564,0.3343264162540436,1.612,2.633986928104575,1.8166635756183018,499.08437377067406,Hard
2025-10-27,45474,Aleksandar Vukic,Terence Atmane,P2,2.7768874635088143,False,P1,0.4677477478981018,0.5322522521018982,1.9000000000000001,2.111111111111111,-2.7768874635088143,496.3074863071652,Hard
2025-10-27,45475,Karen Khachanov,Ethan Quinn,P1,6.206278619088797,True,P1,0.7613948583602905,0.23860514163970947,1.4666666666666668,3.1428571428571432,2.896263355574773,499.20374966274,Hard
2025-10-27,45476,Zizou Bergs,Alex Michelsen,P1,1.6755283496111126,True,P1,0.509014755487442,0.490985244512558,2.111111111111111,1.9000000000000001,1.8616981662345697,501.0654478289746,Hard
2025-10-27,45477,Grigor Dimitrov,Giovanni Mpetshi Perricard,P1,8.744229135579834,True,P1,0.5961696207523346,0.4038303792476654,2.633986928104575,1.612,14.287956103888618,515.3534039328632,Hard
2025-10-27,45478,Alexandre Muller,Brandon Nakashima,P1,1.0149737236762035,True,P1,0.3094976842403412,0.6905023157596588,3.5563909774436087,1.3911764705882355,2.594669669548189,517.9480736024115,Hard
2025-10-27,45479,Lorenzo Sonego,Sebastian Korda,P1,0.39207837271593804,True,P1,0.3536119610071182,0.6463880389928818,2.909722222222222,1.5236363636363635,0.7487607812283538,518.6968343836398,Hard
2025-10-27,45480,Felix Auger-Aliassime,Francisco Comesana,P1,3.4583915731880173,True,P1,0.8175472095608711,0.18245279043912888,1.2666666666666666,4.75,0.9222377528501378,519.61907213649,Hard
2025-10-27,45481,Daniil Medvedev,Jaume Munar,P2,1.9499248899252182,False,P1,0.6070660501718521,0.3929339498281479,1.5236363636363635,2.909722222222222,-1.9499248899252182,517.6691472465648,Hard
2025-10-27,45482,Valentin Vacherot,Jiri Lehecka,P1,1.825187310233845,True,P1,0.389956533908844,0.610043466091156,2.909722222222222,1.5236363636363635,3.4856007660715784,521.1547480126363,Hard
2025-10-27,45483,Gabriel Diallo,Tallon Griekspoor,P1,2.2761596039833862,True,P1,0.5196582227945328,0.4803417772054672,2.111111111111111,1.9000000000000001,2.529066226648207,523.6838142392845,Hard
2025-10-27,45484,Joao Fonseca,Denis Shapovalov,P1,0.21676250737991404,True,P1,0.6398105472326279,0.36018945276737213,1.570342205323194,2.7533333333333334,0.12362880649044526,523.807443045775,Hard
2025-10-27,45485,Corentin Moutet,Reilly Opelka,P2,3.889197340608499,False,P1,0.5588622093200684,0.44113779067993164,1.5236363636363635,2.909722222222222,-3.889197340608499,519.9182457051666,Hard
2025-10-27,45486,Camilo Ugo Carabelli,Tomas Martin Etcheverry,P1,3.2904515311027445,True,P1,0.2765311002731323,0.7234688997268677,5.824561403508772,1.2072727272727273,15.874985457074645,535.7932311622412,Hard
2025-10-27,45487,Alejandro Davidovich Fokina,Valentin Royer,P2,0.402413728382698,False,P1,0.6464657783508301,0.3535342216491699,1.5236363636363635,2.909722222222222,-0.402413728382698,535.3908174338585,Hard
2025-10-27,45488,Taylor Fritz,Aleksandar Vukic,P2,1.523826474209595,False,P1,0.8150040432810783,0.18499595671892166,1.1571428571428573,7.363636363636364,-1.523826474209595,533.8669909596489,Hard
2025-10-27,45489,Cameron Norrie,Carlos Alcaraz,P1,0.28137222449567045,True,P1,0.09675933793187141,0.9032406620681286,11.476190476190474,1.0954545454545455,2.947709018526071,536.814699978175,Hard
2025-10-27,45490,Ben Shelton,Flavio Cobolli,P1,10.7362939995635,True,P1,0.686408281326294,0.31359171867370605,2.111111111111111,1.9000000000000001,11.929215555070556,548.7439155332455,Hard
2025-10-27,45491,Andrey Rublev,Learner Tien,P2,2.985768557079425,False,P1,0.4455890357494354,0.5544109642505646,2.0,2.0,-2.985768557079425,545.7581469761661,Hard
2025-10-27,45492,Jannik Sinner,Zizou Bergs,P1,5.033693255155021,True,P1,0.913172010332346,0.08682798966765404,1.119153674832962,9.392523364485982,0.5997830493336155,546.3579300254997,Hard
2025-10-27,45493,Alexander Zverev,Camilo Ugo Carabelli,P2,2.516021160773693,False,P1,0.8476015701889992,0.15239842981100082,1.0711382113821137,15.057142857142855,-2.516021160773693,543.8419088647261,Hard
2025-10-27,45494,Daniel Altmaier,Casper Ruud,P2,6.5799944340341066,False,P1,0.22256702184677124,0.7774329781532288,3.4057971014492754,1.4156626506024097,-6.5799944340341066,537.261914430692,Hard
2025-10-27,45495,Felix Auger-Aliassime,Alexandre Muller,P1,8.263286402819256,True,P1,0.8235341757535934,0.17646582424640656,1.3420365535248042,3.9236641221374047,2.8263460020086755,540.0882604327006,Hard
2025-10-27,45496,Daniil Medvedev,Grigor Dimitrov,P2,9.46907267725703,False,P1,0.4885592609643936,0.5114407390356064,1.3291139240506329,4.038461538461539,-9.46907267725703,530.6191877554436,Hard
2025-10-27,45497,Alejandro Davidovich Fokina,Arthur Cazaux,P1,4.977948068459083,True,P1,0.6960910111665726,0.30390898883342743,1.5977011494252877,2.673076923076923,2.9753252822973852,533.594513037741,Hard
2025-10-27,45498,Francisco Cerundolo,Miomir Kecmanovic,P2,2.6370423618053387,False,P1,0.6055301278829575,0.39446987211704254,1.488215488215488,3.048275862068966,-2.6370423618053387,530.9574706759356,Hard
2025-10-27,45499,Valentin Vacherot,Arthur Rinderknech,P2,3.1973271899175852,False,P1,0.511068195104599,0.488931804895401,1.7210300429184548,2.3869047619047614,-3.1973271899175852,527.760143486018,Hard
2025-10-27,45500,Alex de Minaur,Gabriel Diallo,P2,1.2770216068363243,False,P1,0.7155205309391022,0.2844794690608978,1.3299492385786804,4.0307692307692315,-1.2770216068363243,526.4831218791817,Hard
2025-10-27,45501,Lorenzo Sonego,Lorenzo Musetti,P1,0.6483386035202636,True,P1,0.26847177743911743,0.7315282225608826,3.999999999999999,1.3333333333333333,1.9450158105607902,528.4281376897425,Hard
2025-10-27,45502,Karen Khachanov,Joao Fonseca,P2,9.137837395211797,False,P1,0.36744458973407745,0.6325554102659225,1.780269058295964,2.2816091954022983,-9.137837395211797,519.2903002945307,Hard
2025-10-27,45503,Alexander Bublik,Corentin Moutet,P1,1.5986762833577024,True,P1,0.6250886470079422,0.3749113529920578,1.6653061224489796,2.503067484662577,1.063609119131859,520.3539094136626,Hard
2025-10-27,45504,Jannik Sinner,Francisco Cerundolo,P1,0.4813670961215425,True,P1,0.9277083277702332,0.07229167222976685,1.0795107033639144,13.576923076923075,0.038273836388868845,520.3921832500514,Hard
2025-10-27,45505,Alexander Zverev,Alejandro Davidovich Fokina,P1,2.577348218180788,True,P1,0.7010497599840164,0.2989502400159836,1.4965986394557824,3.0136986301369864,1.2799076185523643,521.6720908686037,Hard
2025-10-27,45506,Alexander Bublik,Taylor Fritz,P2,5.514287210553253,False,P1,0.36814363300800323,0.6318563669919968,2.14207650273224,1.8755980861244024,-5.514287210553253,516.1578036580505,Hard
2025-10-27,45507,Ben Shelton,Andrey Rublev,P1,3.5276130755790014,True,P1,0.6131485253572464,0.3868514746427536,1.8119266055045873,2.2316384180790965,2.8641629099884556,519.0219665680389,Hard
2025-10-27,45508,Alex de Minaur,Karen Khachanov,P1,9.223220810802191,True,P1,0.7412104904651642,0.2587895095348358,1.670781893004115,2.4907975460122698,6.186769515064841,525.2087360831038,Hard
2025-10-27,45509,Felix Auger-Aliassime,Daniel Altmaier,P1,7.756409912068181,True,P1,0.7467977702617645,0.2532022297382355,1.5608856088560885,2.7828947368421053,4.350458696067761,529.5591947791715,Hard
2025-10-27,45510,Daniil Medvedev,Lorenzo Sonego,P2,2.103643928681367,False,P1,0.7211249768733978,0.2788750231266022,1.2765486725663715,4.616,-2.103643928681367,527.4555508504902,Hard
2025-10-27,45511,Valentin Vacherot,Cameron Norrie,P1,2.0852692015107053,True,P1,0.5816074907779694,0.41839250922203064,1.832558139534884,2.201117318435754,1.736107846839146,529.1916586973293,Hard
2025-10-27,45512,Felix Auger-Aliassime,Valentin Vacherot,P1,4.372360497217302,True,P1,0.6511479020118713,0.34885209798812866,1.7179487179487178,2.392857142857143,3.1391306133867802,532.3307893107161,Hard
2025-10-27,45513,Alexander Bublik,Alex de Minaur,P2,7.096552502702169,False,P1,0.33504582941532135,0.6649541705846786,2.188888888888889,1.841121495327103,-7.096552502702169,525.234236808014,Hard
2025-10-27,45514,Jannik Sinner,Ben Shelton,P1,8.089287644359732,True,P1,0.8722509369254112,0.12774906307458878,1.2264150943396226,5.416666666666667,1.8315368251380522,527.065773633152,Hard
2025-10-27,45515,Alexander Zverev,Daniil Medvedev,P1,5.890189150152869,True,P1,0.5811293721199036,0.41887062788009644,2.1712707182320443,1.8537735849056602,6.899006076422146,533.9647797095741,Hard
2025-10-27,45516,Felix Auger-Aliassime,Alexander Bublik,P1,7.708152079470373,True,P1,0.6461807489395142,0.35381925106048584,1.989795918367347,2.010309278350516,7.629497466414553,541.5942771759887,Hard
2025-10-27,45517,Jannik Sinner,Alexander Zverev,P1,3.1359915356147607,True,P1,0.8585289493203163,0.14147105067968369,1.1904761904761905,6.25,0.5973317210694782,542.1916088970582,Hard
2025-10-27,45518,Jannik Sinner,Felix Auger-Aliassime,P2,1.3609204665625787,False,P1,0.8208141922950745,0.17918580770492554,1.1571428571428573,7.363636363636364,-1.3609204665625787,540.8306884304957,Hard
2025-11-03,45519,Matteo Berrettini,Quentin Halys,P1,2.825686360224694,True,P1,0.7774176597595215,0.22258234024047852,1.330769230769231,4.023255813953488,0.93465010376663,541.7653385342624,Hard
2025-11-03,45546,Alexandre Muller,Jan-Lennard Struff,P2,2.123213827997927,False,P1,0.38804997503757477,0.6119500249624252,2.375,1.7272727272727275,-2.123213827997927,539.6421247062644,Hard
2025-11-03,45520,Cameron Norrie,Valentin Royer,P2,0.5412825764178735,False,P1,0.6106867492198944,0.3893132507801056,1.6046511627906976,2.6538461538461537,-0.5412825764178735,539.1008421298466,Hard
2025-11-03,45547,Damir Dzumhur,Jacob Fearnley,P1,5.839336842980054,True,P1,0.45181190967559814,0.5481880903244019,3.3309352517985613,1.429012345679012,13.61111609442833,552.7119582242749,Hard
2025-11-03,45548,Miomir Kecmanovic,Kamil Majchrzak,P2,0.3693468189985352,False,P1,0.4680192172527313,0.5319807827472687,2.108108108108108,1.9024390243902443,-0.3693468189985352,552.3426114052763,Hard
2025-11-03,45521,Vitaliy Sachko,Giovanni Mpetshi Perricard,P1,0.8952944577844208,True,P1,0.2468644306063652,0.7531355693936348,4.512,1.2847380410022777,3.1442741357388857,555.4868855410152,Hard
2025-11-03,45522,Lorenzo Sonego,Jan Choinski,P2,0.10443389344503745,False,P1,0.7758328542113304,0.2241671457886696,1.2840909090909092,4.5200000000000005,-0.10443389344503745,555.3824516475702,Hard
2025-11-03,45549,Vit Kopriva,Reilly Opelka,P2,3.795977217415366,False,P1,0.2505771294236183,0.7494228705763817,3.4452554744525545,1.4089552238805971,-3.795977217415366,551.5864744301548,Hard
2025-11-03,45550,Eliot Spizzirri,Laslo Djere,P2,7.72767961753461,False,P1,0.46345722675323486,0.5365427732467651,1.5531135531135531,2.8079470198675502,-7.72767961753461,543.8587948126202,Hard
2025-11-03,45551,Stan Wawrinka,Botic Van De Zandschulp,P1,0.24054411639119658,True,P1,0.3611518144607544,0.6388481855392456,2.8133333333333335,1.5514705882352942,0.4361866643893698,544.2949814770096,Hard
2025-11-03,45524,Learner Tien,Ugo Blanchet,P1,0.532300555319523,True,P1,0.7782126888632774,0.22178731113672256,1.2923433874709975,4.42063492063492,0.15561454749480247,544.4505960245044,Hard
2025-11-03,45525,Arthur Cazaux,Adrian Mannarino,P2,5.940232768553363,False,P1,0.488382026553154,0.511617973446846,1.6007751937984493,2.6645161290322577,-5.940232768553363,538.510363255951,Hard
2025-11-03,45553,Sebastian Korda,Alexei Popyrin,P2,4.706850035054763,False,P1,0.5177273750305176,0.4822726249694824,1.5938697318007664,2.6838709677419352,-4.706850035054763,533.8035132208962,Hard
2025-11-03,45526,Hugo Gaston,Terence Atmane,P2,10.676070264417925,False,P1,0.3069353699684143,0.6930646300315857,1.7589285714285714,2.317647058823529,-10.676070264417925,523.1274429564783,Hard
2025-11-03,45527,Daniel Altmaier,Arthur Rinderknech,P2,5.489519528536234,False,P1,0.3106149882078171,0.6893850117921829,2.54375,1.6477732793522268,-5.489519528536234,517.637923427942,Hard
2025-11-03,45554,Alejandro Tabilo,Adam Walton,P2,2.8519189618121934,False,P1,0.59116131067276,0.40883868932724,1.5051903114186853,2.9794520547945207,-2.8519189618121934,514.7860044661298,Hard
2025-11-03,45555,Tomas Martin Etcheverry,Mackenzie McDonald,P1,6.098238498631173,True,P1,0.6419409066438675,0.3580590933561325,1.8840579710144931,2.1311475409836067,5.391196353862344,520.1772008199922,Hard
2025-11-03,45529,Aleksandar Vukic,Corentin Moutet,P1,1.827413919531254,True,P1,0.29958492517471313,0.7004150748252869,4.054263565891473,1.3274111675126905,5.581403754227241,525.7586045742195,Hard
2025-11-03,45557,Marcos Giron,Pedro Martinez,P2,2.77840223603341,False,P1,0.6859102547168732,0.31408974528312683,1.3038277511961724,4.291338582677165,-2.77840223603341,522.980202338186,Hard
2025-11-03,45531,Lorenzo Sonego,Flavio Cobolli,P1,2.51267732015885,True,P1,0.5099008530378342,0.49009914696216583,2.1843575418994416,1.8443396226415094,2.9759083344898123,525.9561106726758,Hard
2025-11-03,45558,Novak Djokovic,Alejandro Tabilo,P1,6.300348722689071,True,P1,0.8351530507206917,0.16484694927930832,1.2767857142857142,4.612903225806452,1.7438465214585814,527.6999571941344,Hard
2025-11-03,45532,Daniel Altmaier,Hugo Gaston,P1,10.553999143882688,True,P1,0.7129138857126236,0.2870861142873764,2.189944134078212,1.84037558685446,12.558669372329678,540.258626566464,Hard
2025-11-03,45559,Sebastian Korda,Damir Dzumhur,P2,1.1852434882442069,False,P1,0.732910543680191,0.26708945631980896,1.3045563549160673,4.283464566929133,-1.1852434882442069,539.0733830782199,Hard
2025-11-03,45560,Nuno Borges,Eliot Spizzirri,P1,1.3211351174068795,True,P1,0.6053412407636642,0.39465875923633575,1.7094017094017095,2.4096385542168677,0.9372155106390686,540.0105985888589,Hard
2025-11-03,45561,Yannick Hanfmann,Vit Kopriva,P1,2.6845453831217743,True,P1,0.711250826716423,0.28874917328357697,1.4719471947194718,3.118881118881119,1.266963662661431,541.2775622515203,Hard
2025-11-03,45535,Learner Tien,Moez Echargui,P2,4.7666234515976775,False,P1,0.7369415014982224,0.26305849850177765,1.117965367965368,9.477064220183486,-4.7666234515976775,536.5109387999227,Hard
2025-11-03,45562,Miomir Kecmanovic,Luciano Darderi,P1,1.1561271499337145,True,P1,0.6638517528772354,0.3361482471227646,1.5415162454873648,2.8466666666666667,0.6260616335381127,537.1370004334608,Hard
2025-11-03,45536,Cameron Norrie,Arthur Cazaux,P1,4.56810694872647,True,P1,0.6041972190141678,0.3958027809858322,1.9117647058823533,2.096774193548387,4.165038688544724,541.3020391220056,Hard
2025-11-03,45563,Marcos Giron,Brandon Nakashima,P1,2.9320574917405557,True,P1,0.4879094213247299,0.5120905786752701,2.3491124260355027,1.7412280701754383,3.955675195957672,545.2577143179633,Hard
2025-11-03,45564,Lorenzo Musetti,Stan Wawrinka,P2,1.6904228222227464,False,P1,0.7654738798737526,0.2345261201262474,1.2253787878787878,5.436974789915966,-1.6904228222227464,543.5672914957405,Hard
2025-11-03,45537,Matteo Berrettini,Aleksandar Vukic,P2,3.279516446426763,False,P1,0.6569340229034424,0.3430659770965576,1.3385416666666667,3.953846153846154,-3.279516446426763,540.2877750493137,Hard
2025-11-03,45538,Vitaliy Sachko,Alexander Bublik,P2,6.682693477791148,False,P1,0.11696194112300873,0.8830380588769913,6.434782608695652,1.184,-6.682693477791148,533.6050815715225,Hard
2025-11-03,45565,Alexandre Muller,Tomas Martin Etcheverry,P2,2.490478574814008,False,P1,0.36490049958229065,0.6350995004177094,2.4846625766871164,1.6735537190082643,-2.490478574814008,531.1146029967085,Hard
2025-11-03,45566,Lorenzo Musetti,Alexandre Muller,P2,2.108133482967845,False,P1,0.7268011122941971,0.2731988877058029,1.2666666666666666,4.75,-2.108133482967845,529.0064695137406,Hard
2025-11-03,45567,Sebastian Korda,Miomir Kecmanovic,P2,1.721179331560162,False,P1,0.6050818115472794,0.39491818845272064,1.5451263537906137,2.834437086092715,-1.721179331560162,527.2852901821805,Hard
2025-11-03,45540,Lorenzo Sonego,Daniel Altmaier,P2,1.9837912184500637,False,P1,0.5740626007318497,0.42593739926815033,1.6108949416342413,2.6369426751592355,-1.9837912184500637,525.3014989637304,Hard
2025-11-03,45568,Novak Djokovic,Nuno Borges,P1,7.212998305205989,True,P1,0.8713564202189445,0.12864357978105545,1.2155797101449275,5.6386554621848735,1.5549760839121605,526.8564750476426,Hard
2025-11-03,45569,Yannick Hanfmann,Marcos Giron,P1,5.391050932657216,True,P1,0.5370348989963531,0.46296510100364685,2.392857142857143,1.7179487179487178,7.508963799058265,534.3654388467008,Hard
2025-11-03,45542,Learner Tien,Matteo Berrettini,P1,1.3397297153562757,True,P1,0.4548438787460327,0.5451561212539673,2.347058823529412,1.74235807860262,1.8046947342152186,536.1701335809161,Hard
2025-11-03,45543,Cameron Norrie,Lorenzo Sonego,P1,2.862877677226916,True,P1,0.5298894196748734,0.47011058032512665,2.111111111111111,1.9000000000000001,3.1809751969187956,539.3511087778348,Hard
2025-11-03,45570,Novak Djokovic,Yannick Hanfmann,P1,0.4446256534039142,True,P1,0.7929447218775749,0.20705527812242508,1.2666666666666666,4.75,0.11856684090771043,539.4696756187426,Hard
2025-11-03,45571,Lorenzo Musetti,Sebastian Korda,P1,2.297324183693928,True,P1,0.576338142156601,0.42366185784339905,1.862559241706161,2.1593406593406588,1.98157820584026,541.4512538245829,Hard
2025-11-03,45544,Learner Tien,Vitaliy Sachko,P2,2.207040767314663,False,P1,0.7604881152510643,0.2395118847489357,1.2077464788732395,5.813559322033899,-2.207040767314663,539.2442130572682,Hard
2025-11-03,45545,Learner Tien,Cameron Norrie,P2,3.1773353317463013,False,P1,0.5315268933773041,0.4684731066226959,1.6596638655462186,2.515923566878981,-3.1773353317463013,536.0668777255219,Hard
2025-11-03,45572,Novak Djokovic,Lorenzo Musetti,P1,3.913200352156583,True,P1,0.7452972680330276,0.25470273196697235,1.425,3.3529411764705883,1.663110149666548,537.7299878751884,Hard
2025-11-10,45574,Alexander Zverev,Ben Shelton,P2,2.0472860420832473,False,P1,0.5790666937828064,0.4209333062171936,1.5954198473282442,2.6794871794871793,-2.0472860420832473,535.6827018331052,Hard
2025-11-10,45575,Taylor Fritz,Lorenzo Musetti,P2,1.319177977067001,False,P1,0.6352723836898804,0.36472761631011963,1.4965986394557824,3.0136986301369864,-1.319177977067001,534.3635238560381,Hard
2025-11-10,45576,Jannik Sinner,Felix Auger-Aliassime,P2,3.4729979251694525,False,P1,0.7815514504909515,0.21844854950904846,1.1131879543094496,9.8348623853211,-3.4729979251694525,530.8905259308686,Hard
2025-11-10,45577,Carlos Alcaraz,Taylor Fritz,P2,1.2209910108085236,False,P1,0.7622587233781815,0.23774127662181854,1.251546391752577,4.975409836065573,-1.2209910108085236,529.6695349200601,Hard
2025-11-10,45578,Lorenzo Musetti,Alex de Minaur,P1,2.6996620484116254,True,P1,0.3723219782114029,0.6276780217885971,3.3214285714285707,1.4307692307692306,6.267072612384128,535.9366075324442,Hard
2025-11-10,45579,Felix Auger-Aliassime,Ben Shelton,P1,4.061965049492525,True,P1,0.5286576598882675,0.4713423401117325,2.25,1.7999999999999998,5.077456311865656,541.0140638443098,Hard
2025-11-10,45580,Jannik Sinner,Alexander Zverev,P2,0.6036514647349077,False,P1,0.8452164083719254,0.15478359162807465,1.1567267683772537,7.380530973451328,-0.6036514647349077,540.410412379575,Hard
2025-11-10,45581,Alex de Minaur,Taylor Fritz,P1,1.692210827649757,True,P1,0.34222958981990814,0.6577704101800919,3.3525179856115113,1.4250764525993882,3.9809564074925943,544.3913687870676,Hard
2025-11-10,45582,Carlos Alcaraz,Lorenzo Musetti,P2,0.568601080400724,False,P1,0.8399352580308914,0.16006474196910858,1.1656976744186047,7.035087719298246,-0.568601080400724,543.8227677066668,Hard
2025-11-10,45583,Jannik Sinner,Ben Shelton,P2,0.6779666393443826,False,P1,0.8636883050203323,0.13631169497966766,1.1289566236811255,8.754545454545454,-0.6779666393443826,543.1448010673224,Hard
2025-11-10,45584,Felix Auger-Aliassime,Alexander Zverev,P2,10.86289602134645,False,P1,0.44469113647937775,0.5553088635206223,1.2391304347826089,5.181818181818182,-10.86289602134645,532.2819050459759,Hard
2025-11-10,45585,Jannik Sinner,Alex de Minaur,P2,0.3320251584817057,False,P1,0.8747231215238571,0.12527687847614288,1.1289566236811255,8.754545454545454,-0.3320251584817057,531.9498798874943,Hard
2025-11-10,45586,Carlos Alcaraz,Felix Auger-Aliassime,P1,1.1472586789991799,True,P1,0.8153416663408279,0.18465833365917206,1.2391304347826089,5.181818181818182,0.27434446671719537,532.2242243542114,Hard
2025-11-10,45587,Jannik Sinner,Carlos Alcaraz,P2,0.6389053972314753,False,P1,0.635529100894928,0.364470899105072,1.5357142857142856,2.8666666666666667,-0.6389053972314753,531.5853189569799,Hard
2026-01-04,45627,Learner Tien,Camilo Ugo Carabelli,P1,6.109803933919745,True,P1,0.8558260947465897,0.14417390525341034,1.2303262955854128,5.341666666666668,1.4072485068529175,532.9925674638329,Hard
2026-01-05,45629,Nuno Borges,Damir Dzumhur,P2,0.3351125756785376,False,P1,0.6537436097860336,0.34625639021396637,1.5104166666666667,2.9591836734693877,-0.3351125756785376,532.6574548881543,Hard
2026-01-05,45630,Marin Cilic,Adrian Mannarino,P2,4.268622076558502,False,P1,0.4615274518728256,0.5384725481271744,1.8194444444444444,2.2203389830508478,-4.268622076558502,528.3888328115959,Hard
2026-01-05,45641,Yibing Wu,Fabian Marozsan,P1,0.6448659169319424,True,P1,0.4492231756448746,0.5507768243551254,2.296511627906977,1.7713004484304933,0.836076159743158,529.224908971339,Hard
2026-01-05,45631,Quentin Halys,Alexei Popyrin,P2,2.343046425958735,False,P1,0.3565588891506195,0.6434411108493805,2.5562500000000004,1.6425702811244978,-2.343046425958735,526.8818625453803,Hard
2026-01-05,45632,Jiri Lehecka,Tomas Machac,P1,5.2402918753326775,True,P1,0.7121404409408569,0.28785955905914307,1.5608856088560885,2.7828947368421053,2.9392042990795826,529.8210668444599,Hard
2026-01-05,45633,Sebastian Korda,Valentin Vacherot,P2,6.506087862867475,False,P1,0.4764658957719803,0.5235341042280197,1.5833333333333335,2.7142857142857144,-6.506087862867475,523.3149789815924,Hard
2026-01-05,45634,Kamil Majchrzak,Daniel Altmaier,P1,0.055738550525376594,True,P1,0.5010651051998138,0.49893489480018616,2.0,2.0,0.055738550525376594,523.3707175321177,Hard
2026-01-05,45635,Alex Michelsen,James Duckworth,P2,1.305647718191872,False,P1,0.5339837372303009,0.4660162627696991,1.7792792792792793,2.2832369942196533,-1.305647718191872,522.0650698139259,Hard
2026-01-05,45640,Daniil Medvedev,Marton Fucsovics,P1,3.5261371671132817,True,P1,0.7915080562233925,0.2084919437766075,1.3176178660049627,4.1484375,1.119964162259305,523.1850339761852,Hard
2026-01-06,45646,Michael Mmoh,Alejandro Tabilo,P1,0.6043279924142683,True,P1,0.42307257652282715,0.5769274234771729,2.4424242424242424,1.6932773109243697,0.8716973466339142,524.0567313228191,Hard
2026-01-06,45648,Gabriel Diallo,Jesper de Jong,P2,2.164871763152045,False,P1,0.6245557516813278,0.3754442483186722,1.4688524590163936,3.132867132867133,-2.164871763152045,521.8918595596671,Hard
2026-01-06,45650,Tomas Martin Etcheverry,Valentin Royer,P1,2.4377645638601066,True,P1,0.5443736016750336,0.45562639832496643,2.0103626943005177,1.9897435897435893,2.463026372812024,524.3548859324791,Hard
2026-01-06,45651,Coleman Wong,Mariano Navone,P1,6.123091272390921,True,P1,0.6383916884660721,0.3616083115339279,1.8932038834951457,2.119565217391304,5.469168903494803,529.8240548359739,Hard
2026-01-06,45659,Juncheng Shang,Francisco Comesana,P2,3.781458802484473,False,P1,0.5378457456827164,0.46215425431728363,1.5938697318007664,2.6838709677419352,-3.781458802484473,526.0425960334894,Hard
2026-01-06,45644,Brandon Nakashima,Alejandro Davidovich Fokina,P2,4.222383121942767,False,P1,0.3395359218120575,0.6604640781879425,2.4723926380368098,1.6791666666666667,-4.222383121942767,521.8202129115466,Hard
2026-01-06,45645,Raphael Collignon,Denis Shapovalov,P2,5.634870126946445,False,P1,0.37488333880901337,0.6251166611909866,2.0913978494623655,1.9162561576354682,-5.634870126946445,516.1853427846002,Hard
2026-01-06,45660,Marcos Giron,Laslo Djere,P1,0.820999355163826,True,P1,0.575957402586937,0.42404259741306305,1.7792792792792793,2.2832369942196533,0.6397877857808194,516.825130570381,Hard
2026-01-06,45652,Grigor Dimitrov,Pablo Carreno Busta,P1,5.339522541002932,True,P1,0.7181195318698883,0.2818804681301117,1.5510948905109487,2.814569536423841,2.9425835901147535,519.7677141604958,Hard
2026-01-06,45661,Botic Van De Zandschulp,Jan-Lennard Struff,P1,2.693498328101005,True,P1,0.4962243288755417,0.5037756711244583,2.2832369942196533,1.7792792792792793,3.4563966984879952,523.2241108589837,Hard
2026-01-06,45653,Giovanni Mpetshi Perricard,Tommy Paul,P1,1.1633826692678315,True,P1,0.38476473093032837,0.6152352690696716,2.8079470198675502,1.5531135531135531,2.1033342298683317,525.3274450888521,Hard
2026-01-06,45654,Cameron Norrie,Ugo Humbert,P1,2.1291214180570703,True,P1,0.4858582317829132,0.5141417682170868,2.2701149425287355,1.7873303167420815,2.7042289275322555,528.0316740163843,Hard
2026-01-06,45655,Rinky Hijikata,Adam Walton,P2,2.7935592186439884,False,P1,0.4858734905719757,0.5141265094280243,1.84037558685446,2.189944134078212,-2.7935592186439884,525.2381147977403,Hard
2026-01-07,45667,Lorenzo Musetti,Tomas Martin Etcheverry,P2,3.1343830688747527,False,P1,0.6421399414539337,0.3578600585460663,1.3714285714285712,3.6923076923076916,-3.1343830688747527,522.1037317288656,Hard
2026-01-07,45668,Nuno Borges,Marin Cilic,P2,0.5477419893830077,False,P1,0.4920321851968765,0.5079678148031235,1.9897435897435893,2.0103626943005177,-0.5477419893830077,521.5559897394826,Hard
2026-01-07,45669,Coleman Wong,Gabriel Diallo,P1,2.3286812012713343,True,P1,0.40228353440761566,0.5977164655923843,2.909722222222222,1.5236363636363635,4.447134238539006,526.0031239780216,Hard
2026-01-07,45670,Andrey Rublev,Yibing Wu,P2,4.562954507202992,False,P1,0.5228496640920639,0.4771503359079361,1.5807692307692307,2.721854304635762,-4.562954507202992,521.4401694708185,Hard
2026-01-07,45663,Sebastian Korda,Jiri Lehecka,P1,0.18321510677616082,True,P1,0.3906206488609314,0.6093793511390686,2.5886075949367084,1.6294820717131475,0.29105691013174906,521.7312263809503,Hard
2026-01-07,45664,Alex Michelsen,Learner Tien,P2,7.8440855082059135,False,P1,0.2641444504261017,0.7358555495738983,2.647435897435897,1.6070038910505835,-7.8440855082059135,513.8871408727443,Hard
2026-01-07,45671,Kamil Majchrzak,Reilly Opelka,P1,2.709860212140408,True,P1,0.5229147672653198,0.4770852327346802,2.142857142857143,1.875,3.0969830995890373,516.9841239723334,Hard
2026-01-08,45676,Marcos Giron,Alexandre Muller,P1,1.8280650657312663,True,P1,0.5721986293792725,0.42780137062072754,1.8530805687203793,2.1722222222222225,1.5594867859318862,518.5436107582652,Hard
2026-01-08,45677,Juncheng Shang,Lorenzo Sonego,P2,6.141234307347686,False,P1,0.43909040093421936,0.5609095990657806,1.737991266375546,2.3550295857988166,-6.141234307347686,512.4023764509176,Hard
2026-01-08,45680,Michael Mmoh,Karen Khachanov,P1,3.6854397823782015,True,P1,0.3939403295516968,0.6060596704483032,3.4233576642335763,1.4126506024096386,8.931138742697538,521.3335151936151,Hard
2026-01-08,45673,Aleksandar Kovacevic,Cameron Norrie,P2,10.426670303872301,False,P1,0.19408360123634338,0.8059163987636566,2.7697368421052633,1.5650557620817847,-10.426670303872301,510.9068448897428,Hard
2026-01-08,45674,Brandon Nakashima,Quentin Halys,P2,0.6868463771876554,False,P1,0.6575085520744324,0.3424914479255676,1.4799999999999998,3.083333333333333,-0.6868463771876554,510.21999851255515,Hard
2026-01-08,45675,Giovanni Mpetshi Perricard,Rinky Hijikata,P1,1.5900103208542644,True,P1,0.6132096648216248,0.38679033517837524,1.702127659574468,2.4242424242424243,1.1163902252806537,511.3363887378358,Hard
2026-01-08,45681,Raphael Collignon,Grigor Dimitrov,P2,6.589206842356576,False,P1,0.2613644599914551,0.7386355400085449,2.84,1.5434782608695654,-6.589206842356576,504.74718189547923,Hard
2026-01-09,45683,Lorenzo Musetti,Coleman Wong,P2,3.179883666216086,False,P1,0.6628658771514893,0.33713412284851074,1.3185185185185186,4.1395348837209305,-3.179883666216086,501.56729822926314,Hard
2026-01-09,45685,Andrey Rublev,Nuno Borges,P2,4.011025949534783,False,P1,0.5354886800050735,0.46451131999492645,1.5687732342007437,2.758169934640523,-4.011025949534783,497.5562722797284,Hard
2026-01-09,45687,Marcos Giron,Michael Mmoh,P2,3.9988071489026247,False,P1,0.5060256868600845,0.49397431313991547,1.6585365853658534,2.518518518518518,-3.9988071489026247,493.55746513082573,Hard
2026-01-09,45688,Alexander Bublik,Juncheng Shang,P1,5.3172004606643615,True,P1,0.702148973941803,0.297851026058197,1.612,2.633986928104575,3.2541266819265897,496.81159181275234,Hard
2026-01-09,45682,Aleksandar Kovacevic,Giovanni Mpetshi Perricard,P2,3.94861944031863,False,P1,0.36438073217868805,0.635619267821312,2.308139534883721,1.7644444444444443,-3.94861944031863,492.8629723724337,Hard
2026-01-09,45684,Brandon Nakashima,Raphael Collignon,P2,3.6218726069828473,False,P1,0.4947557747364044,0.5052442252635956,1.7241379310344829,2.380952380952381,-3.6218726069828473,489.2410997654509,Hard
2026-01-09,45686,Alex Michelsen,Sebastian Korda,P1,0.7470882355491765,True,P1,0.3656902015209198,0.6343097984790802,2.8926174496644297,1.5283687943262412,1.413952231039381,490.6550519964903,Hard
2026-01-09,45689,Daniil Medvedev,Kamil Majchrzak,P2,4.137848792973832,False,P1,0.6947240829467773,0.30527591705322266,1.196638655462185,6.085470085470087,-4.137848792973832,486.51720320351643,Hard
2026-01-10,45693,Lorenzo Musetti,Andrey Rublev,P1,5.359689258760757,True,P1,0.6306820958852768,0.3693179041147232,1.9000000000000001,2.111111111111111,4.823720332884682,491.34092353640114,Hard
2026-01-10,45696,Alexander Bublik,Marcos Giron,P2,2.3229115680369543,False,P1,0.6736949682235718,0.3263050317764282,1.344,3.906976744186047,-2.3229115680369543,489.0180119683642,Hard
2026-01-10,45691,Brandon Nakashima,Aleksandar Kovacevic,P2,2.4323459023713916,False,P1,0.6407919377088547,0.3592080622911453,1.4053254437869822,3.4671532846715327,-2.4323459023713916,486.5856660659928,Hard
2026-01-10,45694,Daniil Medvedev,Alex Michelsen,P2,0.17165376426822715,False,P1,0.756529189646244,0.24347081035375595,1.3125,4.2,-0.17165376426822715,486.4140123017246,Hard
2026-01-11,45697,Alexander Bublik,Lorenzo Musetti,P2,1.8590089421091207,False,P1,0.48422084748744965,0.5157791525125504,1.9073170731707316,2.102150537634408,-1.8590089421091207,484.55500335961545,Hard
2026-01-11,45698,Daniil Medvedev,Brandon Nakashima,P2,2.4901495248321455,False,P1,0.6788393706083298,0.3211606293916702,1.3216957605985038,4.108527131782946,-2.4901495248321455,482.0648538347833,Hard
2026-01-12,45706,Valentin Vacherot,Miomir Kecmanovic,P1,6.737176133889612,True,P1,0.6736726760864258,0.3263273239135742,1.8279069767441858,2.207865168539326,5.57775512480163,487.64260895958495,Hard
2026-01-12,45702,Francisco Comesana,Valentin Royer,P2,0.21393244356600902,False,P1,0.43664126098155975,0.5633587390184402,2.2701149425287355,1.7873303167420815,-0.21393244356600902,487.4286765160189,Hard
2026-01-12,45707,Jaume Munar,Daniel Altmaier,P2,4.451732515911051,False,P1,0.5640531033277512,0.43594689667224884,1.4490445859872612,3.2269503546099294,-4.451732515911051,482.9769440001079,Hard
2026-01-12,45705,Sebastian Baez,Emilio Nava,P1,6.184806991603702,True,P1,0.5865190476179123,0.4134809523820877,2.2514285714285713,1.7990867579908678,7.739844178064061,490.71678817817195,Hard
2026-01-12,45709,Ugo Humbert,Terence Atmane,P1,2.356604984158662,True,P1,0.7334498912096024,0.26655010879039764,1.418181818181818,3.391304347826087,0.9854893570118036,491.7022775351838,Hard
2026-01-13,45710,Fabian Marozsan,Gael Monfils,P2,1.8754124950603879,False,P1,0.5380654782056808,0.46193452179431915,1.7167381974248928,2.3952095808383236,-1.8754124950603879,489.8268650401234,Hard
2026-01-13,45716,Tomas Machac,James Duckworth,P2,1.1086859387868702,False,P1,0.5877057760953903,0.4122942239046097,1.624505928853755,2.60126582278481,-1.1086859387868702,488.7181791013365,Hard
2026-01-13,45717,Quentin Halys,Jacob Fearnley,P2,1.6368456651278196,False,P1,0.5621709078550339,0.4378290921449661,1.6596638655462186,2.515923566878981,-1.6368456651278196,487.0813334362087,Hard
2026-01-13,45711,Alex Michelsen,Mariano Navone,P1,1.4900574776126687,True,P1,0.7427372932434082,0.2572627067565918,1.3774647887323945,3.6492537313432836,0.5624442309861907,487.6437776671949,Hard
2026-01-13,45712,Marcos Giron,Alexandre Muller,P1,4.778858417459424,True,P1,0.6104319840669632,0.3895680159330368,1.9400000000000002,2.0638297872340425,4.49212691241186,492.13590457960674,Hard
2026-01-13,45718,Rinky Hijikata,Tristan Schoolkate,P1,1.7859589275839227,True,P1,0.5995231419801712,0.4004768580198288,1.7599999999999998,2.3157894736842106,1.357328784963781,493.49323336457053,Hard
2026-01-13,45719,Alexander Shevchenko,Damir Dzumhur,P1,2.131389506179371,True,P1,0.5873203277587891,0.41267967224121094,1.8238095238095235,2.213872832369942,1.755858974138243,495.24909233870875,Hard
2026-01-13,45713,Hamad Medjedovic,Aleksandar Kovacevic,P2,5.0587877802132875,False,P1,0.5058425217866898,0.49415747821331024,1.5730337078651684,2.745098039215686,-5.0587877802132875,490.1903045584955,Hard
2026-01-13,45721,Aleksandar Vukic,Stefanos Tsitsipas,P2,1.4631768420974047,False,P1,0.24067245423793793,0.7593275457620621,3.906976744186047,1.344,-1.4631768420974047,488.72712771639806,Hard
2026-01-13,45714,Giovanni Mpetshi Perricard,Roberto Bautista Agut,P2,3.2318657202019887,False,P1,0.603072315454483,0.39692768454551697,1.438871473354232,3.278571428571428,-3.2318657202019887,485.49526199619606,Hard
2026-01-13,45722,Marton Fucsovics,Ethan Quinn,P1,5.5377103937500705,True,P1,0.6599847227334976,0.3400152772665024,1.7873303167420815,2.2701149425287355,4.36000727833716,489.8552692745332,Hard
2026-01-13,45715,Alejandro Tabilo,Camilo Ugo Carabelli,P1,0.17606280111603737,True,P1,0.6644981354475021,0.33550186455249786,1.5104166666666667,2.9591836734693877,0.08986538806964409,489.94513466260287,Hard
2026-01-13,45720,Nuno Borges,Tomas Martin Etcheverry,P2,0.7443590629432756,False,P1,0.4998013377189636,0.5001986622810364,1.9400000000000002,2.0638297872340425,-0.7443590629432756,489.2007755996596,Hard
2026-01-13,45723,Andrea Vavassori,Gabriel Diallo,P2,2.124115189082982,False,P1,0.25676585733890533,0.7432341426610947,3.5563909774436087,1.3911764705882355,-2.124115189082982,487.0766604105766,Hard
2026-01-14,45724,Jakub Mensik,Hamad Medjedovic,P1,1.5500609753243733,True,P1,0.5959409177303314,0.4040590822696686,1.7590909090909093,2.317365269461078,1.17663719490532,488.2532976054819,Hard
2026-01-14,45732,Alejandro Davidovich Fokina,Rinky Hijikata,P2,1.585777418209193,False,P1,0.6561704128980637,0.34382958710193634,1.425,3.3529411764705883,-1.585777418209193,486.6675201872727,Hard
2026-01-14,45725,Ben Shelton,Francisco Comesana,P2,1.3402693273888677,False,P1,0.7199394553899765,0.2800605446100235,1.3125,4.2,-1.3402693273888677,485.32725085988386,Hard
2026-01-14,45726,Fabian Marozsan,Casper Ruud,P2,2.2193099354779013,False,P1,0.2890821099281311,0.7109178900718689,3.1428571428571432,1.4666666666666668,-2.2193099354779013,483.10794092440597,Hard
2026-01-14,45734,Jaume Munar,Francisco Cerundolo,P2,1.1393325071336347,False,P1,0.5416622906923294,0.4583377093076706,1.7590909090909093,2.317365269461078,-1.1393325071336347,481.9686084172723,Hard
2026-01-14,45727,Luciano Darderi,Alejandro Tabilo,P2,8.309563689471178,False,P1,0.27076414227485657,0.7292358577251434,2.419753086419753,1.7043478260869567,-8.309563689471178,473.65904472780113,Hard
2026-01-14,45735,Ugo Humbert,Tallon Griekspoor,P2,1.0472041484335235,False,P1,0.5929170995950699,0.4070829004049301,1.612,2.633986928104575,-1.0472041484335235,472.6118405793676,Hard
2026-01-14,45737,Tomas Machac,Quentin Halys,P1,0.08271590261712923,True,P1,0.6039229333400726,0.39607706665992737,1.6596638655462186,2.515923566878981,0.054564692062560045,472.66640527143016,Hard
2026-01-14,45729,Marcos Giron,Alex Michelsen,P1,1.1892568359291622,True,P1,0.5251605957746506,0.4748394042253494,2.0,2.0,1.1892568359291622,473.8556621073593,Hard
2026-01-14,45738,Alexander Shevchenko,Marton Fucsovics,P1,6.0697987420045285,True,P1,0.511817678809166,0.48818232119083405,2.909722222222222,1.5236363636363635,11.591629542022535,485.44729164938184,Hard
2026-01-14,45730,Sebastian Baez,Jenson Brooksby,P2,3.832635111673679,False,P1,0.3197050094604492,0.6802949905395508,2.633986928104575,1.612,-3.832635111673679,481.6146565377082,Hard
2026-01-14,45731,Eliot Spizzirri,Nuno Borges,P2,3.1904511343921516,False,P1,0.39185187220573425,0.6081481277942657,2.213872832369942,1.8238095238095235,-3.1904511343921516,478.424205403316,Hard
2026-01-14,45739,Aleksandar Vukic,Andrea Vavassori,P2,3.876867121020047,False,P1,0.49164366722106934,0.5083563327789307,1.7043478260869567,2.419753086419753,-3.876867121020047,474.547338282296,Hard
2026-01-15,45740,Marcos Giron,Luciano Darderi,P1,7.8333848588283,True,P1,0.7868631556630135,0.21313684433698654,1.4666666666666668,3.1428571428571432,3.655579600786541,478.20291788308253,Hard
2026-01-15,45741,Tomas Machac,Jaume Munar,P2,5.030122268789824,False,P1,0.4329530745744705,0.5670469254255295,1.8238095238095235,2.213872832369942,-5.030122268789824,473.17279561429274,Hard
2026-01-15,45742,Tommy Paul,Aleksandar Vukic,P2,0.8974295423862416,False,P1,0.7505860552191734,0.24941394478082657,1.2817551963048501,4.549180327868853,-0.8974295423862416,472.2753660719065,Hard
2026-01-15,45743,Ugo Humbert,Alexander Shevchenko,P2,2.8564420176429004,False,P1,0.6697408705949783,0.33025912940502167,1.3125,4.2,-2.8564420176429004,469.4189240542636,Hard
2026-01-15,45744,Alejandro Davidovich Fokina,Valentin Vacherot,P2,5.008573240295862,False,P1,0.4879686087369919,0.5120313912630081,1.612,2.633986928104575,-5.008573240295862,464.41035081396774,Hard
2026-01-16,45748,Jakub Mensik,Fabian Marozsan,P2,5.3806579605964755,False,P1,0.5602041780948639,0.4397958219051361,1.3714285714285712,3.6923076923076916,-5.3806579605964755,459.0296928533713,Hard
2026-01-16,45749,Sebastian Baez,Marcos Giron,P1,0.06820091504539513,True,P1,0.3992587924003601,0.6007412075996399,2.515923566878981,1.6596638655462186,0.10338737440002575,459.1330802277713,Hard
2026-01-16,45745,Sebastian Baez,Ben Shelton,P1,1.90339242685613,True,P1,0.2845064699649811,0.7154935300350189,4.549180327868853,1.2817551963048501,6.7554829576123305,465.88856318538365,Hard
2026-01-16,45746,Jakub Mensik,Giovanni Mpetshi Perricard,P2,2.64084603124265,False,P1,0.5202176719903946,0.4797823280096054,1.7043478260869567,2.419753086419753,-2.64084603124265,463.247717154141,Hard
2026-01-16,45750,Tomas Machac,Tommy Paul,P2,4.9121798902019425,False,P1,0.3131749629974365,0.6868250370025635,2.515923566878981,1.6596638655462186,-4.9121798902019425,458.33553726393905,Hard
2026-01-16,45751,Ugo Humbert,Alejandro Davidovich Fokina,P1,0.4284629918992836,True,P1,0.5351720154285431,0.4648279845714569,1.9000000000000001,2.111111111111111,0.3856166927093553,458.7211539566484,Hard
2026-01-16,45747,Fabian Marozsan,Eliot Spizzirri,P2,0.5032906637800864,False,P1,0.5362713485956192,0.4637286514043808,1.8238095238095235,2.213872832369942,-0.5032906637800864,458.2178632928683,Hard
2026-01-17,45752,Jakub Mensik,Sebastian Baez,P2,1.2805814039302328,False,P1,0.619639977812767,0.38036002218723297,1.5236363636363635,2.909722222222222,-1.2805814039302328,456.93728188893806,Hard
2026-01-17,45753,Tomas Machac,Ugo Humbert,P2,4.2451085187631605,False,P1,0.3513442426919937,0.6486557573080063,2.317365269461078,1.7590909090909093,-4.2451085187631605,452.6921733701749,Hard
2026-01-18,45755,Corentin Moutet,Tristan Schoolkate,P2,1.8427461118657806,False,P1,0.6602952629327774,0.3397047370672226,1.3911764705882355,3.5563909774436087,-1.8427461118657806,450.8494272583091,Hard
2026-01-18,45756,Tomas Martin Etcheverry,Miomir Kecmanovic,P1,1.6603797599502172,True,P1,0.5815729051828384,0.41842709481716156,1.8238095238095235,2.213872832369942,1.3678366593875595,452.21726391769664,Hard
2026-01-18,45757,Francisco Cerundolo,Zhizhen Zhang,P1,0.8898538230158072,True,P1,0.6943402737379074,0.3056597262620926,1.4666666666666668,3.1428571428571432,0.41526511740737676,452.632529035104,Hard
2026-01-18,45758,Alexander Zverev,Gabriel Diallo,P2,1.826062827220804,False,P1,0.7736159935593605,0.2263840064406395,1.1883333333333335,6.309734513274337,-1.826062827220804,450.8064662078832,Hard
2026-01-18,45759,Francisco Comesana,Patrick Kypson,P1,1.3198132927979331,True,P1,0.6258047819137573,0.3741952180862427,1.6596638655462186,2.515923566878981,0.8706331385263678,451.6770993464096,Hard
2026-01-18,45762,Frances Tiafoe,Jason Kubler,P1,3.741846599410247,True,P1,0.786455549299717,0.21354445070028305,1.344,3.906976744186047,1.2871952301971252,452.96429457660673,Hard
2026-01-18,45763,Jaime Faria,Alexander Blockx,P2,0.029701647832197163,False,P1,0.39694710075855255,0.6030528992414474,2.515923566878981,1.6596638655462186,-0.029701647832197163,452.9345929287745,Hard
2026-01-18,45764,Marton Fucsovics,Camilo Ugo Carabelli,P2,4.247150572626419,False,P1,0.641416385769844,0.35858361423015594,1.2666666666666666,4.75,-4.247150572626419,448.6874423561481,Hard
2026-01-18,45766,Alexander Bublik,Jenson Brooksby,P2,1.9943122274815197,False,P1,0.6779052168130875,0.32209478318691254,1.344,3.906976744186047,-1.9943122274815197,446.69313012866655,Hard
2026-01-18,45767,Yannick Hanfmann,Zachary Svajda,P1,8.933862602573331,True,P1,0.7703426852822304,0.22965731471776962,2.419753086419753,1.7043478260869567,12.683879003653496,459.37700913232004,Hard
2026-01-18,45768,Cameron Norrie,Benjamin Bonzi,P2,1.5765851920775211,False,P1,0.6791165620088577,0.3208834379911423,1.3714285714285712,3.6923076923076916,-1.5765851920775211,457.8004239402425,Hard
2026-01-18,45769,Carlos Alcaraz,Adam Walton,P2,1.725706496412067,False,P1,0.9025942906737328,0.09740570932626724,1.024390243902439,42.0,-1.725706496412067,456.0747174438305,Hard
2026-01-19,45770,Quentin Halys,Alejandro Tabilo,P2,5.643926041944321,False,P1,0.39605259895324707,0.6039474010467529,1.9000000000000001,2.111111111111111,-5.643926041944321,450.43079140188615,Hard
2026-01-19,45771,Nuno Borges,Felix Auger-Aliassime,P2,1.1089056959711856,False,P1,0.24334990978240967,0.7566500902175903,3.906976744186047,1.344,-1.1089056959711856,449.32188570591495,Hard
2026-01-19,45772,Daniil Medvedev,Jesper de Jong,P2,2.6202640001889033,False,P1,0.8179333955049515,0.18206660449504852,1.08,13.499999999999998,-2.6202640001889033,446.70162170572604,Hard
2026-01-19,45773,Tommy Paul,Aleksandar Kovacevic,P2,2.099046952957346,False,P1,0.7342140823602676,0.26578591763973236,1.234,5.273504273504273,-2.099046952957346,444.6025747527687,Hard
2026-01-19,45774,Hamad Medjedovic,Mariano Navone,P2,1.4524715946100164,False,P1,0.6559031754732132,0.3440968245267868,1.425,3.3529411764705883,-1.4524715946100164,443.1501031581587,Hard
2026-01-19,45775,Reilly Opelka,Nicolai Budkov Kjaer,P1,1.1615837529939397,True,P1,0.6402502804994583,0.3597497195005417,1.612,2.633986928104575,0.7108892568322912,443.86099241499096,Hard
2026-01-19,45776,Alexander Shevchenko,Elias Ymer,P2,2.1375527855166636,False,P1,0.5931098163127899,0.4068901836872101,1.5236363636363635,2.909722222222222,-2.1375527855166636,441.7234396294743,Hard
2026-01-19,45777,Alex de Minaur,Mackenzie McDonald,P2,1.5038143882454165,False,P1,0.8507075905799866,0.14929240942001343,1.0954545454545455,11.476190476190474,-1.5038143882454165,440.21962524122887,Hard
2026-01-19,45778,Andrey Rublev,Matteo Arnaldi,P2,3.2642674821806072,False,P1,0.6644780784845352,0.3355219215154648,1.2817551963048501,4.549180327868853,-3.2642674821806072,436.95535775904824,Hard
2026-01-19,45779,Alejandro Davidovich Fokina,Filip Misolic,P2,2.1122880891172056,False,P1,0.8167431280016899,0.1832568719983101,1.1059999999999999,10.433962264150942,-2.1122880891172056,434.843069669931,Hard
2026-01-19,45780,Fabian Marozsan,Arthur Rinderknech,P2,1.278627603271432,False,P1,0.49536384642124176,0.5046361535787582,1.9000000000000001,2.111111111111111,-1.278627603271432,433.5644420666596,Hard
2026-01-19,45781,Learner Tien,Marcos Giron,P2,1.5612019380860995,False,P1,0.5909431278705597,0.4090568721294403,1.570342205323194,2.7533333333333334,-1.5612019380860995,432.0032401285735,Hard
2026-01-19,45782,Marin Cilic,Daniel Altmaier,P2,1.2570828464672767,False,P1,0.5997432619333267,0.4002567380666733,1.570342205323194,2.7533333333333334,-1.2570828464672767,430.74615728210625,Hard
2026-01-19,45783,Juncheng Shang,Roberto Bautista Agut,P2,4.7731932616871955,False,P1,0.567565530538559,0.43243446946144104,1.3714285714285712,3.6923076923076916,-4.7731932616871955,425.97296402041906,Hard
2026-01-19,45784,Jordan Thompson,Juan Manuel Cerundolo,P2,1.7764478293950492,False,P1,0.6015827804803848,0.3984172195196152,1.5236363636363635,2.909722222222222,-1.7764478293950492,424.196516191024,Hard
2026-01-19,45785,Thiago Agustin Tirante,Aleksandar Vukic,P1,0.6701596631896297,True,P1,0.3644130825996399,0.6355869174003601,2.909722222222222,1.5236363636363635,1.2798188012301954,425.4763349922542,Hard
2026-01-19,45786,Denis Shapovalov,Yunchaokete Bu,P1,0.8184071968829089,True,P1,0.6507760882377625,0.34922391176223755,1.570342205323194,2.7533333333333334,0.46677216552257156,425.94310715777675,Hard
2026-01-19,45787,Botic Van De Zandschulp,Brandon Nakashima,P1,3.080399395001012,True,P1,0.3997466713190079,0.6002533286809921,3.3529411764705883,1.425,7.247998576472969,433.19110573424973,Hard
2026-01-19,45788,Rinky Hijikata,Adrian Mannarino,P2,6.646494743926241,False,P1,0.41763757169246674,0.5823624283075333,1.6596638655462186,2.515923566878981,-6.646494743926241,426.54461099032346,Hard
2026-01-19,45790,Kamil Majchrzak,Jacob Fearnley,P1,5.3305251998062415,True,P1,0.7422227710485458,0.25777722895145416,1.5236363636363635,2.909722222222222,2.79125683189854,429.335867822222,Hard
2026-01-19,45791,Stan Wawrinka,Laslo Djere,P1,0.8993829518241332,True,P1,0.546161487698555,0.453838512301445,1.9000000000000001,2.111111111111111,0.8094446566417199,430.14531247886373,Hard
2026-01-19,45792,Novak Djokovic,Pedro Martinez,P2,0.8837440493641165,False,P1,0.9046316146850586,0.0953683853149414,1.0599999999999998,17.666666666666664,-0.8837440493641165,429.2615684294996,Hard
2026-01-19,45793,Casper Ruud,Mattia Bellucci,P1,4.229588908556792,True,P1,0.8477413728833199,0.15225862711668015,1.234,5.273504273504273,0.9897238046022893,430.2512922341019,Hard
2026-01-19,45796,Jaume Munar,Dalibor Svrcina,P1,0.2994738921810533,True,P1,0.7832402661442757,0.21675973385572433,1.2817551963048501,4.549180327868853,0.0843783252796502,430.3356705593816,Hard
2026-01-19,45797,Alexandre Muller,Alexei Popyrin,P1,5.683068747251453,True,P1,0.4835948050022125,0.5164051949977875,3.3529411764705883,1.425,13.371926464121067,443.7075970235027,Hard
2026-01-20,45798,Lorenzo Musetti,Raphael Collignon,P2,2.4546370931993877,False,P1,0.6776060163974762,0.3223939836025238,1.3125,4.2,-2.4546370931993877,441.2529599303033,Hard
2026-01-20,45799,Ben Shelton,Ugo Humbert,P2,3.096908927334047,False,P1,0.5179549604654312,0.4820450395345688,1.6596638655462186,2.515923566878981,-3.096908927334047,438.15605100296926,Hard
2026-01-20,45800,Karen Khachanov,Alex Michelsen,P2,1.5350834063038277,False,P1,0.5603121519088745,0.4396878480911255,1.6596638655462186,2.515923566878981,-1.5350834063038277,436.6209675966654,Hard
2026-01-20,45801,Jakub Mensik,Pablo Carreno Busta,P2,2.24797880219655,False,P1,0.6998437494039536,0.30015625059604645,1.2817551963048501,4.549180327868853,-2.24797880219655,434.3729887944689,Hard
2026-01-20,45802,Luciano Darderi,Cristian Garin,P2,3.7563763211828745,False,P1,0.5266646593809128,0.4733353406190872,1.570342205323194,2.7533333333333334,-3.7563763211828745,430.616612473286,Hard
2026-01-20,45803,Ethan Quinn,Tallon Griekspoor,P2,6.514475234552661,False,P1,0.31502939760684967,0.6849706023931503,2.213872832369942,1.8238095238095235,-6.514475234552661,424.10213723873335,Hard
2026-01-20,45804,Eliot Spizzirri,Joao Fonseca,P2,1.6700223686547588,False,P1,0.33459237217903137,0.6654076278209686,2.7533333333333334,1.570342205323194,-1.6700223686547588,422.4321148700786,Hard
2026-01-20,45805,Sebastian Baez,Giovanni Mpetshi Perricard,P1,4.48132714077044,True,P1,0.5377515852451324,0.46224841475486755,2.419753086419753,1.7043478260869567,6.36237803936544,428.79449290944405,Hard
2026-01-20,45806,Nishesh Basavareddy,Christopher O'Connell,P2,3.0708310242192507,False,P1,0.50269615650177,0.49730384349823,1.7043478260869567,2.419753086419753,-3.0708310242192507,425.7236618852248,Hard
2026-01-20,45807,Lorenzo Sonego,Carlos Taberner,P2,3.8042706854700175,False,P1,0.7235945463180542,0.2764054536819458,1.135,8.407407407407407,-3.8042706854700175,421.9193911997547,Hard
2026-01-20,45808,Yibing Wu,Luca Nardi,P2,2.67875678779705,False,P1,0.6651584357023239,0.3348415642976761,1.3125,4.2,-2.67875678779705,419.24063441195767,Hard
2026-01-20,45811,Jannik Sinner,Hugo Gaston,P2,1.5022473677474657,False,P1,0.9104822464287281,0.0895177535712719,1.0196078431372548,52.0,-1.5022473677474657,417.7383870442102,Hard
2026-01-20,45812,Taylor Fritz,Valentin Royer,P2,3.654998417896046,False,P1,0.7046736031770706,0.2953263968229294,1.170769230769231,6.8558558558558556,-3.654998417896046,414.08338862631416,Hard
2026-01-20,45813,Hubert Hurkacz,Zizou Bergs,P2,2.9686594699431956,False,P1,0.6011335998773575,0.3988664001226425,1.425,3.3529411764705883,-2.9686594699431956,411.11472915637097,Hard
2026-01-20,45814,Vit Kopriva,Jan-Lennard Struff,P2,2.431519045937022,False,P1,0.28054438531398773,0.7194556146860123,3.1428571428571432,1.4666666666666668,-2.431519045937022,408.68321011043395,Hard
2026-01-20,45815,Tomas Machac,Grigor Dimitrov,P2,6.5251486557025915,False,P1,0.37321577966213226,0.6267842203378677,1.8238095238095235,2.213872832369942,-6.5251486557025915,402.15806145473135,Hard
2026-01-20,45816,Stefanos Tsitsipas,Shintaro Mochizuki,P2,1.1292071983145913,False,P1,0.80617306381464,0.19382693618535995,1.170769230769231,6.8558558558558556,-1.1292071983145913,401.02885425641676,Hard
2026-01-20,45817,James Duckworth,Dino Prizmic,P1,4.151807947209424,True,P1,0.5652275234460831,0.43477247655391693,2.213872832369942,1.8238095238095235,5.0397668723351385,406.0686211287519,Hard
2026-01-21,45818,Francisco Cerundolo,Damir Dzumhur,P2,0.7450893857341664,False,P1,0.7605018094182014,0.23949819058179855,1.2666666666666666,4.75,-0.7450893857341664,405.3235317430177,Hard
2026-01-21,45819,Tommy Paul,Thiago Agustin Tirante,P2,2.397848824867888,False,P1,0.7879980206489563,0.2120019793510437,1.1188888888888888,9.411214953271028,-2.397848824867888,402.92568291814985,Hard
2026-01-21,45820,Andrey Rublev,Jaime Faria,P2,1.5430316669554451,False,P1,0.7980074509978294,0.20199254900217056,1.1571428571428573,7.363636363636364,-1.5430316669554451,401.3826512511944,Hard
2026-01-21,45821,Fabian Marozsan,Kamil Majchrzak,P2,2.84122530207885,False,P1,0.5172300934791565,0.4827699065208435,1.6596638655462186,2.515923566878981,-2.84122530207885,398.54142594911553,Hard
2026-01-21,45822,Daniil Medvedev,Quentin Halys,P2,2.15053716907629,False,P1,0.7709330022335052,0.22906699776649475,1.1571428571428573,7.363636363636364,-2.15053716907629,396.39088878003923,Hard
2026-01-21,45824,Carlos Alcaraz,Yannick Hanfmann,P2,1.6158607509534462,False,P1,0.8841264359652996,0.1158735640347004,1.038846153846154,26.742574257425744,-1.6158607509534462,394.7750280290858,Hard
2026-01-21,45825,Alexander Bublik,Marton Fucsovics,P2,0.6585648669565459,False,P1,0.7631336376070976,0.23686636239290237,1.2666666666666666,4.75,-0.6585648669565459,394.1164631621292,Hard
2026-01-21,45826,Alejandro Davidovich Fokina,Reilly Opelka,P2,4.4861840912885,False,P1,0.5265969634056091,0.47340303659439087,1.4666666666666668,3.1428571428571432,-4.4861840912885,389.6302790708407,Hard
2026-01-21,45827,Learner Tien,Alexander Shevchenko,P2,3.3259327345118135,False,P1,0.6720239073038101,0.3279760926961899,1.234,5.273504273504273,-3.3259327345118135,386.3043463363289,Hard
2026-01-21,45829,Nuno Borges,Jordan Thompson,P2,0.2663438918970255,False,P1,0.6117932200431824,0.3882067799568176,1.612,2.633986928104575,-0.2663438918970255,386.03800244443187,Hard
2026-01-21,45830,Alexander Zverev,Alexandre Muller,P2,1.8207803166772312,False,P1,0.8267511799931526,0.17324882000684738,1.0954545454545455,11.476190476190474,-1.8207803166772312,384.2172221277546,Hard
2026-01-21,45831,Alex de Minaur,Hamad Medjedovic,P2,2.0499818442104756,False,P1,0.7517170906066895,0.24828290939331055,1.1883333333333335,6.309734513274337,-2.0499818442104756,382.1672402835441,Hard
2026-01-21,45832,Cameron Norrie,Emilio Nava,P1,1.4632970336164202,True,P1,0.682642862200737,0.317357137799263,1.5236363636363635,2.909722222222222,0.7662355376027797,382.9334758211469,Hard
2026-01-21,45833,Frances Tiafoe,Francisco Comesana,P2,3.466550455825375,False,P1,0.5583733916282654,0.4416266083717346,1.4666666666666668,3.1428571428571432,-3.466550455825375,379.4669253653215,Hard
2026-01-22,45834,Karen Khachanov,Nishesh Basavareddy,P2,1.6585881398671671,False,P1,0.6790053993463516,0.3209946006536484,1.344,3.906976744186047,-1.6585881398671671,377.80833722545435,Hard
2026-01-22,45837,Lorenzo Musetti,Lorenzo Sonego,P2,1.7034917323341308,False,P1,0.6384718865156174,0.36152811348438263,1.425,3.3529411764705883,-1.7034917323341308,376.1048454931202,Hard
2026-01-22,45839,Luciano Darderi,Sebastian Baez,P2,1.9354766021835312,False,P1,0.3405779302120209,0.6594220697879791,2.633986928104575,1.612,-1.9354766021835312,374.16936889093665,Hard
2026-01-22,45840,Valentin Vacherot,Rinky Hijikata,P1,0.8834632167416822,True,P1,0.653954952955246,0.34604504704475403,1.570342205323194,2.7533333333333334,0.5038763593583738,374.67324525029505,Hard
2026-01-22,45841,Ethan Quinn,Hubert Hurkacz,P2,4.114544254279724,False,P1,0.18580149114131927,0.8141985088586807,4.2,1.3125,-4.114544254279724,370.5587009960153,Hard
2026-01-22,45842,Eliot Spizzirri,Yibing Wu,P2,0.19819187426970963,False,P1,0.5623945146799088,0.43760548532009125,1.7590909090909093,2.317365269461078,-0.19819187426970963,370.3605091217456,Hard
2026-01-22,45843,Botic Van De Zandschulp,Juncheng Shang,P1,1.9183421227910513,True,P1,0.47404704988002777,0.5259529501199722,2.419753086419753,1.7043478260869567,2.7235721496416163,373.0840812713872,Hard
2026-01-22,45844,Marin Cilic,Denis Shapovalov,P1,1.203945006142842,True,P1,0.4682140350341797,0.5317859649658203,2.317365269461078,1.7590909090909093,1.5860353374336844,374.6701166088209,Hard
2026-01-22,45845,Jannik Sinner,James Duckworth,P2,1.4214619597316818,False,P1,0.9063503704965115,0.09364962950348854,1.0196078431372548,52.0,-1.4214619597316818,373.2486546490892,Hard
2026-01-22,45846,Tomas Machac,Stefanos Tsitsipas,P2,2.354157719542927,False,P1,0.4967655688524246,0.5032344311475754,1.7590909090909093,2.317365269461078,-2.354157719542927,370.8944969295463,Hard
2026-01-22,45848,Taylor Fritz,Vit Kopriva,P2,1.8865190715653388,False,P1,0.7914290130138397,0.20857098698616028,1.135,8.407407407407407,-1.8865190715653388,369.00797785798096,Hard
2026-01-22,45849,Casper Ruud,Jaume Munar,P2,0.42947082562906225,False,P1,0.6659474670886993,0.33405253291130066,1.4666666666666668,3.1428571428571432,-0.42947082562906225,368.5785070323519,Hard
2026-01-23,45850,Learner Tien,Nuno Borges,P2,1.8134275779947409,False,P1,0.6147264838218689,0.3852735161781311,1.4666666666666668,3.1428571428571432,-1.8134275779947409,366.7650794543572,Hard
2026-01-23,45851,Daniil Medvedev,Fabian Marozsan,P2,1.428308591035859,False,P1,0.7472553998231888,0.2527446001768112,1.234,5.273504273504273,-1.428308591035859,365.3367708633213,Hard
2026-01-23,45852,Tommy Paul,Alejandro Davidovich Fokina,P2,2.1631195758606334,False,P1,0.5786040425300598,0.4213959574699402,1.5236363636363635,2.909722222222222,-2.1631195758606334,363.1736512874607,Hard
2026-01-23,45853,Carlos Alcaraz,Corentin Moutet,P2,1.4283523647036112,False,P1,0.8790618404746056,0.12093815952539444,1.0480952380952382,21.792079207920793,-1.4283523647036112,361.7452989227571,Hard
2026-01-23,45854,Alexander Zverev,Cameron Norrie,P2,1.7975465015891225,False,P1,0.7110143005847931,0.2889856994152069,1.2666666666666666,4.75,-1.7975465015891225,359.947752421168,Hard
2026-01-23,45855,Alex de Minaur,Frances Tiafoe,P2,1.7458452472999841,False,P1,0.731762170791626,0.268237829208374,1.234,5.273504273504273,-1.7458452472999841,358.201907173868,Hard
2026-01-23,45856,Francisco Cerundolo,Andrey Rublev,P1,0.8110736539397738,True,P1,0.47652748227119446,0.5234725177288055,2.213872832369942,1.8238095238095235,0.9845402735685115,359.1864474474365,Hard
2026-01-23,45857,Alexander Bublik,Tomas Martin Etcheverry,P2,2.4217160209339545,False,P1,0.6830174922943115,0.3169825077056885,1.2666666666666666,4.75,-2.4217160209339545,356.7647314265025,Hard
2026-01-24,45858,Luciano Darderi,Karen Khachanov,P1,2.2826258763272884,True,P1,0.3115493655204773,0.6884506344795227,4.75,1.2666666666666666,8.559847036227332,365.32457846272985,Hard
2026-01-24,45859,Lorenzo Musetti,Tomas Machac,P2,2.1217092112201255,False,P1,0.562836080789566,0.43716391921043396,1.570342205323194,2.7533333333333334,-2.1217092112201255,363.2028692515097,Hard
2026-01-24,45861,Ben Shelton,Valentin Vacherot,P2,3.9594514572243273,False,P1,0.6100776940584183,0.3899223059415817,1.2817551963048501,4.549180327868853,-3.9594514572243273,359.2434177942854,Hard
2026-01-24,45862,Taylor Fritz,Stan Wawrinka,P2,4.6941753956619054,False,P1,0.6508046239614487,0.34919537603855133,1.135,8.407407407407407,-4.6941753956619054,354.5492423986235,Hard
2026-01-24,45863,Novak Djokovic,Botic Van De Zandschulp,P2,0.7797277615239764,False,P1,0.8643904402852058,0.13560955971479416,1.1059999999999999,10.433962264150942,-0.7797277615239764,353.7695146370995,Hard
2026-01-24,45864,Jakub Mensik,Ethan Quinn,P1,5.0857478753652545,True,P1,0.7551373094320297,0.24486269056797028,1.5236363636363635,2.909722222222222,2.6630825238276232,356.4325971609271,Hard
2026-01-24,45865,Casper Ruud,Marin Cilic,P2,1.7034954995622071,False,P1,0.6501074284315109,0.3498925715684891,1.3911764705882355,3.5563909774436087,-1.7034954995622071,354.7291016613649,Hard
2026-01-25,45866,Carlos Alcaraz,Tommy Paul,P2,1.8082253002939173,False,P1,0.7912337929010391,0.20876620709896088,1.135,8.407407407407407,-1.8082253002939173,352.92087636107095,Hard
2026-01-25,45867,Alexander Zverev,Francisco Cerundolo,P1,2.9025888821705195,True,P1,0.7508126571774483,0.24918734282255173,1.425,3.3529411764705883,1.2336002749224708,354.15447663599343,Hard
2026-01-25,45868,Alex de Minaur,Alexander Bublik,P2,2.424336771771379,False,P1,0.5354166030883789,0.4645833969116211,1.612,2.633986928104575,-2.424336771771379,351.73013986422205,Hard
2026-01-25,45869,Learner Tien,Daniil Medvedev,P2,3.6055016977252436,False,P1,0.27321672439575195,0.726783275604248,2.909722222222222,1.5236363636363635,-3.6055016977252436,348.1246381664968,Hard
2026-01-26,45870,Lorenzo Musetti,Taylor Fritz,P1,1.6876573330935687,True,P1,0.5048589706420898,0.49514102935791016,2.213872832369942,1.8238095238095235,2.048601386992193,350.173239553489,Hard
2026-01-26,45871,Jannik Sinner,Luciano Darderi,P2,0.6826591345496303,False,P1,0.925074614584446,0.07492538541555405,1.038846153846154,26.742574257425744,-0.6826591345496303,349.4905804189394,Hard
2026-01-26,45873,Ben Shelton,Casper Ruud,P2,1.7930755383524053,False,P1,0.55669304728508,0.44330695271492004,1.612,2.633986928104575,-1.7930755383524053,347.69750488058696,Hard
2026-01-27,45874,Alexander Zverev,Learner Tien,P1,0.08264859517973579,True,P1,0.6579584330320358,0.3420415669679642,1.5236363636363635,2.909722222222222,0.043277809839570726,347.74078269042656,Hard
2026-01-27,45875,Carlos Alcaraz,Alex de Minaur,P2,2.298232422183681,False,P1,0.7188261598348618,0.28117384016513824,1.2072727272727273,5.824561403508772,-2.298232422183681,345.4425502682429,Hard
2026-01-28,45872,Novak Djokovic,Jakub Mensik,P1,2.2841741689005293,True,P1,0.7933919653296471,0.20660803467035294,1.3125,4.2,0.7138044277814154,346.1563546960243,Hard
2026-01-28,45876,Novak Djokovic,Lorenzo Musetti,P1,4.290809103981351,True,P1,0.7963093966245651,0.20369060337543488,1.3714285714285712,3.6923076923076916,1.593729095764501,347.7500837917888,Hard
2026-01-28,45877,Jannik Sinner,Ben Shelton,P2,2.2516832582466058,False,P1,0.7669602781534195,0.2330397218465805,1.135,8.407407407407407,-2.2516832582466058,345.4984005335422,Hard
2026-01-30,45878,Carlos Alcaraz,Alexander Zverev,P2,1.0815570319961212,False,P1,0.7764537930488586,0.22354620695114136,1.2072727272727273,5.824561403508772,-1.0815570319961212,344.4168435015461,Hard
2026-01-30,45879,Novak Djokovic,Jannik Sinner,P1,5.015497092518359,True,P1,0.35917337238788605,0.640826627612114,10.433962264150942,1.1059999999999999,47.31601030677697,391.73285380832306,Hard
2026-02-01,45880,Carlos Alcaraz,Novak Djokovic,P2,4.30480107551678,False,P1,0.5689086019992828,0.43109139800071716,1.3714285714285712,3.6923076923076916,-4.30480107551678,387.4280527328063,Hard
2026-02-02,45881,Roberto Bautista Agut,Christopher O'Connell,P2,1.6494644204474709,False,P1,0.5200700759887695,0.47992992401123047,1.7590909090909093,2.317365269461078,-1.6494644204474709,385.7785883123588,Hard
2026-02-02,45883,Adrian Mannarino,Pedro Martinez,P1,5.12935062439567,True,P1,0.6966310292482376,0.3033689707517624,1.7043478260869567,2.419753086419753,3.612846961530864,389.39143527388967,Hard
2026-02-03,45884,Ugo Humbert,Botic Van De Zandschulp,P2,3.0583509067194115,False,P1,0.6271699219942093,0.3728300780057907,1.344,3.906976744186047,-3.0583509067194115,386.3330843671703,Hard
2026-02-03,45887,Ugo Blanchet,Andrea Vavassori,P2,2.2447816778244745,False,P1,0.3652398884296417,0.6347601115703583,2.419753086419753,1.7043478260869567,-2.2447816778244745,384.0883026893458,Hard
2026-02-03,45888,Pablo Carreno Busta,Miomir Kecmanovic,P1,4.681452515048659,True,P1,0.5853566974401474,0.4146433025598526,2.213872832369942,1.8238095238095235,5.682688024047505,389.7709907133933,Hard
2026-02-04,45891,Adrian Mannarino,Ugo Humbert,P1,2.455498614554167,True,P1,0.2917317599058151,0.7082682400941849,5.273504273504273,1.234,10.493583822881055,400.2645745362744,Hard
2026-02-04,45894,Luca Nardi,Nikoloz Basilashvili,P2,2.1911727879214924,False,P1,0.5224953293800354,0.4775046706199646,1.7043478260869567,2.419753086419753,-2.1911727879214924,398.07340174835286,Hard
2026-02-04,45895,Stan Wawrinka,Hamad Medjedovic,P1,4.597109085030742,True,P1,0.49526533484458923,0.5047346651554108,2.909722222222222,1.5236363636363635,8.779201377662874,406.85260312601577,Hard
2026-02-05,45896,Felix Auger-Aliassime,Stan Wawrinka,P2,1.369060662419823,False,P1,0.6800936907529831,0.3199063092470169,1.3714285714285712,3.6923076923076916,-1.369060662419823,405.48354246359594,Hard
2026-02-05,45897,Luca Nardi,Flavio Cobolli,P2,2.3711470666889976,False,P1,0.3988693207502365,0.6011306792497635,2.213872832369942,1.8238095238095235,-2.3711470666889976,403.11239539690695,Hard
2026-02-05,45898,Tallon Griekspoor,Pablo Carreno Busta,P2,4.021102743377455,False,P1,0.46967947483062744,0.5303205251693726,1.7043478260869567,2.419753086419753,-4.021102743377455,399.0912926535295,Hard
2026-02-05,45900,Arthur Fils,Ugo Blanchet,P1,7.97925080538128,True,P1,0.8571121320128441,0.14288786798715591,1.3125,4.2,2.4935158766816503,401.58480853021115,Hard
2026-02-07,45902,Felix Auger-Aliassime,Arthur Fils,P2,2.7804173266964076,False,P1,0.5486242175102234,0.4513757824897766,1.570342205323194,2.7533333333333334,-2.7804173266964076,398.80439120351474,Hard
2026-02-08,45905,Felix Auger-Aliassime,Titouan Droguet,P2,1.160599188342952,False,P1,0.7347706258296967,0.26522937417030334,1.2817551963048501,4.549180327868853,-1.160599188342952,397.6437920151718,Hard
2026-02-08,45907,Felix Auger-Aliassime,Adrian Mannarino,P2,2.394465398248331,False,P1,0.7127774059772491,0.28722259402275085,1.234,5.273504273504273,-2.394465398248331,395.2493266169235,Hard
2026-02-09,45912,Brandon Nakashima,Mattia Bellucci,P1,0.8290646621688129,True,P1,0.6951663792133331,0.30483362078666687,1.4666666666666668,3.1428571428571432,0.38689684234544613,395.63622345926893,Hard
2026-02-09,45909,Ugo Humbert,Daniil Medvedev,P1,0.803317650155223,True,P1,0.37032803893089294,0.6296719610691071,2.909722222222222,1.5236363636363635,1.534113568004766,397.1703370272737,Hard
2026-02-09,45914,Hugo Dellien,Damir Dzumhur,P2,7.943406740545474,False,P1,0.30871841311454773,0.6912815868854523,1.9000000000000001,2.111111111111111,-7.943406740545474,389.22693028672825,Clay
2026-02-09,45910,Cameron Norrie,Roberto Bautista Agut,P2,3.119093901206406,False,P1,0.6247981935739517,0.3752018064260483,1.344,3.906976744186047,-3.119093901206406,386.10783638552186,Hard
2026-02-09,45911,Christopher O'Connell,Valentin Royer,P1,1.8092235535528813,True,P1,0.523008406162262,0.47699159383773804,2.111111111111111,1.9000000000000001,2.010248392836535,388.1180847783584,Hard
2026-02-10,45917,Alejandro Davidovich Fokina,Zachary Svajda,P1,7.762361695567169,True,P1,0.8066423460841179,0.1933576539158821,1.5236363636363635,2.909722222222222,4.0646548514969885,392.1827396298554,Hard
2026-02-10,45918,Frances Tiafoe,Terence Atmane,P2,2.9280318751269623,False,P1,0.6481373161077499,0.35186268389225006,1.3125,4.2,-2.9280318751269623,389.25470775472843,Hard
2026-02-10,45915,Jaume Munar,Nicolai Budkov Kjaer,P1,0.3714933775129344,True,P1,0.662884458899498,0.337115541100502,1.5236363636363635,2.909722222222222,0.19452744131586375,389.4492351960443,Hard
2026-02-10,45925,Miomir Kecmanovic,Sho Shimabukuro,P2,0.17502886536274986,False,P1,0.597115769982338,0.40288423001766205,1.6596638655462186,2.515923566878981,-0.17502886536274986,389.2742063306815,Hard
2026-02-10,45927,Roman Andres Burruchaga,Laslo Djere,P2,7.785484126613631,False,P1,0.3296554386615753,0.6703445613384247,1.7590909090909093,2.317365269461078,-7.785484126613631,381.48872220406787,Clay
2026-02-10,45921,Alex de Minaur,Arthur Fils,P2,2.031514338492655,False,P1,0.697087436914444,0.30291256308555603,1.2817551963048501,4.549180327868853,-2.031514338492655,379.45720786557524,Hard
2026-02-10,45926,Marin Cilic,Learner Tien,P1,1.0586500833056662,True,P1,0.33740219473838806,0.6625978052616119,3.3529411764705883,1.425,2.4909413724839204,381.94814923805916,Hard
2026-02-10,45922,Tallon Griekspoor,Giovanni Mpetshi Perricard,P2,3.4526125017979483,False,P1,0.5216763615608215,0.47832363843917847,1.570342205323194,2.7533333333333334,-3.4526125017979483,378.4955367362612,Hard
2026-02-10,45928,Juan Manuel Cerundolo,Daniel Altmaier,P2,0.5882816906255678,False,P1,0.5508042424917221,0.4491957575082779,1.7590909090909093,2.317365269461078,-0.5882816906255678,377.9072550456356,Clay
2026-02-10,45929,Tomas Barrios Vera,Thiago Seyboth Wild,P2,5.821746607351383,False,P1,0.4059590846300125,0.5940409153699875,1.7043478260869567,2.419753086419753,-5.821746607351383,372.08550843828425,Clay
2026-02-10,45924,Jan-Lennard Struff,Hugo Grenier,P1,2.2402275368806026,True,P1,0.7376675307750702,0.2623324692249298,1.425,3.3529411764705883,0.9520967031742562,373.0376051414585,Hard
2026-02-10,45930,Alejandro Tabilo,Facundo Diaz Acosta,P1,5.468689436783547,True,P1,0.6651989370584488,0.3348010629415512,1.9000000000000001,2.111111111111111,4.9218204931051925,377.95942563456373,Clay
2026-02-11,45933,Taylor Fritz,Marcos Giron,P2,0.399014463059443,False,P1,0.6674221754074097,0.33257782459259033,1.4666666666666668,3.1428571428571432,-0.399014463059443,377.5604111715043,Hard
2026-02-11,45934,Ben Shelton,Gabriel Diallo,P2,2.480008211882967,False,P1,0.7039139866828918,0.29608601331710815,1.234,5.273504273504273,-2.480008211882967,375.0804029596213,Hard
2026-02-11,45938,Camilo Ugo Carabelli,Francisco Comesana,P2,4.221261910881245,False,P1,0.4248877316713333,0.5751122683286667,1.8238095238095235,2.213872832369942,-4.221261910881245,370.85914104874007,Clay
2026-02-11,45939,Matteo Berrettini,Federico Coria,P2,0.5764247738863658,False,P1,0.8275875896215439,0.17241241037845612,1.170769230769231,6.8558558558558556,-0.5764247738863658,370.2827162748537,Clay
2026-02-11,45940,Ignacio Buse,Francesco Passaro,P1,6.169718135774042,True,P1,0.5982581973075867,0.40174180269241333,2.515923566878981,1.6596638655462186,9.352821123020524,379.63553739787426,Clay
2026-02-11,45942,Christopher O'Connell,Cameron Norrie,P1,1.509321259511648,True,P1,0.2986775040626526,0.7013224959373474,4.2,1.3125,4.829828030437274,384.46536542831154,Hard
2026-02-11,45937,Alex Michelsen,Grigor Dimitrov,P2,7.689307308566231,False,P1,0.29651784896850586,0.7034821510314941,1.9000000000000001,2.111111111111111,-7.689307308566231,376.7760581197453,Hard
2026-02-11,45946,Mariano Navone,Emilio Nava,P2,2.9011285035008014,False,P1,0.5552522391080856,0.44474776089191437,1.5236363636363635,2.909722222222222,-2.9011285035008014,373.8749296162445,Clay
2026-02-11,45943,Alexander Bublik,Hubert Hurkacz,P1,1.5125669394599912,True,P1,0.6033913940191269,0.3966086059808731,1.7590909090909093,2.317365269461078,1.148175813135539,375.02310542938005,Hard
2026-02-11,45944,Karen Khachanov,Jesper de Jong,P2,3.582047694895105,False,P1,0.6700799316167831,0.32992006838321686,1.2072727272727273,5.824561403508772,-3.582047694895105,371.44105773448496,Hard
2026-02-11,45945,Stefanos Tsitsipas,Arthur Rinderknech,P2,1.4398191311334638,False,P1,0.5722542703151703,0.4277457296848297,1.612,2.633986928104575,-1.4398191311334638,370.0012386033515,Hard
2026-02-12,45950,Sebastian Korda,Frances Tiafoe,P1,2.3318824329091687,True,P1,0.605238065123558,0.39476193487644196,1.8238095238095235,2.213872832369942,1.9210269566346956,371.9222655599862,Hard
2026-02-12,45957,Francisco Cerundolo,Hugo Dellien,P2,0.6226881104228515,False,P1,0.8133367300033569,0.18666326999664307,1.1883333333333335,6.309734513274337,-0.6226881104228515,371.29957744956334,Clay
2026-02-12,45951,Taylor Fritz,Brandon Nakashima,P1,1.702480293139038,True,P1,0.6389810293912888,0.36101897060871124,1.6596638655462186,2.515923566878981,1.123064731188357,372.4226421807517,Hard
2026-02-12,45958,Alejandro Tabilo,Joao Fonseca,P1,0.3383397143599489,True,P1,0.40841615200042725,0.5915838479995728,2.515923566878981,1.6596638655462186,0.5128971466093494,372.9355393273611,Clay
2026-02-12,45952,Alejandro Davidovich Fokina,Alex Michelsen,P1,3.3623027957633136,True,P1,0.6297508627176285,0.3702491372823715,1.8238095238095235,2.213872832369942,2.769897065081205,375.70543639244227,Hard
2026-02-12,45953,Tommy Paul,Jenson Brooksby,P2,0.7164227365424637,False,P1,0.6914022415876389,0.30859775841236115,1.3911764705882355,3.5563909774436087,-0.7164227365424637,374.9890136558998,Hard
2026-02-12,45959,Tomas Martin Etcheverry,Roman Andres Burruchaga,P1,0.6736379390250927,True,P1,0.6686722934246063,0.3313277065753937,1.5236363636363635,2.909722222222222,0.3527413207985939,375.3417549766984,Clay
2026-02-12,45948,Tallon Griekspoor,Quentin Halys,P2,0.7229884236075971,False,P1,0.5793195515871048,0.4206804484128952,1.6596638655462186,2.515923566878981,-0.7229884236075971,374.6187665530908,Hard
2026-02-12,45960,Vit Kopriva,Matteo Berrettini,P2,7.492375331061815,False,P1,0.15342214703559875,0.8465778529644012,3.1428571428571432,1.4666666666666668,-7.492375331061815,367.126391222029,Clay
2026-02-12,45954,Adrian Mannarino,Adam Walton,P1,5.569596094298624,True,P1,0.6994067877531052,0.30059321224689484,1.7590909090909093,2.317365269461078,4.22782976249032,371.3542209845193,Hard
2026-02-12,45965,Luciano Darderi,Tomas Barrios Vera,P1,0.757625322229912,True,P1,0.7402175813913345,0.25978241860866547,1.3714285714285712,3.6923076923076916,0.2814036911139671,371.63562467563327,Clay
2026-02-12,45949,Felix Auger-Aliassime,Alexei Popyrin,P1,1.5973234779514804,True,P1,0.7990762889385223,0.20092371106147766,1.2817551963048501,4.549180327868853,0.4500541900925653,372.0856788657258,Hard
2026-02-12,45961,Alex de Minaur,Stan Wawrinka,P2,2.043403994530873,False,P1,0.7692782804369926,0.23072171956300735,1.1571428571428573,7.363636363636364,-2.043403994530873,370.04227487119493,Hard
2026-02-12,45956,Eliot Spizzirri,James Duckworth,P2,1.8754144707530476,False,P1,0.6552567481994629,0.3447432518005371,1.3714285714285712,3.6923076923076916,-1.8754144707530476,368.16686040044186,Hard
2026-02-12,45962,Jaume Munar,Karen Khachanov,P1,1.1205576880783112,True,P1,0.4489811807870865,0.5510188192129135,2.419753086419753,1.7043478260869567,1.5909152361605654,369.75777563660245,Hard
2026-02-12,45964,Botic Van De Zandschulp,Stefanos Tsitsipas,P1,2.2070959397437777,True,P1,0.39957770705223083,0.6004222929477692,3.1428571428571432,1.4666666666666668,4.729491299450953,374.4872669360534,Hard
2026-02-13,45972,Camilo Ugo Carabelli,Mariano Navone,P1,0.632939802390449,True,P1,0.433098703622818,0.566901296377182,2.419753086419753,1.7043478260869567,0.8986182379617487,375.38588517401513,Clay
2026-02-13,45973,Sebastian Baez,Ignacio Buse,P2,4.6498579468599734,False,P1,0.5279035121202469,0.4720964878797531,1.425,3.3529411764705883,-4.6498579468599734,370.73602722715515,Clay
2026-02-13,45968,Ben Shelton,Adrian Mannarino,P2,2.8021485695197974,False,P1,0.6701314896345139,0.32986851036548615,1.2666666666666666,4.75,-2.8021485695197974,367.9338786576354,Hard
2026-02-13,45969,Denis Shapovalov,Aleksandar Kovacevic,P2,3.7868721289655047,False,P1,0.5708511918783188,0.4291488081216812,1.3911764705882355,3.5563909774436087,-3.7868721289655047,364.14700652866986,Hard
2026-02-13,45974,Pedro Martinez,Juan Manuel Cerundolo,P1,2.5163153556487283,True,P1,0.46538664400577545,0.5346133559942245,2.633986928104575,1.612,4.111626398118837,368.2586329267887,Clay
2026-02-13,45970,Marin Cilic,Ethan Quinn,P1,2.3290003268222796,True,P1,0.6683685928583145,0.3316314071416855,1.612,2.633986928104575,1.4253482000152353,369.6839811268039,Hard
2026-02-13,45978,Tomas Martin Etcheverry,Alejandro Tabilo,P2,1.2221209014699308,False,P1,0.5479415208101273,0.45205847918987274,1.7043478260869567,2.419753086419753,-1.2221209014699308,368.461860225334,Clay
2026-02-13,45982,Francisco Cerundolo,Vit Kopriva,P2,2.3370691134739126,False,P1,0.7232372313737869,0.2767627686262131,1.2072727272727273,5.824561403508772,-2.3370691134739126,366.12479111186013,Clay
2026-02-13,45966,Alexander Bublik,Jan-Lennard Struff,P1,3.2495361286760396,True,P1,0.7546958923339844,0.24530410766601562,1.425,3.3529411764705883,1.3810528546873169,367.50584396654745,Hard
2026-02-13,45977,Miomir Kecmanovic,Tommy Paul,P1,0.6657656968800294,True,P1,0.2189883068203926,0.7810116931796074,5.273504273504273,1.234,2.8451525507693565,370.3509965173168,Hard
2026-02-13,45967,Felix Auger-Aliassime,Hamad Medjedovic,P1,2.641503745150981,True,P1,0.8115371838212013,0.18846281617879868,1.2817551963048501,4.549180327868853,0.7442574062550115,371.0952539235718,Hard
2026-02-13,45980,Taylor Fritz,Sebastian Korda,P2,0.6363473266347796,False,P1,0.5990721881389618,0.4009278118610382,1.612,2.633986928104575,-0.6363473266347796,370.458906596937,Hard
2026-02-13,45975,Alex de Minaur,Botic Van De Zandschulp,P2,2.3271521307331344,False,P1,0.735790029168129,0.26420997083187103,1.1883333333333335,6.309734513274337,-2.3271521307331344,368.1317544662039,Hard
2026-02-13,45976,Ugo Humbert,Christopher O'Connell,P2,2.019236817172216,False,P1,0.7028669565916061,0.29713304340839386,1.2666666666666666,4.75,-2.019236817172216,366.1125176490317,Hard
2026-02-13,45979,Felix Auger-Aliassime,Tallon Griekspoor,P1,4.098754304942985,True,P1,0.7898080945014954,0.21019190549850464,1.3714285714285712,3.6923076923076916,1.5223944561216793,367.6349121051534,Hard
2026-02-14,45986,Luciano Darderi,Pedro Martinez,P2,3.905973480771332,False,P1,0.6493694335222244,0.3506305664777756,1.2127272727272729,5.700854700854702,-3.905973480771332,363.72893862438207,Clay
2026-02-14,45987,Sebastian Baez,Camilo Ugo Carabelli,P2,0.23729245828110473,False,P1,0.6284950077533722,0.3715049922466278,1.570342205323194,2.7533333333333334,-0.23729245828110473,363.49164616610096,Clay
2026-02-14,45984,Ben Shelton,Miomir Kecmanovic,P2,1.3639303337307003,False,P1,0.7302268147468567,0.2697731852531433,1.2666666666666666,4.75,-1.3639303337307003,362.12771583237026,Hard
2026-02-14,45985,Denis Shapovalov,Alejandro Davidovich Fokina,P2,5.104973193924439,False,P1,0.39371258020401,0.60628741979599,1.8238095238095235,2.213872832369942,-5.104973193924439,357.02274263844583,Hard
2026-02-14,45983,Alexander Bublik,Jaume Munar,P1,0.08603023834121332,True,P1,0.6385542303323746,0.3614457696676254,1.570342205323194,2.7533333333333334,0.0490666758600076,357.0718093143058,Hard
2026-02-14,45988,Alex de Minaur,Ugo Humbert,P1,0.23683807949671176,True,P1,0.6860390454530716,0.3139609545469284,1.4666666666666668,3.1428571428571432,0.11052443709846552,357.1823337514043,Hard
2026-02-15,45992,Francisco Cerundolo,Tomas Martin Etcheverry,P2,2.8566107782820733,False,P1,0.5727596431970596,0.42724035680294037,1.4666666666666668,3.1428571428571432,-2.8566107782820733,354.32572297312225,Clay
2026-02-15,45993,Luciano Darderi,Sebastian Baez,P2,2.079968563680736,False,P1,0.5178495049476624,0.48215049505233765,1.7043478260869567,2.419753086419753,-2.079968563680736,352.24575440944153,Clay
2026-02-15,45996,Francisco Cerundolo,Luciano Darderi,P1,2.179755775814233,True,P1,0.5618816763162613,0.4381183236837387,2.0,2.0,2.179755775814233,354.42551018525575,Clay
2026-02-15,45990,Taylor Fritz,Marin Cilic,P2,1.004080786740929,False,P1,0.5851987451314926,0.4148012548685074,1.612,2.633986928104575,-1.004080786740929,353.4214293985148,Hard
2026-02-15,45991,Ben Shelton,Denis Shapovalov,P2,0.21897544099686497,False,P1,0.6289127618074417,0.3710872381925583,1.570342205323194,2.7533333333333334,-0.21897544099686497,353.20245395751795,Hard
2026-02-15,45989,Felix Auger-Aliassime,Alexander Bublik,P2,3.059205171613815,False,P1,0.5426316261291504,0.4573683738708496,1.5236363636363635,2.909722222222222,-3.059205171613815,350.1432487859041,Hard
2026-02-15,45995,Ben Shelton,Taylor Fritz,P1,2.377999548220725,True,P1,0.5261731594800949,0.4738268405199051,2.213872832369942,1.8238095238095235,2.886589046973134,353.02983783287726,Hard
2026-02-15,45994,Alex de Minaur,Felix Auger-Aliassime,P1,5.2807730107789315,True,P1,0.5652410984039307,0.43475890159606934,2.633986928104575,1.612,8.628714069900214,361.6585519027775,Hard
2026-02-16,46006,Thiago Agustin Tirante,Cristian Garin,P2,0.8159735034876028,False,P1,0.4523096978664398,0.5476903021335602,2.111111111111111,1.9000000000000001,-0.8159735034876028,360.8425783992899,Clay
2026-02-16,46003,Alex Michelsen,Valentin Vacherot,P2,2.402536577866696,False,P1,0.43341870605945587,0.5665812939405441,2.0,2.0,-2.402536577866696,358.4400418214232,Hard
2026-02-16,45997,Valentin Royer,Pierre-Hugues Herbert,P2,2.7660860773528273,False,P1,0.538519412279129,0.46148058772087097,1.570342205323194,2.7533333333333334,-2.7660860773528273,355.6739557440704,Hard
2026-02-16,46004,Terence Atmane,Patrick Kypson,P1,2.199135208718021,True,P1,0.5018223226070404,0.4981776773929596,2.317365269461078,1.7590909090909093,2.89706434681416,358.57102009088453,Hard
2026-02-16,46005,Coleman Wong,Nuno Borges,P2,1.7682484270952596,False,P1,0.4071473628282547,0.5928526371717453,2.213872832369942,1.8238095238095235,-1.7682484270952596,356.80277166378926,Hard
2026-02-16,45999,Jannik Sinner,Tomas Machac,P2,0.3417535674758216,False,P1,0.8953758627176285,0.10462413728237152,1.0954545454545455,11.476190476190474,-0.3417535674758216,356.4610180963134,Hard
2026-02-16,46000,Jakub Mensik,Jan Choinski,P2,0.07333745425186652,False,P1,0.8249049484729767,0.17509505152702332,1.2072727272727273,5.824561403508772,-0.07333745425186652,356.3876806420615,Hard
2026-02-16,46001,Arthur Fils,Kamil Majchrzak,P1,1.2482647898648003,True,P1,0.7041071206331253,0.2958928793668747,1.4666666666666668,3.1428571428571432,0.5825235686035736,356.9702042106651,Hard
2026-02-16,46002,Daniil Medvedev,Juncheng Shang,P2,1.281375241120196,False,P1,0.7072063088417053,0.2927936911582947,1.3125,4.2,-1.281375241120196,355.6888289695449,Hard
2026-02-17,46010,Dusan Lajovic,Daniel Altmaier,P2,1.9993832489402894,False,P1,0.4009159058332443,0.5990840941667557,2.213872832369942,1.8238095238095235,-1.9993832489402894,353.6894457206046,Clay
2026-02-17,46007,Frances Tiafoe,Rinky Hijikata,P2,2.704074127402055,False,P1,0.6176722049713135,0.3823277950286865,1.3714285714285712,3.6923076923076916,-2.704074127402055,350.98537159320256,Hard
2026-02-17,46012,Vit Kopriva,Gustavo Heide,P1,6.267303556837923,True,P1,0.7225841730833054,0.27741582691669464,1.7590909090909093,2.317365269461078,4.757453154508789,355.7428247477113,Clay
2026-02-17,46008,Marcos Giron,Sho Shimabukuro,P2,0.425525202452068,False,P1,0.6655069142580032,0.33449308574199677,1.4666666666666668,3.1428571428571432,-0.425525202452068,355.31729954525923,Hard
2026-02-17,46013,Alejandro Tabilo,Emilio Nava,P1,0.7654806356995875,True,P1,0.6711325794458389,0.32886742055416107,1.5236363636363635,2.909722222222222,0.40083349651178385,355.718133041771,Clay
2026-02-17,46014,Carlos Alcaraz,Arthur Rinderknech,P2,0.5997897367578242,False,P1,0.9170463383197784,0.08295366168022156,1.0536842105263158,19.627450980392158,-0.5997897367578242,355.1183433050132,Hard
2026-02-17,46015,Karen Khachanov,Shintaro Mochizuki,P2,0.17596442177923763,False,P1,0.8331751599907875,0.1668248400092125,1.1883333333333335,6.309734513274337,-0.17596442177923763,354.94237888323397,Hard
2026-02-17,46016,Jiri Lehecka,Jenson Brooksby,P2,1.5721427571245088,False,P1,0.5803920924663544,0.41960790753364563,1.570342205323194,2.7533333333333334,-1.5721427571245088,353.3702361261095,Hard
2026-02-17,46017,Zizou Bergs,Giovanni Mpetshi Perricard,P2,1.3188152196049372,False,P1,0.5740433484315872,0.4259566515684128,1.612,2.633986928104575,-1.3188152196049372,352.0514209065046,Hard
2026-02-17,46018,Marton Fucsovics,Hady Habib,P2,4.194377249803161,False,P1,0.6172754615545273,0.3827245384454727,1.234,5.273504273504273,-4.194377249803161,347.8570436567014,Hard
2026-02-17,46019,Quentin Halys,Pablo Carreno Busta,P2,2.1773038191303797,False,P1,0.4604295641183853,0.5395704358816147,1.9000000000000001,2.111111111111111,-2.1773038191303797,345.67973983757105,Hard
2026-02-17,46020,Fabian Marozsan,Ugo Humbert,P2,1.4365205705912873,False,P1,0.3644336462020874,0.6355663537979126,2.515923566878981,1.6596638655462186,-1.4365205705912873,344.24321926697974,Hard
2026-02-17,46021,Stefanos Tsitsipas,Moez Echargui,P2,3.4880919258695577,False,P1,0.6890655159950256,0.31093448400497437,1.1571428571428573,7.363636363636364,-3.4880919258695577,340.75512734111015,Hard
2026-02-17,46022,Zhizhen Zhang,Roberto Carballes Baena,P2,1.3042408903683231,False,P1,0.5063302665948868,0.4936697334051132,1.8238095238095235,2.213872832369942,-1.3042408903683231,339.45088645074185,Hard
2026-02-18,46024,Miomir Kecmanovic,Mattia Bellucci,P1,0.66145152393467,True,P1,0.6697182506322861,0.33028174936771393,1.5236363636363635,2.909722222222222,0.3463600707148816,339.7972465214567,Hard
2026-02-18,46025,Brandon Nakashima,Marin Cilic,P2,3.8229099785929868,False,P1,0.45471279323101044,0.5452872067689896,1.7043478260869567,2.419753086419753,-3.8229099785929868,335.97433654286374,Hard
2026-02-18,46030,Joao Fonseca,Thiago Monteiro,P2,0.7281725705523798,False,P1,0.711795449256897,0.288204550743103,1.344,3.906976744186047,-0.7281725705523798,335.24616397231136,Clay
2026-02-18,46031,Francisco Cerundolo,Mariano Navone,P1,5.072930280324291,True,P1,0.7781124487519264,0.22188755124807358,1.4666666666666668,3.1428571428571432,2.3673674641513367,337.6135314364627,Clay
2026-02-18,46027,Sebastian Korda,Mackenzie McDonald,P2,0.30548871216946705,False,P1,0.7751866206526756,0.22481337934732437,1.2666666666666666,4.75,-0.30548871216946705,337.3080427242933,Hard
2026-02-18,46032,Juan Manuel Cerundolo,Luciano Darderi,P1,0.9209006596902967,True,P1,0.3204334080219269,0.6795665919780731,3.5563909774436087,1.3911764705882355,2.3541821375541416,339.6622248618474,Clay
2026-02-18,46028,Zachary Svajda,Aleksandar Kovacevic,P2,6.3743409874399894,False,P1,0.3977896571159363,0.6022103428840637,1.570342205323194,2.7533333333333334,-6.3743409874399894,333.2878838744074,Hard
2026-02-18,46033,Roman Andres Burruchaga,Camilo Ugo Carabelli,P1,1.4703183216485352,True,P1,0.48168177902698517,0.5183182209730148,2.317365269461078,1.7590909090909093,1.9369462919920826,335.22483016639944,Clay
2026-02-18,46034,Tomas Martin Etcheverry,Francisco Comesana,P1,0.30453452624915744,True,P1,0.6272452920675278,0.37275470793247223,1.612,2.633986928104575,0.1863751300644844,335.41120529646395,Clay
2026-02-18,46029,Adam Walton,Gabriel Diallo,P1,0.9397806290978484,True,P1,0.3375701904296875,0.6624298095703125,3.3529411764705883,1.425,2.211248539053761,337.6224538355177,Hard
2026-02-18,46035,Matteo Berrettini,Tomas Barrios Vera,P1,6.752449076710355,True,P1,0.8513508662581444,0.14864913374185562,1.3714285714285712,3.6923076923076916,2.508052514206702,340.13050634972444,Clay
2026-02-18,46037,Tommy Paul,Corentin Moutet,P2,1.4170597022598281,False,P1,0.698419451713562,0.301580548286438,1.3125,4.2,-1.4170597022598281,338.7134466474646,Hard
2026-02-18,46036,Francesco Passaro,Dino Prizmic,P1,3.9231851083180316,True,P1,0.4957144260406494,0.5042855739593506,2.909722222222222,1.5236363636363635,7.49219378324624,346.20564043071084,Clay
2026-02-18,46049,Coleman Wong,Brandon Nakashima,P1,3.9113578286556603,True,P1,0.4568110555410385,0.5431889444589615,3.3529411764705883,1.425,9.203194890954496,355.4088353216653,Hard
2026-02-18,46050,Flavio Cobolli,Terence Atmane,P1,2.9382570927031537,True,P1,0.6229888200759888,0.37701117992401123,1.8238095238095235,2.213872832369942,2.4205641763697403,357.82939949803506,Hard
2026-02-18,46038,Jaime Faria,Sebastian Baez,P1,0.38779377389272873,True,P1,0.20719188451766968,0.7928081154823303,5.273504273504273,1.234,1.6572383499689263,359.48663784800397,Clay
2026-02-18,46023,Andrey Rublev,Jesper de Jong,P2,2.003394597198978,False,P1,0.735990583896637,0.26400941610336304,1.2072727272727273,5.824561403508772,-2.003394597198978,357.483243250805,Hard
2026-02-18,46039,Damir Dzumhur,Pedro Martinez,P1,0.9248151264256309,True,P1,0.4436231553554535,0.5563768446445465,2.419753086419753,1.7043478260869567,1.3130091301104636,358.79625238091546,Clay
2026-02-18,46041,Carlos Alcaraz,Valentin Royer,P2,0.32371162424285355,False,P1,0.9263732880353928,0.07362671196460724,1.0599999999999998,17.666666666666664,-0.32371162424285355,358.47254075667263,Hard
2026-02-18,46051,Thiago Agustin Tirante,Francisco Cerundolo,P1,0.2533407894603215,True,P1,0.20108141005039215,0.7989185899496078,5.273504273504273,1.234,1.0826529464116303,359.5551937030843,Clay
2026-02-18,46042,Jannik Sinner,Alexei Popyrin,P2,0.46460907883335806,False,P1,0.9115624949336052,0.0884375050663948,1.0686666666666667,15.563106796116504,-0.46460907883335806,359.09058462425094,Hard
2026-02-18,46052,Juan Manuel Cerundolo,Yannick Hanfmann,P2,2.0084671802316456,False,P1,0.4674399495124817,0.5325600504875183,1.9000000000000001,2.111111111111111,-2.0084671802316456,357.0821174440193,Clay
2026-02-18,46043,Stefanos Tsitsipas,Daniil Medvedev,P1,1.6199748958854578,True,P1,0.3369935601949692,0.6630064398050308,3.6923076923076916,1.3714285714285712,4.36147087353777,361.44358831755704,Hard
2026-02-18,46044,Andrey Rublev,Fabian Marozsan,P2,0.8669774339213875,False,P1,0.5736263692378998,0.4263736307621002,1.6596638655462186,2.515923566878981,-0.8669774339213875,360.5766108836357,Hard
2026-02-18,46053,Vit Kopriva,Roman Andres Burruchaga,P1,0.934942165220342,True,P1,0.4610046446323395,0.5389953553676605,2.317365269461078,1.7590909090909093,1.2316603374160195,361.8082712210517,Clay
2026-02-18,46045,Jakub Mensik,Zhizhen Zhang,P1,1.6340494225495374,True,P1,0.728693962097168,0.27130603790283203,1.425,3.3529411764705883,0.6944710045835535,362.50274222563525,Hard
2026-02-18,46046,Karen Khachanov,Marton Fucsovics,P2,0.4370645651658451,False,P1,0.6653770059347153,0.33462299406528473,1.4666666666666668,3.1428571428571432,-0.4370645651658451,362.0656776604694,Hard
2026-02-18,46047,Jiri Lehecka,Zizou Bergs,P2,2.6791203587308896,False,P1,0.5591945499181747,0.44080545008182526,1.5236363636363635,2.909722222222222,-2.6791203587308896,359.38655730173855,Hard
2026-02-18,46048,Arthur Fils,Quentin Halys,P1,0.9980756297899799,True,P1,0.7344339489936829,0.26556605100631714,1.3911764705882355,3.5563909774436087,0.3904237022413746,359.7769810039799,Hard
2026-02-19,46054,Casper Ruud,Marcos Giron,P1,0.02658811505207443,True,P1,0.6568325459957123,0.3431674540042877,1.5236363636363635,2.909722222222222,0.013922503881813516,359.79090350786174,Hard
2026-02-19,46055,Sebastian Korda,Alex Michelsen,P1,0.5112282468045062,True,P1,0.5984788984060287,0.40152110159397125,1.7043478260869567,2.419753086419753,0.3600825042710001,360.15098601213276,Hard
2026-02-19,46061,Learner Tien,Miomir Kecmanovic,P2,0.31493349140600113,False,P1,0.6448461413383484,0.3551538586616516,1.5236363636363635,2.909722222222222,-0.31493349140600113,359.83605252072675,Hard
2026-02-19,46056,Alejandro Tabilo,Francesco Passaro,P2,1.21627380956734,False,P1,0.6357262134552002,0.3642737865447998,1.4666666666666668,3.1428571428571432,-1.21627380956734,358.6197787111594,Clay
2026-02-19,46062,Jaime Faria,Damir Dzumhur,P2,7.071888359528158,False,P1,0.3648963123559952,0.6351036876440048,1.6596638655462186,2.515923566878981,-7.071888359528158,351.5478903516313,Clay
2026-02-19,46057,Arthur Fils,Jiri Lehecka,P1,2.72934400263624,True,P1,0.49102693796157837,0.5089730620384216,2.515923566878981,1.6596638655462186,4.137476895716084,355.68536724734736,Hard
2026-02-19,46058,Andrey Rublev,Stefanos Tsitsipas,P2,2.6830432932536525,False,P1,0.49821631610393524,0.5017836838960648,1.7043478260869567,2.419753086419753,-2.6830432932536525,353.0023239540937,Hard
2026-02-19,46059,Carlos Alcaraz,Karen Khachanov,P1,0.40372175540143296,True,P1,0.8961742557585239,0.10382574424147606,1.1188888888888888,9.411214953271028,0.047998030919948115,353.0503219850136,Hard
2026-02-19,46060,Jakub Mensik,Jannik Sinner,P1,1.4442058527814459,True,P1,0.17937609553337097,0.820623904466629,9.411214953271028,1.1188888888888888,12.147525864516833,365.19784784953043,Hard
2026-02-20,46064,Tommy Paul,Adam Walton,P2,1.020036820032279,False,P1,0.8318395167589188,0.16816048324108124,1.135,8.407407407407407,-1.020036820032279,364.1778110294982,Hard
2026-02-20,46065,Frances Tiafoe,Zachary Svajda,P1,0.613909062407997,True,P1,0.6679115295410156,0.3320884704589844,1.5236363636363635,2.909722222222222,0.3214651090427329,364.4992761385409,Hard
2026-02-20,46071,Flavio Cobolli,Coleman Wong,P2,2.077196557343246,False,P1,0.4430123269557953,0.5569876730442047,2.0,2.0,-2.077196557343246,362.42207958119764,Hard
2026-02-20,46066,Ignacio Buse,Joao Fonseca,P1,4.121964886690209,True,P1,0.39010603725910187,0.6098939627408981,4.75,1.2666666666666666,15.457368325088286,377.8794479062859,Clay
2026-02-20,46067,Tomas Martin Etcheverry,Vilius Gaubas,P2,2.8017879769078324,False,P1,0.6644872277975082,0.33551277220249176,1.2817551963048501,4.549180327868853,-2.8017879769078324,375.07765992937806,Clay
2026-02-20,46068,Matteo Berrettini,Dusan Lajovic,P1,5.963832364533855,True,P1,0.8082340210676193,0.19176597893238068,1.3911764705882355,3.5563909774436087,2.332910895538244,377.4105708249163,Clay
2026-02-20,46072,Vit Kopriva,Juan Manuel Cerundolo,P2,1.9937571294419858,False,P1,0.4903721809387207,0.5096278190612793,1.8238095238095235,2.213872832369942,-1.9937571294419858,375.41681369547433,Clay
2026-02-20,46069,Carlos Alcaraz,Andrey Rublev,P1,6.1725871810931965,True,P1,0.8847705759108067,0.11522942408919334,1.2072727272727273,5.824561403508772,1.2794089793538626,376.6962226748282,Hard
2026-02-20,46070,Arthur Fils,Jakub Mensik,P1,1.5512080857234523,True,P1,0.46158793568611145,0.5384120643138885,2.419753086419753,1.7043478260869567,2.2023324673851485,378.89855514221335,Hard
2026-02-21,46073,Tommy Paul,Taylor Fritz,P1,2.57479887416447,True,P1,0.5087858587503433,0.4912141412496567,2.317365269461078,1.7590909090909093,3.3919506126717573,382.2905057548851,Hard
2026-02-21,46074,Sebastian Korda,Casper Ruud,P2,1.9342512655817508,False,P1,0.47305645048618317,0.5269435495138168,1.9000000000000001,2.111111111111111,-1.9342512655817508,380.35625448930335,Hard
2026-02-21,46075,Learner Tien,Frances Tiafoe,P1,0.2624830681808561,True,P1,0.6255873441696167,0.3744126558303833,1.612,2.633986928104575,0.16063963772668396,380.51689412703,Hard
2026-02-21,46076,Alejandro Tabilo,Thiago Agustin Tirante,P2,1.700332758777485,False,P1,0.5486836135387421,0.45131638646125793,1.6596638655462186,2.515923566878981,-1.700332758777485,378.8165613682525,Clay
2026-02-21,46077,Tomas Martin Etcheverry,Jaime Faria,P1,0.6035753793955118,True,P1,0.7377971410751343,0.2622028589248657,1.3714285714285712,3.6923076923076916,0.2241851409183328,379.04074650917084,Clay
2026-02-21,46078,Ignacio Buse,Matteo Berrettini,P2,3.071783794393787,False,P1,0.2879718244075775,0.7120281755924225,2.909722222222222,1.5236363636363635,-3.071783794393787,375.96896271477704,Clay
2026-02-21,46079,Carlos Alcaraz,Arthur Fils,P2,0.6782888136172741,False,P1,0.8233200907707214,0.17667990922927856,1.170769230769231,6.8558558558558556,-0.6782888136172741,375.2906739011598,Hard
2026-02-22,46080,Sebastian Korda,Flavio Cobolli,P2,0.510173144841322,False,P1,0.663280799984932,0.33671920001506805,1.4666666666666668,3.1428571428571432,-0.510173144841322,374.7805007563185,Hard
2026-02-22,46081,Tommy Paul,Learner Tien,P2,2.109457797226702,False,P1,0.5505146980285645,0.44948530197143555,1.612,2.633986928104575,-2.109457797226702,372.6710429590918,Hard
2026-02-22,46084,Sebastian Korda,Tommy Paul,P2,2.516657933123685,False,P1,0.4097081571817398,0.5902918428182602,2.111111111111111,1.9000000000000001,-2.516657933123685,370.1543850259681,Hard
2026-02-22,46082,Tomas Martin Etcheverry,Vit Kopriva,P2,2.4907109148886963,False,P1,0.5368629842996597,0.46313701570034027,1.612,2.633986928104575,-2.4907109148886963,367.6636741110794,Clay
2026-02-22,46083,Alejandro Tabilo,Ignacio Buse,P2,1.0394154090949235,False,P1,0.5535597503185272,0.4464402496814728,1.7043478260869567,2.419753086419753,-1.0394154090949235,366.62425870198444,Clay
2026-02-23,46085,Tomas Martin Etcheverry,Alejandro Tabilo,P1,3.4509804135292548,True,P1,0.4830789566040039,0.5169210433959961,2.7533333333333334,1.570342205323194,6.050718991721293,372.6749776937057,Clay
