date,match_id,p1_name,p2_name,bet_on,bet_amount,is_win,actual_winner,p1_prob,p2_prob,p1_market,p2_market,pnl,balance,surface
2025-01-06,42783,Nuno Borges,Luciano Darderi,P2,3.8536620366530814,False,P1,0.6389492948771112,0.36105070512288884,1.4444444444444442,3.25,-3.8536620366530814,996.1463379633469,Hard
2025-01-06,42756,Denis Shapovalov,Zhizhen Zhang,P1,3.7619165851089824,True,P1,0.6173014459202525,0.3826985540797475,1.7063829787234042,2.41566265060241,2.6573538430982597,998.8036918064452,Hard
2025-01-06,42757,Alejandro Davidovich Fokina,Roberto Bautista Agut,P2,9.605096692942668,False,P1,0.43282719834183814,0.5671728016581619,1.8660287081339713,2.154696132596685,-9.605096692942668,989.1985951135025,Hard
2025-01-06,42784,Roberto Carballes Baena,Daniel Altmaier,P2,6.174830312140476,False,P1,0.6381337748251827,0.36186622517481726,1.3714285714285712,3.6923076923076916,-6.174830312140476,983.0237648013621,Hard
2025-01-06,42758,Christopher O'Connell,Arthur Rinderknech,P2,7.609598117307738,False,P1,0.5050210002035592,0.4949789997964408,1.6735537190082643,2.4846625766871164,-7.609598117307738,975.4141666840543,Hard
2025-01-06,42759,Thanasi Kokkinakis,Yoshihito Nishioka,P2,6.127178791417605,False,P1,0.505287836846889,0.49471216315311095,1.7304347826086959,2.3690476190476186,-6.127178791417605,969.2869878926367,Hard
2025-01-06,42786,Alex Michelsen,Sumit Nagal,P1,10.030846507209183,True,P1,0.8295749407865527,0.1704250592134473,1.2737306843267107,4.653225806451613,2.745750478794565,972.0327383714313,Hard
2025-01-06,42760,Li Tu,James Duckworth,P1,0.9846354473733057,True,P1,0.44332915128762895,0.556670848712371,2.3157894736842106,1.7599999999999998,1.295572957070139,973.3283113285014,Hard
2025-01-06,42787,Mariano Navone,Adrian Mannarino,P1,0.5144458099070118,True,P1,0.3952144614025047,0.6047855385974953,2.5723270440251573,1.6360000000000001,0.8088770596022199,974.1371883881036,Hard
2025-01-06,42761,Manuel Guinard,Roman Safiullin,P1,5.045760623867051,True,P1,0.27769569358945445,0.7223043064105455,5.1487603305785115,1.2410358565737052,20.933651513894702,995.0708399019983,Hard
2025-01-06,42762,Marcos Giron,Aleksandar Vukic,P1,6.010954215904202,True,P1,0.550236774202439,0.449763225797561,2.0473684210526315,1.9547738693467334,6.295683626131242,1001.3665235281295,Hard
2025-01-06,42789,Lorenzo Sonego,Gabriel Diallo,P1,9.969594242894114,True,P1,0.5923540283596997,0.40764597164030025,2.0366492146596857,1.9646464646464645,10.334972042371907,1011.7014955705014,Hard
2025-01-06,42763,Miomir Kecmanovic,Alexander Bublik,P2,2.9533339932704195,False,P1,0.5484916080264381,0.45150839197356185,1.7167381974248928,2.3952095808383236,-2.9533339932704195,1008.7481615772309,Hard
2025-01-06,42790,Facundo Diaz Acosta,Cameron Norrie,P1,0.02376313551136162,True,P1,0.22739120635746882,0.7726087936425312,4.404761904761904,1.2937062937062938,0.08090781852677884,1008.8290693957576,Hard
2025-01-06,42764,Arthur Cazaux,Adam Walton,P1,6.168217788279511,True,P1,0.629507107733172,0.370492892266828,1.7304347826086959,2.3690476190476186,4.505480819265036,1013.3345502150227,Hard
2025-01-06,42791,Gael Monfils,Pedro Martinez,P1,5.112344018432183,True,P1,0.7816231117747499,0.21837688822525014,1.3208020050125313,4.1171875,1.6400502114268656,1014.9746004264496,Hard
2025-01-06,42765,Brandon Nakashima,Yannick Hanfmann,P2,8.051255927897657,False,P1,0.6178932925878196,0.38210670741218045,1.3616438356164382,3.7651515151515156,-8.051255927897657,1006.923344498552,Hard
2025-01-06,42792,Jan-Lennard Struff,Yunchaokete Bu,P2,0.643505988339934,False,P1,0.5609195294591756,0.43908047054082444,1.7599999999999998,2.3157894736842106,-0.643505988339934,1006.279838510212,Hard
2025-01-06,42766,Rinky Hijikata,David Goffin,P2,6.511552312792058,False,P1,0.3759329981363404,0.6240670018636596,2.3157894736842106,1.7599999999999998,-6.511552312792058,999.7682861974199,Hard
2025-01-06,42794,Jakub Mensik,Pablo Carreno Busta,P2,16.485796650603337,False,P1,0.5106343996558844,0.4893656003441156,1.3125,4.2,-16.485796650603337,983.2824895468166,Hard
2025-01-06,42768,Felix Auger-Aliassime,Arthur Cazaux,P1,4.022072669634916,True,P1,0.6708372237543283,0.3291627762456717,1.5588235294117647,2.789473684210527,2.2476288447959827,985.5301183916125,Hard
2025-01-06,42796,Zizou Bergs,Luca Nardi,P1,17.729461525067336,True,P1,0.739175915006832,0.260824084993168,1.6874999999999998,2.454545454545454,12.18900479848379,997.7191231900963,Hard
2025-01-06,42769,Marcos Giron,Denis Shapovalov,P1,6.064903750617319,True,P1,0.4314868655352009,0.5685131344647991,2.834437086092715,1.5451263537906137,11.125684363715212,1008.8448075538115,Hard
2025-01-06,42770,Miomir Kecmanovic,Christopher O'Connell,P2,2.8382901367912408,False,P1,0.48755457634508986,0.5124454236549101,1.9356435643564356,2.0687830687830693,-2.8382901367912408,1006.0065174170203,Hard
2025-01-06,42797,Alex Michelsen,Lorenzo Sonego,P2,4.796611631552372,False,P1,0.5555195583372816,0.4444804416627184,1.6284584980237156,2.591194968553459,-4.796611631552372,1001.2099057854679,Hard
2025-01-06,42771,Rinky Hijikata,Brandon Nakashima,P1,0.043698712678987846,True,P1,0.3077943092753001,0.6922056907246998,3.2553191489361706,1.4433962264150944,0.09855454348878112,1001.3084603289567,Hard
2025-01-06,42798,Facundo Diaz Acosta,Sebastian Baez,P1,0.6968439143330422,True,P1,0.5371454964096432,0.46285450359035685,1.8846153846153846,2.1304347826086953,0.6164388472946142,1001.9248991762513,Hard
2025-01-06,42799,Roberto Carballes Baena,Francisco Cerundolo,P1,8.264866858746753,True,P1,0.46970279089710143,0.5302972091028986,2.74025974025974,1.5746268656716418,14.383015052883959,1016.3079142291352,Hard
2025-01-06,42772,Benjamin Bonzi,Li Tu,P1,1.2092667797738539,True,P1,0.6594641576919142,0.34053584230808576,1.5357142857142856,2.8666666666666667,0.6478214891645644,1016.9557357182998,Hard
2025-01-06,42773,Sebastian Korda,Alejandro Davidovich Fokina,P1,17.10228987213509,True,P1,0.6222002157389674,0.37779978426103256,2.3216374269005846,1.756637168141593,22.603026380716546,1039.5587620990163,Hard
2025-01-06,42800,Gael Monfils,Jan-Lennard Struff,P1,13.227114209483009,True,P1,0.5839371105926976,0.4160628894073024,2.262857142857143,1.7918552036199096,16.70395565883283,1056.2627177578493,Hard
2025-01-06,42801,Nuno Borges,Mariano Navone,P2,4.428849239887913,False,P1,0.6072586930372466,0.39274130696275344,1.5086505190311417,2.965986394557823,-4.428849239887913,1051.8338685179613,Hard
2025-01-06,42774,Tommy Paul,Manuel Guinard,P2,3.9817688353223226,False,P1,0.8400500174912616,0.15994998250873838,1.1002785515320335,10.972222222222221,-3.9817688353223226,1047.852099682639,Hard
2025-01-06,42775,Thanasi Kokkinakis,Tomas Martin Etcheverry,P2,5.2414724881393875,False,P1,0.5456956713040024,0.4543043286959976,1.6491935483870968,2.540372670807453,-5.2414724881393875,1042.6106271944996,Hard
2025-01-06,42802,Jakub Mensik,Ben Shelton,P1,2.31746220172358,True,P1,0.4656650064815428,0.5343349935184571,2.268571428571429,1.7882882882882885,2.9398663359007715,1045.5504935304002,Hard
2025-01-06,42776,Tommy Paul,Rinky Hijikata,P1,0.5558629681396068,True,P1,0.7632916155593742,0.2367083844406258,1.3144963144963144,4.1796875,0.1748168548448886,1045.7253103852452,Hard
2025-01-06,42804,Gael Monfils,Facundo Diaz Acosta,P1,12.116267353022371,True,P1,0.7879007673578218,0.21209923264217823,1.38135593220339,3.6222222222222222,4.620610431237346,1050.3459208164825,Hard
2025-01-06,42777,Felix Auger-Aliassime,Marcos Giron,P2,6.357044404685573,False,P1,0.516903068226731,0.48309693177326896,1.7004219409282701,2.4277108433734944,-6.357044404685573,1043.9888764117968,Hard
2025-01-06,42805,Zizou Bergs,Roberto Carballes Baena,P2,11.121752009601682,False,P1,0.4627894568976433,0.5372105431023567,1.7004219409282701,2.4277108433734944,-11.121752009601682,1032.867124402195,Hard
2025-01-06,42778,Miomir Kecmanovic,Benjamin Bonzi,P2,3.0128706733395334,False,P1,0.5645332994878978,0.43546670051210223,1.668032786885246,2.4969325153374236,-3.0128706733395334,1029.8542537288556,Hard
2025-01-06,42806,Nuno Borges,Jakub Mensik,P2,4.6534248322486444,False,P1,0.30389892945955677,0.6961010705404432,2.993197278911565,1.5017064846416384,-4.6534248322486444,1025.200828896607,Hard
2025-01-06,42780,Felix Auger-Aliassime,Tommy Paul,P1,0.13520122780054084,True,P1,0.43115257588648753,0.5688474241135124,2.327485380116959,1.7533039647577093,0.17947765327908052,1025.380306549886,Hard
2025-01-06,42781,Sebastian Korda,Miomir Kecmanovic,P1,9.155517617269567,True,P1,0.6237761778291374,0.3762238221708626,1.8450704225352113,2.183333333333333,7.737057141354564,1033.1173636912406,Hard
2025-01-06,42808,Zizou Bergs,Nuno Borges,P1,4.399517416642366,True,P1,0.5507738929379874,0.4492261070620126,1.964824120603015,2.036458333333334,4.24476052258962,1037.3621242138302,Hard
2025-01-06,42809,Gael Monfils,Zizou Bergs,P1,6.984155110510143,True,P1,0.6555618131690437,0.3444381868309563,1.6612244897959183,2.5123456790123457,4.618094399602625,1041.9802186134327,Hard
2025-01-06,42782,Felix Auger-Aliassime,Sebastian Korda,P2,0.49655445385879515,False,P1,0.44132290663061047,0.5586770933693895,2.244318181818182,1.8036529680365299,-0.49655445385879515,1041.483664159574,Hard
2025-01-13,42812,Alex de Minaur,Botic Van De Zandschulp,P2,6.26123598803657,False,P1,0.7983454765346792,0.20165452346532076,1.1019830028328612,10.805555555555554,-6.26123598803657,1035.2224281715373,Hard
2025-01-13,42813,Joao Fonseca,Andrey Rublev,P2,8.032059217487792,False,P1,0.3325592674496394,0.6674407325503606,2.540372670807453,1.6491935483870968,-8.032059217487792,1027.1903689540495,Hard
2025-01-13,42814,Holger Rune,Zhizhen Zhang,P2,0.5240094966943336,False,P1,0.7270366858638803,0.27296331413611974,1.3614130434782608,3.7669172932330826,-0.5240094966943336,1026.6663594573552,Hard
2025-01-13,42815,Lorenzo Musetti,Matteo Arnaldi,P2,10.289600217317709,False,P1,0.4875324283781183,0.5124675716218817,1.6399999999999997,2.5624999999999996,-10.289600217317709,1016.3767592400375,Hard
2025-01-13,42816,Hubert Hurkacz,Tallon Griekspoor,P2,9.706765863705776,False,P1,0.5627775737539287,0.4372224262460713,1.4375,3.285714285714286,-9.706765863705776,1006.6699933763317,Hard
2025-01-13,42817,Karen Khachanov,Adrian Mannarino,P2,4.813505291853974,False,P1,0.7746848364097992,0.22531516359020076,1.1674008810572687,6.973684210526316,-4.813505291853974,1001.8564880844777,Hard
2025-01-13,42818,Ben Shelton,Brandon Nakashima,P2,3.992923977718853,False,P1,0.5940835987317091,0.40591640126829087,1.5490909090909089,2.821192052980132,-3.992923977718853,997.8635641067589,Hard
2025-01-13,42819,Corentin Moutet,Alexei Popyrin,P1,2.6964527904644573,True,P1,0.2525191034180245,0.7474808965819755,4.766129032258064,1.2655246252676657,10.155189138281463,1008.0187532450403,Hard
2025-01-13,42820,Gael Monfils,Giovanni Mpetshi Perricard,P1,20.16037506490081,True,P1,0.6834029576799463,0.3165970423200537,2.1767955801104972,1.8497652582159625,23.72464026974515,1031.7433935147856,Hard
2025-01-13,42821,Francisco Cerundolo,Alexander Bublik,P2,0.0995468727019848,False,P1,0.5983517380910387,0.4016482619089613,1.668032786885246,2.4969325153374236,-0.0995468727019848,1031.6438466420836,Hard
2025-01-13,42822,Tomas Martin Etcheverry,Flavio Cobolli,P2,10.642952575203376,False,P1,0.47853633719003896,0.521463662809961,1.6585365853658534,2.518518518518518,-10.642952575203376,1021.0008940668803,Hard
2025-01-13,42823,Daniel Altmaier,Francisco Comesana,P1,4.748164059581987,True,P1,0.5545825133286393,0.4454174866713607,1.965,2.0362694300518136,4.581978317496619,1025.582872384377,Hard
2025-01-13,42824,Matteo Berrettini,Cameron Norrie,P2,4.595678924997309,False,P1,0.6250064565755222,0.37499354342447777,1.4565916398713825,3.1901408450704225,-4.595678924997309,1020.9871934593797,Hard
2025-01-13,42826,Pablo Carreno Busta,Kamil Majchrzak,P1,7.323210671936726,True,P1,0.6161804409998646,0.3838195590001354,1.8119266055045873,2.2316384180790965,5.945909582260554,1026.9331030416402,Hard
2025-01-13,42827,Gabriel Diallo,Luca Nardi,P1,5.53786023849126,True,P1,0.7012626503668515,0.29873734963314846,1.5034246575342465,2.9863945578231292,2.787895394034983,1029.720998435675,Hard
2025-01-13,42828,Facundo Diaz Acosta,Zizou Bergs,P2,6.14198051570168,False,P1,0.3003328973090861,0.6996671026909139,2.9324324324324325,1.5174825174825177,-6.14198051570168,1023.5790179199734,Hard
2025-01-13,42829,Cristian Garin,Borna Coric,P2,0.9376614414467405,False,P1,0.47573663364197893,0.5242633663580211,2.0634920634920637,1.9402985074626864,-0.9376614414467405,1022.6413564785266,Hard
2025-01-13,42830,Marcos Giron,Yannick Hanfmann,P2,8.73091519140689,False,P1,0.6330486585529155,0.3669513414470845,1.3099273607748185,4.226562500000001,-8.73091519140689,1013.9104412871197,Hard
2025-01-13,42831,Miomir Kecmanovic,Dusan Lajovic,P2,10.034407565354734,False,P1,0.6270946136543691,0.37290538634563086,1.2790178571428572,4.584000000000001,-10.034407565354734,1003.876033721765,Hard
2025-01-13,42832,Mitchell Krueger,Rinky Hijikata,P1,3.3805191422821514,True,P1,0.37193119601706864,0.6280688039829314,3.0620689655172413,1.4849498327759196,6.970863610636988,1010.846897332402,Hard
2025-01-13,42833,Denis Shapovalov,Roberto Bautista Agut,P2,10.57700733329789,False,P1,0.5640980271522644,0.4359019728477356,1.4017595307917887,3.489051094890511,-10.57700733329789,1000.2698899991042,Hard
2025-01-13,42834,Lorenzo Sonego,Stan Wawrinka,P2,8.02477397842947,False,P1,0.5545637008307756,0.44543629916922445,1.5138888888888888,2.9459459459459456,-8.02477397842947,992.2451160206747,Hard
2025-01-13,42835,Learner Tien,Camilo Ugo Carabelli,P2,8.686134101810266,False,P1,0.677965351410867,0.322034648589133,1.2167577413479054,5.613445378151261,-8.686134101810266,983.5589819188644,Hard
2025-01-13,42836,Jannik Sinner,Nicolas Jarry,P2,0.5745303674751471,False,P1,0.9557669892732854,0.044233010726714594,1.0340567612687812,30.362745098039216,-0.5745303674751471,982.9844515513893,Hard
2025-01-13,42837,Carlos Alcaraz,Alexander Shevchenko,P2,3.3778704014457825,False,P1,0.9049893091505803,0.09501069084941971,1.0290432801822322,35.4313725490196,-3.3778704014457825,979.6065811499435,Hard
2025-01-13,42840,Alex Michelsen,Stefanos Tsitsipas,P1,2.0520527525368193,True,P1,0.42560808091114566,0.5743919190888543,2.4969325153374236,1.668032786885246,3.0717844884600245,982.6783656384035,Hard
2025-01-13,42841,Tommy Paul,Christopher O'Connell,P2,7.266001161407583,False,P1,0.7046844463185276,0.29531555368147244,1.2092198581560285,5.779661016949153,-7.266001161407583,975.412364476996,Hard
2025-01-13,42842,Jack Draper,Mariano Navone,P2,4.651009169989591,False,P1,0.8245525730184164,0.17544742698158355,1.0971223021582734,11.296296296296296,-4.651009169989591,970.7613553070064,Hard
2025-01-13,42843,Frances Tiafoe,Arthur Rinderknech,P2,5.8436562254422295,False,P1,0.6746341600136458,0.32536583998635416,1.3038277511961724,4.291338582677165,-5.8436562254422295,964.9176990815641,Hard
2025-01-13,42844,Sebastian Korda,Lukas Klein,P1,13.388707877895373,True,P1,0.7965659180525222,0.2034340819474778,1.3919308357348703,3.551470588235294,5.247447467993576,970.1651465495577,Hard
2025-01-13,42845,Roberto Carballes Baena,Alejandro Tabilo,P1,15.72927825975417,True,P1,0.5605326031072035,0.43946739689279646,2.86,1.5376344086021503,29.256457563142753,999.4216041127004,Hard
2025-01-13,42846,Jordan Thompson,Dominik Koepfer,P2,3.714838791169615,False,P1,0.6489574920268172,0.3510425079731828,1.4263803680981593,3.345323741007194,-3.714838791169615,995.7067653215307,Hard
2025-01-13,42847,Arthur Cazaux,Sebastian Baez,P2,4.952744517305596,False,P1,0.6194772245475784,0.38052277545242164,1.4536741214057507,3.2042253521126765,-4.952744517305596,990.7540208042251,Hard
2025-01-13,42848,Felix Auger-Aliassime,Jan-Lennard Struff,P2,2.785134587158156,False,P1,0.6197617065697116,0.38023829343028837,1.5228070175438597,2.9127516778523495,-2.785134587158156,987.9688862170669,Hard
2025-01-13,42849,Benjamin Bonzi,David Goffin,P2,8.15068253793304,False,P1,0.4948155438629081,0.505184456137092,1.6874999999999998,2.454545454545454,-8.15068253793304,979.818203679134,Hard
2025-01-13,42850,Nuno Borges,Alexandre Muller,P2,4.421232704057597,False,P1,0.5231085614599251,0.4768914385400749,1.7391304347826089,2.3529411764705883,-4.421232704057597,975.3969709750763,Hard
2025-01-13,42852,James Duckworth,Dominic Stricker,P2,13.429922422564587,False,P1,0.38547907482275157,0.6145209251772484,1.879807692307692,2.1366120218579234,-13.429922422564587,961.9670485525118,Hard
2025-01-13,42855,Thanasi Kokkinakis,Roman Safiullin,P1,1.566191609924372,True,P1,0.6058587031992428,0.39414129680075716,1.6874999999999998,2.454545454545454,1.0767567318230054,963.0438052843348,Hard
2025-01-13,42856,Fabian Marozsan,Thiago Seyboth Wild,P2,4.399708394255888,False,P1,0.6217991714156974,0.3782008285843026,1.461290322580645,3.167832167832168,-4.399708394255888,958.6440968900789,Hard
2025-01-13,42858,Jakub Mensik,Nikoloz Basilashvili,P1,19.172881937801577,True,P1,0.915940623345793,0.08405937665420704,1.1835443037974684,6.448275862068967,3.519073267064848,962.1631701571438,Hard
2025-01-13,42859,Yoshihito Nishioka,Aziz Dougaz,P2,3.4324598805714,False,P1,0.7686791598500635,0.23132084014993648,1.2081128747795415,5.805084745762714,-3.4324598805714,958.7307102765724,Hard
2025-01-13,42861,Aleksandar Vukic,Damir Dzumhur,P2,1.0478963550735465,False,P1,0.7106485971543173,0.2893514028456827,1.3764044943820226,3.656716417910447,-1.0478963550735465,957.6828139214988,Hard
2025-01-13,42862,Alexander Zverev,Lucas Pouille,P2,2.063093319582561,False,P1,0.9116197488257785,0.08838025117422155,1.0496864447660397,21.126213592233015,-2.063093319582561,955.6197206019162,Hard
2025-01-13,42863,Casper Ruud,Jaume Munar,P2,3.6211704537144853,False,P1,0.7647728691722739,0.23522713082772606,1.2084805653710247,5.796610169491526,-3.6211704537144853,951.9985501482017,Hard
2025-01-13,42865,Arthur Fils,Otto Virtanen,P2,6.227671457540944,False,P1,0.7527969361431854,0.24720306385681456,1.1545827633378933,7.469026548672566,-6.227671457540944,945.7708786906608,Hard
2025-01-13,42866,Jiri Lehecka,Li Tu,P2,2.8275963785292877,False,P1,0.8281079305332425,0.1718920694667575,1.1353658536585367,8.387387387387387,-2.8275963785292877,942.9432823121315,Hard
2025-01-13,42867,Tomas Machac,Sumit Nagal,P2,2.1770055472929455,False,P1,0.8801869421235273,0.11981305787647267,1.0836621941594318,12.952830188679243,-2.1770055472929455,940.7662767648385,Hard
2025-01-13,42869,Hady Habib,Yunchaokete Bu,P2,4.945140296214273,False,P1,0.2575571073938331,0.7424428926061669,3.4744525547445253,1.4041297935103245,-4.945140296214273,935.8211364686242,Hard
2025-01-13,42870,Quentin Halys,Adam Walton,P1,11.292226105683358,True,P1,0.6099947134375888,0.3900052865624112,2.057894736842105,1.9452736318407962,11.945986564433447,947.7671230330577,Hard
2025-01-13,42872,Kei Nishikori,Thiago Monteiro,P2,1.2265943179837637,False,P1,0.777357569429998,0.222642430570002,1.2531120331950205,4.950819672131147,-1.2265943179837637,946.540528715074,Hard
2025-01-13,42875,Taylor Fritz,Cristian Garin,P2,6.287958891823972,False,P1,0.820265765508873,0.17973423449112702,1.0571428571428572,18.5,-6.287958891823972,940.2525698232499,Hard
2025-01-13,42876,Learner Tien,Daniil Medvedev,P2,3.2767442481495417,False,P1,0.13407621642614848,0.8659237835738516,6.938596491228071,1.168389955686854,-3.2767442481495417,936.9758255751004,Hard
2025-01-13,42878,Holger Rune,Matteo Berrettini,P1,12.426489890950439,True,P1,0.5835781360511358,0.41642186394886416,2.308139534883721,1.7644444444444443,16.25558270618517,953.2314082812856,Hard
2025-01-13,42879,Lorenzo Musetti,Denis Shapovalov,P2,1.0449822475371198,False,P1,0.4590964057605975,0.5409035942394025,2.1304347826086953,1.8846153846153846,-1.0449822475371198,952.1864260337485,Hard
2025-01-13,42880,Fabian Marozsan,Frances Tiafoe,P2,1.3448997000668328,False,P1,0.37086162115106097,0.6291383788489391,2.6202531645569613,1.6171874999999998,-1.3448997000668328,950.8415263336817,Hard
2025-01-13,42881,Miomir Kecmanovic,Hubert Hurkacz,P1,5.347380741796444,True,P1,0.35850479379844213,0.6414952062015579,3.6074074074074076,1.3835227272727273,13.942800156387767,964.7843264900695,Hard
2025-01-13,42882,Karen Khachanov,Gabriel Diallo,P1,8.187912536244227,True,P1,0.7892158220347731,0.21078417796522686,1.3402597402597405,3.9389312977099245,2.7860169928519336,967.5703434829214,Hard
2025-01-13,42883,Ben Shelton,Pablo Carreno Busta,P2,10.063334779539645,False,P1,0.5865998023128616,0.4134001976871384,1.350132625994695,3.856060606060606,-10.063334779539645,957.5070087033818,Hard
2025-01-13,42885,Marcos Giron,Tomas Martin Etcheverry,P1,6.186213114160152,True,P1,0.5545856746261583,0.44541432537384174,2.0471204188481673,1.9549999999999998,6.477710067183404,963.9847187705651,Hard
2025-01-13,42887,Gael Monfils,Daniel Altmaier,P1,12.553903434380011,True,P1,0.8391173000891865,0.1608826999108135,1.2780269058295963,4.596774193548388,3.4903229279442174,967.4750416985094,Hard
2025-01-13,42888,Corentin Moutet,Mitchell Krueger,P2,5.628358395343525,False,P1,0.5530749632829266,0.4469250367170734,1.5977011494252877,2.673076923076923,-5.628358395343525,961.8466833031658,Hard
2025-01-13,42889,Lorenzo Sonego,Joao Fonseca,P1,16.665891992171808,True,P1,0.478529841945594,0.521470158054406,4.950819672131147,1.2531120331950205,65.84393393628534,1027.690617239451,Hard
2025-01-13,42890,Alexander Zverev,Pedro Martinez,P2,2.708797461999818,False,P1,0.9140800331274629,0.08591996687253711,1.0363247863247862,28.529411764705877,-2.708797461999818,1024.9818197774512,Hard
2025-01-13,42891,Carlos Alcaraz,Yoshihito Nishioka,P2,5.286824449956478,False,P1,0.8669165954257201,0.13308340457427992,1.0345177664974619,29.970588235294112,-5.286824449956478,1019.6949953274947,Hard
2025-01-13,42892,Jakub Mensik,Casper Ruud,P1,3.505840282297809,True,P1,0.4884087811933666,0.5115912188066334,2.2191011235955056,1.8202764976958523,4.273973827295643,1023.9689691547903,Hard
2025-01-13,42894,Tommy Paul,Kei Nishikori,P2,10.257346020948889,False,P1,0.53732483346531,0.46267516653469,1.488215488215488,3.048275862068966,-10.257346020948889,1013.7116231338414,Hard
2025-01-13,42895,Ugo Humbert,Hady Habib,P2,3.2212456716400837,False,P1,0.811660593692575,0.18833940630742496,1.1537414965986394,7.504424778761061,-3.2212456716400837,1010.4903774622013,Hard
2025-01-13,42896,Jack Draper,Thanasi Kokkinakis,P1,0.8316631920251759,True,P1,0.6706599229012633,0.3293400770987367,1.5034246575342465,2.9863945578231292,0.41867975762911247,1010.9090572198304,Hard
2025-01-13,42897,Arthur Fils,Quentin Halys,P2,6.352644727283586,False,P1,0.6845789882396294,0.31542101176037063,1.2771618625277161,4.608,-6.352644727283586,1004.5564124925468,Hard
2025-01-13,42898,Aleksandar Vukic,Sebastian Korda,P1,3.7238661143277367,True,P1,0.2923902348366621,0.707609765163338,4.2421875,1.308433734939759,12.073472167546958,1016.6298846600937,Hard
2025-01-13,42900,Tomas Machac,Reilly Opelka,P2,5.688538336053611,False,P1,0.6408898920842165,0.35911010791578346,1.385714285714286,3.592592592592593,-5.688538336053611,1010.9413463240401,Hard
2025-01-13,42901,Nuno Borges,Jordan Thompson,P2,7.710387250594584,False,P1,0.42373061722491706,0.5762693827750829,2.0,2.0,-7.710387250594584,1003.2309590734454,Hard
2025-01-13,42902,Alejandro Davidovich Fokina,Felix Auger-Aliassime,P1,5.612723423244399,True,P1,0.3377997895576167,0.6622002104423833,3.9312977099236637,1.3411458333333335,16.452563316991213,1019.6835223904367,Hard
2025-01-13,42903,Benjamin Bonzi,Francesco Passaro,P2,8.221754073514676,False,P1,0.6391877907591926,0.36081220924080737,1.3121951219512196,4.203125,-8.221754073514676,1011.461768316922,Hard
2025-01-13,42904,Roberto Carballes Baena,James Duckworth,P1,11.730105095917663,True,P1,0.6931539453894404,0.3068460546105596,1.6653061224489796,2.503067484662577,7.804110737283996,1019.2658790542059,Hard
2025-01-13,42906,Jannik Sinner,Marcos Giron,P2,1.862510476461224,False,P1,0.9343016153252608,0.06569838467473921,1.0312022025084124,33.04901960784313,-1.862510476461224,1017.4033685777447,Hard
2025-01-13,42907,Gael Monfils,Taylor Fritz,P1,13.822287187571336,True,P1,0.3681952468482068,0.6318047531517932,7.548672566371684,1.1527027027027026,90.51763290975921,1107.9210014875039,Hard
2025-01-13,42908,Alex de Minaur,Francisco Cerundolo,P2,8.480846594362864,False,P1,0.7485720746275308,0.25142792537246916,1.131360946745562,8.61261261261261,-8.480846594362864,1099.440154893141,Hard
2025-01-13,42909,Holger Rune,Miomir Kecmanovic,P1,2.671723138411808,True,P1,0.6665659533001616,0.33343404669983845,1.5395683453237412,2.853333333333333,1.441577232956012,1100.881732126097,Hard
2025-01-13,42910,Ben Shelton,Lorenzo Musetti,P1,1.5170795344806793,True,P1,0.6095873670541416,0.3904126329458584,1.670781893004115,2.4907975460122698,1.0176294819767515,1101.8993616080736,Hard
2025-01-13,42911,Alex Michelsen,Karen Khachanov,P2,3.2314463039744155,False,P1,0.36735520207087446,0.6326447979291255,2.5624999999999996,1.6399999999999997,-3.2314463039744155,1098.667915304099,Hard
2025-01-13,42912,Lorenzo Sonego,Fabian Marozsan,P2,4.389056033104412,False,P1,0.48587030818267984,0.5141296918173202,1.8937198067632852,2.1189189189189186,-4.389056033104412,1094.2788592709946,Hard
2025-01-13,42913,Learner Tien,Corentin Moutet,P2,6.760582356771961,False,P1,0.4438226556724547,0.5561773443275453,1.974747474747475,2.0259067357512954,-6.760582356771961,1087.5182769142227,Hard
2025-01-13,42915,Carlos Alcaraz,Nuno Borges,P2,6.238436616626079,False,P1,0.8479478587280904,0.15205214127190958,1.044017094017094,23.718446601941746,-6.238436616626079,1081.2798402975966,Hard
2025-01-13,42916,Novak Djokovic,Tomas Machac,P1,5.6160728816293775,True,P1,0.8198898624497815,0.18011013755021854,1.251546391752577,4.975409836065573,1.4127028691933678,1082.69254316679,Hard
2025-01-13,42917,Tommy Paul,Roberto Carballes Baena,P2,9.67701877797478,False,P1,0.6923322370978179,0.3076677629021821,1.1861958266452648,6.370689655172415,-9.67701877797478,1073.0155243888153,Hard
2025-01-13,42919,Jack Draper,Aleksandar Vukic,P2,4.410730013496707,False,P1,0.7480892556962802,0.25191074430371985,1.2268431001890359,5.408333333333332,-4.410730013496707,1068.6047943753185,Hard
2025-01-13,42920,Jiri Lehecka,Benjamin Bonzi,P2,2.8117988699125664,False,P1,0.7167870397140594,0.28321296028594056,1.3216957605985038,4.108527131782946,-2.8117988699125664,1065.792995505406,Hard
2025-01-13,42921,Alejandro Davidovich Fokina,Jakub Mensik,P1,4.007423876181589,True,P1,0.41649573790043937,0.5835042620995606,2.7096774193548385,1.5849056603773586,6.851402110891103,1072.644397616297,Hard
2025-01-13,42922,Jannik Sinner,Holger Rune,P2,2.3487630225963523,False,P1,0.8730239612359627,0.1269760387640373,1.095280498664292,11.495327102803738,-2.3487630225963523,1070.2956345937007,Hard
2025-01-13,42923,Alex de Minaur,Alex Michelsen,P2,4.730491259387967,False,P1,0.6955201086547111,0.30447989134528886,1.3106796116504853,4.218749999999999,-4.730491259387967,1065.5651433343128,Hard
2025-01-13,42925,Lorenzo Sonego,Learner Tien,P1,9.313505122174519,True,P1,0.6374159624839033,0.3625840375160967,1.7837837837837835,2.275862068965517,7.299774284947594,1072.8649176192603,Hard
2025-01-13,42926,Alexander Zverev,Ugo Humbert,P2,9.757924930273305,False,P1,0.6825191229913177,0.3174808770086823,1.198641765704584,6.034188034188034,-9.757924930273305,1063.106992688987,Hard
2025-01-13,42928,Novak Djokovic,Jiri Lehecka,P1,7.106231085187752,True,P1,0.819701558374575,0.18029844162542497,1.262820512820513,4.8048780487804885,1.8676632980301155,1064.974655987017,Hard
2025-01-13,42929,Tommy Paul,Alejandro Davidovich Fokina,P2,7.6976726094535195,False,P1,0.6694742565070733,0.33052574349292674,1.2777777777777775,4.6000000000000005,-7.6976726094535195,1057.2769833775635,Hard
2025-01-13,42930,Jannik Sinner,Alex de Minaur,P1,3.5069300619140447,True,P1,0.8298534917789112,0.1701465082210888,1.2228464419475658,5.487394957983193,0.7815068864565013,1058.05849026402,Hard
2025-01-13,42931,Ben Shelton,Lorenzo Sonego,P2,2.499020019731633,False,P1,0.6640463521470693,0.3359536478529307,1.4347826086956523,3.3000000000000007,-2.499020019731633,1055.5594702442884,Hard
2025-01-13,42932,Alexander Zverev,Tommy Paul,P2,4.706175555438034,False,P1,0.6505933489963941,0.3494066510036059,1.4,3.4999999999999996,-4.706175555438034,1050.8532946888504,Hard
2025-01-13,42933,Novak Djokovic,Carlos Alcaraz,P1,16.600970130164473,True,P1,0.5712427618959868,0.4287572381040132,2.6794871794871793,1.5954198473282442,27.88111650066084,1078.7344111895113,Hard
2025-01-13,42934,Jannik Sinner,Ben Shelton,P2,0.77023668790913,False,P1,0.8893577946485542,0.11064220535144575,1.1083499005964215,10.229357798165138,-0.77023668790913,1077.9641745016022,Hard
2025-01-13,42936,Jannik Sinner,Alexander Zverev,P1,5.158080907527868,True,P1,0.754704160976599,0.24529583902340102,1.372222222222222,3.686567164179104,1.9199523378020387,1079.8841268394042,Hard
2025-01-27,42937,Aleksandar Kovacevic,David Goffin,P2,19.840650009567966,False,P1,0.372916039758551,0.6270839602414491,1.6962025316455698,2.436363636363637,-19.840650009567966,1060.0434768298362,Hard
2025-01-27,42940,Tallon Griekspoor,Botic Van De Zandschulp,P1,6.6065646535709766,True,P1,0.6376344399682996,0.3623655600317004,1.7063829787234042,2.41566265060241,4.666764819118221,1064.7102416489545,Hard
2025-01-27,42941,Arthur Rinderknech,Harold Mayot,P1,0.017440554599023664,True,P1,0.6690582274806796,0.33094177251932044,1.4948805460750851,3.020689655172414,0.00863099118381717,1064.7188726401382,Hard
2025-01-27,42942,Mattia Bellucci,Lucas Pouille,P2,8.15197075164973,False,P1,0.4027535252206145,0.5972464747793855,2.1027027027027025,1.9068627450980393,-8.15197075164973,1056.5669018884885,Hard
2025-01-27,42944,Richard Gasquet,Adrian Mannarino,P2,4.576212693016618,False,P1,0.4251519107655958,0.5748480892344042,2.1483516483516483,1.8708133971291872,-4.576212693016618,1051.9906891954718,Hard
2025-01-27,42945,Constant Lestienne,Borna Coric,P2,21.039813783909434,False,P1,0.22142524488423032,0.7785747551157697,2.0,2.0,-21.039813783909434,1030.9508754115623,Hard
2025-01-27,42946,Yunchaokete Bu,Daniel Altmaier,P1,0.018647827309807324,True,P1,0.562183758074198,0.43781624192580204,1.7792792792792793,2.2832369942196533,0.014531865426111113,1030.9654072769883,Hard
2025-01-27,42947,Arthur Cazaux,Stan Wawrinka,P2,11.764751452144074,False,P1,0.47954773723101773,0.5204522627689823,1.6093750000000002,2.641025641025641,-11.764751452144074,1019.2006558248443,Hard
2025-01-27,42948,Dominik Koepfer,Gregoire Barrere,P1,19.823420989035668,True,P1,0.6795780792630154,0.3204219207369846,2.1027027027027025,1.9068627450980393,21.859339901423112,1041.0599957262673,Hard
2025-01-27,42949,Jesper de Jong,Flavio Cobolli,P2,11.71203512170359,False,P1,0.292487181996825,0.707512818003175,2.6496815286624202,1.606177606177606,-11.71203512170359,1029.3479606045637,Hard
2025-01-27,42950,Tallon Griekspoor,Richard Gasquet,P1,4.343337283377715,True,P1,0.7056968079700258,0.29430319202997424,1.4736842105263157,3.1111111111111107,2.0573702921262855,1031.40533089669,Hard
2025-01-27,42951,Nikoloz Basilashvili,Arthur Rinderknech,P2,10.432603902834092,False,P1,0.33787343349595256,0.6621265665040474,2.36094674556213,1.7347826086956524,-10.432603902834092,1020.9727269938559,Hard
2025-01-27,42952,Aleksandar Kovacevic,Mattia Bellucci,P2,7.3646278498652675,False,P1,0.4744444348231668,0.5255555651768332,1.8036529680365299,2.244318181818182,-7.3646278498652675,1013.6080991439906,Hard
2025-01-27,42953,Andrey Rublev,Christopher Eubanks,P2,3.744871258703302,False,P1,0.7158565337360422,0.2841434662639578,1.2937062937062938,4.404761904761904,-3.744871258703302,1009.8632278852873,Hard
2025-01-27,42954,Felix Auger-Aliassime,Arthur Cazaux,P1,1.1923255433173403,True,P1,0.6904140697207588,0.3095859302792412,1.4642857142857142,3.153846153846154,0.5535797165401936,1010.4168076018275,Hard
2025-01-27,42955,Alexander Bublik,Dominik Koepfer,P2,15.476367148125359,False,P1,0.38283211979686327,0.6171678802031367,1.8119266055045873,2.2316384180790965,-15.476367148125359,994.9404404537021,Hard
2025-01-27,42956,Yunchaokete Bu,Constant Lestienne,P1,13.866892293402447,True,P1,0.7167767278474758,0.2832232721525242,1.6465863453815262,2.546583850931677,8.966143209790339,1003.9065836634924,Hard
2025-01-27,42958,Felix Auger-Aliassime,Yunchaokete Bu,P2,5.455328998823657,False,P1,0.6893286654819359,0.31067133451806406,1.2930232558139536,4.412698412698413,-5.455328998823657,998.4512546646687,Hard
2025-01-27,42959,Aleksandar Kovacevic,Alexander Bublik,P1,2.516812400767532,True,P1,0.458402141261258,0.541597858738742,2.327485380116959,1.7533039647577093,3.3410316665159634,1001.7922863311846,Hard
2025-01-27,42960,Jesper de Jong,Tallon Griekspoor,P2,12.640710435727268,False,P1,0.2436124133282549,0.7563875866717451,3.0689655172413794,1.4833333333333332,-12.640710435727268,989.1515758954574,Hard
2025-01-27,42961,Aleksandar Kovacevic,Andrey Rublev,P1,1.8714101427894005,True,P1,0.27654283408383556,0.7234571659161644,4.0307692307692315,1.3299492385786804,5.671812278915569,994.823388174373,Hard
2025-01-27,42962,Felix Auger-Aliassime,Jesper de Jong,P2,1.4959388429302432,False,P1,0.7848135673149087,0.2151864326850913,1.2358674463937622,5.239669421487603,-1.4959388429302432,993.3274493314427,Hard
2025-01-27,42963,Felix Auger-Aliassime,Aleksandar Kovacevic,P2,1.1219195592965716,False,P1,0.738158502747085,0.26184149725291495,1.3241206030150756,4.0852713178294575,-1.1219195592965716,992.2055297721462,Hard
2025-02-03,43123,Arthur Fils,Constant Lestienne,P1,16.198995147935847,True,P1,0.8637413748911309,0.1362586251088691,1.2536382536382535,4.942622950819672,4.10868484001699,996.3142146121631,Hard
2025-02-03,43092,Taylor Fritz,Arthur Rinderknech,P2,0.6004817104910125,False,P1,0.8606157357717741,0.13938426422822592,1.1479524438573316,7.758928571428571,-0.6004817104910125,995.7137329016721,Hard
2025-02-03,43093,Tomas Machac,Kei Nishikori,P2,4.334616428700389,False,P1,0.5825391478108785,0.41746085218912155,1.5671641791044775,2.7631578947368425,-4.334616428700389,991.3791164729716,Hard
2025-02-03,43125,Tallon Griekspoor,Matteo Berrettini,P1,6.223907006215663,True,P1,0.4595921852926054,0.5404078147073945,2.6178343949044587,1.6181102362204727,10.069250825342538,1001.4483672983142,Hard
2025-02-03,43094,Michael Mmoh,Roberto Carballes Baena,P2,2.7617050627669797,False,P1,0.39447311411439445,0.6055268858856055,2.3952095808383236,1.7167381974248928,-2.7617050627669797,998.6866622355473,Hard
2025-02-03,43095,Jaume Munar,Yunchaokete Bu,P2,5.305357469995992,False,P1,0.3668390463040281,0.6331609536959719,2.436363636363637,1.6962025316455698,-5.305357469995992,993.3813047655512,Hard
2025-02-03,43126,Fabian Marozsan,Jan-Lennard Struff,P1,4.563843022171302,True,P1,0.46875273633925135,0.5312472636607486,2.4096385542168677,1.7094017094017095,6.433369079446295,999.8146738449975,Hard
2025-02-03,43096,Yoshihito Nishioka,Brandon Nakashima,P1,6.682465587634475,True,P1,0.4593291277824969,0.5406708722175031,2.66025641025641,1.6023166023166024,11.094606328188005,1010.9092801731855,Hard
2025-02-03,43097,Reilly Opelka,Alexander Shevchenko,P2,5.461926839989203,False,P1,0.6180989913019198,0.3819010086980802,1.4430379746835442,3.2571428571428576,-5.461926839989203,1005.4473533331962,Hard
2025-02-03,43128,Carlos Alcaraz,Botic Van De Zandschulp,P2,0.24065917142492646,False,P1,0.9054255583711726,0.09457444162882744,1.0991658943466172,11.084112149532709,-0.24065917142492646,1005.2066941617713,Hard
2025-02-03,43129,Alex de Minaur,David Goffin,P2,2.7916561637530313,False,P1,0.8478841141052578,0.15211588589474223,1.1138975966562175,9.779816513761467,-2.7916561637530313,1002.4150379980183,Hard
2025-02-03,43098,Denis Shapovalov,Miomir Kecmanovic,P2,6.2684399199770064,False,P1,0.5074612806917238,0.4925387193082762,1.7241379310344829,2.380952380952381,-6.2684399199770064,996.1465980780413,Hard
2025-02-03,43130,Andrey Rublev,Zhizhen Zhang,P2,7.55299429837437,False,P1,0.6596645383513762,0.3403354616486238,1.28604118993135,4.496,-7.55299429837437,988.5936037796669,Hard
2025-02-03,43100,Tommy Paul,Jenson Brooksby,P2,9.410319467785177,False,P1,0.7269921153911618,0.2730078846088382,1.113660062565172,9.79816513761468,-9.410319467785177,979.1832843118817,Hard
2025-02-03,43131,Holger Rune,Lorenzo Sonego,P2,1.4371224574173178,False,P1,0.6982197330779352,0.30178026692206483,1.3901734104046242,3.562962962962963,-1.4371224574173178,977.7461618544644,Hard
2025-02-03,43101,Ben Shelton,Aleksandar Vukic,P2,7.117932811050584,False,P1,0.6765816703487385,0.3234183296512615,1.262820512820513,4.8048780487804885,-7.117932811050584,970.6282290434139,Hard
2025-02-03,43132,Jiri Lehecka,Alexei Popyrin,P2,0.6830046526755421,False,P1,0.6783698127936895,0.32163018720631054,1.4533762057877813,3.2056737588652484,-0.6830046526755421,969.9452243907383,Hard
2025-02-03,43102,Cameron Norrie,Alex Michelsen,P1,1.5287358263647517,True,P1,0.3895376310235673,0.6104623689764327,2.7051282051282053,1.586466165413534,2.606690575724513,972.5519149664628,Hard
2025-02-03,43133,Pedro Martinez,Roberto Bautista Agut,P2,7.651650697801343,False,P1,0.34291381582841907,0.6570861841715809,2.457317073170732,1.686192468619247,-7.651650697801343,964.9002642686615,Hard
2025-02-03,43103,Frances Tiafoe,Taro Daniel,P2,1.525487525423823,False,P1,0.7902702575124547,0.20972974248754528,1.2253787878787878,5.436974789915966,-1.525487525423823,963.3747767432377,Hard
2025-02-03,43134,Jakub Mensik,Alexander Bublik,P1,2.1723927461635646,True,P1,0.697330689236302,0.30266931076369796,1.4640522875816993,3.154929577464789,1.008103823383092,964.3828805666208,Hard
2025-02-03,43104,Matteo Arnaldi,Christopher Eubanks,P1,9.07706531705247,True,P1,0.6283786446931006,0.37162135530689944,1.8443396226415094,2.1843575418994416,7.664125904492416,972.0470064711131,Hard
2025-02-03,43135,Daniil Medvedev,Stan Wawrinka,P2,1.2996756154320241,False,P1,0.8131024528525707,0.18689754714742934,1.1969696969696968,6.0769230769230775,-1.2996756154320241,970.7473308556811,Hard
2025-02-03,43136,Stefanos Tsitsipas,Harold Mayot,P1,4.78693743718131,True,P1,0.7615597913973216,0.23844020860267845,1.3596730245231607,3.78030303030303,1.7217322662341494,972.4690631219153,Hard
2025-02-03,43106,Rinky Hijikata,Adrian Mannarino,P2,3.943495026188766,False,P1,0.5073809326952907,0.4926190673047093,1.811059907834101,2.2329545454545454,-3.943495026188766,968.5255680957265,Hard
2025-02-03,43137,Hubert Hurkacz,Flavio Cobolli,P2,4.50595424599136,False,P1,0.6665552984320138,0.3334447015679862,1.3606557377049182,3.7727272727272734,-4.50595424599136,964.0196138497352,Hard
2025-02-03,43139,Carlos Alcaraz,Andrea Vavassori,P1,17.05213670613885,True,P1,0.9147830644248314,0.08521693557516863,1.1518987341772151,7.583333333333331,2.5901979806793176,966.6098118304145,Hard
2025-02-03,43108,Denis Shapovalov,Taylor Fritz,P2,7.958675083084756,False,P1,0.20923439174651903,0.790765608253481,3.9923076923076914,1.3341902313624678,-7.958675083084756,958.6511367473297,Hard
2025-02-03,43140,Alex de Minaur,Jakub Mensik,P1,4.776326386894894,True,P1,0.7318096881031756,0.2681903118968244,1.4242424242424243,3.357142857142857,2.026320285349349,960.6774570326791,Hard
2025-02-03,43109,Casper Ruud,Michael Mmoh,P2,11.657845149164261,False,P1,0.6141225600543694,0.3858774399456306,1.233140655105973,5.289256198347108,-11.657845149164261,949.0196118835148,Hard
2025-02-03,43141,Andrey Rublev,Fabian Marozsan,P2,6.047258786019211,False,P1,0.66649246632886,0.33350753367114006,1.3091787439613527,4.234375,-6.047258786019211,942.9723530974956,Hard
2025-02-03,43142,Pedro Martinez,Holger Rune,P2,10.853441011410496,False,P1,0.18638945965978365,0.8136105403402163,4.130081300813009,1.3194805194805195,-10.853441011410496,932.1189120860851,Hard
2025-02-03,43111,Jaume Munar,Ben Shelton,P1,3.8984042096494127,True,P1,0.19948313604100915,0.8005168639589908,7.910714285714286,1.144702842377261,26.940757663112905,959.059669749198,Hard
2025-02-03,43143,Stefanos Tsitsipas,Tallon Griekspoor,P2,0.20363350432724148,False,P1,0.5458953065358307,0.45410469346416926,1.8240740740740737,2.2134831460674156,-0.20363350432724148,958.8560362448707,Hard
2025-02-03,43112,Yoshihito Nishioka,Frances Tiafoe,P1,4.805445371285226,True,P1,0.4368364104362522,0.5631635895637478,2.673076923076923,1.5977011494252877,8.039879755804128,966.8959160006748,Hard
2025-02-03,43113,Tomas Machac,Rinky Hijikata,P2,3.8885177925815753,False,P1,0.7789417128157541,0.22105828718424592,1.1805337519623234,6.539130434782609,-3.8885177925815753,963.0073982080933,Hard
2025-02-03,43144,Daniel Altmaier,Arthur Fils,P1,0.32858105605091464,True,P1,0.22424436279522242,0.7757556372047776,4.568,1.2802690582959642,1.1723772079896633,964.179775416083,Hard
2025-02-03,43114,Matteo Arnaldi,Alejandro Davidovich Fokina,P1,6.8738777903677,True,P1,0.510048561074635,0.48995143892536497,2.333333333333333,1.75,9.165170387156932,973.3449458032399,Hard
2025-02-03,43145,Mattia Bellucci,Daniil Medvedev,P2,19.466898916064796,False,P1,0.15779239522896416,0.8422076047710358,3.7938931297709924,1.3579234972677594,-19.466898916064796,953.8780468871751,Hard
2025-02-03,43115,Reilly Opelka,Cameron Norrie,P2,1.8824676373750604,False,P1,0.5371226945843388,0.4628773054156612,1.7882882882882885,2.268571428571429,-1.8824676373750604,951.9955792498,Hard
2025-02-03,43147,Carlos Alcaraz,Pedro Martinez,P1,16.99056579071953,True,P1,0.9176158982634653,0.08238410173653465,1.146938775510204,7.805555555555554,2.4965729325138897,954.4921521823139,Hard
2025-02-03,43117,Tommy Paul,Reilly Opelka,P1,10.671777620648536,True,P1,0.7029797544945374,0.2970202455054626,1.6196078431372551,2.613924050632911,6.612317113970468,961.1044692962844,Hard
2025-02-03,43148,Alex de Minaur,Daniel Altmaier,P2,1.224899930040258,False,P1,0.8833875098374125,0.11661249016258746,1.1031518624641832,10.694444444444443,-1.224899930040258,959.8795693662441,Hard
2025-02-03,43118,Denis Shapovalov,Tomas Machac,P2,10.479621670821967,False,P1,0.35223593380215534,0.6477640661978447,2.2191011235955056,1.8202764976958523,-10.479621670821967,949.3999476954222,Hard
2025-02-03,43149,Hubert Hurkacz,Andrey Rublev,P1,7.540858920931677,True,P1,0.5505333466610842,0.4494666533389158,2.1475409836065573,1.8714285714285714,8.653444663364219,958.0533923587864,Hard
2025-02-03,43119,Jaume Munar,Matteo Arnaldi,P2,6.203136539541428,False,P1,0.33594747637090394,0.6640525236290961,2.591194968553459,1.6284584980237156,-6.203136539541428,951.8502558192449,Hard
2025-02-03,43150,Mattia Bellucci,Stefanos Tsitsipas,P2,14.809873956195265,False,P1,0.2454024345191677,0.7545975654808323,2.8068965517241384,1.5534351145038168,-14.809873956195265,937.0403818630497,Hard
2025-02-03,43151,Carlos Alcaraz,Hubert Hurkacz,P2,0.7238130230847978,False,P1,0.7638154297997404,0.23618457020025962,1.2889908256880735,4.4603174603174605,-0.7238130230847978,936.3165688399649,Hard
2025-02-03,43120,Casper Ruud,Jaume Munar,P1,0.033213172326058124,True,P1,0.7059656783903937,0.2940343216096063,1.4169184290030208,3.3985507246376816,0.013847183628386758,936.3304160235933,Hard
2025-02-03,43152,Alex de Minaur,Mattia Bellucci,P1,7.443272012265893,True,P1,0.8435326789928709,0.15646732100712912,1.2285714285714284,5.375,1.7013193170893457,938.0317353406826,Hard
2025-02-03,43121,Denis Shapovalov,Tommy Paul,P2,7.4224251868784,False,P1,0.31311275881588274,0.6868872411841173,2.688311688311688,1.5923076923076922,-7.4224251868784,930.6093101538042,Hard
2025-02-03,43153,Carlos Alcaraz,Alex de Minaur,P2,2.4187566314611595,False,P1,0.6619779365369411,0.33802206346305885,1.4320987654320987,3.3142857142857145,-2.4187566314611595,928.1905535223431,Hard
2025-02-03,43122,Denis Shapovalov,Casper Ruud,P2,9.367160663663151,False,P1,0.45723909533054097,0.542760904669459,1.7456140350877196,2.3411764705882354,-9.367160663663151,918.8233928586799,Hard
2025-02-10,43208,Diego Schwartzman,Nicolas Jarry,P1,0.09474883277458378,True,P1,0.2310972550668094,0.7689027449331907,4.357142857142858,1.297872340425532,0.318085367171817,919.1414782258516,Clay
2025-02-10,43181,Learner Tien,Adam Walton,P2,4.644000688843464,False,P1,0.5930567408567405,0.40694325914325946,1.5157894736842106,2.938775510204082,-4.644000688843464,914.4974775370082,Hard
2025-02-10,43209,Joao Fonseca,Tomas Martin Etcheverry,P2,10.07934111541376,False,P1,0.41869245152982454,0.5813075484701755,1.8619047619047617,2.160220994475138,-10.07934111541376,904.4181364215945,Clay
2025-02-10,43155,Pierre-Hugues Herbert,Harold Mayot,P1,4.486990628676834,True,P1,0.5496119045824311,0.45038809541756886,2.0,2.0,4.486990628676834,908.9051270502713,Hard
2025-02-10,43182,Alejandro Davidovich Fokina,Taro Daniel,P2,3.0625321592477994,False,P1,0.6733370564867147,0.3266629435132853,1.3850574712643677,3.5970149253731343,-3.0625321592477994,905.8425948910235,Hard
2025-02-10,43183,Arthur Rinderknech,Dmitry Popko,P2,1.2104110265982089,False,P1,0.8190256382322337,0.18097436176776627,1.1883333333333335,6.309734513274337,-1.2104110265982089,904.6321838644253,Hard
2025-02-10,43156,Nuno Borges,Stan Wawrinka,P2,0.9949364777181442,False,P1,0.5978016586628234,0.4021983413371766,1.6360000000000001,2.5723270440251573,-0.9949364777181442,903.6372473867071,Hard
2025-02-10,43210,Federico Coria,Hugo Gaston,P2,15.233540130309537,False,P1,0.38304794173574575,0.6169520582642543,1.7304347826086959,2.3690476190476186,-15.233540130309537,888.4037072563976,Clay
2025-02-10,43157,Daniel Altmaier,Luca Nardi,P1,16.961257681686757,True,P1,0.6718979490062678,0.32810205099373224,2.1311475409836067,1.8840579710144931,19.185684918629285,907.5893921750269,Hard
2025-02-10,43211,Corentin Moutet,Sumit Nagal,P1,6.447721604032545,True,P1,0.7204981345500092,0.2795018654499908,1.483221476510067,3.069444444444444,3.1156775536264645,910.7050697286534,Clay
2025-02-10,43184,Yunchaokete Bu,Rinky Hijikata,P2,4.2692070432086915,False,P1,0.5149113160042542,0.4850886839957458,1.7599999999999998,2.3157894736842106,-4.2692070432086915,906.4358626854447,Hard
2025-02-10,43185,Mackenzie McDonald,Kei Nishikori,P1,1.200803286192468,True,P1,0.38112899762853414,0.6188710023714659,2.745098039215686,1.5730337078651684,2.095519460218228,908.531382145663,Hard
2025-02-10,43212,Francisco Cerundolo,Luciano Darderi,P2,0.7779739815847662,False,P1,0.6981938153446867,0.3018061846553133,1.4077380952380953,3.4525547445255476,-0.7779739815847662,907.7534081640782,Clay
2025-02-10,43213,Sebastian Baez,Camilo Ugo Carabelli,P1,4.413277629471549,True,P1,0.6983897805878844,0.30161021941211563,1.5017182130584192,2.9931506849315066,2.2142217659891616,909.9676299300673,Clay
2025-02-10,43159,Alexander Bublik,Richard Gasquet,P2,7.482122539121397,False,P1,0.46348680276422893,0.5365131972357711,1.8027522935779814,2.2457142857142856,-7.482122539121397,902.4855073909459,Hard
2025-02-10,43186,Yoshihito Nishioka,Aleksandar Vukic,P1,0.879641835218516,True,P1,0.5572714175530251,0.4427285824469749,1.8232558139534885,2.214689265536723,0.7241702550403598,903.2096776459863,Hard
2025-02-10,43187,Reilly Opelka,Christopher Eubanks,P1,4.4426248362638185,True,P1,0.6796576440601698,0.3203423559398302,1.5510948905109487,2.814569536423841,2.4483078477220306,905.6579854937083,Hard
2025-02-10,43160,Jan-Lennard Struff,Manuel Guinard,P2,4.533398104889704,False,P1,0.7113248008014569,0.2886751991985431,1.2650862068965516,4.772357723577235,-4.533398104889704,901.1245873888187,Hard
2025-02-10,43161,Luca Van Assche,Benjamin Bonzi,P1,2.788547934613342,True,P1,0.3847746326202329,0.6152253673797671,2.9054054054054053,1.524822695035461,5.31331430784434,906.4379016966631,Hard
2025-02-10,43215,Pedro Martinez,Damir Dzumhur,P2,2.0686068164151057,False,P1,0.6573057940778848,0.3426942059221152,1.4519230769230769,3.2127659574468086,-2.0686068164151057,904.3692948802479,Clay
2025-02-10,43189,Miomir Kecmanovic,Borna Gojo,P2,7.042843185414349,False,P1,0.5902430070528843,0.40975699294711565,1.4303405572755417,3.3237410071942444,-7.042843185414349,897.3264516948336,Hard
2025-02-10,43162,Zhizhen Zhang,Quentin Halys,P2,1.716820708602677,False,P1,0.5310342045867202,0.46896579541327976,1.811059907834101,2.2329545454545454,-1.716820708602677,895.609630986231,Hard
2025-02-10,43216,Laslo Djere,Alexandre Muller,P2,5.850663896574594,False,P1,0.5275895125641186,0.47241048743588143,1.6477732793522268,2.54375,-5.850663896574594,889.7589670896564,Clay
2025-02-10,43190,Michael Mmoh,Alexander Shevchenko,P1,4.200421340834793,True,P1,0.5530284723481731,0.4469715276518269,1.9746192893401011,2.0260416666666665,4.0938116621334,893.8527787517897,Hard
2025-02-10,43217,Dusan Lajovic,Roberto Carballes Baena,P1,5.793435396570989,True,P1,0.47095059770115794,0.5290494022988421,2.55,1.6451612903225807,8.979824864685032,902.8326036164748,Clay
2025-02-10,43163,Otto Virtanen,Sebastian Korda,P2,14.427281631343144,False,P1,0.20106027660586256,0.7989397233941374,3.384057971014493,1.4194528875379937,-14.427281631343144,888.4053219851316,Hard
2025-02-10,43218,Mariano Navone,Francisco Comesana,P2,1.4601507560203266,False,P1,0.6520460638637768,0.34795393613622316,1.483221476510067,3.069444444444444,-1.4601507560203266,886.9451712291113,Clay
2025-02-10,43164,Lorenzo Sonego,Botic Van De Zandschulp,P1,3.79893529345969,True,P1,0.5662762104961252,0.4337237895038748,1.9024390243902443,2.108108108108108,3.428307459951429,890.3734786890627,Hard
2025-02-10,43191,Cameron Norrie,Zachary Svajda,P1,14.680281186226138,True,P1,0.7620146627998661,0.23798533720013393,1.5505617977528088,2.8163265306122445,8.082402001405399,898.4558806904681,Hard
2025-02-10,43219,Thiago Seyboth Wild,Facundo Diaz Acosta,P1,5.41372448773287,True,P1,0.5111473935869175,0.4888526064130825,2.2514285714285713,1.7990867579908678,6.77488950179142,905.2307701922596,Clay
2025-02-10,43220,Mariano Navone,Holger Rune,P2,15.979330488257313,False,P1,0.26816814466440764,0.7318318553355924,2.4124999999999996,1.7079646017699115,-15.979330488257313,889.2514397040022,Clay
2025-02-10,43166,Daniil Medvedev,Pierre-Hugues Herbert,P2,0.8055699584336015,False,P1,0.8271289140332445,0.1728710859667555,1.1870967741935483,6.344827586206898,-0.8055699584336015,888.4458697455686,Hard
2025-02-10,43193,Taylor Fritz,Yunchaokete Bu,P2,1.8013713531882507,False,P1,0.8399180323597425,0.1600819676402575,1.142312579415502,8.026785714285714,-1.8013713531882507,886.6444983923803,Hard
2025-02-10,43221,Lorenzo Musetti,Corentin Moutet,P2,5.003406124759844,False,P1,0.6396927672038837,0.3603072327961163,1.386819484240688,3.585185185185186,-5.003406124759844,881.6410922676205,Clay
2025-02-10,43194,Matteo Arnaldi,Learner Tien,P1,13.352184581293482,True,P1,0.6927114082711925,0.3072885917288075,1.7882882882882885,2.268571428571429,10.525370728497116,892.1664629961176,Hard
2025-02-10,43167,Zhizhen Zhang,Hubert Hurkacz,P2,0.22395902482389013,False,P1,0.2293328278298099,0.7706671721701901,4.338582677165355,1.2995283018867927,-0.22395902482389013,891.9425039712937,Hard
2025-02-10,43168,Zizou Bergs,Nuno Borges,P2,6.847623014177266,False,P1,0.4671579699055121,0.5328420300944878,1.8119266055045873,2.2316384180790965,-6.847623014177266,885.0948809571164,Hard
2025-02-10,43222,Joao Fonseca,Federico Coria,P2,7.902726452751877,False,P1,0.6821616263919403,0.31783837360805967,1.204152249134948,5.898305084745763,-7.902726452751877,877.1921545043646,Clay
2025-02-10,43195,Brandon Nakashima,Reilly Opelka,P1,2.30843147447868,True,P1,0.49973184558737005,0.50026815441263,2.1189189189189186,1.8937198067632852,2.58294764982209,879.7751021541867,Hard
2025-02-10,43223,Pedro Martinez,Diego Schwartzman,P2,4.5002061417162045,False,P1,0.6213313804415376,0.3786686195584624,1.444794952681388,3.24822695035461,-4.5002061417162045,875.2748960124705,Clay
2025-02-10,43196,Alejandro Davidovich Fokina,Mackenzie McDonald,P2,7.522075472444522,False,P1,0.5049517348051733,0.4950482651948267,1.6399999999999997,2.5624999999999996,-7.522075472444522,867.752820540026,Hard
2025-02-10,43169,Jan-Lennard Struff,Hugo Grenier,P1,5.189011729381797,True,P1,0.7385126474531403,0.26148735254685973,1.4224924012158056,3.3669064748201447,2.192318025483495,869.9451385655095,Hard
2025-02-10,43170,Ugo Humbert,Alexander Bublik,P1,10.723007732810531,True,P1,0.8038280751126914,0.1961719248873086,1.352,3.840909090909091,3.774498721949308,873.7196372874588,Hard
2025-02-10,43224,Alexander Zverev,Dusan Lajovic,P2,2.805392428851302,False,P1,0.8234888439716523,0.17651115602834766,1.1363636363636365,8.333333333333334,-2.805392428851302,870.9142448586075,Clay
2025-02-10,43171,Hamad Medjedovic,Karen Khachanov,P2,8.172551008790096,False,P1,0.34117544421956036,0.6588245557804396,2.380952380952381,1.7241379310344829,-8.172551008790096,862.7416938498174,Hard
2025-02-10,43198,Marcos Giron,Ethan Quinn,P1,4.37323183556527,True,P1,0.7138024960755445,0.28619750392445553,1.4673202614379082,3.13986013986014,2.043699844724945,864.7853936945423,Hard
2025-02-10,43225,Laslo Djere,Alejandro Tabilo,P2,5.136567957775529,False,P1,0.5507537188528496,0.4492462811471504,1.6,2.6666666666666665,-5.136567957775529,859.6488257367668,Clay
2025-02-10,43226,Francisco Cerundolo,Juan Manuel Cerundolo,P2,0.2458786111820283,False,P1,0.7890842791898924,0.21091572081010757,1.2600422832980973,4.845528455284553,-0.2458786111820283,859.4029471255848,Clay
2025-02-10,43227,Thiago Seyboth Wild,Sebastian Baez,P1,8.683354755647667,True,P1,0.48678306209876265,0.5132169379012373,2.8026315789473686,1.554744525547445,15.652889493733296,875.055836619318,Clay
2025-02-10,43200,Cameron Norrie,Arthur Rinderknech,P2,5.293658307451212,False,P1,0.5879997639454931,0.41200023605450686,1.4949152542372883,3.02054794520548,-5.293658307451212,869.7621783118668,Hard
2025-02-10,43173,Daniel Altmaier,Otto Virtanen,P1,8.562426786013525,True,P1,0.5538284551228635,0.4461715448771365,2.25,1.7999999999999998,10.703033482516906,880.4652117943838,Hard
2025-02-10,43174,Daniil Medvedev,Jan-Lennard Struff,P2,1.1613448953556214,False,P1,0.7601066420497593,0.2398933579502407,1.2808988764044942,4.56,-1.1613448953556214,879.3038668990282,Hard
2025-02-10,43228,Francisco Cerundolo,Alexander Zverev,P2,8.079507903388935,False,P1,0.2512846113451938,0.7487153886548061,3.24822695035461,1.444794952681388,-8.079507903388935,871.2243589956392,Clay
2025-02-10,43201,Alejandro Davidovich Fokina,Taylor Fritz,P2,3.6381431032312532,False,P1,0.1622936984657643,0.8377063015342356,5.647058823529412,1.2151898734177216,-3.6381431032312532,867.586215892408,Hard
2025-02-10,43202,Alex Michelsen,Cameron Norrie,P2,3.586638407728772,False,P1,0.5362437801152686,0.46375621988473137,1.7106382978723402,2.407185628742515,-3.586638407728772,863.9995774846792,Hard
2025-02-10,43229,Laslo Djere,Thiago Seyboth Wild,P2,1.4833180167575888,False,P1,0.5343013556480818,0.4656986443519182,1.8073394495412844,2.2386363636363638,-1.4833180167575888,862.5162594679216,Clay
2025-02-10,43175,Ugo Humbert,Lorenzo Sonego,P1,1.1026388228019781,True,P1,0.7034337252750058,0.2965662747249942,1.4375,3.285714285714286,0.4824044849758654,862.9986639528975,Hard
2025-02-10,43230,Joao Fonseca,Mariano Navone,P2,3.614681009082985,False,P1,0.5438703644728171,0.4561296355271829,1.6846473029045643,2.460606060606061,-3.614681009082985,859.3839829438144,Clay
2025-02-10,43203,Matteo Arnaldi,Brandon Nakashima,P1,4.355124783297861,True,P1,0.48423608260391776,0.5157639173960822,2.347058823529412,1.74235807860262,5.866609266913001,865.2505922107274,Hard
2025-02-10,43204,Miomir Kecmanovic,Marcos Giron,P1,2.872695902556649,True,P1,0.4987549919355707,0.5012450080644293,2.1593406593406588,1.862559241706161,3.3304331617552347,868.5810253724826,Hard
2025-02-10,43177,Hamad Medjedovic,Daniel Altmaier,P2,2.6411917106526692,False,P1,0.6331575893700048,0.36684241062999523,1.4833333333333332,3.0689655172413794,-2.6411917106526692,865.9398336618299,Hard
2025-02-10,43205,Miomir Kecmanovic,Alex Michelsen,P1,1.6368464576758601,True,P1,0.45709909087015316,0.5429009091298469,2.294797687861272,1.7723214285714286,2.119385008782617,868.0592186706125,Hard
2025-02-10,43178,Hamad Medjedovic,Daniil Medvedev,P1,0.6213833162202702,True,P1,0.26407391086982035,0.7359260891301797,3.9465648854961826,1.339378238341969,1.8309462600078188,869.8901649306204,Hard
2025-02-10,43232,Francisco Cerundolo,Pedro Martinez,P2,3.5979601648753703,False,P1,0.678930046386675,0.321069953613325,1.351063829787234,3.8484848484848486,-3.5979601648753703,866.2922047657449,Clay
2025-02-10,43233,Joao Fonseca,Laslo Djere,P2,8.60614213112256,False,P1,0.4570290652752407,0.5429709347247593,1.7533039647577093,2.327485380116959,-8.60614213112256,857.6860626346224,Clay
2025-02-10,43179,Ugo Humbert,Zizou Bergs,P1,0.23661877448329727,True,P1,0.6999406575893676,0.30005934241063237,1.4320987654320987,3.3142857142857145,0.10224268033228892,857.7883053149548,Hard
2025-02-10,43206,Alejandro Davidovich Fokina,Matteo Arnaldi,P2,0.3184142311712333,False,P1,0.4168818885437517,0.5831181114562483,2.380952380952381,1.7241379310344829,-0.3184142311712333,857.4698910837835,Hard
2025-02-10,43180,Ugo Humbert,Hamad Medjedovic,P2,2.223894889562024,False,P1,0.6568736240035427,0.34312637599645734,1.4433962264150944,3.2553191489361706,-2.223894889562024,855.2459961942214,Hard
2025-02-10,43234,Joao Fonseca,Francisco Cerundolo,P2,8.889006878552308,False,P1,0.334674849741466,0.665325150258534,2.3668639053254434,1.7316017316017311,-8.889006878552308,846.3569893156691,Clay
2025-02-10,43207,Miomir Kecmanovic,Alejandro Davidovich Fokina,P1,0.8898667403670362,True,P1,0.5404826082759135,0.45951739172408645,1.8846153846153846,2.1304347826086953,0.7871898087862242,847.1441791244554,Hard
2025-02-17,43235,Alex de Minaur,Roman Safiullin,P2,0.21338107409575946,False,P1,0.864015477976436,0.13598452202356404,1.1515561569688768,7.598214285714286,-0.21338107409575946,846.9307980503596,Hard
2025-02-17,43266,Alexander Zverev,Yunchaokete Bu,P2,1.013932580001486,False,P1,0.9172100130656815,0.0827899869343185,1.0641579272054287,16.58653846153846,-1.013932580001486,845.9168654703582,Clay
2025-02-17,43267,Francisco Cerundolo,Hugo Gaston,P2,1.644408603638444,False,P1,0.7995534716217763,0.20044652837822374,1.2020725388601037,5.94871794871795,-1.644408603638444,844.2724568667197,Clay
2025-02-17,43236,Matteo Berrettini,Novak Djokovic,P2,15.188778549289001,False,P1,0.16191638836592925,0.8380836116340707,3.953846153846154,1.3385416666666667,-15.188778549289001,829.0836783174307,Hard
2025-02-17,43237,Daniil Medvedev,Karen Khachanov,P1,0.8901721856006279,True,P1,0.6271149547148318,0.3728850452851682,1.615686274509804,2.6242038216560504,0.5480667966247004,829.6317451140553,Hard
2025-02-17,43269,Camilo Ugo Carabelli,Pedro Martinez,P2,11.315405267449089,False,P1,0.28837979136046754,0.7116202086395325,2.5217391304347827,1.6571428571428568,-11.315405267449089,818.3163398466062,Clay
2025-02-17,43238,Andrey Rublev,Alexander Bublik,P2,2.027867019722531,False,P1,0.7346629375330698,0.26533706246693023,1.2937062937062938,4.404761904761904,-2.027867019722531,816.2884728268837,Hard
2025-02-17,43239,Hamad Medjedovic,Stefanos Tsitsipas,P1,7.033376714036947,True,P1,0.46778394245910926,0.5322160575408907,2.8013245033112586,1.5551470588235292,12.669393816013576,828.9578666428972,Hard
2025-02-17,43270,Tomas Martin Etcheverry,Corentin Moutet,P2,7.154134626449107,False,P1,0.5668844755165846,0.4331155244834154,1.459546925566343,3.176056338028169,-7.154134626449107,821.8037320164481,Clay
2025-02-17,43240,Felix Auger-Aliassime,Quentin Halys,P2,1.7885932990764875,False,P1,0.7315235896835854,0.26847641031641456,1.3075060532687652,4.251968503937007,-1.7885932990764875,820.0151387173715,Hard
2025-02-17,43241,Zizou Bergs,Roberto Bautista Agut,P1,1.294997555469561,True,P1,0.5723242178239194,0.4276757821760806,1.7909090909090908,2.264367816091954,1.0242253393259253,821.0393640566974,Hard
2025-02-17,43272,Damir Dzumhur,Dusan Lajovic,P2,1.1364974312894567,False,P1,0.3248468731464461,0.6751531268535539,2.9931506849315066,1.5017182130584192,-1.1364974312894567,819.9028666254079,Clay
2025-02-17,43242,Nuno Borges,Otto Virtanen,P1,3.27860567367918,True,P1,0.6919183898439919,0.3080816101560081,1.5034482758620689,2.986301369863013,1.65060837364538,821.5534749990533,Hard
2025-02-17,43243,Tallon Griekspoor,Jan-Lennard Struff,P2,1.624883380238045,False,P1,0.5652486241806506,0.4347513758193494,1.6991525423728815,2.43030303030303,-1.624883380238045,819.9285916188152,Hard
2025-02-17,43274,Alexandre Muller,Joao Fonseca,P1,7.418259340881895,True,P1,0.33820672113893446,0.6617932788610655,5.208333333333334,1.2376237623762376,31.218508059544646,851.1470996783598,Clay
2025-02-17,43275,Mariano Navone,Roberto Carballes Baena,P2,7.31852431935831,False,P1,0.4988634247873146,0.5011365752126854,1.6598360655737707,2.515527950310559,-7.31852431935831,843.8285753590015,Clay
2025-02-17,43244,Luca Nardi,Zhizhen Zhang,P2,16.87657150718003,False,P1,0.2099846153929375,0.7900153846070626,2.4096385542168677,1.7094017094017095,-16.87657150718003,826.9520038518215,Hard
2025-02-17,43245,Botic Van De Zandschulp,Abdullah Shelbayh,P2,1.5950952713175055,False,P1,0.7710260679687809,0.22897393203121907,1.246938775510204,5.049586776859504,-1.5950952713175055,825.356908580504,Hard
2025-02-17,43276,Chun-Hsin Tseng,Alejandro Tabilo,P2,0.1298427118904452,False,P1,0.26212088246000703,0.737879117539993,3.803030303030303,1.3567567567567564,-0.1298427118904452,825.2270658686135,Clay
2025-02-17,43277,Nicolas Jarry,Juan Manuel Cerundolo,P1,10.32703431579959,True,P1,0.7323706918207779,0.26762930817922215,1.5551470588235292,2.8013245033112586,5.7330227267858,830.9600885953993,Clay
2025-02-17,43246,Carlos Alcaraz,Marin Cilic,P2,1.3072633021825133,False,P1,0.9114665270815696,0.08853347291843039,1.062612883804937,16.971153846153843,-1.3072633021825133,829.6528252932168,Hard
2025-02-17,43247,Jiri Lehecka,Grigor Dimitrov,P2,6.756942535774414,False,P1,0.4747177985675082,0.5252822014324918,1.763392857142857,2.309941520467836,-6.756942535774414,822.8958827574423,Hard
2025-02-17,43248,Jack Draper,Alexei Popyrin,P2,1.145440248252865,False,P1,0.6547205044792261,0.34527949552077386,1.4848484848484849,3.0625000000000004,-1.145440248252865,821.7504425091895,Hard
2025-02-17,43279,Thiago Monteiro,Facundo Diaz Acosta,P1,2.7190806021880642,True,P1,0.5067503094504533,0.4932496905495467,2.119565217391304,1.8932038834951457,3.0441880654931586,824.7946305746826,Clay
2025-02-17,43249,Fabian Marozsan,Aziz Dougaz,P2,3.0202493359195914,False,P1,0.7659428604169035,0.23405713958309649,1.2099644128113878,5.76271186440678,-3.0202493359195914,821.774381238763,Hard
2025-02-17,43280,Jaume Munar,Thiago Seyboth Wild,P2,5.104385043001676,False,P1,0.48998867801881285,0.5100113219811871,1.7873303167420815,2.2701149425287355,-5.104385043001676,816.6699961957613,Clay
2025-02-17,43281,Alexander Shevchenko,Felipe Meligeni Alves,P1,11.339455546018218,True,P1,0.6083692118520037,0.39163078814799634,2.1843575418994416,1.8443396226415094,13.429969696960129,830.0999658927215,Clay
2025-02-17,43250,Christopher O'Connell,Hady Habib,P2,6.856125248261581,False,P1,0.5995309978595684,0.4004690021404316,1.3924418604651165,3.548148148148148,-6.856125248261581,823.2438406444599,Hard
2025-02-17,43251,Carlos Alcaraz,Luca Nardi,P1,15.30246028377788,True,P1,0.9702762009386139,0.029723799061386114,1.0496624879459981,21.135922330097088,0.7599582493872343,824.003798893847,Hard
2025-02-17,43282,Francisco Cerundolo,Luciano Darderi,P1,6.0680079195607854,True,P1,0.7838885217929312,0.21611147820706877,1.3394736842105264,3.945736434108527,2.059929004271951,826.0637278981189,Clay
2025-02-17,43283,Alexandre Muller,Tomas Martin Etcheverry,P1,2.363840420796132,True,P1,0.4090780733471444,0.5909219266528556,2.6794871794871793,1.5954198473282442,3.9700396810806824,830.0337675791997,Clay
2025-02-17,43252,Alex de Minaur,Botic Van De Zandschulp,P1,5.065602413297085,True,P1,0.8575322551017803,0.14246774489821967,1.193708609271523,6.162393162393162,0.981250798602249,831.0150183778019,Hard
2025-02-17,43253,Daniil Medvedev,Zizou Bergs,P1,2.5795736350712324,True,P1,0.7328592508694818,0.2671407491305182,1.3982558139534884,3.5109489051094886,1.0273301976882525,832.0423485754901,Hard
2025-02-17,43285,Camilo Ugo Carabelli,Damir Dzumhur,P2,12.190940494108487,False,P1,0.4206868991906233,0.5793131008093767,1.6804979253112031,2.469512195121951,-12.190940494108487,819.8514080813816,Clay
2025-02-17,43254,Andrey Rublev,Nuno Borges,P2,8.690514559706008,False,P1,0.5859866322796159,0.4140133677203841,1.344736842105263,3.9007633587786255,-8.690514559706008,811.1608935216756,Hard
2025-02-17,43255,Jack Draper,Christopher O'Connell,P2,2.560806905043107,False,P1,0.7382782541314385,0.26172174586856145,1.2689804772234274,4.717741935483872,-2.560806905043107,808.6000866166324,Hard
2025-02-17,43286,Alexander Zverev,Alexander Shevchenko,P2,1.5163955247565295,False,P1,0.8762998818294364,0.12370011817056359,1.0983606557377048,11.166666666666666,-1.5163955247565295,807.083691091876,Clay
2025-02-17,43287,Sebastian Baez,Mariano Navone,P1,3.134386810873875,True,P1,0.49563831326003194,0.5043616867399681,2.206703910614525,1.8287037037037037,3.782276822060095,810.8659679139361,Clay
2025-02-17,43288,Francisco Comesana,Nicolas Jarry,P2,13.834726946314486,False,P1,0.25868640251739505,0.741313597482605,2.546583850931677,1.6465863453815262,-13.834726946314486,797.0312409676216,Clay
2025-02-17,43257,Matteo Berrettini,Tallon Griekspoor,P2,5.5166338021238595,False,P1,0.5717515571920956,0.4282484428079044,1.5068965517241382,2.972789115646259,-5.5166338021238595,791.5146071654978,Hard
2025-02-17,43258,Jiri Lehecka,Fabian Marozsan,P1,5.439145904868636,True,P1,0.7517411487180901,0.24825885128190994,1.4041297935103245,3.4744525547445253,2.198120911407089,793.7127280769048,Hard
2025-02-17,43289,Chun-Hsin Tseng,Thiago Monteiro,P2,3.6188977519304832,False,P1,0.31776604643709044,0.6822339535629096,2.86,1.5376344086021503,-3.6188977519304832,790.0938303249743,Clay
2025-02-17,43290,Francisco Comesana,Alexander Zverev,P2,15.801876606499487,False,P1,0.08500446863434463,0.9149955313656554,7.017543859649125,1.1661807580174928,-15.801876606499487,774.2919537184748,Clay
2025-02-17,43259,Jiri Lehecka,Carlos Alcaraz,P1,1.4896613301251287,True,P1,0.2680142873749014,0.7319857126250986,4.188976377952756,1.3135802469135802,4.750494792918717,779.0424485113936,Hard
2025-02-17,43260,Andrey Rublev,Alex de Minaur,P2,13.375652331602067,False,P1,0.26883658947413497,0.7311634105258651,2.4424242424242424,1.6932773109243697,-13.375652331602067,765.6667961797915,Hard
2025-02-17,43291,Alexandre Muller,Francisco Cerundolo,P2,10.8339370157628,False,P1,0.25643525942202894,0.7435647405779711,2.796052631578948,1.5567765567765568,-10.8339370157628,754.8328591640287,Clay
2025-02-17,43292,Sebastian Baez,Chun-Hsin Tseng,P1,3.0847601304319427,True,P1,0.6909891092693616,0.30901089073063837,1.5071942446043167,2.971631205673759,1.5645725841399427,756.3974317481686,Clay
2025-02-17,43262,Jack Draper,Matteo Berrettini,P2,1.4148623753027711,False,P1,0.554876121342722,0.445123878657278,1.7347826086956524,2.36094674556213,-1.4148623753027711,754.9825693728659,Hard
2025-02-17,43263,Andrey Rublev,Felix Auger-Aliassime,P2,8.85371163591609,False,P1,0.4420526750640422,0.5579473249359578,1.7316017316017311,2.3668639053254434,-8.85371163591609,746.1288577369498,Hard
2025-02-17,43294,Sebastian Baez,Camilo Ugo Carabelli,P2,0.7061291536041561,False,P1,0.6796970748371621,0.32030292516283787,1.4433962264150944,3.2553191489361706,-0.7061291536041561,745.4227285833457,Clay
2025-02-17,43264,Jack Draper,Jiri Lehecka,P2,4.1532511973405795,False,P1,0.4881492203819982,0.5118507796180018,1.8202764976958523,2.2191011235955056,-4.1532511973405795,741.2694773860052,Hard
2025-02-17,43295,Alexandre Muller,Francisco Comesana,P1,2.545878089376059,True,P1,0.627932395907879,0.37206760409212103,1.6653061224489796,2.503067484662577,1.6937882798706025,742.9632656658757,Clay
2025-02-17,43296,Sebastian Baez,Alexandre Muller,P2,0.9549350050787498,False,P1,0.5321143518759353,0.46788564812406475,1.8309859154929575,2.2033898305084745,-0.9549350050787498,742.008330660797,Clay
2025-02-17,43265,Andrey Rublev,Jack Draper,P2,3.9926958891477713,False,P1,0.4054219943235001,0.5945780056764999,2.201117318435754,1.832558139534884,-3.9926958891477713,738.0156347716493,Hard
2025-02-24,43297,Daniil Medvedev,Jan-Lennard Struff,P2,2.0490242988378284,False,P1,0.762842819782529,0.237157180217471,1.2380952380952381,5.200000000000001,-2.0490242988378284,735.9666104728115,Hard
2025-02-24,43329,Alexander Zverev,Matteo Arnaldi,P1,9.720787921067508,True,P1,0.8065131982719341,0.19348680172806587,1.3567567567567564,3.803030303030303,3.467956771840297,739.4345672446517,Hard
2025-02-24,43298,Marin Cilic,Alex de Minaur,P1,2.868660195507045,True,P1,0.20423980181777301,0.795760198182227,7.283185840707964,1.1591549295774648,18.024325122212407,757.4588923668641,Hard
2025-02-24,43330,Holger Rune,Roberto Carballes Baena,P1,3.738862839623084,True,P1,0.7342383048949168,0.2657616951050832,1.418181818181818,3.391304347826087,1.5635244602060163,759.0224168270702,Hard
2025-02-24,43299,Quentin Halys,Andrey Rublev,P2,5.68488837501368,False,P1,0.21378462130947376,0.7862153786905263,3.976923076923077,1.3359173126614987,-5.68488837501368,753.3375284520565,Hard
2025-02-24,43331,Frances Tiafoe,Alexandre Muller,P2,7.281079412250807,False,P1,0.5860908522861463,0.4139091477138537,1.3764044943820226,3.656716417910447,-7.281079412250807,746.0564490398057,Hard
2025-02-24,43300,Ugo Humbert,Jiri Lehecka,P2,1.6658725640602339,False,P1,0.5119652833971595,0.4880347166028405,1.8660287081339713,2.154696132596685,-1.6658725640602339,744.3905764757454,Hard
2025-02-24,43333,Alejandro Davidovich Fokina,Mattia Bellucci,P1,6.278963642145051,True,P1,0.6703468620822328,0.3296531379177672,1.6571428571428568,2.5217391304347827,4.126176107695317,748.5167525834407,Hard
2025-02-24,43334,Alex Michelsen,Yunchaokete Bu,P2,2.19554775513052,False,P1,0.6311230283680074,0.3688769716319926,1.4915254237288134,3.03448275862069,-2.19554775513052,746.3212048283102,Hard
2025-02-24,43302,Nuno Borges,Arthur Fils,P1,1.9469648482096429,True,P1,0.4502614907537398,0.5497385092462602,2.380952380952381,1.7241379310344829,2.6886657427656973,749.0098705710759,Hard
2025-02-24,43303,Felix Auger-Aliassime,Alexander Bublik,P1,8.487815521808347,True,P1,0.8092479595828455,0.19075204041715454,1.3274111675126905,4.054263565891473,2.7790055896276074,751.7888761607035,Hard
2025-02-24,43335,Brandon Nakashima,Benjamin Bonzi,P1,1.5643651069678124,True,P1,0.6716651309452835,0.32833486905471654,1.5211267605633803,2.918918918918919,0.8152325205325219,752.604108681236,Hard
2025-02-24,43304,Matteo Berrettini,Gael Monfils,P2,6.604873524007851,False,P1,0.5234165622192455,0.4765834377807545,1.5751879699248121,2.738562091503268,-6.604873524007851,745.9992351572281,Hard
2025-02-24,43336,Rodrigo Pacheco Mendez,Aleksandar Vukic,P1,1.6965395707686166,True,P1,0.262575840378494,0.737424159621506,4.396825396825396,1.294392523364486,5.762848700706094,751.7620838579342,Hard
2025-02-24,43305,Tallon Griekspoor,Roman Safiullin,P1,8.414602678430017,True,P1,0.6446842903464673,0.35531570965353265,1.8443396226415094,2.1843575418994416,7.104782450183834,758.866866308118,Hard
2025-02-24,43337,Casper Ruud,Arthur Rinderknech,P2,3.892258236183261,False,P1,0.7140270074580722,0.28597299254192776,1.2568421052631578,4.89344262295082,-3.892258236183261,754.9746080719348,Hard
2025-02-24,43338,Tommy Paul,Gabriel Diallo,P1,12.502154795460077,True,P1,0.8118983257484103,0.18810167425158975,1.391304347826087,3.555555555555555,4.892147528658291,759.866755600593,Hard
2025-02-24,43339,Ben Shelton,Flavio Cobolli,P2,1.760819359369043,False,P1,0.7062708745153219,0.2937291254846781,1.3502673796791445,3.854961832061069,-1.760819359369043,758.105936241224,Hard
2025-02-24,43307,Luca Nardi,Marton Fucsovics,P2,9.395174024682284,False,P1,0.2683609402149992,0.7316390597850009,2.802721088435374,1.5547169811320756,-9.395174024682284,748.7107622165416,Hard
2025-02-24,43308,Stefanos Tsitsipas,Lorenzo Sonego,P2,0.16266600968514447,False,P1,0.6246776323670209,0.3753223676329791,1.5938697318007664,2.6838709677419352,-0.16266600968514447,748.5480962068565,Hard
2025-02-24,43340,Tomas Machac,Jakub Mensik,P1,4.515229277384604,True,P1,0.6170886607540849,0.38291133924591514,1.7713004484304933,2.296511627906977,3.482598366413237,752.0306945732697,Hard
2025-02-24,43341,Daniel Altmaier,Miomir Kecmanovic,P2,10.346039133113633,False,P1,0.26619824096450406,0.7338017590354959,2.722972972972973,1.5803921568627455,-10.346039133113633,741.684655440156,Hard
2025-02-24,43309,Roberto Bautista Agut,Fabian Marozsan,P1,3.48069824228347,True,P1,0.45945564118476423,0.5405443588152358,2.478527607361963,1.6763485477178421,5.146308444112369,746.8309638842684,Hard
2025-02-24,43310,Zizou Bergs,Aziz Dougaz,P2,1.285304292010042,False,P1,0.802559817409412,0.19744018259058804,1.203125,5.923076923076924,-1.285304292010042,745.5456595922583,Hard
2025-02-24,43342,Marcos Giron,Adam Walton,P1,14.910913191845166,True,P1,0.7885272133376167,0.21147278666238334,1.5454545454545454,2.833333333333333,8.13322537737009,753.6788849696284,Hard
2025-02-24,43311,Karen Khachanov,Daniel Evans,P1,6.238277409688248,True,P1,0.8320068154892226,0.16799318451077738,1.2520661157024793,4.967213114754099,1.5724583553346405,755.251343324963,Hard
2025-02-24,43343,David Goffin,Rinky Hijikata,P2,4.463660379611467,False,P1,0.49782446123075813,0.5021755387692419,1.7713004484304933,2.296511627906977,-4.463660379611467,750.7876829453515,Hard
2025-02-24,43344,Learner Tien,Cameron Norrie,P2,8.926284595096487,False,P1,0.35284143512750826,0.6471585648724918,2.160220994475138,1.8619047619047617,-8.926284595096487,741.8613983502551,Hard
2025-02-24,43312,Giovanni Mpetshi Perricard,Zhizhen Zhang,P1,4.641436435838737,True,P1,0.5972463065068045,0.40275369349319545,1.8530805687203793,2.1722222222222225,3.9595192343648002,745.8209175846199,Hard
2025-02-24,43345,Learner Tien,Alexander Zverev,P2,14.916418351692398,False,P1,0.10212538598673339,0.8978746140132666,4.147286821705426,1.3177339901477834,-14.916418351692398,730.9044992329275,Hard
2025-02-24,43313,Alexei Popyrin,Hady Habib,P2,0.48695332382870704,False,P1,0.6515338236425467,0.34846617635745325,1.5143884892086328,2.9440559440559437,-0.48695332382870704,730.4175459090987,Hard
2025-02-24,43314,Daniil Medvedev,Giovanni Mpetshi Perricard,P1,5.256645268720855,True,P1,0.7273558020055267,0.27264419799447326,1.4673202614379082,3.13986013986014,2.456536841264973,732.8740827503638,Hard
2025-02-24,43315,Stefanos Tsitsipas,Karen Khachanov,P2,3.8371131362827855,False,P1,0.4716851453191393,0.5283148546808607,1.898058252427185,2.1135135135135137,-3.8371131362827855,729.0369696140809,Hard
2025-02-24,43316,Tallon Griekspoor,Ugo Humbert,P1,1.8318476214737527,True,P1,0.28860716984206275,0.7113928301579373,3.984615384615384,1.3350515463917525,5.4673605933216605,734.5043302074026,Hard
2025-02-24,43317,Felix Auger-Aliassime,Nuno Borges,P2,0.4905045639414613,False,P1,0.6377370601147521,0.36226293988524794,1.5471014492753625,2.827814569536424,-0.4905045639414613,734.0138256434611,Hard
2025-02-24,43349,David Goffin,Ben Shelton,P2,0.8896267090370586,False,P1,0.27048787026373694,0.729512129736263,3.6074074074074076,1.3835227272727273,-0.8896267090370586,733.124198934424,Hard
2025-02-24,43350,Alejandro Davidovich Fokina,Frances Tiafoe,P2,5.491520328626506,False,P1,0.4457510248304728,0.5542489751695272,1.9073170731707316,2.102150537634408,-5.491520328626506,727.6326786057975,Hard
2025-02-24,43318,Matteo Berrettini,Christopher O'Connell,P2,1.3667033102392547,False,P1,0.7222875092832142,0.27771249071678583,1.3324808184143224,4.007692307692307,-1.3667033102392547,726.2659752955583,Hard
2025-02-24,43319,Marin Cilic,Alexei Popyrin,P1,4.014086056590785,True,P1,0.4958982035618539,0.5041017964381461,2.308139534883721,1.7644444444444443,5.2509846670519,731.5169599626101,Hard
2025-02-24,43351,Tomas Machac,Daniel Altmaier,P1,1.599885781498809,True,P1,0.7632122034714053,0.23678779652859472,1.3291139240506329,4.038461538461539,0.5265446875818864,732.0435046501921,Hard
2025-02-24,43320,Quentin Halys,Roberto Bautista Agut,P2,4.67893690013078,False,P1,0.453883238373175,0.546116761626825,1.9215686274509802,2.0851063829787235,-4.67893690013078,727.3645677500613,Hard
2025-02-24,43352,Denis Shapovalov,Alex Michelsen,P2,4.398075409281611,False,P1,0.5300264132540816,0.4699735867459184,1.6585365853658534,2.518518518518518,-4.398075409281611,722.9664923407796,Hard
2025-02-24,43353,Tomas Machac,Learner Tien,P1,10.33828058427088,True,P1,0.7316033607637764,0.2683966392362236,1.6023166023166024,2.66025641025641,6.226918035313736,729.1934103760933,Hard
2025-02-24,43321,Luca Nardi,Zizou Bergs,P2,14.583868207521867,False,P1,0.21737894569184077,0.7826210543081592,2.703225806451613,1.5871212121212122,-14.583868207521867,714.6095421685715,Hard
2025-02-24,43322,Tallon Griekspoor,Daniil Medvedev,P1,3.237904842621997,True,P1,0.31796518906246707,0.6820348109375329,3.999999999999999,1.3333333333333333,9.713714527865989,724.3232566964375,Hard
2025-02-24,43354,Denis Shapovalov,Marcos Giron,P2,5.811500277506743,False,P1,0.5365882864450476,0.46341171355495236,1.5645756457564575,2.7712418300653594,-5.811500277506743,718.5117564189308,Hard
2025-02-24,43323,Stefanos Tsitsipas,Matteo Berrettini,P1,2.336958838609016,True,P1,0.42674597432258676,0.5732540256774132,2.5849056603773586,1.6309523809523812,3.7038592913803274,722.2156157103111,Hard
2025-02-24,43355,Alejandro Davidovich Fokina,Rodrigo Pacheco Mendez,P2,4.380799532691703,False,P1,0.7650439596072958,0.23495604039270424,1.1485411140583555,7.732142857142855,-4.380799532691703,717.8348161776194,Hard
2025-02-24,43324,Felix Auger-Aliassime,Marin Cilic,P2,0.5959062941657975,False,P1,0.6607894669772856,0.3392105330227144,1.488215488215488,3.048275862068966,-0.5959062941657975,717.2389098834535,Hard
2025-02-24,43356,Brandon Nakashima,David Goffin,P1,6.705349964904285,True,P1,0.6799590623846513,0.3200409376153487,1.6491935483870968,2.540372670807453,4.353069936893507,721.591979820347,Hard
2025-02-24,43325,Quentin Halys,Luca Nardi,P1,7.740055205296432,True,P1,0.6252974123900993,0.3747025876099007,1.9121951219512194,2.096256684491978,7.06044060190455,728.6524204222516,Hard
2025-02-24,43357,Tomas Machac,Brandon Nakashima,P2,3.857031484121271,False,P1,0.562576173298543,0.43742382670145696,1.5893536121673004,2.6967741935483867,-3.857031484121271,724.7953889381303,Hard
2025-02-24,43326,Stefanos Tsitsipas,Tallon Griekspoor,P2,1.5103295854884278,False,P1,0.5602142632178562,0.43978573678214383,1.7106382978723402,2.407185628742515,-1.5103295854884278,723.2850593526418,Hard
2025-02-24,43358,Alejandro Davidovich Fokina,Denis Shapovalov,P1,4.097845456152669,True,P1,0.46624435135440057,0.5337556486455994,2.5123456790123457,1.6612244897959183,6.197358868872864,729.4824182215146,Hard
2025-02-24,43359,Tomas Machac,Alejandro Davidovich Fokina,P2,0.6584099287909435,False,P1,0.548006653147673,0.45199334685232695,1.7918552036199096,2.262857142857143,-0.6584099287909435,728.8240082927238,Hard
2025-02-24,43327,Felix Auger-Aliassime,Quentin Halys,P1,1.1705531539216758,True,P1,0.7692953017896664,0.23070469821033357,1.3129584352078238,4.1953125,0.3663344833789106,729.1903427761026,Hard
2025-02-24,43328,Stefanos Tsitsipas,Felix Auger-Aliassime,P2,5.4256304127928265,False,P1,0.48241107466553024,0.5175889253344698,1.7644444444444443,2.308139534883721,-5.4256304127928265,723.7647123633099,Hard
2025-03-03,43387,Matteo Arnaldi,Aleksandar Kovacevic,P2,1.5175643147705622,False,P1,0.6691905318882326,0.33080946811176737,1.4316770186335404,3.3165467625899288,-1.5175643147705622,722.2471480485393,Hard
2025-03-03,43388,Nuno Borges,Arthur Rinderknech,P2,2.2506577407754884,False,P1,0.6643535943603386,0.3356464056396614,1.4114114114114114,3.430656934306569,-2.2506577407754884,719.9964903077638,Hard
2025-03-03,43389,Jenson Brooksby,Benjamin Bonzi,P1,6.207488077912166,True,P1,0.6021712317196724,0.39782876828032765,1.9257425742574261,2.0802139037433154,5.746535992918691,725.7430263006825,Hard
2025-03-03,43390,Joao Fonseca,Jacob Fearnley,P2,7.960358805819995,False,P1,0.5745427384415225,0.4254572615584775,1.3586956521739129,3.7878787878787876,-7.960358805819995,717.7826674948625,Hard
2025-03-03,43391,Hugo Gaston,Luciano Darderi,P2,5.153709000179699,False,P1,0.5329166806965755,0.4670833193034245,1.6070038910505835,2.647435897435897,-5.153709000179699,712.6289584946828,Hard
2025-03-03,43393,David Goffin,Lorenzo Sonego,P2,1.1831963591785386,False,P1,0.447543785235617,0.552456214764383,2.160220994475138,1.8619047619047617,-1.1831963591785386,711.4457621355043,Hard
2025-03-03,43394,Quentin Halys,Pablo Carreno Busta,P1,0.48058587814740006,True,P1,0.39701107574565386,0.6029889242543461,2.5723270440251573,1.6360000000000001,0.755638173187736,712.2014003086921,Hard
2025-03-03,43395,Rinky Hijikata,Alexander Shevchenko,P1,0.660550728263689,True,P1,0.4398792878992841,0.5601207121007159,2.329411764705882,1.752212389380531,0.8781439093387864,713.0795442180308,Hard
2025-03-03,43396,Dusan Lajovic,Li Tu,P1,12.117480777169765,True,P1,0.6767372162842307,0.32326278371576933,1.9595959595959598,2.0421052631578944,11.627885594253817,724.7074298122847,Hard
2025-03-03,43397,Mackenzie McDonald,Alejandro Davidovich Fokina,P2,5.898741861655921,False,P1,0.29145875852979997,0.7085412414702,2.87248322147651,1.5340501792114694,-5.898741861655921,718.8086879506287,Hard
2025-03-03,43398,Jakub Mensik,Tomas Martin Etcheverry,P2,4.191703756679711,False,P1,0.546746496400548,0.45325350359945205,1.615686274509804,2.6242038216560504,-4.191703756679711,714.6169841939491,Hard
2025-03-03,43399,Gael Monfils,Jan-Lennard Struff,P1,7.596799570931306,True,P1,0.6992215328109009,0.30077846718909906,1.6181102362204727,2.6178343949044587,4.695659577307935,719.312643771257,Hard
2025-03-03,43400,Mariano Navone,Learner Tien,P1,8.528618592751359,True,P1,0.4550946094482046,0.5449053905517953,3.4999999999999996,1.4,21.321546481878393,740.6341902531353,Hard
2025-03-03,43402,Adam Walton,Giulio Zeppieri,P2,2.138486869432009,False,P1,0.5319552359309558,0.46804476406904416,1.7713004484304933,2.296511627906977,-2.138486869432009,738.4957033837034,Hard
2025-03-03,43403,Zizou Bergs,Ethan Quinn,P1,13.722978584528969,True,P1,0.7486587236367317,0.2513412763632683,1.6666666666666667,2.5,9.14865238968598,747.6443557733893,Hard
2025-03-03,43405,Yunchaokete Bu,Nishesh Basavareddy,P1,14.181382861778273,True,P1,0.6003909260774529,0.3996090739225471,2.8079470198675502,1.5531135531135531,25.63918888255278,773.283544655942,Hard
2025-03-03,43406,Gabriel Diallo,Zhizhen Zhang,P2,1.7643660872171023,False,P1,0.4771834523130564,0.5228165476869435,2.0,2.0,-1.7643660872171023,771.5191785687249,Hard
2025-03-03,43407,Damir Dzumhur,Roberto Bautista Agut,P2,4.768686895001356,False,P1,0.3816143953073261,0.6183856046926739,2.296511627906977,1.7713004484304933,-4.768686895001356,766.7504916737236,Hard
2025-03-03,43408,Marcos Giron,Nikoloz Basilashvili,P1,9.855346309038293,True,P1,0.7724059162160728,0.2275940837839272,1.4416403785488958,3.2642857142857147,4.352518874654135,771.1030105483777,Hard
2025-03-03,43409,Tallon Griekspoor,Miomir Kecmanovic,P1,6.230454527842059,True,P1,0.5550022812556967,0.44499771874430327,2.1311475409836067,1.8840579710144931,7.047563318378724,778.1505738667564,Hard
2025-03-03,43410,Fabian Marozsan,Pedro Martinez,P2,0.2537261092701645,False,P1,0.6298370002603608,0.3701629997396392,1.5773584905660376,2.7320261437908493,-0.2537261092701645,777.8968477574863,Hard
2025-03-03,43411,Corentin Moutet,Jordan Thompson,P2,14.837199626041905,False,P1,0.31960054541375893,0.6803994545862411,1.935323383084577,2.0691489361702122,-14.837199626041905,763.0596481314444,Hard
2025-03-03,43412,Kei Nishikori,Jaume Munar,P1,5.236711137648989,True,P1,0.6060427434416713,0.3939572565583287,1.84037558685446,2.189944134078212,4.400804195489056,767.4604523269335,Hard
2025-03-03,43413,Cameron Norrie,Luca Nardi,P1,5.0247404573898855,True,P1,0.6650957275188023,0.3349042724811977,1.626984126984127,2.5949367088607596,3.15043250899842,770.6108848359319,Hard
2025-03-03,43414,Christopher O'Connell,Roberto Carballes Baena,P1,3.2284406195296467,True,P1,0.5724349253843705,0.42756507461562954,1.875,2.142857142857143,2.824885542088441,773.4357703780203,Hard
2025-03-03,43415,Roman Safiullin,Reilly Opelka,P2,4.033601336693655,False,P1,0.42827649483068375,0.5717235051693162,2.0913978494623655,1.9162561576354682,-4.033601336693655,769.4021690413266,Hard
2025-03-03,43416,Thiago Seyboth Wild,Alexandre Muller,P2,1.3031648216472391,False,P1,0.38979806386991134,0.6102019361300887,2.478527607361963,1.6763485477178421,-1.3031648216472391,768.0990042196794,Hard
2025-03-03,43418,Yosuke Watanuki,Alexander Bublik,P1,5.424521939838995,True,P1,0.5089740608734132,0.49102593912658676,2.335294117647059,1.7488986784140967,7.243332237314424,775.3423364569938,Hard
2025-03-03,43419,Carlos Alcaraz,Quentin Halys,P2,1.229946939916382,False,P1,0.8843825502611511,0.11561744973884891,1.0948581560283688,11.542056074766354,-1.229946939916382,774.1123895170774,Hard
2025-03-03,43421,Botic Van De Zandschulp,Novak Djokovic,P2,7.482140727561082,False,P1,0.0982905730974568,0.9017094269025432,8.207207207207206,1.13875,-7.482140727561082,766.6302487895164,Hard
2025-03-03,43422,Matteo Arnaldi,Andrey Rublev,P1,1.3821253095243278,True,P1,0.36105623389168573,0.6389437661083143,2.965986394557823,1.5086505190311417,2.7172395540988483,769.3474883436152,Hard
2025-03-03,43423,Alex de Minaur,David Goffin,P2,0.9601080734508983,False,P1,0.8087439009500061,0.19125609904999386,1.2056239015817225,5.863247863247865,-0.9601080734508983,768.3873802701643,Hard
2025-03-03,43424,Ben Shelton,Mariano Navone,P2,2.8700408381755254,False,P1,0.6961927775691934,0.3038072224308066,1.3290816326530615,4.038759689922481,-2.8700408381755254,765.5173394319887,Hard
2025-03-03,43425,Jack Draper,Joao Fonseca,P1,15.310346788639775,True,P1,0.7853688303028951,0.21463116969710494,1.6451612903225807,2.55,9.877643089445018,775.3949825214337,Hard
2025-03-03,43426,Grigor Dimitrov,Nuno Borges,P1,13.414593711263425,True,P1,0.6267614106283503,0.37323858937164966,2.329411764705882,1.752212389380531,17.833518698503138,793.2285012199368,Hard
2025-03-03,43427,Jenson Brooksby,Felix Auger-Aliassime,P1,2.2234976802057798,True,P1,0.29573373652600576,0.7042662634739942,3.938461538461538,1.3403141361256545,6.533662414143136,799.7621636340799,Hard
2025-03-03,43428,Hubert Hurkacz,Hugo Gaston,P1,8.376783979115597,True,P1,0.8202070696092921,0.17979293039070787,1.294392523364486,4.396825396825396,2.46606257329104,802.228226207371,Hard
2025-03-03,43429,Karen Khachanov,Jakub Mensik,P1,6.736427117991629,True,P1,0.6231395365999957,0.37686046340000434,1.8279069767441858,2.207865168539326,5.577135009313998,807.805361216685,Hard
2025-03-03,43430,Gael Monfils,Sebastian Korda,P1,0.34476542898200807,True,P1,0.5571124626761086,0.4428875373238914,1.8073394495412844,2.2386363636363638,0.2783427316551992,808.0837039483403,Hard
2025-03-03,43431,Francisco Cerundolo,Mackenzie McDonald,P1,8.253070521278259,True,P1,0.638670336441033,0.361329663558967,1.8317757009345794,2.202247191011236,6.8647035176987385,814.948407466039,Hard
2025-03-03,43432,Denis Shapovalov,Adam Walton,P1,15.695304369972877,True,P1,0.8435891967165975,0.1564108032834025,1.341207349081365,3.930769230769231,5.355353197103608,820.3037606631426,Hard
2025-03-03,43433,Alejandro Tabilo,Dusan Lajovic,P2,5.000780740521482,False,P1,0.4087202877713286,0.5912797122286714,2.1483516483516483,1.8708133971291872,-5.000780740521482,815.3029799226211,Hard
2025-03-03,43434,Brandon Nakashima,Rinky Hijikata,P2,1.5088914991876892,False,P1,0.7407582676653739,0.2592417323346261,1.2999999999999998,4.333333333333333,-1.5088914991876892,813.7940884234334,Hard
2025-03-03,43435,Tallon Griekspoor,Alexander Zverev,P1,1.821094147961171,True,P1,0.29157420946612905,0.7084257905338709,3.870229007633588,1.3484042553191489,5.226957249109927,819.0210456725433,Hard
2025-03-03,43436,Marcos Giron,Casper Ruud,P1,5.404714444782726,True,P1,0.47619474748790575,0.5238052525120942,2.5217391304347827,1.6571428571428568,8.224565459451973,827.2456111319952,Hard
2025-03-03,43437,Daniil Medvedev,Yunchaokete Bu,P2,0.9474582607383625,False,P1,0.7637844845003257,0.23621551549967434,1.2792792792792793,4.580645161290324,-0.9474582607383625,826.2981528712569,Hard
2025-03-03,43438,Stefanos Tsitsipas,Thiago Seyboth Wild,P1,7.104564915542254,True,P1,0.8089141444098785,0.19108585559012148,1.2999999999999998,4.333333333333333,2.1313694746626752,828.4295223459195,Hard
2025-03-03,43440,Holger Rune,Corentin Moutet,P1,0.06523096432072457,True,P1,0.6900675685857307,0.3099324314142693,1.45016077170418,3.2214285714285715,0.029364421237625206,828.4588867671571,Hard
2025-03-03,43441,Lorenzo Musetti,Roman Safiullin,P1,4.3803955003070065,True,P1,0.571217653716471,0.42878234628352896,1.9211822660098525,2.085561497326203,4.03514265299217,832.4940294201492,Hard
2025-03-03,43442,Frances Tiafoe,Damir Dzumhur,P2,2.184800312458376,False,P1,0.7250830653317488,0.2749169346682512,1.3067632850241546,4.259842519685039,-2.184800312458376,830.3092291076908,Hard
2025-03-03,43443,Ugo Humbert,Kei Nishikori,P1,0.6476480295831747,True,P1,0.705104359635365,0.294895640364635,1.4276923076923078,3.3381294964028783,0.27699408034480405,830.5862231880357,Hard
2025-03-03,43445,Arthur Fils,Gabriel Diallo,P1,5.714934409582351,True,P1,0.6381437573609945,0.3618562426390055,1.722943722943723,2.3832335329341316,4.131575958442652,834.7177991464783,Hard
2025-03-03,43446,Cameron Norrie,Jiri Lehecka,P2,11.063199929939758,False,P1,0.29725197262360936,0.7027480273763906,2.4723926380368098,1.6791666666666667,-11.063199929939758,823.6545992165386,Hard
2025-03-03,43447,Alexei Popyrin,Zizou Bergs,P2,1.11508907796095,False,P1,0.4927144115875419,0.5072855884124581,1.9746192893401011,2.0260416666666665,-1.11508907796095,822.5395101385776,Hard
2025-03-03,43448,Matteo Berrettini,Christopher O'Connell,P2,1.6150275117442832,False,P1,0.7607816715960647,0.2392183284039353,1.262820512820513,4.8048780487804885,-1.6150275117442832,820.9244826268333,Hard
2025-03-03,43451,Carlos Alcaraz,Denis Shapovalov,P2,2.971935959911667,False,P1,0.7675716216771671,0.23242837832283292,1.2084805653710247,5.796610169491526,-2.971935959911667,817.9525466669216,Hard
2025-03-03,43452,Taylor Fritz,Alejandro Tabilo,P1,4.965509723523541,True,P1,0.8687824833008024,0.13121751669919757,1.1755725190839694,6.695652173913044,0.8718070506949726,818.8243537176166,Hard
2025-03-03,43453,Alex de Minaur,Hubert Hurkacz,P1,2.3714646232048335,True,P1,0.6592489785450271,0.34075102145497294,1.5666666666666667,2.7647058823529416,1.3438299531494056,820.1681836707661,Hard
2025-03-03,43454,Ben Shelton,Karen Khachanov,P2,7.651244697740488,False,P1,0.46217189947808834,0.5378281005219117,1.7599999999999998,2.3157894736842106,-7.651244697740488,812.5169389730256,Hard
2025-03-03,43455,Jack Draper,Jenson Brooksby,P2,2.690664899801668,False,P1,0.7384402681391292,0.2615597318608708,1.2645161290322582,4.7804878048780495,-2.690664899801668,809.826274073224,Hard
2025-03-03,43456,Grigor Dimitrov,Gael Monfils,P2,0.377103617140159,False,P1,0.48264228820993965,0.5173577117900603,2.052631578947368,1.9499999999999997,-0.377103617140159,809.4491704560838,Hard
2025-03-03,43457,Francisco Cerundolo,Botic Van De Zandschulp,P1,2.926679829107023,True,P1,0.6117199250736554,0.38828007492634464,1.7198275862068966,2.389221556886228,2.106704876986521,811.5558753330704,Hard
2025-03-03,43458,Brandon Nakashima,Matteo Arnaldi,P1,7.117781154392923,True,P1,0.5803241402562735,0.41967585974372645,2.036458333333334,1.964824120603015,7.3772835923135025,818.9331589253839,Hard
2025-03-03,43460,Stefanos Tsitsipas,Matteo Berrettini,P1,1.5857703131060494,True,P1,0.5009251284467453,0.4990748715532547,2.079787234042553,1.9261083743842367,1.7122945402155743,820.6454534655994,Hard
2025-03-03,43461,Tommy Paul,Cameron Norrie,P2,1.201341850802188,False,P1,0.7218676507342139,0.2781323492657861,1.344736842105263,3.9007633587786255,-1.201341850802188,819.4441116147972,Hard
2025-03-03,43462,Holger Rune,Ugo Humbert,P2,9.881110019228474,False,P1,0.36486127743278607,0.6351387225672139,2.079787234042553,1.9261083743842367,-9.881110019228474,809.5630015955687,Hard
2025-03-03,43463,Arthur Fils,Lorenzo Musetti,P2,4.272280346133457,False,P1,0.4847807667986444,0.5152192332013557,1.8450704225352113,2.183333333333333,-4.272280346133457,805.2907212494353,Hard
2025-03-03,43464,Yosuke Watanuki,Frances Tiafoe,P1,2.1796796552700255,True,P1,0.3533792042512161,0.646620795748784,3.1608391608391604,1.4627831715210353,4.709937157191872,810.0006584066272,Hard
2025-03-03,43465,Marcos Giron,Alexei Popyrin,P2,0.17455036360612597,False,P1,0.5509148368530615,0.44908516314693847,1.8073394495412844,2.2386363636363638,-0.17455036360612597,809.826108043021,Hard
2025-03-03,43466,Tallon Griekspoor,Giovanni Mpetshi Perricard,P1,5.496813492449649,True,P1,0.6255655027056992,0.3744344972943008,1.7644444444444443,2.308139534883721,4.202008536450397,814.0281165794714,Hard
2025-03-03,43467,Carlos Alcaraz,Grigor Dimitrov,P2,4.773546868820072,False,P1,0.7733546091555834,0.2266453908444166,1.1414141414141414,8.071428571428571,-4.773546868820072,809.2545697106514,Hard
2025-03-03,43468,Jack Draper,Taylor Fritz,P2,4.63203742547824,False,P1,0.46986953503193607,0.5301304649680639,1.8846153846153846,2.1304347826086953,-4.63203742547824,804.6225322851732,Hard
2025-03-03,43469,Francisco Cerundolo,Alex de Minaur,P1,1.6719422057434792,True,P1,0.27440016257476063,0.7255998374252394,4.116279069767441,1.3208955223880599,5.210238501619213,809.8327707867924,Hard
2025-03-03,43470,Ben Shelton,Brandon Nakashima,P2,7.754028360204739,False,P1,0.4999438679493058,0.5000561320506942,1.6171874999999998,2.6202531645569613,-7.754028360204739,802.0787424265876,Hard
2025-03-03,43471,Daniil Medvedev,Tommy Paul,P1,2.969636096639622,True,P1,0.5618899518063408,0.4381100481936592,1.898058252427185,2.1135135135135137,2.666906203292866,804.7456486298805,Hard
2025-03-03,43472,Holger Rune,Stefanos Tsitsipas,P2,3.4511854470826173,False,P1,0.36929453820337155,0.6307054617966285,2.475609756097561,1.6776859504132233,-3.4511854470826173,801.2944631827979,Hard
2025-03-03,43473,Arthur Fils,Marcos Giron,P2,10.003071949624527,False,P1,0.4524031596304381,0.5475968403695619,1.6585365853658534,2.518518518518518,-10.003071949624527,791.2913912331734,Hard
2025-03-03,43474,Tallon Griekspoor,Yosuke Watanuki,P1,6.296346697272036,True,P1,0.7253951590473844,0.2746048409526156,1.4849498327759196,3.0620689655172413,3.053412277941288,794.3448035111147,Hard
2025-03-03,43475,Carlos Alcaraz,Francisco Cerundolo,P2,3.3780909004494024,False,P1,0.8309207869996573,0.16907921300034268,1.101123595505618,10.888888888888888,-3.3780909004494024,790.9667126106654,Hard
2025-03-03,43476,Daniil Medvedev,Arthur Fils,P1,4.359178379504112,True,P1,0.7404036388741392,0.2595963611258608,1.4119402985074627,3.427536231884058,1.7957212429002014,792.7624338535655,Hard
2025-03-03,43477,Jack Draper,Ben Shelton,P1,3.2344095319886934,True,P1,0.6678122075178872,0.33218779248211283,1.5666666666666667,2.7647058823529416,1.8328320681269261,794.5952659216924,Hard
2025-03-03,43478,Holger Rune,Tallon Griekspoor,P2,10.068710909803588,False,P1,0.44757518043916905,0.552424819560831,1.668032786885246,2.4969325153374236,-10.068710909803588,784.5265550118888,Hard
2025-03-03,43479,Jack Draper,Carlos Alcaraz,P1,5.803686099227781,True,P1,0.3741457400028907,0.6258542599971093,3.7669172932330826,1.3614130434782608,16.0583194324498,800.5848744443387,Hard
2025-03-03,43480,Holger Rune,Daniil Medvedev,P2,6.435975882899842,False,P1,0.3124535353456238,0.6875464646543762,2.6858974358974357,1.5931558935361219,-6.435975882899842,794.1488985614388,Hard
2025-03-03,43481,Jack Draper,Holger Rune,P1,8.494829327403103,True,P1,0.7059326790610414,0.2940673209389586,1.5977011494252877,2.673076923076923,5.077369253160478,799.2262678145993,Hard
2025-03-17,43482,Matteo Arnaldi,Yibing Wu,P2,6.54610351040722,False,P1,0.6485343614434087,0.3514656385565913,1.2893518518518519,4.456,-6.54610351040722,792.6801643041921,Hard
2025-03-17,43483,Zizou Bergs,Nuno Borges,P1,2.2660023039831003,True,P1,0.4912111024980822,0.5087888975019178,2.1722222222222225,1.8530805687203793,2.656258256335746,795.3364225605278,Hard
2025-03-17,43484,Yunchaokete Bu,Cameron Norrie,P2,0.8781840959700085,False,P1,0.41629198014301433,0.5837080198569857,2.3491124260355027,1.7412280701754383,-0.8781840959700085,794.4582384645578,Hard
2025-03-17,43485,Luciano Darderi,Pedro Martinez,P1,1.4689775447616606,True,P1,0.3989830799788944,0.6010169200211056,2.66025641025641,1.6023166023166024,2.4388793852132697,796.897117849771,Hard
2025-03-17,43486,Alejandro Davidovich Fokina,Jan-Lennard Struff,P1,3.726365745959778,True,P1,0.6311106401199833,0.3688893598800167,1.686192468619247,2.457317073170732,2.557004110198342,799.4541219599694,Hard
2025-03-17,43487,Gabriel Diallo,Tomas Martin Etcheverry,P2,4.827611294891844,False,P1,0.42030246022059087,0.5796975397794091,2.0918918918918914,1.9158415841584158,-4.827611294891844,794.6265106650775,Hard
2025-03-17,43488,Jacob Fearnley,Benjamin Bonzi,P2,10.424278424528525,False,P1,0.4849239133083614,0.5150760866916386,1.5211267605633803,2.918918918918919,-10.424278424528525,784.2022322405489,Hard
2025-03-17,43489,Joao Fonseca,Learner Tien,P2,9.104432597279848,False,P1,0.5493492776775445,0.4506507223224555,1.3976608187134503,3.514705882352941,-9.104432597279848,775.0977996432691,Hard
2025-03-17,43491,Jakub Mensik,Roberto Bautista Agut,P2,2.843142058531676,False,P1,0.6240622253985231,0.3759377746014769,1.4848484848484849,3.0625000000000004,-2.843142058531676,772.2546575847374,Hard
2025-03-17,43492,Reilly Opelka,Christopher Eubanks,P1,3.134948905613114,True,P1,0.6387968594097865,0.3612031405902135,1.6477732793522268,2.54375,2.0307361331906812,774.2853937179281,Hard
2025-03-17,43493,Roman Safiullin,Jenson Brooksby,P2,6.932573560815501,False,P1,0.4284029339257277,0.5715970660742723,1.9162561576354682,2.0913978494623655,-6.932573560815501,767.3528201571125,Hard
2025-03-17,43494,Lorenzo Sonego,Mariano Navone,P2,2.7316959913702656,False,P1,0.5912564350171681,0.40874356498283193,1.5708955223880594,2.7516339869281046,-2.7316959913702656,764.6211241657422,Hard
2025-03-17,43495,Jordan Thompson,Marcos Giron,P1,2.7713946290490594,True,P1,0.41807707490683294,0.581922925093167,2.6838709677419352,1.5938697318007664,4.666670956011641,769.2877951217539,Hard
2025-03-17,43496,Thiago Agustin Tirante,Flavio Cobolli,P2,5.464277982315384,False,P1,0.35515691883754835,0.6448430811624517,2.41566265060241,1.7063829787234042,-5.464277982315384,763.8235171394385,Hard
2025-03-17,43497,Coleman Wong,Daniel Altmaier,P1,8.248249070540062,True,P1,0.44092563773132587,0.5590743622686741,3.485294117647059,1.4023668639053255,20.499324895901037,784.3228420353396,Hard
2025-03-17,43498,Alexander Bublik,Sebastian Baez,P2,11.95893493929285,False,P1,0.43756218632044364,0.5624378136795564,1.5884615384615381,2.699346405228758,-11.95893493929285,772.3639070960468,Hard
2025-03-17,43499,Roberto Carballes Baena,Christopher O'Connell,P1,1.9763083564986705,True,P1,0.40756328591435964,0.5924367140856404,2.6623376623376624,1.6015625,3.2852918134003875,775.6491989094471,Hard
2025-03-17,43501,David Goffin,Aleksandar Vukic,P2,4.282254485286369,False,P1,0.5275688969733514,0.4724311030266486,1.686192468619247,2.457317073170732,-4.282254485286369,771.3669444241608,Hard
2025-03-17,43502,Quentin Halys,Thiago Seyboth Wild,P2,0.6084771287753958,False,P1,0.5836957672425296,0.4163042327574704,1.686192468619247,2.457317073170732,-0.6084771287753958,770.7584672953855,Hard
2025-03-17,43503,Rinky Hijikata,Hamad Medjedovic,P2,2.7999384460748846,False,P1,0.2892826787004489,0.7107173212995511,3.2056737588652484,1.4533762057877813,-2.7999384460748846,767.9585288493106,Hard
2025-03-17,43504,Miomir Kecmanovic,Aleksandar Kovacevic,P1,6.196134983064825,True,P1,0.6719281742621225,0.3280718257378775,1.6425702811244978,2.5562500000000004,3.9814521979533,771.9399810472639,Hard
2025-03-17,43505,Nick Kyrgios,Mackenzie McDonald,P1,15.438799620945279,True,P1,0.7725922317074969,0.2274077682925031,3.069444444444444,1.483221476510067,31.9497381044562,803.8897191517201,Hard
2025-03-17,43506,Gael Monfils,Fabian Marozsan,P1,5.211061499661718,True,P1,0.7098820594874675,0.2901179405125325,1.4999999999999998,2.9999999999999996,2.6055307498308578,806.495249901551,Hard
2025-03-17,43509,Jaume Munar,Arthur Rinderknech,P2,1.5165770287425473,False,P1,0.5639946815630164,0.43600531843698365,1.7063829787234042,2.41566265060241,-1.5165770287425473,804.9786728728085,Hard
2025-03-17,43512,Chun-Hsin Tseng,Mattia Bellucci,P2,3.1885208779714254,False,P1,0.311160134952778,0.688839865047222,2.9591836734693877,1.5104166666666667,-3.1885208779714254,801.7901519948371,Hard
2025-03-17,43513,Camilo Ugo Carabelli,Brandon Holt,P1,13.154482564638363,True,P1,0.6069547722347928,0.39304522776520723,2.4096385542168677,1.7094017094017095,18.543065783887815,820.3332177787249,Hard
2025-03-17,43514,Alexander Zverev,Jacob Fearnley,P1,6.814463560759123,True,P1,0.8553005765269428,0.1446994234730572,1.2099644128113878,5.76271186440678,1.430794840159388,821.7640126188843,Hard
2025-03-17,43515,Taylor Fritz,Lorenzo Sonego,P2,0.7859413536328016,False,P1,0.8210668838664037,0.1789331161335963,1.1946308724832213,6.137931034482758,-0.7859413536328016,820.9780712652515,Hard
2025-03-17,43516,Jakub Mensik,Jack Draper,P2,12.04841599261379,False,P1,0.17973232416494878,0.8202676758350512,3.930769230769231,1.341207349081365,-12.04841599261379,808.9296552726378,Hard
2025-03-17,43517,Zizou Bergs,Andrey Rublev,P1,7.797756976005139,True,P1,0.4088053843862252,0.5911946156137748,3.7368421052631584,1.3653846153846154,21.341229618540382,830.2708848911782,Hard
2025-03-17,43518,Alex de Minaur,Yunchaokete Bu,P2,1.5389748364701359,False,P1,0.7910289013737377,0.20897109862626229,1.2173112338858196,5.601694915254238,-1.5389748364701359,828.731910054708,Hard
2025-03-17,43519,Reilly Opelka,Holger Rune,P2,1.7613417783701837,False,P1,0.3198947154175127,0.6801052845824873,2.9931506849315066,1.5017182130584192,-1.7613417783701837,826.9705682763379,Hard
2025-03-17,43520,Coleman Wong,Ben Shelton,P1,4.235631380252436,True,P1,0.21313669480227093,0.7868633051977291,8.108108108108109,1.140684410646388,30.107325756929484,857.0778940332674,Hard
2025-03-17,43521,Frances Tiafoe,Alejandro Davidovich Fokina,P1,0.5573671468280308,True,P1,0.4575301357276654,0.5424698642723347,2.2203389830508478,1.8194444444444444,0.6801768571460717,857.7580708904135,Hard
2025-03-17,43523,Joao Fonseca,Ugo Humbert,P2,17.15516141780827,False,P1,0.24122638189865037,0.7587736181013496,2.3431952662721893,1.7444933920704846,-17.15516141780827,840.6029094726052,Hard
2025-03-17,43524,Tomas Machac,Matteo Arnaldi,P2,0.12661226540643866,False,P1,0.6361730300531321,0.3638269699468679,1.5671641791044775,2.7631578947368425,-0.12661226540643866,840.4762972071987,Hard
2025-03-17,43525,Roman Safiullin,Alexei Popyrin,P2,3.5966935643160314,False,P1,0.43141534926221925,0.5685846507377808,2.119565217391304,1.8932038834951457,-3.5966935643160314,836.8796036428827,Hard
2025-03-17,43526,Denis Shapovalov,Thiago Agustin Tirante,P2,1.6640708290248785,False,P1,0.76267968524229,0.23732031475770998,1.2590233545647558,4.860655737704918,-1.6640708290248785,835.2155328138577,Hard
2025-03-17,43527,Jordan Thompson,Giovanni Mpetshi Perricard,P1,2.4857349982929597,True,P1,0.5333881164888776,0.46661188351112237,1.9846938775510201,2.0155440414507773,2.447688034033373,837.6632208478911,Hard
2025-03-17,43528,Matteo Berrettini,Hugo Gaston,P2,1.469110733659261,False,P1,0.8183367870164846,0.1816632129835154,1.179127725856698,6.5826086956521745,-1.469110733659261,836.1941101142319,Hard
2025-03-17,43529,Adam Walton,Luciano Darderi,P2,8.565072759517232,False,P1,0.48690147338405587,0.5130985266159441,1.6330645161290323,2.579617834394904,-8.565072759517232,827.6290373547147,Hard
2025-03-17,43530,David Goffin,Carlos Alcaraz,P1,2.347857022699795,True,P1,0.10900085117773527,0.8909991488222647,18.04807692307692,1.0586576424139875,40.02644712737246,867.6554844820871,Hard
2025-03-17,43531,Novak Djokovic,Rinky Hijikata,P1,11.665043943770621,True,P1,0.9104264963035364,0.08957350369646355,1.139622641509434,8.162162162162161,1.628704248752879,869.28418873084,Hard
2025-03-17,43532,Casper Ruud,Miomir Kecmanovic,P2,0.727683317611931,False,P1,0.5490272386889459,0.4509727613110541,1.7909090909090908,2.264367816091954,-0.727683317611931,868.5565054132281,Hard
2025-03-17,43533,Jaume Munar,Daniil Medvedev,P2,3.5405981548914927,False,P1,0.1642116012559488,0.8357883987440512,5.593220338983051,1.2177121771217714,-3.5405981548914927,865.0159072583366,Hard
2025-03-17,43534,Stefanos Tsitsipas,Chun-Hsin Tseng,P1,0.03812657903463075,True,P1,0.8771847719534069,0.12281522804659306,1.1401515151515151,8.135135135135133,0.005343497819247491,865.0212507561558,Hard
2025-03-17,43535,Tommy Paul,Alexander Bublik,P1,7.265008251119235,True,P1,0.8129435572707452,0.1870564427292548,1.2900232018561486,4.448,2.107020954500939,867.1282717106568,Hard
2025-03-17,43537,Lorenzo Musetti,Quentin Halys,P1,3.4824335129424697,True,P1,0.6424720050499242,0.3575279949500758,1.6360000000000001,2.5723270440251573,2.214827714231411,869.3430994248882,Hard
2025-03-17,43539,Karen Khachanov,Nick Kyrgios,P2,17.386861988497767,False,P1,0.3841636365594254,0.6158363634405746,1.438871473354232,3.278571428571428,-17.386861988497767,851.9562374363904,Hard
2025-03-17,43540,Francisco Cerundolo,Alexandre Muller,P1,2.252063731817676,True,P1,0.6387467422300104,0.3612532577699896,1.616600790513834,2.6217948717948714,1.388624277326314,853.3448617137168,Hard
2025-03-17,43542,Gael Monfils,Jiri Lehecka,P1,7.824178018765997,True,P1,0.5440174438687322,0.4559825561312678,2.264367816091954,1.7909090909090908,9.892638874301834,863.2375005880186,Hard
2025-03-17,43543,Alejandro Tabilo,Corentin Moutet,P1,2.2981273980850614,True,P1,0.4655025249947972,0.5344974750052027,2.296511627906977,1.7713004484304933,2.979548894028888,866.2170494820475,Hard
2025-03-17,43544,Brandon Nakashima,Roberto Carballes Baena,P2,0.6897428614279298,False,P1,0.7227107187487458,0.2772892812512542,1.3616438356164382,3.7651515151515156,-0.6897428614279298,865.5273066206196,Hard
2025-03-17,43545,Camilo Ugo Carabelli,Alex Michelsen,P1,6.776703999703756,True,P1,0.32582794542001053,0.6741720545799894,4.983606557377049,1.251028806584362,26.99572249062316,892.5230291112427,Hard
2025-03-17,43546,Alexander Zverev,Jordan Thompson,P2,4.194576217964056,False,P1,0.7438788729242873,0.25612112707571266,1.2179487179487178,5.588235294117647,-4.194576217964056,888.3284528932787,Hard
2025-03-17,43547,Taylor Fritz,Denis Shapovalov,P1,3.307194889170957,True,P1,0.7004990373149401,0.2995009626850599,1.4784053156146177,3.0902777777777772,1.5821796147528824,889.9106325080317,Hard
2025-03-17,43548,Alex de Minaur,Joao Fonseca,P1,17.798212650160632,True,P1,0.7804412334200136,0.2195587665799864,1.8119266055045873,2.2316384180790965,14.450842381093727,904.3614748891254,Hard
2025-03-17,43549,Arthur Fils,Frances Tiafoe,P1,2.368810470431819,True,P1,0.5516406070063739,0.44835939299362615,1.898058252427185,2.1135135135135137,2.1273297914072176,906.4888046805326,Hard
2025-03-17,43550,Tomas Machac,Reilly Opelka,P1,0.9881418457492167,True,P1,0.6453451020969423,0.3546548979030577,1.5687732342007437,2.758169934640523,0.5620286334558744,907.0508333139884,Hard
2025-03-17,43551,Matteo Berrettini,Zizou Bergs,P2,1.1748401659051066,False,P1,0.6735539199510718,0.32644608004892817,1.4462025316455696,3.24113475177305,-1.1748401659051066,905.8759931480832,Hard
2025-03-17,43552,Jakub Mensik,Roman Safiullin,P2,3.1825911095159265,False,P1,0.5888318551779838,0.41116814482201625,1.5789473684210527,2.7272727272727275,-3.1825911095159265,902.6934020385673,Hard
2025-03-17,43553,Adam Walton,Coleman Wong,P2,18.05386804077135,False,P1,0.36687259949264706,0.6331274005073529,1.5893536121673004,2.6967741935483867,-18.05386804077135,884.639533997796,Hard
2025-03-17,43554,Novak Djokovic,Camilo Ugo Carabelli,P1,10.584765233709012,True,P1,0.9267123371275552,0.07328766287244481,1.106614017769003,10.37962962962963,1.128484348707377,885.7680183465034,Hard
2025-03-17,43555,Casper Ruud,Alejandro Tabilo,P1,1.3090639648978162,True,P1,0.7174661704053451,0.2825338295946549,1.4107142857142858,3.4347826086956528,0.5376512712973175,886.3056696178007,Hard
2025-03-17,43556,Sebastian Korda,Stefanos Tsitsipas,P2,0.9009543339016208,False,P1,0.4139103402669738,0.5860896597330262,2.3668639053254434,1.7316017316017311,-0.9009543339016208,885.4047152838991,Hard
2025-03-17,43557,Francisco Cerundolo,Tommy Paul,P1,2.2033359830190973,True,P1,0.39265969072071427,0.6073403092792857,2.7712418300653594,1.5645756457564575,3.9026408588116035,889.3073561427108,Hard
2025-03-17,43558,Grigor Dimitrov,Karen Khachanov,P2,2.6667891699699773,False,P1,0.5081863625914381,0.4918136374085619,1.8497652582159625,2.1767955801104972,-2.6667891699699773,886.6405669727408,Hard
2025-03-17,43559,Lorenzo Musetti,Felix Auger-Aliassime,P1,7.37127191325089,True,P1,0.48881044961454834,0.5111895503854517,2.5849056603773586,1.6309523809523812,11.682770579491978,898.3233375522327,Hard
2025-03-17,43560,Brandon Nakashima,David Goffin,P2,3.4134851603871548,False,P1,0.6103507345348469,0.3896492654651531,1.5138888888888888,2.9459459459459456,-3.4134851603871548,894.9098523918456,Hard
2025-03-17,43561,Gael Monfils,Jaume Munar,P1,12.05017946025554,True,P1,0.7409977386780069,0.2590022613219931,1.5490909090909089,2.821192052980132,6.616643994540312,901.5264963863859,Hard
2025-03-17,43562,Arthur Fils,Alexander Zverev,P1,1.2697790254195989,True,P1,0.2753080648586488,0.7246919351413512,3.932330827067668,1.341025641025641,3.7234121798018296,905.2499085661877,Hard
2025-03-17,43563,Taylor Fritz,Adam Walton,P1,9.667092264493789,True,P1,0.9231370763561095,0.07686292364389047,1.1083249749247743,10.231481481481481,1.0471875271467697,906.2970960933345,Hard
2025-03-17,43564,Novak Djokovic,Lorenzo Musetti,P1,10.714589286602195,True,P1,0.7928825511018358,0.2071174488981642,1.372222222222222,3.686567164179104,3.988208234457481,910.285304327792,Hard
2025-03-17,43565,Francisco Cerundolo,Casper Ruud,P2,3.065739992614056,False,P1,0.5147240590902739,0.48527594090972614,1.8119266055045873,2.2316384180790965,-3.065739992614056,907.2195643351779,Hard
2025-03-17,43566,Matteo Berrettini,Alex de Minaur,P2,1.0554484812736893,False,P1,0.3999027770196246,0.6000972229803754,2.4424242424242424,1.6932773109243697,-1.0554484812736893,906.1641158539041,Hard
2025-03-17,43567,Grigor Dimitrov,Brandon Nakashima,P2,2.7336302428062056,False,P1,0.5469696975417995,0.45303030245820053,1.7179487179487178,2.392857142857143,-2.7336302428062056,903.430485611098,Hard
2025-03-17,43569,Sebastian Korda,Gael Monfils,P2,11.25652698055352,False,P1,0.41816976260290256,0.5818302373970974,1.7954545454545456,2.257142857142857,-11.25652698055352,892.1739586305445,Hard
2025-03-17,43570,Taylor Fritz,Matteo Berrettini,P2,1.9989922649480967,False,P1,0.6301589379214594,0.3698410620785406,1.5157894736842106,2.938775510204082,-1.9989922649480967,890.1749663655963,Hard
2025-03-17,43571,Novak Djokovic,Sebastian Korda,P2,0.020888284754299297,False,P1,0.7730183414026899,0.22698165859731012,1.2930232558139536,4.412698412698413,-0.020888284754299297,890.154078080842,Hard
2025-03-17,43572,Jakub Mensik,Arthur Fils,P2,3.4360022669608696,False,P1,0.4507794570456137,0.5492205429543864,2.0471204188481673,1.9549999999999998,-3.4360022669608696,886.7180758138812,Hard
2025-03-17,43573,Grigor Dimitrov,Francisco Cerundolo,P2,0.9526222534631242,False,P1,0.5080262039257547,0.4919737960742453,1.9261083743842367,2.079787234042553,-0.9526222534631242,885.7654535604181,Hard
2025-03-17,43574,Jakub Mensik,Taylor Fritz,P2,1.6929543896780204,False,P1,0.27623284322186037,0.7237671567781396,3.4817518248175183,1.4029411764705884,-1.6929543896780204,884.0724991707401,Hard
2025-03-17,43575,Novak Djokovic,Grigor Dimitrov,P1,1.3223369994104126,True,P1,0.775590461765733,0.22440953823426701,1.3009478672985784,4.322834645669291,0.39795449982256514,884.4704536705627,Hard
2025-03-17,43576,Jakub Mensik,Novak Djokovic,P2,9.874148286050378,False,P1,0.18066606105546817,0.8193339389445318,4.299212598425197,1.3031026252983295,-9.874148286050378,874.5963053845123,Hard
2025-03-31,43577,Ethan Quinn,Jordan Thompson,P2,14.702923374858557,False,P1,0.2638722653799215,0.7361277346200785,2.515527950310559,1.6598360655737707,-14.702923374858557,859.8933820096538,Clay
2025-03-31,43631,Roberto Bautista Agut,Yunchaokete Bu,P2,4.315571069771282,False,P1,0.49216149928149855,0.5078385007185015,1.8279069767441858,2.207865168539326,-4.315571069771282,855.5778109398825,Clay
2025-03-31,43632,Camilo Ugo Carabelli,Radu Albot,P2,8.740754341364974,False,P1,0.6143827285954673,0.3856172714045327,1.2950819672131146,4.388888888888888,-8.740754341364974,846.8370565985175,Clay
2025-03-31,43605,Vit Kopriva,Borna Gojo,P2,16.93674113197035,False,P1,0.3221773417509253,0.6778226582490747,1.7051282051282053,2.4181818181818184,-16.93674113197035,829.9003154665471,Clay
2025-03-31,43578,Kei Nishikori,Mitchell Krueger,P1,5.782009593066667,True,P1,0.8021115432864618,0.19788845671353816,1.2985781990521326,4.349206349206349,1.7263820111999995,831.6266974777471,Clay
2025-03-31,43579,Christopher Eubanks,Rinky Hijikata,P1,2.3773624109209126,True,P1,0.5285868938326685,0.47141310616733145,2.0,2.0,2.3773624109209126,834.004059888668,Clay
2025-03-31,43606,Kamil Majchrzak,Jaume Munar,P2,7.0060355354717645,False,P1,0.2661624684384169,0.733837531561583,3.125874125874126,1.470394736842105,-7.0060355354717645,826.9980243531963,Clay
2025-03-31,43633,Francisco Comesana,Martin Klizan,P1,16.539960487063926,True,P1,0.8937043821086954,0.1062956178913046,1.3616438356164382,3.7651515151515156,5.9815747514861295,832.9795991046825,Clay
2025-03-31,43634,Gabriel Diallo,Chun-Hsin Tseng,P1,10.986978429954693,True,P1,0.5719335207161653,0.4280664792838347,2.389221556886228,1.7198275862068966,15.263347279937062,848.2429463846196,Clay
2025-03-31,43607,Mattia Bellucci,Pavel Kotov,P1,4.272840364398726,True,P1,0.5180919124382017,0.48190808756179826,2.154696132596685,1.8660287081339713,4.933832243974219,853.1767786285938,Clay
2025-03-31,43580,Adrian Mannarino,Yannick Hanfmann,P2,7.705059414695249,False,P1,0.28160060318465474,0.7183993968153453,2.909722222222222,1.5236363636363635,-7.705059414695249,845.4717192138985,Clay
2025-03-31,43635,Damir Dzumhur,Valentin Vacherot,P2,8.444819602658065,False,P1,0.4709607359042003,0.5290392640957997,1.6991525423728815,2.43030303030303,-8.444819602658065,837.0268996112404,Clay
2025-03-31,43581,Mackenzie McDonald,Daniel Elahi Galan,P1,13.802640726431264,True,P1,0.6079339386514946,0.3920660613485054,2.4096385542168677,1.7094017094017095,19.456734517981424,856.4836341292219,Clay
2025-03-31,43636,Marton Fucsovics,Luca Nardi,P1,15.115891712641814,True,P1,0.7595844540426677,0.24041554595733228,1.5912698412698414,2.691275167785235,8.937570893585836,865.4212050228077,Clay
2025-03-31,43609,Jesper de Jong,Elliot Benchetrit,P2,15.958990696142724,False,P1,0.5692146382553819,0.4307853617446181,1.1088709677419355,10.185185185185183,-15.958990696142724,849.462214326665,Clay
2025-03-31,43583,Adam Walton,Michael Mmoh,P1,0.7943121397493267,True,P1,0.4364331203076398,0.5635668796923602,2.3491124260355027,1.7412280701754383,1.0716163778866654,850.5338307045517,Clay
2025-03-31,43610,Hugo Gaston,Juan Manuel Cerundolo,P1,11.94823581378125,True,P1,0.6220422927886313,0.3779577072113687,2.108108108108108,1.9024390243902443,13.23993698283868,863.7737676873904,Clay
2025-03-31,43637,Filip Misolic,Alexander Shevchenko,P2,3.3229316166197487,False,P1,0.48407267007816923,0.5159273299218308,1.9068627450980393,2.1027027027027025,-3.3229316166197487,860.4508360707707,Clay
2025-03-31,43611,Pierre-Hugues Herbert,Federico Coria,P1,6.513113371553223,True,P1,0.47841432800089934,0.5215856719991007,2.5949367088607596,1.626984126984127,10.388003605262103,870.8388396760329,Clay
2025-03-31,43638,Christopher O'Connell,Dusan Lajovic,P2,1.4071991317767325,False,P1,0.3981732908716714,0.6018267091283286,2.43030303030303,1.6991525423728815,-1.4071991317767325,869.4316405442562,Clay
2025-03-31,43584,Alex Michelsen,Learner Tien,P1,9.835235034512507,True,P1,0.608149862557871,0.39185013744212904,2.0260416666666665,1.9746192893401011,10.091360946869603,879.5230014911258,Clay
2025-03-31,43585,Aleksandar Kovacevic,Tomas Martin Etcheverry,P1,6.59723349746776,True,P1,0.3880838157705174,0.6119161842294826,3.5703703703703704,1.3890489913544668,16.95733350830602,896.4803349994318,Clay
2025-03-31,43639,Stan Wawrinka,Timofey Skatov,P2,1.261917358911739,False,P1,0.5753722786217037,0.4246277213782963,1.6890756302521008,2.451219512195122,-1.261917358911739,895.21841764052,Clay
2025-03-31,43612,Otto Virtanen,Daniel Altmaier,P1,11.029995422634876,True,P1,0.44229114581175133,0.5577088541882487,3.847328244274809,1.351206434316354,31.40601750109014,926.6244351416101,Clay
2025-03-31,43640,Mariano Navone,Laslo Djere,P2,0.019143710045750995,False,P1,0.47538190077294934,0.5246180992270506,2.1027027027027025,1.9068627450980393,-0.019143710045750995,926.6052914315643,Clay
2025-03-31,43586,Jenson Brooksby,Taro Daniel,P2,12.536120002766065,False,P1,0.5172520696187535,0.4827479303812465,1.4101796407185627,3.4379562043795615,-12.536120002766065,914.0691714287982,Clay
2025-03-31,43641,Richard Gasquet,Botic Van De Zandschulp,P1,8.965778191348601,True,P1,0.39987174556793786,0.6001282544320621,3.9461538461538463,1.3394255874673628,26.414561902203957,940.4837333310022,Clay
2025-03-31,43615,Hugo Dellien,Aleksandar Vukic,P2,17.105010445471436,False,P1,0.38332146751741936,0.6166785324825806,1.6598360655737707,2.515527950310559,-17.105010445471436,923.3787228855308,Clay
2025-03-31,43588,Cristian Garin,Alexander Ritschard,P1,12.147547378937407,True,P1,0.7247763362789917,0.27522366372100826,1.5961538461538458,2.6774193548387095,7.241807091289604,930.6205299768204,Clay
2025-03-31,43616,Tallon Griekspoor,Pablo Carreno Busta,P2,15.148131841136097,False,P1,0.3724067542736673,0.6275932457263327,1.811059907834101,2.2329545454545454,-15.148131841136097,915.4723981356843,Clay
2025-03-31,43643,Pedro Martinez,Stan Wawrinka,P2,11.310995700076667,False,P1,0.39575129017948024,0.6042487098205198,1.9024390243902443,2.108108108108108,-11.310995700076667,904.1614024356077,Clay
2025-03-31,43589,Frances Tiafoe,Adam Walton,P2,6.256105572312306,False,P1,0.6432949764093778,0.35670502359062217,1.339378238341969,3.9465648854961826,-6.256105572312306,897.9052968632953,Clay
2025-03-31,43617,Vit Kopriva,Lorenzo Sonego,P2,10.998807046942941,False,P1,0.31332992542917903,0.686670074570821,2.4096385542168677,1.7094017094017095,-10.998807046942941,886.9064898163524,Clay
2025-03-31,43590,Brandon Nakashima,Mackenzie McDonald,P2,0.8327343294524302,False,P1,0.6519075000509329,0.3480924999490671,1.5051546391752577,2.9795918367346936,-0.8327343294524302,886.0737554868999,Clay
2025-03-31,43644,Christopher O'Connell,Nicolas Jarry,P2,7.177944259627921,False,P1,0.4264926992301035,0.5735073007698965,1.964824120603015,2.036458333333334,-7.177944259627921,878.895811227272,Clay
2025-03-31,43618,Luciano Darderi,Hugo Gaston,P2,7.753474837759525,False,P1,0.5041814208227593,0.4958185791772407,1.6334661354581674,2.5786163522012573,-7.753474837759525,871.1423363895125,Clay
2025-03-31,43645,Marton Fucsovics,Mariano Navone,P1,9.191324456729761,True,P1,0.5095001868418875,0.49049981315811253,2.643312101910828,1.6085271317829455,15.104214712332984,886.2465511018455,Clay
2025-03-31,43591,Alex Michelsen,Adrian Mannarino,P2,8.985034387441244,False,P1,0.6790484467331073,0.32095155326689273,1.1740458015267177,6.74561403508772,-8.985034387441244,877.2615167144043,Clay
2025-03-31,43619,Mattia Bellucci,Pierre-Hugues Herbert,P2,7.385574696390974,False,P1,0.5010266190623252,0.49897338093767485,1.6598360655737707,2.515527950310559,-7.385574696390974,869.8759420180132,Clay
2025-03-31,43647,Sebastian Baez,Gabriel Diallo,P2,6.797349516825673,False,P1,0.6103115422661296,0.3896884577338704,1.3824362606232292,3.6148148148148143,-6.797349516825673,863.0785925011876,Clay
2025-03-31,43593,Tommy Paul,Cristian Garin,P2,5.946158599542624,False,P1,0.6140532727375234,0.3859467272624766,1.4041297935103245,3.4744525547445253,-5.946158599542624,857.132433901645,Clay
2025-03-31,43620,Alexandre Muller,Hugo Dellien,P1,4.06403056516516,True,P1,0.6731922494482624,0.3268077505517376,1.5650557620817847,2.7697368421052633,2.2964038881230655,859.4288377897681,Clay
2025-03-31,43648,Flavio Cobolli,Richard Gasquet,P2,10.34234918932064,False,P1,0.49803001222249843,0.5019699877775016,1.5246478873239437,2.906040268456376,-10.34234918932064,849.0864886004474,Clay
2025-03-31,43594,Jenson Brooksby,Alejandro Tabilo,P1,5.921081486839008,True,P1,0.5326052369309592,0.4673947630690408,2.188888888888889,1.841121495327103,7.0395079899086,856.125996590356,Clay
2025-03-31,43649,Francisco Comesana,Roberto Bautista Agut,P2,11.257274613386798,False,P1,0.41770557089956273,0.5822944291004373,1.7644444444444443,2.308139534883721,-11.257274613386798,844.8687219769691,Clay
2025-03-31,43622,Roberto Carballes Baena,Otto Virtanen,P2,5.3472719488305955,False,P1,0.6033088295923918,0.39669117040760815,1.4477124183006536,3.233576642335766,-5.3472719488305955,839.5214500281386,Clay
2025-03-31,43650,Filip Misolic,Camilo Ugo Carabelli,P1,9.55167911021359,True,P1,0.5000736148101661,0.4999263851898339,2.834437086092715,1.5451263537906137,17.521954394232875,857.0434044223715,Clay
2025-03-31,43623,Kamil Majchrzak,Jesper de Jong,P1,2.310096037531821,True,P1,0.5560647557121845,0.4439352442878155,1.8840579710144931,2.1311475409836067,2.042258815789002,859.0856632381605,Clay
2025-03-31,43651,Sebastian Baez,Francisco Comesana,P1,0.446912753018027,True,P1,0.6594694061366646,0.3405305938633354,1.5246478873239437,2.906040268456376,0.23447183168903535,859.3201350698495,Clay
2025-03-31,43624,Tallon Griekspoor,Mattia Bellucci,P2,3.6394378817058635,False,P1,0.6115834418209445,0.3884165581790555,1.4965986394557824,3.0136986301369864,-3.6394378817058635,855.6806971881437,Clay
2025-03-31,43598,Frances Tiafoe,Alex Michelsen,P2,3.5086602837514578,False,P1,0.5843745508624447,0.4156254491375553,1.5708955223880594,2.7516339869281046,-3.5086602837514578,852.1720369043921,Clay
2025-03-31,43625,Kamil Majchrzak,Alexandre Muller,P1,4.346136231363743,True,P1,0.4814057975366107,0.5185942024633893,2.3668639053254434,1.7316017316017311,5.9405767422782505,858.1126136466704,Clay
2025-03-31,43652,Damir Dzumhur,Pedro Martinez,P1,6.191765644747155,True,P1,0.5384070921584047,0.46159290784159535,2.1712707182320443,1.8537735849056602,7.2522337938474974,865.3648474405179,Clay
2025-03-31,43653,Flavio Cobolli,Filip Misolic,P2,4.743356324934973,False,P1,0.5046196062105095,0.4953803937894905,1.7644444444444443,2.308139534883721,-4.743356324934973,860.6214911155829,Clay
2025-03-31,43626,Roberto Carballes Baena,Nuno Borges,P2,2.4204004160526824,False,P1,0.4610145342497278,0.5389854657502722,2.0471204188481673,1.9549999999999998,-2.4204004160526824,858.2010906995303,Clay
2025-03-31,43599,Brandon Nakashima,Christopher Eubanks,P2,3.4773018061699585,False,P1,0.6864318814477355,0.3135681185522645,1.338753387533875,3.951999999999999,-3.4773018061699585,854.7237888933603,Clay
2025-03-31,43600,Jenson Brooksby,Aleksandar Kovacevic,P1,0.5669013083450457,True,P1,0.5664346803861142,0.4335653196138858,1.7837837837837835,2.275862068965517,0.4443280524866573,855.1681169458469,Clay
2025-03-31,43627,Luciano Darderi,Vit Kopriva,P2,0.36858787281969546,False,P1,0.6121109876298649,0.38788901237013507,1.6196078431372551,2.613924050632911,-0.36858787281969546,854.7995290730272,Clay
2025-03-31,43654,Marton Fucsovics,Christopher O'Connell,P2,0.7092618933422224,False,P1,0.6228232854486822,0.37717671455131785,1.5789473684210527,2.7272727272727275,-0.7092618933422224,854.0902671796849,Clay
2025-03-31,43655,Sebastian Baez,Marton Fucsovics,P2,3.72706304611407,False,P1,0.48771531548125513,0.5122846845187449,1.8714285714285714,2.1475409836065573,-3.72706304611407,850.3632041335709,Clay
2025-03-31,43628,Tallon Griekspoor,Kamil Majchrzak,P2,0.7039613548229012,False,P1,0.5679384930948548,0.4320615069051452,1.7316017316017311,2.3668639053254434,-0.7039613548229012,849.659242778748,Clay
2025-03-31,43601,Jenson Brooksby,Tommy Paul,P1,3.9634743062237985,True,P1,0.30861688303484636,0.6913831169651536,4.2109375,1.311435523114355,12.726468280140478,862.3857110588884,Clay
2025-03-31,43629,Luciano Darderi,Roberto Carballes Baena,P2,3.5742619841282464,False,P1,0.4398373081529464,0.5601626918470536,2.0851063829787235,1.9215686274509802,-3.5742619841282464,858.8114490747602,Clay
2025-03-31,43656,Flavio Cobolli,Damir Dzumhur,P2,3.02026163831095,False,P1,0.541147789140922,0.458852210859078,1.7179487179487178,2.392857142857143,-3.02026163831095,855.7911874364493,Clay
2025-03-31,43602,Frances Tiafoe,Brandon Nakashima,P2,5.411870989180577,False,P1,0.4635022989947013,0.5364977010052987,1.8846153846153846,2.1304347826086953,-5.411870989180577,850.3793164472687,Clay
2025-03-31,43657,Flavio Cobolli,Sebastian Baez,P1,3.2325469261393027,True,P1,0.4348508548080925,0.5651491451919075,2.575,1.6349206349206347,5.091261408669403,855.4705778559381,Clay
2025-03-31,43603,Jenson Brooksby,Frances Tiafoe,P1,4.746988128868828,True,P1,0.4253638481469632,0.5746361518530367,2.827814569536424,1.5471014492753625,8.67661406336289,864.147191919301,Clay
2025-03-31,43630,Luciano Darderi,Tallon Griekspoor,P2,3.3293421020790244,False,P1,0.39092157613651257,0.6090784238634874,2.36094674556213,1.7347826086956524,-3.3293421020790244,860.8178498172219,Clay
2025-04-07,43659,Arthur Fils,Tallon Griekspoor,P2,14.740051781908925,False,P1,0.4228113191516379,0.5771886808483622,1.5551470588235292,2.8013245033112586,-14.740051781908925,846.077798035313,Clay
2025-04-07,43660,Frances Tiafoe,Miomir Kecmanovic,P1,12.6349418572067,True,P1,0.5547648343782705,0.4452351656217295,2.738562091503268,1.5751879699248121,21.966630941287466,868.0444289766004,Clay
2025-04-07,43661,Grigor Dimitrov,Nicolas Jarry,P2,8.679123676207228,False,P1,0.5631115454142945,0.43688845458570547,1.420731707317073,3.3768115942028993,-8.679123676207228,859.3653053003932,Clay
2025-04-07,43662,Roberto Bautista Agut,Brandon Nakashima,P2,4.703459949526822,False,P1,0.3781423511009997,0.6218576488990003,2.3550295857988166,1.737991266375546,-4.703459949526822,854.6618453508663,Clay
2025-04-07,43663,Flavio Cobolli,Dusan Lajovic,P1,10.957723481161068,True,P1,0.6368130134595954,0.3631869865404046,1.9547738693467334,2.0473684210526315,10.46214804733971,865.123993398206,Clay
2025-04-07,43664,Tomas Martin Etcheverry,Corentin Moutet,P1,0.2538902065992512,True,P1,0.5620792018333267,0.4379207981666733,1.7873303167420815,2.2701149425287355,0.19989545677950096,865.3238888549855,Clay
2025-04-07,43665,Tomas Machac,Sebastian Baez,P2,0.7902137539094346,False,P1,0.5210752618009,0.4789247381991,1.8840579710144931,2.1311475409836067,-0.7902137539094346,864.533675101076,Clay
2025-04-07,43666,Pedro Martinez,Lorenzo Sonego,P1,1.1254317232169406,True,P1,0.3857250771607383,0.6142749228392617,2.707792207792208,1.5855513307984792,1.922003527312048,866.4556786283881,Clay
2025-04-07,43667,Alexei Popyrin,Ugo Humbert,P1,0.9847353895549958,True,P1,0.44367008664451335,0.5563299133554866,2.3216374269005846,1.756637168141593,1.3014631464294095,867.7571417748176,Clay
2025-04-07,43668,Daniil Medvedev,Karen Khachanov,P1,6.317466495193584,True,P1,0.5728022414459478,0.4271977585540522,2.0,2.0,6.317466495193584,874.0746082700111,Clay
2025-04-07,43669,Alejandro Davidovich Fokina,Ben Shelton,P2,10.190666274057232,False,P1,0.4574370177061385,0.5425629822938616,1.6763485477178421,2.478527607361963,-10.190666274057232,863.8839419959539,Clay
2025-04-07,43670,Lorenzo Musetti,Yunchaokete Bu,P2,4.471253644790136,False,P1,0.7095905534587492,0.2904094465412508,1.2633832976445396,4.796747967479675,-4.471253644790136,859.4126883511638,Clay
2025-04-07,43671,Daniel Altmaier,Felix Auger-Aliassime,P2,14.654423525397863,False,P1,0.26122715062565244,0.7387728493743475,2.52258064516129,1.6567796610169492,-14.654423525397863,844.7582648257659,Clay
2025-04-07,43672,Matteo Berrettini,Mariano Navone,P1,10.965499033411987,True,P1,0.7272257344964156,0.2727742655035844,1.5833333333333335,2.7142857142857144,6.396541102823661,851.1548059285896,Clay
2025-04-07,43673,Francisco Cerundolo,Fabio Fognini,P2,3.1827838884287774,False,P1,0.7840992496767101,0.21590075032328992,1.1799687010954618,6.556521739130435,-3.1827838884287774,847.9720220401608,Clay
2025-04-07,43674,Marcos Giron,Denis Shapovalov,P1,3.709572523649918,True,P1,0.4015650486309094,0.5984349513690905,2.9054054054054053,1.524822695035461,7.068239538305924,855.0402615784667,Clay
2025-04-07,43675,Jiri Lehecka,Sebastian Korda,P2,8.355363439295594,False,P1,0.48273726305419606,0.5172627369458039,1.6666666666666667,2.5,-8.355363439295594,846.6848981391711,Clay
2025-04-07,43676,Gael Monfils,Fabian Marozsan,P1,13.266766823243074,True,P1,0.6199075853806908,0.3800924146193092,2.2399999999999998,1.8064516129032258,16.45079086082141,863.1356889999925,Clay
2025-04-07,43677,Alexandre Muller,Camilo Ugo Carabelli,P1,9.194958324509448,True,P1,0.5954032871963544,0.4045967128036456,2.0582010582010586,1.945,9.730114629110531,872.865803629103,Clay
2025-04-07,43678,Alejandro Tabilo,Stan Wawrinka,P2,8.079365349683572,False,P1,0.4679899643868205,0.5320100356131795,1.7412280701754383,2.3491124260355027,-8.079365349683572,864.7864382794194,Clay
2025-04-07,43679,Richard Gasquet,Matteo Arnaldi,P1,10.615665112677993,True,P1,0.4219741432515547,0.5780258567484453,4.275590551181103,1.3052884615384617,34.77257233759091,899.5590106170102,Clay
2025-04-07,43680,Jordan Thompson,Giovanni Mpetshi Perricard,P1,4.698189871478353,True,P1,0.4729463209531631,0.527053679046837,2.43030303030303,1.6991525423728815,6.719835210114492,906.2788458271248,Clay
2025-04-07,43681,Valentin Vacherot,Jan-Lennard Struff,P1,0.3595900904303635,True,P1,0.34939027697394553,0.6506097230260545,2.9054054054054053,1.524822695035461,0.6851649020362331,906.964010729161,Clay
2025-04-07,43682,Carlos Alcaraz,Francisco Cerundolo,P1,2.900902946965402,True,P1,0.6923843516567352,0.3076156483432648,1.4895104895104894,3.0428571428571427,1.4200224215914552,908.3840331507525,Clay
2025-04-07,43683,Alejandro Tabilo,Novak Djokovic,P2,18.16768066301505,False,P1,0.09917961321222953,0.9008203867877704,3.951999999999999,1.338753387533875,-18.16768066301505,890.2163524877375,Clay
2025-04-07,43684,Casper Ruud,Roberto Bautista Agut,P2,6.888190899011376,False,P1,0.6666121769853859,0.3333878230146141,1.2679738562091503,4.7317073170731705,-6.888190899011376,883.3281615887261,Clay
2025-04-07,43685,Andrey Rublev,Gael Monfils,P2,9.78887549352679,False,P1,0.49932771147115607,0.5006722885288439,1.5588235294117647,2.789473684210527,-9.78887549352679,873.5392860951993,Clay
2025-04-07,43686,Alex de Minaur,Tomas Machac,P2,3.163302328132193,False,P1,0.521030816749696,0.478969183250304,1.780269058295964,2.2816091954022983,-3.163302328132193,870.375983767067,Clay
2025-04-07,43687,Daniil Medvedev,Alexandre Muller,P1,16.96425798109096,True,P1,0.753095033552081,0.24690496644791904,1.6796536796536794,2.471337579617834,11.52982035944277,881.9058041265098,Clay
2025-04-07,43688,Arthur Fils,Flavio Cobolli,P2,9.860905627953649,False,P1,0.509214502107689,0.49078549789231096,1.5246478873239437,2.906040268456376,-9.860905627953649,872.0448984985561,Clay
2025-04-07,43689,Lorenzo Musetti,Jiri Lehecka,P2,3.3340620065128284,False,P1,0.5290600364651858,0.47093996353481415,1.7456140350877196,2.3411764705882354,-3.3340620065128284,868.7108364920433,Clay
2025-04-07,43690,Alexei Popyrin,Frances Tiafoe,P2,8.335253872992324,False,P1,0.4539204951681287,0.5460795048318713,1.780269058295964,2.2816091954022983,-8.335253872992324,860.375582619051,Clay
2025-04-07,43691,Grigor Dimitrov,Valentin Vacherot,P2,4.002242292708829,False,P1,0.727368153436686,0.27263184656331396,1.2469135802469138,5.050000000000002,-4.002242292708829,856.3733403263421,Clay
2025-04-07,43692,Daniel Altmaier,Richard Gasquet,P2,11.93788684437234,False,P1,0.4724521278631157,0.5275478721368843,1.526501766784452,2.8993288590604025,-11.93788684437234,844.4354534819698,Clay
2025-04-07,43693,Nuno Borges,Pedro Martinez,P1,2.709255871157388,True,P1,0.6576763884133154,0.34232361158668456,1.5767790262172285,2.7337662337662336,1.5626419631394675,845.9980954451092,Clay
2025-04-07,43694,Alejandro Davidovich Fokina,Tomas Martin Etcheverry,P1,0.0725775033664426,True,P1,0.6045915819599545,0.39540841804004545,1.6558704453441293,2.524691358024691,0.047601439454913755,846.0456968845641,Clay
2025-04-07,43695,Matteo Berrettini,Alexander Zverev,P1,3.5311141787809572,True,P1,0.4505344022777394,0.5494655977222607,2.4969325153374236,1.668032786885246,5.285839629586219,851.3315365141503,Clay
2025-04-07,43696,Jack Draper,Marcos Giron,P2,6.564722107375798,False,P1,0.6449249902700133,0.35507500972998673,1.311435523114355,4.2109375,-6.564722107375798,844.7668144067745,Clay
2025-04-07,43697,Stefanos Tsitsipas,Jordan Thompson,P2,5.88133336961346,False,P1,0.7368613732552463,0.26313862674475375,1.168141592920354,6.947368421052633,-5.88133336961346,838.8854810371611,Clay
2025-04-07,43698,Carlos Alcaraz,Daniel Altmaier,P1,16.77770962074322,True,P1,0.9132723531824514,0.08672764681754863,1.2104283054003724,5.752212389380531,3.5305050039925203,842.4159860411536,Clay
2025-04-07,43699,Alexei Popyrin,Casper Ruud,P1,6.169067866924042,True,P1,0.3220219515368791,0.6779780484631208,4.861788617886178,1.2589473684210526,23.82363607145463,866.2396221126082,Clay
2025-04-07,43700,Alejandro Davidovich Fokina,Jack Draper,P2,0.21721425616295106,False,P1,0.3671968054386864,0.6328031945613136,2.7096774193548385,1.5849056603773586,-0.21721425616295106,866.0224078564453,Clay
2025-04-07,43701,Stefanos Tsitsipas,Nuno Borges,P2,2.843403362632834,False,P1,0.7007506387218534,0.2992493612781466,1.3333333333333333,4.0,-2.843403362632834,863.1790044938125,Clay
2025-04-07,43702,Arthur Fils,Andrey Rublev,P2,6.892449847834346,False,P1,0.4658882913358283,0.5341117086641717,1.8036529680365299,2.244318181818182,-6.892449847834346,856.2865546459782,Clay
2025-04-07,43703,Alex de Minaur,Daniil Medvedev,P2,8.725542018316338,False,P1,0.47732899860345673,0.5226710013965432,1.668032786885246,2.4969325153374236,-8.725542018316338,847.5610126276619,Clay
2025-04-07,43704,Lorenzo Musetti,Matteo Berrettini,P2,7.669340841834843,False,P1,0.3772102793102545,0.6227897206897455,2.1712707182320443,1.8537735849056602,-7.669340841834843,839.891671785827,Clay
2025-04-07,43705,Grigor Dimitrov,Alejandro Tabilo,P1,9.952247485349343,True,P1,0.6996459721381547,0.3003540278618453,1.6491935483870968,2.540372670807453,6.460934859440501,846.3526066452675,Clay
2025-04-07,43706,Carlos Alcaraz,Arthur Fils,P1,14.85155288790908,True,P1,0.7974406719953272,0.2025593280046728,1.4536741214057507,3.2042253521126765,6.737765207933191,853.0903718532007,Clay
2025-04-07,43707,Lorenzo Musetti,Stefanos Tsitsipas,P2,5.7272280958871224,False,P1,0.3955111044870649,0.604488895512935,2.188888888888889,1.841121495327103,-5.7272280958871224,847.3631437573137,Clay
2025-04-07,43708,Alex de Minaur,Grigor Dimitrov,P2,1.328958038251729,False,P1,0.5915496505852094,0.40845034941479064,1.6374501992031876,2.5687499999999996,-1.328958038251729,846.034185719062,Clay
2025-04-07,43709,Alejandro Davidovich Fokina,Alexei Popyrin,P2,5.430907203298195,False,P1,0.5389696288489361,0.46103037115106393,1.6171874999999998,2.6202531645569613,-5.430907203298195,840.6032785157638,Clay
2025-04-07,43710,Carlos Alcaraz,Alejandro Davidovich Fokina,P1,2.6602415884859667,True,P1,0.8057084592352304,0.19429154076476962,1.2617021276595746,4.821138211382114,0.6961908837952638,841.299469399559,Clay
2025-04-07,43711,Lorenzo Musetti,Alex de Minaur,P2,7.679280971459078,False,P1,0.37137611173219076,0.6286238882678092,2.201117318435754,1.832558139534884,-7.679280971459078,833.6201884280999,Clay
2025-04-07,43712,Carlos Alcaraz,Lorenzo Musetti,P2,1.7014126643974432,False,P1,0.7555186091854598,0.24448139081454023,1.2695652173913043,4.709677419354838,-1.7014126643974432,831.9187757637025,Clay
2025-04-14,43713,Carlos Alcaraz,Ethan Quinn,P2,0.060624084660936696,False,P1,0.9490002154051672,0.05099978459483279,1.052204764318297,20.15533980582524,-0.060624084660936696,831.8581516790415,Clay
2025-04-14,43744,Mariano Navone,Felix Auger-Aliassime,P2,6.408943544534841,False,P1,0.3766786327191476,0.6233213672808524,2.2457142857142856,1.8027522935779814,-6.408943544534841,825.4492081345066,Clay
2025-04-14,43745,Ugo Humbert,Nicolas Jarry,P1,1.9576976932229906,True,P1,0.5590421111014579,0.44095788889854215,1.8619047619047617,2.160220994475138,1.687348964158863,827.1365570986655,Clay
2025-04-14,43714,Casper Ruud,Daniel Elahi Galan,P1,0.757020823166379,True,P1,0.8577976189862038,0.14220238101379623,1.1693907875185734,6.9035087719298245,0.12823235340411163,827.2647894520696,Clay
2025-04-14,43746,Francisco Cerundolo,Jan-Lennard Struff,P2,0.864277908169819,False,P1,0.7211373398678195,0.27886266013218053,1.3577235772357723,3.7954545454545445,-0.864277908169819,826.4005115438998,Clay
2025-04-14,43715,Stefanos Tsitsipas,Reilly Opelka,P1,8.765679041878228,True,P1,0.874634262062653,0.12536573793734695,1.1892332789559545,6.28448275862069,1.658758187370107,828.05926973127,Clay
2025-04-14,43716,Alex de Minaur,Tomas Martin Etcheverry,P1,16.5611853946254,True,P1,0.8221218358313354,0.17787816416866464,1.4353312302839116,3.297101449275363,7.209601212802224,835.2688709440722,Clay
2025-04-14,43747,Yannick Hanfmann,Jakub Mensik,P1,9.817051058056983,True,P1,0.4531584289110844,0.5468415710889156,3.50735294117647,1.3988269794721404,24.614811844098753,859.883682788171,Clay
2025-04-14,43717,Arthur Fils,Pablo Carreno Busta,P2,12.29332080932475,False,P1,0.5538210106217465,0.4461789893782535,1.2893518518518519,4.456,-12.29332080932475,847.5903619788462,Clay
2025-04-14,43718,Jaume Munar,Frances Tiafoe,P2,12.60225599594908,False,P1,0.3992234853321161,0.6007765146678838,1.7599999999999998,2.3157894736842106,-12.60225599594908,834.9881059828971,Clay
2025-04-14,43749,Zizou Bergs,Alexander Bublik,P2,5.757617728895212,False,P1,0.5515748258512416,0.4484251741487584,1.5629629629629629,2.776315789473684,-5.757617728895212,829.2304882540019,Clay
2025-04-14,43719,Sebastian Baez,Damir Dzumhur,P2,3.62571046658117,False,P1,0.6701843640942646,0.32981563590573537,1.3616438356164382,3.7651515151515156,-3.62571046658117,825.6047777874207,Clay
2025-04-14,43720,Alejandro Davidovich Fokina,Stan Wawrinka,P2,5.677635942336002,False,P1,0.6772246609277581,0.3227753390722419,1.2735229759299782,4.656000000000001,-5.677635942336002,819.9271418450847,Clay
2025-04-14,43752,Alexander Shevchenko,Flavio Cobolli,P1,1.6598043322350169,True,P1,0.2771543635493706,0.7228456364506294,4.054263565891473,1.3274111675126905,5.0694798984542375,824.996621743539,Clay
2025-04-14,43721,Laslo Djere,Arthur Rinderknech,P2,3.30461032911153,False,P1,0.685865542735304,0.314134457264696,1.341207349081365,3.930769230769231,-3.30461032911153,821.6920114144275,Clay
2025-04-14,43753,Botic Van De Zandschulp,Roberto Bautista Agut,P2,8.320867815127993,False,P1,0.4665198978636583,0.5334801021363418,1.7094017094017095,2.4096385542168677,-8.320867815127993,813.3711435992996,Clay
2025-04-14,43722,Karen Khachanov,Cameron Norrie,P1,7.779425130205528,True,P1,0.6745185600073119,0.3254814399926881,1.6735537190082643,2.4846625766871164,5.239860728196284,818.6110043274958,Clay
2025-04-14,43754,Alexander Zverev,Alexandre Muller,P2,0.2628683688244745,False,P1,0.8170081670438645,0.18299183295613553,1.216117216117216,5.627118644067797,-0.2628683688244745,818.3481359586714,Clay
2025-04-14,43723,Andrey Rublev,Jesper de Jong,P1,10.663595017929971,True,P1,0.7739864085369261,0.22601359146307387,1.4402515723270441,3.2714285714285714,4.694664473302504,823.0428004319739,Clay
2025-04-14,43755,Ben Shelton,Borna Gojo,P2,0.026141827678089313,False,P1,0.6561954169985351,0.3438045830014649,1.5229681978798588,2.9121621621621623,-0.026141827678089313,823.0166586042958,Clay
2025-04-14,43724,Holger Rune,Albert Ramos-Vinolas,P1,3.1730053182859375,True,P1,0.8531472953305175,0.14685270466948253,1.1892332789559545,6.28448275862069,0.6004382005239302,823.6170968048198,Clay
2025-04-14,43756,Daniel Altmaier,Chun-Hsin Tseng,P2,2.0970901496394863,False,P1,0.6118749379604067,0.3881250620395933,1.5510948905109487,2.814569536423841,-2.0970901496394863,821.5200066551803,Clay
2025-04-14,43725,Jacob Fearnley,Roberto Carballes Baena,P1,5.1804386075369875,True,P1,0.29690957586967415,0.7030904241303259,5.116666666666667,1.242914979757085,21.3261389343606,842.8461455895409,Clay
2025-04-14,43726,Sebastian Korda,Matteo Arnaldi,P1,14.513364490293661,True,P1,0.6305950502833324,0.3694049497166676,2.2906976744186047,1.7747747747747746,18.732365795611585,861.5785113851525,Clay
2025-04-14,43757,David Goffin,Billy Harris,P1,3.98163874054145,True,P1,0.7487296792741129,0.25127032072588706,1.3828571428571428,3.6119402985074625,1.524398832093012,863.1029102172455,Clay
2025-04-14,43758,Tallon Griekspoor,Learner Tien,P1,2.066788406711749,True,P1,0.7102280153594851,0.2897719846405149,1.4375,3.285714285714286,0.9042199279363902,864.0071301451819,Clay
2025-04-14,43727,Pedro Martinez,Brandon Nakashima,P2,10.377007669616944,False,P1,0.33747171954355737,0.6625282804564426,2.2514285714285713,1.7990867579908678,-10.377007669616944,853.630122475565,Clay
2025-04-14,43759,Miomir Kecmanovic,Marcos Giron,P2,5.587127378813799,False,P1,0.5813823935932634,0.4186176064067366,1.4948805460750851,3.020689655172414,-5.587127378813799,848.0429950967513,Clay
2025-04-14,43728,Hamad Medjedovic,Giovanni Mpetshi Perricard,P2,12.483975740307132,False,P1,0.46984949060258885,0.5301505093974112,1.5017182130584192,2.9931506849315066,-12.483975740307132,835.5590193564441,Clay
2025-04-14,43760,Fabian Marozsan,Ugo Humbert,P2,9.88278750737073,False,P1,0.39730295643950064,0.6026970435604994,1.9215686274509802,2.0851063829787235,-9.88278750737073,825.6762318490734,Clay
2025-04-14,43729,Carlos Alcaraz,Laslo Djere,P2,0.6000138412952623,False,P1,0.8889744264264561,0.11102557357354392,1.1085427135678392,10.212962962962962,-0.6000138412952623,825.0762180077782,Clay
2025-04-14,43730,Alejandro Davidovich Fokina,Andrey Rublev,P1,0.15155546566091777,True,P1,0.4801775995627804,0.5198224004372196,2.090909090909091,1.9166666666666667,0.16533323526645574,825.2415512430446,Clay
2025-04-14,43761,Francisco Cerundolo,Alexander Shevchenko,P2,1.8568622713445715,False,P1,0.835623541435131,0.16437645856486904,1.142857142857143,8.0,-1.8568622713445715,823.3846889717,Clay
2025-04-14,43731,Alex de Minaur,Jacob Fearnley,P2,1.1718372568338975,False,P1,0.8718913655950413,0.12810863440495868,1.1142857142857143,9.749999999999998,-1.1718372568338975,822.2128517148661,Clay
2025-04-14,43732,Karen Khachanov,Jaume Munar,P1,12.4557704987661,True,P1,0.6919742159025214,0.3080257840974786,1.7918552036199096,2.262857142857143,9.863166684543293,832.0760183994095,Clay
2025-04-14,43763,David Goffin,Mariano Navone,P1,9.506102506710912,True,P1,0.4804479044823489,0.5195520955176511,3.0620689655172413,1.4849498327759196,19.602238962114225,851.6782573615237,Clay
2025-04-14,43764,Alexander Zverev,Daniel Altmaier,P1,6.147283957096343,True,P1,0.8645912778724505,0.1354087221275495,1.1880064829821717,6.318965517241379,1.155729236666411,852.8339865981901,Clay
2025-04-14,43733,Casper Ruud,Hamad Medjedovic,P2,0.20295745326238052,False,P1,0.6996454945234168,0.30035450547658316,1.4224924012158056,3.3669064748201447,-0.20295745326238052,852.6310291449278,Clay
2025-04-14,43734,Stefanos Tsitsipas,Sebastian Korda,P2,2.6596391156259274,False,P1,0.6986496461435769,0.30135035385642306,1.3420365535248042,3.9236641221374047,-2.6596391156259274,849.9713900293018,Clay
2025-04-14,43765,Ben Shelton,Botic Van De Zandschulp,P1,7.131890705912615,True,P1,0.6124939338397217,0.3875060661602783,1.8714285714285714,2.1475409836065573,6.214933329438136,856.18632335874,Clay
2025-04-14,43766,Luciano Darderi,Miomir Kecmanovic,P2,5.779904471986962,False,P1,0.46660762588910165,0.5333923741108983,1.8537735849056602,2.1712707182320443,-5.779904471986962,850.406418886753,Clay
2025-04-14,43735,Holger Rune,Sebastian Baez,P2,4.074020565331394,False,P1,0.5068924345271715,0.4931075654728285,1.7837837837837835,2.275862068965517,-4.074020565331394,846.3323983214217,Clay
2025-04-14,43736,Arthur Fils,Pedro Martinez,P2,1.9971072577020594,False,P1,0.755174763147366,0.24482523685263402,1.2617021276595746,4.821138211382114,-1.9971072577020594,844.3352910637196,Clay
2025-04-14,43767,Tallon Griekspoor,Yannick Hanfmann,P2,5.256718358854472,False,P1,0.6189718314575889,0.38102816854241106,1.4144144144144142,3.4130434782608696,-5.256718358854472,839.0785727048651,Clay
2025-04-14,43768,Alexander Zverev,Tallon Griekspoor,P2,1.7611284524320965,False,P1,0.7257744873505256,0.27422551264947437,1.32,4.125,-1.7611284524320965,837.317444252433,Clay
2025-04-14,43737,Carlos Alcaraz,Alex de Minaur,P2,7.32469358184198,False,P1,0.6459978426331419,0.35400215736685814,1.2771618625277161,4.608,-7.32469358184198,829.992750670591,Clay
2025-04-14,43769,Ben Shelton,Luciano Darderi,P1,9.755449258581033,True,P1,0.55825472658716,0.44174527341284,2.3668639053254434,1.7316017316017311,13.334371471788272,843.3271221423793,Clay
2025-04-14,43738,Holger Rune,Casper Ruud,P1,0.2224116630987406,True,P1,0.3934601364289527,0.6065398635710473,2.5624999999999996,1.6399999999999997,0.3475182235917821,843.6746403659711,Clay
2025-04-14,43770,Francisco Cerundolo,David Goffin,P2,4.220922840024666,False,P1,0.7458134804597217,0.25418651954027827,1.2066549912434326,5.8389830508474585,-4.220922840024666,839.4537175259464,Clay
2025-04-14,43771,Fabian Marozsan,Zizou Bergs,P2,2.808416742159153,False,P1,0.5230955841261399,0.4769044158738601,1.7837837837837835,2.275862068965517,-2.808416742159153,836.6453007837873,Clay
2025-04-14,43740,Karen Khachanov,Alejandro Davidovich Fokina,P1,10.966058102988912,True,P1,0.5302956510701492,0.4697043489298508,2.7516339869281046,1.5708955223880594,19.208520075823714,855.853820859611,Clay
2025-04-14,43741,Carlos Alcaraz,Arthur Fils,P1,2.254421144603966,True,P1,0.741990731637044,0.258009268362956,1.3743016759776538,3.6716417910447765,0.8438336127847251,856.6976544723957,Clay
2025-04-14,43772,Alexander Zverev,Fabian Marozsan,P1,3.3572144233211474,True,P1,0.8177663482002684,0.1822336517997316,1.2464646464646465,5.057377049180328,0.8274346659498587,857.5250891383456,Clay
2025-04-14,43773,Ben Shelton,Francisco Cerundolo,P1,3.4355625636242917,True,P1,0.33617440853792985,0.6638255914620701,3.592592592592593,1.385714285714286,8.907014053840758,866.4321031921863,Clay
2025-04-14,43742,Holger Rune,Karen Khachanov,P2,11.225814442704577,False,P1,0.45245504939345116,0.5475449506065488,1.6374501992031876,2.5687499999999996,-11.225814442704577,855.2062887494817,Clay
2025-04-14,43743,Holger Rune,Carlos Alcaraz,P1,1.1182583113684563,True,P1,0.20932072373484056,0.7906792762651594,5.316666666666666,1.2316602316602316,4.82714837740717,860.0334371268889,Clay
2025-04-14,43774,Alexander Zverev,Ben Shelton,P2,3.5460829229294517,False,P1,0.7358163373117067,0.2641836626882933,1.2469635627530362,5.049180327868852,-3.5460829229294517,856.4873542039594,Clay
2025-04-21,43775,Matteo Arnaldi,Borna Coric,P1,10.010472912114615,True,P1,0.6472536166794387,0.3527463833205613,1.8530805687203793,2.1722222222222225,8.539739925026687,865.027094128986,Clay
2025-04-21,43776,Luciano Darderi,Quentin Halys,P2,5.989632157442002,False,P1,0.5975940641805098,0.40240593581949025,1.4416403785488958,3.2642857142857147,-5.989632157442002,859.0374619715441,Clay
2025-04-21,43777,Gabriel Diallo,Zizou Bergs,P1,1.0945570367669983,True,P1,0.39033860908522383,0.6096613909147761,2.670967741935484,1.5984555984555984,1.8289695001461455,860.8664314716902,Clay
2025-04-21,43778,Damir Dzumhur,Mattia Bellucci,P2,3.7081546143614834,False,P1,0.4569253199009952,0.5430746800990047,2.0,2.0,-3.7081546143614834,857.1582768573288,Clay
2025-04-21,43779,Tomas Martin Etcheverry,Hamad Medjedovic,P1,0.9746209889208947,True,P1,0.44473906097141214,0.5552609390285879,2.3157894736842106,1.7599999999999998,1.2823960380538089,858.4406728953826,Clay
2025-04-21,43780,Jacob Fearnley,Yunchaokete Bu,P2,5.740974117505531,False,P1,0.4597769650850575,0.5402230349149425,1.8840579710144931,2.1311475409836067,-5.740974117505531,852.6996987778771,Clay
2025-04-21,43782,Marcos Giron,Learner Tien,P1,4.524283501218453,True,P1,0.5918236928557141,0.4081763071442859,1.84037558685446,2.189944134078212,3.8020974024324086,856.5017961803095,Clay
2025-04-21,43783,Tallon Griekspoor,Vit Kopriva,P1,14.344356053544328,True,P1,0.8271403414740952,0.1728596585259048,1.351206434316354,3.847328244274809,5.0378301421295095,861.5396263224391,Clay
2025-04-21,43784,Nicolas Jarry,Daniel Altmaier,P1,11.02885663256778,True,P1,0.5727306893817588,0.42726931061824125,2.3491124260355027,1.7412280701754383,14.879167527961263,876.4187938504003,Clay
2025-04-21,43786,Kei Nishikori,Aleksandar Vukic,P2,0.9770311845480426,False,P1,0.6727122731307718,0.32728772686922825,1.4533762057877813,3.2056737588652484,-0.9770311845480426,875.4417626658523,Clay
2025-04-21,43787,Cameron Norrie,Martin Landaluce,P1,17.508835253317045,True,P1,0.8565746106320442,0.1434253893679558,1.3421052631578947,3.9230769230769225,5.989864691924251,881.4316273577765,Clay
2025-04-21,43788,Reilly Opelka,Rinky Hijikata,P1,2.670363387629062,True,P1,0.693948363211991,0.30605163678800895,1.483221476510067,3.069444444444444,1.2903769389885398,882.722004296765,Clay
2025-04-21,43789,Lorenzo Sonego,Miomir Kecmanovic,P2,7.580943239948297,False,P1,0.34873142319185607,0.6512685768081439,2.375,1.7272727272727275,-7.580943239948297,875.1410610568167,Clay
2025-04-21,43791,Roberto Bautista Agut,Jaume Munar,P1,8.537636116343808,True,P1,0.4824377013191089,0.5175622986808911,2.8013245033112586,1.5551470588235292,15.379053136725274,890.520114193542,Clay
2025-04-21,43792,Benjamin Bonzi,Marin Cilic,P1,3.007026420687668,True,P1,0.3132137829604232,0.6867862170395769,3.7954545454545445,1.3577235772357723,8.406005676013251,898.9261198695552,Clay
2025-04-21,43793,Nuno Borges,Pablo Carreno Busta,P2,11.569326777517142,False,P1,0.4264787183666383,0.5735212816333617,1.7412280701754383,2.3491124260355027,-11.569326777517142,887.3567930920381,Clay
2025-04-21,43794,Alexander Bublik,Alex Michelsen,P2,0.5337148015203654,False,P1,0.4812537606025631,0.5187462393974369,2.0529100529100535,1.9497487437185932,-0.5337148015203654,886.8230782905177,Clay
2025-04-21,43795,Juan Manuel Cerundolo,Aleksandar Kovacevic,P2,17.153083260319853,False,P1,0.363633807932109,0.636366192067891,1.686192468619247,2.457317073170732,-17.153083260319853,869.6699950301979,Clay
2025-04-21,43797,Flavio Cobolli,Fabian Marozsan,P1,6.2901335223152675,True,P1,0.49572981810437955,0.5042701818956205,2.436363636363637,1.6962025316455698,9.034919059325569,878.7049140895235,Clay
2025-04-21,43798,Francisco Comesana,Pedro Martinez,P2,4.4431350858729814,False,P1,0.4621443838015861,0.5378556161984138,1.945,2.0582010582010586,-4.4431350858729814,874.2617790036505,Clay
2025-04-21,43799,Laslo Djere,Fabio Fognini,P2,6.168986418619713,False,P1,0.6726857314303095,0.3273142685696905,1.2767857142857142,4.612903225806452,-6.168986418619713,868.0927925850308,Clay
2025-04-21,43801,Gael Monfils,Borna Gojo,P1,4.558996186922009,True,P1,0.6263520149988113,0.3736479850011887,1.7167381974248928,2.3952095808383236,3.26760670908144,871.3603992941122,Clay
2025-04-21,43802,Mariano Navone,Giovanni Mpetshi Perricard,P2,7.878342257821789,False,P1,0.4894802192158732,0.5105197807841269,1.6735537190082643,2.4846625766871164,-7.878342257821789,863.4820570362904,Clay
2025-04-21,43803,Christopher O'Connell,Camilo Ugo Carabelli,P1,8.327219515183774,True,P1,0.5443321506852792,0.4556678493147208,2.296511627906977,1.7713004484304933,10.796336929569662,874.27839396586,Clay
2025-04-21,43804,Sebastian Ofner,Hugo Gaston,P1,3.5973034420936005,True,P1,0.4553253933363264,0.5446746066636736,2.460122699386503,1.684873949579832,5.252504412382067,879.5308983782421,Clay
2025-04-21,43805,Ethan Quinn,Dusan Lajovic,P1,0.26103641170051034,True,P1,0.37721279657814505,0.6227872034218549,2.6774193548387095,1.5961538461538458,0.4378675293040818,879.9687659075462,Clay
2025-04-21,43806,Arthur Rinderknech,Roman Safiullin,P1,3.098225571287008,True,P1,0.42952223943605283,0.5704777605639472,2.5886075949367084,1.6294820717131475,4.921864673373664,884.8906305809198,Clay
2025-04-21,43807,Matteo Arnaldi,Novak Djokovic,P2,17.697812611618396,False,P1,0.13122633398474487,0.8687736660152552,4.0703125,1.3256997455470738,-17.697812611618396,867.1928179693015,Clay
2025-04-21,43808,Jack Draper,Tallon Griekspoor,P2,3.5842207276294746,False,P1,0.5663947616311189,0.4336052383688811,1.6196078431372551,2.613924050632911,-3.5842207276294746,863.608597241672,Clay
2025-04-21,43809,Alex de Minaur,Lorenzo Sonego,P1,5.177510701454658,True,P1,0.8428875705465706,0.1571124294534294,1.2173112338858196,5.601694915254238,1.125131238990147,864.7337284806621,Clay
2025-04-21,43810,Lorenzo Musetti,Tomas Martin Etcheverry,P1,7.654698599758143,True,P1,0.7269274895505216,0.27307251044947844,1.4965986394557824,3.0136986301369864,3.801312910083977,868.5350413907461,Clay
2025-04-21,43811,Tommy Paul,Joao Fonseca,P1,16.82079169165099,True,P1,0.616534724197766,0.383465275802234,2.673076923076923,1.5977011494252877,28.142478407185305,896.6775197979314,Clay
2025-04-21,43812,Grigor Dimitrov,Nicolas Jarry,P1,4.2836416013201095,True,P1,0.6470418547755878,0.35295814522441216,1.6399999999999997,2.5624999999999996,2.7415306248448688,899.4190504227762,Clay
2025-04-21,43814,Stefanos Tsitsipas,Jan-Lennard Struff,P1,7.140534648294322,True,P1,0.7991826920771556,0.20081730792284436,1.3135802469135802,4.188976377952756,2.239130618107108,901.6581810408833,Clay
2025-04-21,43815,Jacob Fearnley,Tomas Machac,P2,6.311246576152643,False,P1,0.26043815269259607,0.7395618473074039,3.302158273381295,1.4343749999999997,-6.311246576152643,895.3469344647307,Clay
2025-04-21,43816,Alexandre Muller,Ugo Humbert,P2,8.194841745479401,False,P1,0.40116018569637435,0.5988398143036257,2.036458333333334,1.964824120603015,-8.194841745479401,887.1520927192513,Clay
2025-04-21,43817,Karen Khachanov,Reilly Opelka,P2,2.8981325742476147,False,P1,0.678881725085819,0.321118274914181,1.376770538243626,3.6541353383458643,-2.8981325742476147,884.2539601450037,Clay
2025-04-21,43818,Cameron Norrie,Jiri Lehecka,P1,6.907178572974138,True,P1,0.4165589849571781,0.583441015042822,3.24113475177305,1.4462025316455696,15.479917936594527,899.7338780815983,Clay
2025-04-21,43819,Denis Shapovalov,Kei Nishikori,P2,2.0004572798496207,False,P1,0.5154525087883985,0.48454749121160146,1.8537735849056602,2.1712707182320443,-2.0004572798496207,897.7334208017487,Clay
2025-04-21,43820,Matteo Berrettini,Marcos Giron,P2,2.567846686072956,False,P1,0.7708547955346698,0.22914520446533015,1.2230483271375465,5.483333333333333,-2.567846686072956,895.1655741156758,Clay
2025-04-21,43821,Damir Dzumhur,Sebastian Baez,P1,5.363181344086486,True,P1,0.33437856299879976,0.6656214370012002,4.10236220472441,1.322335025380711,16.638531098976976,911.8041052146527,Clay
2025-04-21,43822,Gabriel Diallo,Kamil Majchrzak,P1,0.05641415413287979,True,P1,0.48146085911559766,0.5185391408844023,2.079787234042553,1.9261083743842367,0.06091528345199253,911.8650204981047,Clay
2025-04-21,43823,Alexander Zverev,Roberto Bautista Agut,P2,0.5719471135792822,False,P1,0.8721474830048453,0.12785251699515465,1.1322115384615383,8.563636363636364,-0.5719471135792822,911.2930733845254,Clay
2025-04-21,43824,Taylor Fritz,Christopher O'Connell,P1,1.7499440225326108,True,P1,0.7668862388322807,0.2331137611677193,1.32,4.125,0.5599820872104355,911.8530554717358,Clay
2025-04-21,43828,Ben Shelton,Mariano Navone,P1,11.588828351719858,True,P1,0.6546084243375256,0.34539157566247436,1.862559241706161,2.1593406593406588,9.99605099532234,921.8491064670582,Clay
2025-04-21,43829,Francisco Comesana,Arthur Fils,P2,3.0859004206406917,False,P1,0.17321828829419983,0.8267817117058002,5.386554621848739,1.2279693486590038,-3.0859004206406917,918.7632060464175,Clay
2025-04-21,43830,Casper Ruud,Arthur Rinderknech,P2,1.5325819167120482,False,P1,0.8237111101571042,0.1762888898428958,1.17351598173516,6.763157894736843,-1.5325819167120482,917.2306241297055,Clay
2025-04-21,43831,Juan Manuel Cerundolo,Felix Auger-Aliassime,P2,6.255949173890037,False,P1,0.2235175376053275,0.7764824623946724,3.8636363636363633,1.3492063492063493,-6.255949173890037,910.9746749558154,Clay
2025-04-21,43832,Francisco Cerundolo,Harold Mayot,P1,4.367850766568527,True,P1,0.8785852868239243,0.12141471317607566,1.1551246537396123,7.44642857142857,0.6775613377502426,911.6522362935657,Clay
2025-04-21,43833,Jakub Mensik,Ethan Quinn,P1,4.767641909403899,True,P1,0.7307927972098058,0.26920720279019417,1.4299065420560748,3.3260869565217397,2.049640447033452,913.7018767405991,Clay
2025-04-21,43835,Alexander Bublik,Alexei Popyrin,P2,3.673549438010485,False,P1,0.3651312275560551,0.6348687724439449,2.518518518518518,1.6585365853658534,-3.673549438010485,910.0283273025887,Clay
2025-04-21,43836,Benjamin Bonzi,Hubert Hurkacz,P2,3.097686816749733,False,P1,0.3163401866095835,0.6836598133904165,2.9459459459459456,1.5138888888888888,-3.097686816749733,906.9306404858389,Clay
2025-04-21,43837,Alejandro Davidovich Fokina,Nuno Borges,P2,4.323170851271776,False,P1,0.6229482454576882,0.37705175454231177,1.4522292993630572,3.211267605633803,-4.323170851271776,902.6074696345671,Clay
2025-04-21,43838,Brandon Nakashima,Sebastian Ofner,P1,4.427445897027337,True,P1,0.6253315378540767,0.3746684621459233,1.7106382978723402,2.407185628742515,3.1463126161853836,905.7537822507525,Clay
2025-04-21,43840,Alex de Minaur,Denis Shapovalov,P2,0.7442019207488932,False,P1,0.7661655650662137,0.2338344349337863,1.2837528604118993,4.524193548387097,-0.7442019207488932,905.0095803300036,Clay
2025-04-21,43841,Lorenzo Musetti,Stefanos Tsitsipas,P2,4.462515090232948,False,P1,0.42648505447986174,0.5735149455201383,2.1135135135135137,1.898058252427185,-4.462515090232948,900.5470652397706,Clay
2025-04-21,43842,Tommy Paul,Karen Khachanov,P2,9.39005633328238,False,P1,0.43480144048562425,0.5651985595143758,1.8202764976958523,2.2191011235955056,-9.39005633328238,891.1570089064883,Clay
2025-04-21,43843,Frances Tiafoe,Alexandre Muller,P2,1.7071229067602154,False,P1,0.549535710931183,0.45046428906881697,1.75,2.333333333333333,-1.7071229067602154,889.449885999728,Clay
2025-04-21,43844,Gabriel Diallo,Cameron Norrie,P2,6.122458949029433,False,P1,0.40696770012985767,0.5930322998701423,2.1189189189189186,1.8937198067632852,-6.122458949029433,883.3274270506986,Clay
2025-04-21,43845,Grigor Dimitrov,Jacob Fearnley,P1,4.120089453468215,True,P1,0.7545460192082605,0.24545398079173952,1.3711911357340723,3.6940298507462686,1.52934068355884,884.8567677342575,Clay
2025-04-21,43846,Matteo Arnaldi,Damir Dzumhur,P2,3.2743271450084808,False,P1,0.6396654769505465,0.36033452304945346,1.4476190476190474,3.234042553191489,-3.2743271450084808,881.582440589249,Clay
2025-04-21,43847,Alexander Zverev,Alejandro Davidovich Fokina,P1,1.533072698219723,True,P1,0.7447827883032507,0.25521721169674927,1.3594594594594593,3.781954887218045,0.5510774834141164,882.1335180726632,Clay
2025-04-21,43849,Alexander Bublik,Andrey Rublev,P1,2.990393921678399,True,P1,0.2773380807880883,0.7226619192119117,4.448818897637795,1.2899543378995435,10.313327068465659,892.4468451411288,Clay
2025-04-21,43850,Daniil Medvedev,Juan Manuel Cerundolo,P1,14.257428001873127,True,P1,0.8185368571330789,0.1814631428669211,1.3636363636363635,3.749999999999999,5.184519273408408,897.6313644145373,Clay
2025-04-21,43851,Jakub Mensik,Ben Shelton,P2,12.429080206113893,False,P1,0.4079786968673155,0.5920213031326844,1.7723214285714286,2.294797687861272,-12.429080206113893,885.2022842084234,Clay
2025-04-21,43852,Casper Ruud,Sebastian Korda,P2,7.234525314864354,False,P1,0.5903976165248315,0.40960238347516853,1.4169184290030208,3.3985507246376816,-7.234525314864354,877.9677588935591,Clay
2025-04-21,43853,Francisco Cerundolo,Francisco Comesana,P1,9.306125958764698,True,P1,0.8215562569239349,0.17844374307606514,1.2927400468384076,4.416,2.7242757490528984,880.692034642612,Clay
2025-04-21,43854,Brandon Nakashima,Flavio Cobolli,P1,5.27882391994816,True,P1,0.45364469181149814,0.5463553081885019,2.6369426751592355,1.6108949416342413,8.641132149214505,889.3331667918266,Clay
2025-04-21,43855,Jack Draper,Tommy Paul,P2,0.33308538274053784,False,P1,0.6027678570318201,0.3972321429681799,1.6465863453815262,2.546583850931677,-0.33308538274053784,889.000081409086,Clay
2025-04-21,43856,Lorenzo Musetti,Alex de Minaur,P2,7.5817595430601115,False,P1,0.35547074868613365,0.6445292513138663,2.333333333333333,1.75,-7.5817595430601115,881.4183218660258,Clay
2025-04-21,43857,Gabriel Diallo,Grigor Dimitrov,P2,1.3120673787913848,False,P1,0.28487553483553046,0.7151244651644695,3.4057971014492754,1.4156626506024097,-1.3120673787913848,880.1062544872344,Clay
2025-04-21,43858,Matteo Arnaldi,Frances Tiafoe,P2,5.986242978494211,False,P1,0.47145322699296255,0.5285467730070375,1.832558139534884,2.201117318435754,-5.986242978494211,874.1200115087402,Clay
2025-04-21,43859,Francisco Cerundolo,Alexander Zverev,P2,2.676054800007744,False,P1,0.34339858468177054,0.6566014153182295,2.7337662337662336,1.5767790262172285,-2.676054800007744,871.4439567087325,Clay
2025-04-21,43860,Casper Ruud,Taylor Fritz,P2,6.184138918750482,False,P1,0.4924770970839115,0.5075229029160885,1.74235807860262,2.347058823529412,-6.184138918750482,865.259817789982,Clay
2025-04-21,43861,Daniil Medvedev,Brandon Nakashima,P2,2.109356288490369,False,P1,0.6509612679482937,0.3490387320517063,1.461290322580645,3.167832167832168,-2.109356288490369,863.1504615014916,Clay
2025-04-21,43862,Jakub Mensik,Alexander Bublik,P2,4.039741117848579,False,P1,0.6590288610159318,0.34097113898406817,1.3753501400560222,3.6641791044776113,-4.039741117848579,859.110720383643,Clay
2025-04-21,43863,Jack Draper,Matteo Arnaldi,P2,3.4687953849486335,False,P1,0.6840489161082729,0.3159510838917271,1.3438320209973753,3.9083969465648853,-3.4687953849486335,855.6419249986943,Clay
2025-04-21,43864,Casper Ruud,Daniil Medvedev,P2,3.828783628060144,False,P1,0.5928869778983188,0.4071130221016812,1.5357142857142856,2.8666666666666667,-3.828783628060144,851.8131413706342,Clay
2025-04-21,43865,Lorenzo Musetti,Gabriel Diallo,P2,2.1043202891512727,False,P1,0.761404011850775,0.238595988149225,1.2484725050916494,5.024590163934427,-2.1043202891512727,849.7088210814829,Clay
2025-04-21,43866,Francisco Cerundolo,Jakub Mensik,P1,9.153696963849784,True,P1,0.6713127810898758,0.3286872189101242,1.7210300429184548,2.3869047619047614,6.60009051470714,856.3089115961901,Clay
2025-04-21,43867,Jack Draper,Lorenzo Musetti,P2,9.717023131607618,False,P1,0.47658824601588756,0.5234117539841124,1.6220472440944884,2.6075949367088613,-9.717023131607618,846.5918884645826,Clay
2025-04-21,43868,Casper Ruud,Francisco Cerundolo,P2,2.9408657961950584,False,P1,0.4700342175434874,0.5299657824565126,1.979695431472081,2.0207253886010363,-2.9408657961950584,843.6510226683874,Clay
2025-04-21,43869,Casper Ruud,Jack Draper,P1,9.858862180371348,True,P1,0.49030965307463253,0.5096903469253675,2.9863945578231292,1.5034246575342465,19.583590181417915,863.2346128498053,Clay
2025-05-05,43870,Roberto Bautista Agut,Matteo Arnaldi,P1,9.26351979462302,True,P1,0.38253154466606815,0.6174684553339318,4.67741935483871,1.2719298245614037,34.06584698667821,897.3004598364836,Clay
2025-05-05,43871,Alexander Bublik,Roman Safiullin,P2,0.42353321114275727,False,P1,0.4863674255057452,0.5136325744942548,2.0366492146596857,1.9646464646464645,-0.42353321114275727,896.8769266253408,Clay
2025-05-05,43872,Jesper de Jong,Alexander Shevchenko,P2,8.143068672758622,False,P1,0.49104767758851775,0.5089523224114822,1.6666666666666667,2.5,-8.143068672758622,888.7338579525822,Clay
2025-05-05,43873,Jacob Fearnley,Fabio Fognini,P2,6.227213415346198,False,P1,0.585397976260129,0.414602023739871,1.4688524590163936,3.132867132867133,-6.227213415346198,882.506644537236,Clay
2025-05-05,43875,Marcos Giron,Gabriel Diallo,P1,2.4345655300512883,True,P1,0.4143450648897188,0.5856549351102812,2.630573248407643,1.61328125,3.969737424797004,886.476381962033,Clay
2025-05-05,43876,Nicolas Jarry,Hugo Gaston,P1,1.2056471132963476,True,P1,0.6384080028785288,0.36159199712147116,1.5916030534351142,2.690322580645161,0.7132645135913503,887.1896464756243,Clay
2025-05-05,43877,Fabian Marozsan,Joao Fonseca,P1,8.99894254559529,True,P1,0.450432677739106,0.549567322260894,3.2198581560283692,1.450479233226837,19.9763760054704,907.1660224810946,Clay
2025-05-05,43878,Pedro Martinez,Mattia Bellucci,P2,9.417897725479246,False,P1,0.4493420788392293,0.5506579211607707,1.763392857142857,2.309941520467836,-9.417897725479246,897.7481247556153,Clay
2025-05-05,43879,Jaume Munar,Tomas Barrios Vera,P1,17.95496249511231,True,P1,0.800598867099763,0.19940113290023698,1.6451612903225807,2.55,11.5838467710402,909.3319715266555,Clay
2025-05-05,43880,Luca Nardi,Flavio Cobolli,P2,12.984042020040441,False,P1,0.21202343760550268,0.7879765623944973,3.369565217391305,1.4220183486238531,-12.984042020040441,896.3479295066151,Clay
2025-05-05,43883,Thiago Seyboth Wild,Nuno Borges,P2,9.636419027779782,False,P1,0.36137410177779594,0.6386258982222041,2.1722222222222225,1.8530805687203793,-9.636419027779782,886.7115104788353,Clay
2025-05-05,43884,Learner Tien,Reilly Opelka,P2,12.640432879038746,False,P1,0.36204035748391916,0.6379596425160808,1.9746192893401011,2.0260416666666665,-12.640432879038746,874.0710775997966,Clay
2025-05-05,43885,Aleksandar Vukic,Nicolas Moreno De Alboran,P1,10.730150302682876,True,P1,0.5704982316706785,0.4295017683293215,2.3216374269005846,1.756637168141593,14.181368236294325,888.2524458360909,Clay
2025-05-05,43887,Francisco Comesana,Daniel Altmaier,P1,6.642320476957373,True,P1,0.6159999877719542,0.3840000122280458,1.8232558139534885,2.214689265536723,5.468328950797466,893.7207747868885,Clay
2025-05-05,43888,Luciano Darderi,Yunchaokete Bu,P2,6.393317866072919,False,P1,0.6020658413477207,0.3979341586522793,1.4233128834355828,3.3623188405797104,-6.393317866072919,887.3274569208155,Clay
2025-05-05,43889,Laslo Djere,Tomas Martin Etcheverry,P1,5.397856725056071,True,P1,0.5687355002417118,0.4312644997582882,1.9646464646464645,2.0366492146596857,5.207023406493482,892.534480327309,Clay
2025-05-05,43891,Tallon Griekspoor,Miomir Kecmanovic,P2,1.2542766071705935,False,P1,0.5787954622409551,0.4212045377590449,1.6791666666666667,2.4723926380368098,-1.2542766071705935,891.2802037201384,Clay
2025-05-05,43892,Vit Kopriva,Quentin Halys,P2,17.82560407440277,False,P1,0.3138888653187447,0.6861111346812553,1.5855513307984792,2.707792207792208,-17.82560407440277,873.4545996457356,Clay
2025-05-05,43893,Dusan Lajovic,Yoshihito Nishioka,P2,17.45737440713984,False,P1,0.4692238154141423,0.5307761845858576,1.2792792792792793,4.580645161290324,-17.45737440713984,855.9972252385958,Clay
2025-05-05,43894,Corentin Moutet,Rinky Hijikata,P2,10.52806480292742,False,P1,0.568768593844668,0.43123140615533195,1.3256997455470738,4.0703125,-10.52806480292742,845.4691604356683,Clay
2025-05-05,43895,Alexandre Muller,Jiri Lehecka,P2,2.1309902626496067,False,P1,0.3659396954937414,0.6340603045062586,2.5949367088607596,1.626984126984127,-2.1309902626496067,843.3381701730187,Clay
2025-05-05,43896,Cameron Norrie,Christopher O'Connell,P1,8.63827907853578,True,P1,0.6652038730349645,0.33479612696503547,1.7272727272727275,2.375,6.28238478438966,849.6205549574084,Clay
2025-05-05,43897,Francesco Passaro,Chun-Hsin Tseng,P1,4.925753407579522,True,P1,0.44987802260163545,0.5501219773983645,2.647435897435897,1.6070038910505835,8.114862985563699,857.7354179429722,Clay
2025-05-05,43898,Carlos Taberner,Aleksandar Kovacevic,P2,17.154708358859445,False,P1,0.23980140743975747,0.7601985925602426,1.6571428571428568,2.5217391304347827,-17.154708358859445,840.5807095841127,Clay
2025-05-05,43899,Jordan Thompson,Giovanni Mpetshi Perricard,P2,4.904781760056431,False,P1,0.49097140814537343,0.5090285918546266,1.7990867579908678,2.2514285714285713,-4.904781760056431,835.6759278240563,Clay
2025-05-05,43900,Camilo Ugo Carabelli,Pablo Carreno Busta,P2,16.713518556481127,False,P1,0.2550975564012059,0.7449024435987941,1.9846938775510201,2.0155440414507773,-16.713518556481127,818.9624092675751,Clay
2025-05-05,43901,Otto Virtanen,Hamad Medjedovic,P1,4.560341326879612,True,P1,0.3195904698441415,0.6804095301558585,4.26771653543307,1.306024096385542,14.901902761063296,833.8643120286384,Clay
2025-05-05,43902,Jannik Sinner,Mariano Navone,P2,0.8920736520173812,False,P1,0.8800199270380307,0.11998007296196933,1.1120246659815005,9.926605504587156,-0.8920736520173812,832.972238376621,Clay
2025-05-05,43903,Marcos Giron,Taylor Fritz,P1,3.9835322288089365,True,P1,0.24319198299223393,0.756808017007766,6.129310344827586,1.1949579831932773,20.43277307018377,853.4050114468048,Clay
2025-05-05,43904,Casper Ruud,Alexander Bublik,P2,1.1531065765204507,False,P1,0.7987559893575992,0.20124401064240083,1.2181146025878005,5.584745762711864,-1.1531065765204507,852.2519048702843,Clay
2025-05-05,43905,Alex de Minaur,Luca Nardi,P1,11.711855238616542,True,P1,0.914687637392841,0.08531236260715902,1.1333333333333333,8.5,1.5615806984822052,853.8134855687665,Clay
2025-05-05,43906,Tommy Paul,Roberto Bautista Agut,P2,7.861061454058809,False,P1,0.6417349614244864,0.3582650385755136,1.2713347921225382,4.685483870967742,-7.861061454058809,845.9524241147077,Clay
2025-05-05,43907,Jaume Munar,Ben Shelton,P2,5.41966965385509,False,P1,0.3843247804588613,0.6156752195411387,2.268571428571429,1.7882882882882885,-5.41966965385509,840.5327544608526,Clay
2025-05-05,43908,Sebastian Ofner,Frances Tiafoe,P2,4.888946425803179,False,P1,0.3850754680074673,0.6149245319925327,2.294797687861272,1.7723214285714286,-4.888946425803179,835.6438080350495,Clay
2025-05-05,43909,Fabian Marozsan,Andrey Rublev,P2,8.525979629107109,False,P1,0.36657900211701233,0.6334209978829877,2.1712707182320443,1.8537735849056602,-8.525979629107109,827.1178284059423,Clay
2025-05-05,43910,Francisco Cerundolo,Nicolas Jarry,P2,1.8651334656497287,False,P1,0.7654730170497889,0.23452698295021113,1.2474645030425964,5.0409836065573765,-1.8651334656497287,825.2526949402926,Clay
2025-05-05,43911,Tomas Machac,Learner Tien,P2,2.421857365828765,False,P1,0.6981508446784963,0.3018491553215037,1.3482849604221636,3.8712121212121207,-2.421857365828765,822.8308375744639,Clay
2025-05-05,43913,Sebastian Korda,Aleksandar Vukic,P2,1.2470718858941632,False,P1,0.6900097484678751,0.3099902515321249,1.4053254437869822,3.4671532846715327,-1.2470718858941632,821.5837656885698,Clay
2025-05-05,43914,Jesper de Jong,Alejandro Davidovich Fokina,P1,0.17751504446983263,True,P1,0.24666572997938163,0.7533342700206184,4.108527131782946,1.3216957605985038,0.5518103320341309,822.1355760206039,Clay
2025-05-05,43915,Matteo Berrettini,Jacob Fearnley,P1,5.43014128278672,True,P1,0.7631388813258339,0.23686111867416615,1.3753501400560222,3.6641791044776113,2.0382042910179834,824.173780311622,Clay
2025-05-05,43916,Hubert Hurkacz,Pedro Martinez,P1,16.131646074207655,True,P1,0.7363514025245173,0.26364859747548275,1.7644444444444443,2.308139534883721,12.331747221172071,836.5055275327941,Clay
2025-05-05,43917,Hugo Dellien,Thiago Seyboth Wild,P2,1.9629480654400593,False,P1,0.34247357152807467,0.6575264284719253,2.7828947368421053,1.5608856088560885,-1.9629480654400593,834.542579467354,Clay
2025-05-05,43918,Alexander Zverev,Camilo Ugo Carabelli,P1,3.7028967344398427,True,P1,0.8981258890118582,0.10187411098814181,1.125866050808314,8.944954128440367,0.4660689885149454,835.008648455869,Clay
2025-05-05,43919,Carlos Alcaraz,Dusan Lajovic,P2,1.8529784485382874,False,P1,0.8924314306762571,0.10756856932374292,1.0708024275118004,15.123809523809523,-1.8529784485382874,833.1556700073307,Clay
2025-05-05,43920,Jack Draper,Luciano Darderi,P1,3.4736027381165746,True,P1,0.8014263957758047,0.19857360422419534,1.2765486725663715,4.616,0.9606202262490521,834.1162902335798,Clay
2025-05-05,43921,Lorenzo Musetti,Otto Virtanen,P2,2.7223280900717017,False,P1,0.8402910773645775,0.15970892263542247,1.112382934443288,9.898148148148145,-2.7223280900717017,831.393962143508,Clay
2025-05-05,43922,Holger Rune,Francisco Comesana,P2,0.6526662632973055,False,P1,0.7120035105648097,0.2879964894351903,1.3824362606232292,3.6148148148148143,-0.6526662632973055,830.7412958802107,Clay
2025-05-05,43923,Daniil Medvedev,Cameron Norrie,P2,8.345624250757878,False,P1,0.5869490316857834,0.4130509683142166,1.3614130434782608,3.7669172932330826,-8.345624250757878,822.3956716294529,Clay
2025-05-05,43924,Arthur Fils,Tallon Griekspoor,P2,4.7464952195339185,False,P1,0.5653731500043933,0.43462684999560675,1.5645756457564575,2.7712418300653594,-4.7464952195339185,817.6491764099189,Clay
2025-05-05,43925,Francesco Passaro,Grigor Dimitrov,P2,4.88909237422641,False,P1,0.208690014778043,0.791309985221957,4.218749999999999,1.3106796116504853,-4.88909237422641,812.7600840356926,Clay
2025-05-05,43926,Stefanos Tsitsipas,Alexandre Muller,P1,1.924816627240401,True,P1,0.7595109143814083,0.24048908561859172,1.337696335078534,3.9612403100775198,0.6500035207173082,813.4100875564098,Clay
2025-05-05,43929,Alexei Popyrin,Carlos Taberner,P1,10.027168308734272,True,P1,0.7265108493658183,0.27348915063418167,1.569811320754717,2.754966887417219,5.713594017429718,819.1236815738396,Clay
2025-05-05,43930,Vilius Gaubas,Denis Shapovalov,P2,11.72479656141327,False,P1,0.2489732838872425,0.7510267161127575,2.8666666666666667,1.5357142857142856,-11.72479656141327,807.3988850124263,Clay
2025-05-05,43932,Laslo Djere,Alex Michelsen,P2,1.5205298340443107,False,P1,0.6551611743260506,0.3448388256739494,1.4688524590163936,3.132867132867133,-1.5205298340443107,805.878355178382,Clay
2025-05-05,43933,Vit Kopriva,Sebastian Baez,P2,7.598552304661986,False,P1,0.28627266345610847,0.7137273365438915,2.834437086092715,1.5451263537906137,-7.598552304661986,798.27980287372,Clay
2025-05-05,43934,Jannik Sinner,Jesper de Jong,P2,0.4770983030834784,False,P1,0.9276016217256435,0.07239837827435647,1.0651629072681703,16.346153846153847,-0.4770983030834784,797.8027045706365,Clay
2025-05-05,43936,Alex de Minaur,Hugo Dellien,P2,1.2886752931924519,False,P1,0.9112817092120068,0.0887182907879932,1.061904761904762,17.153846153846153,-1.2886752931924519,796.514029277444,Clay
2025-05-05,43937,Tommy Paul,Tomas Machac,P2,3.868315646301574,False,P1,0.514952844240267,0.485047155759733,1.7533039647577093,2.327485380116959,-3.868315646301574,792.6457136311425,Clay
2025-05-05,43938,Francisco Cerundolo,Sebastian Ofner,P2,1.2602794113444777,False,P1,0.7998805090885792,0.20011949091142078,1.2104316546762588,5.752136752136751,-1.2602794113444777,791.385434219798,Clay
2025-05-05,43939,Jakub Mensik,Fabian Marozsan,P1,5.931484280378205,True,P1,0.6378025482464689,0.36219745175353113,1.74235807860262,2.347058823529412,4.403285273643209,795.7887194934411,Clay
2025-05-05,43940,Jaume Munar,Sebastian Korda,P2,5.545757498525042,False,P1,0.3963680610675181,0.6036319389324819,2.1712707182320443,1.8537735849056602,-5.545757498525042,790.2429619949161,Clay
2025-05-05,43941,Hubert Hurkacz,Marcos Giron,P2,1.1496279724926752,False,P1,0.6314273647767331,0.3685726352232669,1.5376344086021503,2.86,-1.1496279724926752,789.0933340224234,Clay
2025-05-05,43942,Alexander Zverev,Vilius Gaubas,P2,0.4983843673097638,False,P1,0.9088527780550382,0.09114722194496183,1.0863895680521598,12.575471698113207,-0.4983843673097638,788.5949496551136,Clay
2025-05-05,43943,Carlos Alcaraz,Laslo Djere,P2,3.086133612775824,False,P1,0.8243337201112078,0.17566627988879224,1.1181525241675616,9.463636363636363,-3.086133612775824,785.5088160423378,Clay
2025-05-05,43944,Jack Draper,Vit Kopriva,P1,10.683806336413076,True,P1,0.9017669009829763,0.0982330990170237,1.1559888579387188,7.410714285714286,1.6665547488555226,787.1753707911934,Clay
2025-05-05,43945,Lorenzo Musetti,Brandon Nakashima,P2,4.49393482912869,False,P1,0.727686748889749,0.27231325111025095,1.2173112338858196,5.601694915254238,-4.49393482912869,782.6814359620647,Clay
2025-05-05,43946,Corentin Moutet,Holger Rune,P1,3.2774533395038334,True,P1,0.26051796958337536,0.7394820304166246,5.183333333333333,1.2390438247011952,13.710679803591034,796.3921157656557,Clay
2025-05-05,43947,Daniil Medvedev,Alexei Popyrin,P2,2.77026496700457,False,P1,0.6695256465968356,0.33047435340316444,1.3896848137535818,3.566176470588235,-2.77026496700457,793.6218507986512,Clay
2025-05-05,43948,Arthur Fils,Stefanos Tsitsipas,P2,5.577408593320379,False,P1,0.466804705632308,0.533195294367692,1.841121495327103,2.188888888888889,-5.577408593320379,788.0444422053308,Clay
2025-05-05,43949,Karen Khachanov,Francesco Passaro,P1,10.669202468463977,True,P1,0.7607751517136472,0.23922484828635282,1.488215488215488,3.048275862068966,5.208869892011031,793.2533120973419,Clay
2025-05-05,43950,Casper Ruud,Jaume Munar,P2,0.8439195455590265,False,P1,0.7701974872593925,0.22980251274060748,1.2707423580786024,4.693548387096774,-0.8439195455590265,792.4093925517828,Clay
2025-05-05,43951,Jannik Sinner,Francisco Cerundolo,P2,0.7091245075435307,False,P1,0.7426102586637242,0.2573897413362758,1.3225000000000002,4.10077519379845,-0.7091245075435307,791.7002680442394,Clay
2025-05-05,43952,Alexander Zverev,Arthur Fils,P1,2.7446005065522514,True,P1,0.6487631978434343,0.3512368021565657,1.606177606177606,2.6496815286624202,1.6637153649756888,793.363983409215,Clay
2025-05-05,43953,Carlos Alcaraz,Karen Khachanov,P2,6.186530316109614,False,P1,0.765373556013272,0.23462644398672805,1.1027857829010566,10.728971962616821,-6.186530316109614,787.1774530931054,Clay
2025-05-05,43954,Jack Draper,Corentin Moutet,P2,1.3994782509199195,False,P1,0.8350806996745513,0.16491930032544866,1.1549100968188104,7.455357142857143,-1.3994782509199195,785.7779748421855,Clay
2025-05-05,43955,Tommy Paul,Alex de Minaur,P2,3.0739251863115578,False,P1,0.33044261317370194,0.6695573868262981,2.789473684210527,1.5588235294117647,-3.0739251863115578,782.7040496558739,Clay
2025-05-05,43956,Lorenzo Musetti,Daniil Medvedev,P2,0.9556195880193569,False,P1,0.6170146067063424,0.38298539329365755,1.581132075471698,2.72077922077922,-0.9556195880193569,781.7484300678545,Clay
2025-05-05,43957,Hubert Hurkacz,Jakub Mensik,P1,9.241944053639122,True,P1,0.4869311019765675,0.5130688980234325,3.048275862068966,1.488215488215488,18.930050923660826,800.6784809915154,Clay
2025-05-05,43958,Jannik Sinner,Casper Ruud,P2,3.09983225486361,False,P1,0.6992837229617006,0.3007162770382994,1.3193069306930691,4.1317829457364335,-3.09983225486361,797.5786487366518,Clay
2025-05-05,43959,Tommy Paul,Hubert Hurkacz,P2,9.163735254304227,False,P1,0.5303646741489156,0.46963532585108436,1.4522292993630572,3.211267605633803,-9.163735254304227,788.4149134823475,Clay
2025-05-05,43960,Lorenzo Musetti,Alexander Zverev,P1,1.114049866097913,True,P1,0.4285303667405346,0.5714696332594654,2.4277108433734944,1.7004219409282701,1.59054107388678,790.0054545562343,Clay
2025-05-05,43961,Carlos Alcaraz,Jack Draper,P2,4.669284037677757,False,P1,0.6324697033820159,0.3675302966179841,1.3942028985507247,3.536764705882353,-4.669284037677757,785.3361705185565,Clay
2025-05-05,43962,Jannik Sinner,Tommy Paul,P2,2.940647350957418,False,P1,0.8256368051288181,0.1743631948711819,1.1204819277108433,9.3,-2.940647350957418,782.3955231675991,Clay
2025-05-05,43963,Carlos Alcaraz,Lorenzo Musetti,P2,6.410792763473539,False,P1,0.5964817597501223,0.4035182402498777,1.4017595307917887,3.489051094890511,-6.410792763473539,775.9847304041256,Clay
2025-05-05,43964,Carlos Alcaraz,Jannik Sinner,P2,1.2849074704316814,False,P1,0.3881821619663461,0.6118178380336539,2.4907975460122698,1.670781893004115,-1.2849074704316814,774.6998229336939,Clay
2025-05-19,43965,Frances Tiafoe,Yunchaokete Bu,P1,2.554936741046101,True,P1,0.6581143255160872,0.3418856744839128,1.5773584905660376,2.7320261437908493,1.4751144203020883,776.174937353996,Clay
2025-05-19,43996,Hubert Hurkacz,Arthur Cazaux,P1,6.7760847665818815,True,P1,0.8229249962412153,0.1770750037587847,1.2731277533039649,4.661290322580646,1.8507368084937306,778.0256741624897,Clay
2025-05-19,43966,Alejandro Davidovich Fokina,Gael Monfils,P2,10.104927147926514,False,P1,0.5200836836097703,0.4799163163902297,1.4233128834355828,3.3623188405797104,-10.104927147926514,767.9207470145632,Clay
2025-05-19,43998,Arthur Rinderknech,Miomir Kecmanovic,P1,0.8362733894929737,True,P1,0.35846980586811544,0.6415301941318845,2.9054054054054053,1.524822695035461,1.5934398367366118,769.5141868512998,Clay
2025-05-19,43967,Felix Auger-Aliassime,Daniel Altmaier,P1,14.693795627178405,True,P1,0.7330923089863819,0.2669076910136181,1.7599999999999998,2.3157894736842106,11.167284676655585,780.6814715279554,Clay
2025-05-19,43999,Matteo Arnaldi,Hugo Gaston,P2,2.445939616053158,False,P1,0.6664198788452746,0.33358012115472535,1.4065281899109792,3.4598540145985406,-2.445939616053158,778.2355319119023,Clay
2025-05-19,43968,Camilo Ugo Carabelli,Sebastian Baez,P2,5.538063829576301,False,P1,0.3490296051006627,0.6509703948993373,2.457317073170732,1.686192468619247,-5.538063829576301,772.6974680823259,Clay
2025-05-19,44000,Jacob Fearnley,Dusan Lajovic,P1,0.9704592054687992,True,P1,0.5238369150091018,0.4761630849908982,1.9547738693467334,2.0473684210526315,0.9265690906486019,773.6240371729746,Clay
2025-05-19,43970,Tomas Martin Etcheverry,Francisco Comesana,P2,0.11902619401107555,False,P1,0.4391508440391888,0.5608491559608112,2.2701149425287355,1.7873303167420815,-0.11902619401107555,773.5050109789635,Clay
2025-05-19,44001,Marton Fucsovics,Zizou Bergs,P1,1.9046196591272864,True,P1,0.5884079665371964,0.4115920334628036,1.763392857142857,2.309941520467836,1.4539730433516336,774.9589840223151,Clay
2025-05-19,43971,Giovanni Mpetshi Perricard,Alexander Bublik,P1,3.7151354911958605,True,P1,0.5110368933258387,0.4889631066741613,2.1777777777777776,1.8490566037735847,4.375604022964013,779.3345880452791,Clay
2025-05-19,44002,Quentin Halys,Jaume Munar,P1,2.9402370200453865,True,P1,0.3746336493219641,0.6253663506780359,3.0902777777777772,1.4784053156146177,6.145912104400424,785.4805001496795,Clay
2025-05-19,44003,Kei Nishikori,Learner Tien,P1,9.60764624853542,True,P1,0.6455576498028875,0.35444235019711245,1.8840579710144931,2.1311475409836067,8.49371624870523,793.9742163983848,Clay
2025-05-19,43972,Alexander Zverev,Aleksandar Kovacevic,P2,1.7678664881603985,False,P1,0.89499525923698,0.10500474076302002,1.0675675675675675,15.799999999999999,-1.7678664881603985,792.2063499102244,Clay
2025-05-19,43973,Andrey Rublev,Damir Dzumhur,P2,4.863609837974286,False,P1,0.7141066643979597,0.28589333560204033,1.2284069097888677,5.378151260504202,-4.863609837974286,787.3427400722501,Clay
2025-05-19,44004,Cameron Norrie,Dominic Stricker,P2,1.9479265931773557,False,P1,0.6905811272666178,0.3094188727333822,1.3764044943820226,3.656716417910447,-1.9479265931773557,785.3948134790727,Clay
2025-05-19,44006,Alexei Popyrin,Nicolas Jarry,P1,0.8631339471873889,True,P1,0.5109898096138928,0.48901019038610716,2.0,2.0,0.8631339471873889,786.2579474262601,Clay
2025-05-19,43975,Roberto Bautista Agut,Marcos Giron,P2,6.775671703791951,False,P1,0.4191428785377317,0.5808571214622683,1.9746192893401011,2.0260416666666665,-6.775671703791951,779.4822757224681,Clay
2025-05-19,44007,Nuno Borges,Alex Michelsen,P1,3.7507085333148327,True,P1,0.6129977363395667,0.38700226366043333,1.7488986784140967,2.335294117647059,2.8089006637159533,782.291176386184,Clay
2025-05-19,43977,Jiri Lehecka,Borna Gojo,P2,2.476029119174736,False,P1,0.6329040658559286,0.3670959341440714,1.4799999999999998,3.083333333333333,-2.476029119174736,779.8151472670093,Clay
2025-05-19,44008,Taylor Fritz,Quentin Halys,P2,1.3855691365539127,False,P1,0.7593294194551502,0.2406705805448498,1.270152505446623,4.701612903225806,-1.3855691365539127,778.4295781304553,Clay
2025-05-19,44009,Novak Djokovic,Marton Fucsovics,P1,11.980872006047697,True,P1,0.833100909745401,0.16689909025459904,1.3177339901477834,4.147286821705426,3.8067302679314126,782.2363083983867,Clay
2025-05-19,43978,Alexandre Muller,Elias Ymer,P1,5.489029562788545,True,P1,0.7377949390074645,0.2622050609925355,1.438871473354232,3.278571428571428,2.408978491505945,784.6452868898926,Clay
2025-05-19,43979,Francisco Cerundolo,Pedro Martinez,P1,1.774728584621455,True,P1,0.8328455515761821,0.16715444842381788,1.2122302158273381,5.711864406779661,0.3766510305491578,785.0219379204418,Clay
2025-05-19,44011,Alexei Popyrin,Jacob Fearnley,P1,4.434253531371138,True,P1,0.5587601597259966,0.4412398402740034,1.989795918367347,2.010309278350516,4.389006046357148,789.410943966799,Clay
2025-05-19,43981,Alexandre Muller,Alexander Zverev,P1,0.052696237691102946,True,P1,0.12424768330647207,0.8757523166935279,8.124999999999998,1.1403508771929822,0.3754606935491084,789.7864046603481,Clay
2025-05-19,44012,Hubert Hurkacz,Arthur Rinderknech,P1,4.559498830027112,True,P1,0.7519644809000565,0.24803551909994348,1.3896848137535818,3.566176470588235,1.7767674523887893,791.5631721127369,Clay
2025-05-19,43982,Roberto Bautista Agut,Frances Tiafoe,P1,2.2374572195297686,True,P1,0.41345883707507375,0.5865411629249262,2.643312101910828,1.6085271317829455,3.6768405263610213,795.2400126390979,Clay
2025-05-19,44013,Matteo Arnaldi,Fabian Marozsan,P1,1.4792752617075637,True,P1,0.4746159813461358,0.5253840186538642,2.201117318435754,1.832558139534884,1.7767831355705375,797.0167957746685,Clay
2025-05-19,44014,Sebastian Ofner,Nuno Borges,P2,1.8097443896794376,False,P1,0.49825990468241055,0.5017400953175895,1.9158415841584158,2.0918918918918914,-1.8097443896794376,795.2070513849891,Clay
2025-05-19,43984,Jiri Lehecka,Francisco Cerundolo,P2,0.08331382388132669,False,P1,0.31781816897092857,0.6821818310290715,3.13986013986014,1.4673202614379082,-0.08331382388132669,795.1237375611078,Clay
2025-05-19,43985,Flavio Cobolli,Alejandro Davidovich Fokina,P1,5.02022239374907,True,P1,0.40392555870099645,0.5960744412990036,3.146853146853146,1.4657980456026056,10.777680243922825,805.9014178050306,Clay
2025-05-19,44016,Hubert Hurkacz,Taylor Fritz,P1,2.971204737282498,True,P1,0.46083150974034054,0.5391684902596594,2.392857142857143,1.7179487179487178,4.138463741214908,810.0398815462455,Clay
2025-05-19,43986,Felix Auger-Aliassime,Giovanni Mpetshi Perricard,P2,3.498786994122659,False,P1,0.6118323020245156,0.38816769797548445,1.4932432432432434,3.0273972602739727,-3.498786994122659,806.5410945521229,Clay
2025-05-19,44017,Novak Djokovic,Matteo Arnaldi,P1,16.13082189104246,True,P1,0.8564891798293229,0.14351082017067707,1.3411458333333335,3.9312977099236637,5.502962676371258,812.0440572284941,Clay
2025-05-19,44018,Sebastian Ofner,Karen Khachanov,P2,2.6845792003137956,False,P1,0.32587414780452506,0.6741258521954749,2.865771812080537,1.535971223021583,-2.6845792003137956,809.3594780281803,Clay
2025-05-19,43987,Luciano Darderi,Brandon Nakashima,P2,6.486459974775821,False,P1,0.478932211475559,0.521067788524441,1.7533039647577093,2.327485380116959,-6.486459974775821,802.8730180534045,Clay
2025-05-19,44019,Cameron Norrie,Alexei Popyrin,P1,5.8308119218406755,True,P1,0.5314053624968488,0.4685946375031512,2.2134831460674156,1.8240740740740737,7.0755919950426165,809.9486100484471,Clay
2025-05-19,43988,Tomas Martin Etcheverry,Camilo Ugo Carabelli,P1,1.6758195114299679,True,P1,0.579849556617555,0.420150443382445,1.780269058295964,2.2816091954022983,1.3075901120574633,811.2562001605046,Clay
2025-05-19,43989,Andrey Rublev,Luciano Darderi,P2,2.8250792051207774,False,P1,0.6073137449555918,0.39268625504440824,1.5319148936170213,2.8799999999999994,-2.8250792051207774,808.4311209553838,Clay
2025-05-19,44020,Novak Djokovic,Cameron Norrie,P1,9.48999798688007,True,P1,0.8534934435433892,0.14650655645661081,1.2367906066536203,5.22314049586777,2.247142380454967,810.6782633358388,Clay
2025-05-19,43990,Felix Auger-Aliassime,Alexandre Muller,P2,3.54135641951735,False,P1,0.6132393234837681,0.3867606765162319,1.488215488215488,3.048275862068966,-3.54135641951735,807.1369069163214,Clay
2025-05-19,44021,Hubert Hurkacz,Sebastian Ofner,P1,2.0358031835117796,True,P1,0.6732478356289333,0.3267521643710667,1.5246478873239437,2.906040268456376,1.068079839236814,808.2049867555583,Clay
2025-05-19,43991,Flavio Cobolli,Roberto Bautista Agut,P2,5.080879924091748,False,P1,0.511978015445853,0.488021984554147,1.7076271186440675,2.413173652694611,-5.080879924091748,803.1241068314665,Clay
2025-05-19,44022,Novak Djokovic,Hubert Hurkacz,P1,3.7406672011168776,True,P1,0.7446558905734286,0.2553441094265714,1.3919308357348703,3.551470588235294,1.466082822339756,804.5901896538063,Clay
2025-05-19,43992,Tomas Martin Etcheverry,Jiri Lehecka,P2,6.208816584148064,False,P1,0.3206990907818449,0.6793009092181551,2.6369426751592355,1.6108949416342413,-6.208816584148064,798.3813730696583,Clay
2025-05-19,43993,Andrey Rublev,Felix Auger-Aliassime,P2,4.2139466305331625,False,P1,0.4903516609206926,0.5096483390793074,1.8240740740740737,2.2134831460674156,-4.2139466305331625,794.167426439125,Clay
2025-05-19,43994,Flavio Cobolli,Tomas Martin Etcheverry,P1,7.6873577581908314,True,P1,0.5599568769833045,0.44004312301669546,2.201117318435754,1.832558139534884,9.233418536374462,803.4008449754995,Clay
2025-05-19,43995,Flavio Cobolli,Andrey Rublev,P1,4.989683407903124,True,P1,0.3926614785554763,0.6073385214445237,3.2624113475177303,1.4420062695924765,11.288716362560967,814.6895613380605,Clay
2025-05-26,44023,Alexander Zverev,Learner Tien,P2,1.50030487240427,False,P1,0.8927419944790039,0.10725800552099607,1.0788880540946655,13.676190476190476,-1.50030487240427,813.1892564656562,Clay
2025-05-26,44024,Jack Draper,Mattia Bellucci,P2,4.216923113986776,False,P1,0.8607281611276058,0.13927183887239425,1.0413122721749697,25.205882352941174,-4.216923113986776,808.9723333516694,Clay
2025-05-26,44025,Novak Djokovic,Mackenzie McDonald,P2,0.2852334478489934,False,P1,0.9490847953111692,0.05091520468883082,1.0462165835976438,22.637254901960784,-0.2852334478489934,808.6870999038204,Clay
2025-05-26,44026,Alex de Minaur,Laslo Djere,P2,5.491519384707412,False,P1,0.6787903191574158,0.32120968084258417,1.2731277533039649,4.661290322580646,-5.491519384707412,803.1955805191129,Clay
2025-05-26,44027,Cameron Norrie,Daniil Medvedev,P1,9.981398112330838,True,P1,0.4139158021929691,0.5860841978070309,4.544,1.2821670428893905,35.37407491010049,838.5696554292134,Clay
2025-05-26,44029,Andrey Rublev,Lloyd Harris,P2,2.301855963276195,False,P1,0.8549727362278925,0.1450272637721075,1.1054158607350097,10.486238532110091,-2.301855963276195,836.2677994659372,Clay
2025-05-26,44030,Jakub Mensik,Alexandre Muller,P2,3.4074072074303707,False,P1,0.6389629116272137,0.36103708837278625,1.4375,3.285714285714286,-3.4074072074303707,832.8603922585067,Clay
2025-05-26,44031,Matteo Arnaldi,Felix Auger-Aliassime,P2,7.140432118798118,False,P1,0.3952437324806133,0.6047562675193867,2.096256684491978,1.9121951219512194,-7.140432118798118,825.7199601397086,Clay
2025-05-26,44032,Joao Fonseca,Hubert Hurkacz,P2,16.514399202794174,False,P1,0.27845252702904955,0.7215474729709505,1.8937198067632852,2.1189189189189186,-16.514399202794174,809.2055609369145,Clay
2025-05-26,44033,Alexander Bublik,James Duckworth,P2,7.830274938276769,False,P1,0.6722495856349351,0.3277504143650649,1.199658703071672,6.0085470085470085,-7.830274938276769,801.3752859986378,Clay
2025-05-26,44034,Flavio Cobolli,Marin Cilic,P2,6.049662782759244,False,P1,0.5840497345612251,0.4159502654387749,1.4536741214057507,3.2042253521126765,-6.049662782759244,795.3256232158785,Clay
2025-05-26,44035,Jesper de Jong,Francesco Passaro,P2,5.885625625726008,False,P1,0.5445531318495789,0.4554468681504211,1.5645756457564575,2.7712418300653594,-5.885625625726008,789.4399975901525,Clay
2025-05-26,44037,Pierre-Hugues Herbert,Benjamin Bonzi,P2,0.22218651950520318,False,P1,0.387103079183584,0.612896920816416,2.5687499999999996,1.6374501992031876,-0.22218651950520318,789.2178110706474,Clay
2025-05-26,44038,Gael Monfils,Hugo Dellien,P1,2.695569918774228,True,P1,0.7462470082603456,0.2537529917396544,1.3743016759776538,3.6716417910447765,1.0089563383121418,790.2267674089595,Clay
2025-05-26,44041,Alexander Shevchenko,Dusan Lajovic,P1,5.474368293346135,True,P1,0.4303008679229293,0.5696991320770707,2.952702702702703,1.5121107266435987,10.689813762006983,800.9165811709665,Clay
2025-05-26,44042,Adam Walton,Maximilian Marterer,P1,16.018331623419332,True,P1,0.5711133932417625,0.42888660675823753,3.999999999999999,1.3333333333333333,48.05499487025798,848.9715760412245,Clay
2025-05-26,44043,Jannik Sinner,Arthur Rinderknech,P2,1.4411736309613625,False,P1,0.9421929778582265,0.05780702214177347,1.0253196289796942,40.4950495049505,-1.4411736309613625,847.5304024102632,Clay
2025-05-26,44044,Carlos Alcaraz,Giulio Zeppieri,P2,1.0729041474311616,False,P1,0.9569281926396435,0.04307180736035654,1.0185525349008082,54.9009900990099,-1.0729041474311616,846.457498262832,Clay
2025-05-26,44045,Daniel Altmaier,Taylor Fritz,P2,16.92914996525664,False,P1,0.14785431465596738,0.8521456853440326,3.8333333333333335,1.352941176470588,-16.92914996525664,829.5283482975753,Clay
2025-05-26,44046,Casper Ruud,Albert Ramos-Vinolas,P2,2.557969972140077,False,P1,0.887100865765032,0.112899134234968,1.0577456968350916,18.317307692307693,-2.557969972140077,826.9703783254353,Clay
2025-05-26,44047,Holger Rune,Roberto Bautista Agut,P2,7.49358650494346,False,P1,0.6777265204276276,0.3222734795723724,1.2081128747795415,5.805084745762714,-7.49358650494346,819.4767918204918,Clay
2025-05-26,44048,Arthur Fils,Nicolas Jarry,P2,4.30975934783266,False,P1,0.7471531011707172,0.2528468988292828,1.197635135135135,6.0598290598290605,-4.30975934783266,815.1670324726591,Clay
2025-05-26,44049,Gabriel Diallo,Francisco Cerundolo,P1,8.348774674366108,True,P1,0.30119314408490605,0.698806855915094,8.252252252252253,1.137888198757764,60.54741993571818,875.7144524083773,Clay
2025-05-26,44050,Stefanos Tsitsipas,Tomas Martin Etcheverry,P2,3.9177201092131453,False,P1,0.7205157434877429,0.27948425651225706,1.2637130801687761,4.792,-3.9177201092131453,871.7967322991641,Clay
2025-05-26,44051,Ugo Humbert,Christopher O'Connell,P1,2.3466105091127396,True,P1,0.6460385778943742,0.35396142210562576,1.5977011494252877,2.673076923076923,1.402571798550144,873.1993040977143,Clay
2025-05-26,44052,Sebastian Korda,Luciano Darderi,P1,4.718510590585011,True,P1,0.5517500506714388,0.4482499493285612,2.010309278350516,1.989795918367347,4.7671550296632095,877.9664591273774,Clay
2025-05-26,44053,Karen Khachanov,Aleksandar Vukic,P2,6.160087264958854,False,P1,0.7672357078277778,0.23276429217222216,1.1204819277108433,9.3,-6.160087264958854,871.8063718624186,Clay
2025-05-26,44056,Denis Shapovalov,Pedro Martinez,P1,7.411282545723857,True,P1,0.6817071967907626,0.31829280320923736,1.6220472440944884,2.6075949367088613,4.610167882773109,876.4165397451917,Clay
2025-05-26,44057,Jacob Fearnley,Stan Wawrinka,P2,7.387842701408407,False,P1,0.5491869080744181,0.45081309192558194,1.5138888888888888,2.9459459459459456,-7.387842701408407,869.0286970437833,Clay
2025-05-26,44058,Richard Gasquet,Terence Atmane,P1,16.055510877288615,True,P1,0.610711155379738,0.38928884462026203,2.613924050632911,1.6196078431372551,25.912375150054405,894.9410721938377,Clay
2025-05-26,44060,Tallon Griekspoor,Marcos Giron,P2,6.8082476863451955,False,P1,0.635479371130423,0.36452062886957703,1.3341902313624678,3.9923076923076914,-6.8082476863451955,888.1328245074925,Clay
2025-05-26,44061,Miomir Kecmanovic,Sebastian Baez,P1,5.323010069150649,True,P1,0.508816162256061,0.49118383774393903,2.262857142857143,1.7918552036199096,6.722201287327391,894.8550257948199,Clay
2025-05-26,44062,Jiri Lehecka,Jordan Thompson,P2,11.729778152322833,False,P1,0.6164229461862605,0.3835770538137395,1.1969696969696968,6.0769230769230775,-11.729778152322833,883.125247642497,Clay
2025-05-26,44063,Filip Misolic,Yunchaokete Bu,P2,3.1697631637459676,False,P1,0.5587534212234847,0.4412465787765153,1.6612244897959183,2.5123456790123457,-3.1697631637459676,879.955484478751,Clay
2025-05-26,44064,Jaume Munar,Camilo Ugo Carabelli,P1,6.920433389620682,True,P1,0.6439552504913753,0.35604474950862475,1.7316017316017311,2.3668639053254434,5.063001051280929,885.018485530032,Clay
2025-05-26,44065,Sebastian Ofner,Jan-Lennard Struff,P2,8.254119666885755,False,P1,0.5635806048904947,0.43641939510950534,1.4433962264150944,3.2553191489361706,-8.254119666885755,876.7643658631462,Clay
2025-05-26,44066,Alejandro Tabilo,Arthur Cazaux,P2,6.176719061575249,False,P1,0.5254701304973879,0.4745298695026121,1.6349206349206347,2.575,-6.176719061575249,870.5876468015709,Clay
2025-05-26,44067,Lorenzo Musetti,Yannick Hanfmann,P2,5.303929403318934,False,P1,0.8124618488646751,0.1875381511353249,1.0808543096872618,13.367924528301886,-5.303929403318934,865.283717398252,Clay
2025-05-26,44069,Ben Shelton,Lorenzo Sonego,P1,2.2443651825739823,True,P1,0.6381555067476019,0.3618444932523981,1.6171874999999998,2.6202531645569613,1.3851941361198792,866.6689115343719,Clay
2025-05-26,44070,Frances Tiafoe,Roman Safiullin,P2,4.007127647734151,False,P1,0.5994680783367596,0.40053192166324036,1.5138888888888888,2.9459459459459456,-4.007127647734151,862.6617838866377,Clay
2025-05-26,44071,Quentin Halys,Tomas Machac,P1,3.675256559540102,True,P1,0.3612223790812354,0.6387776209187646,3.3142857142857145,1.4320987654320987,8.505593752078521,871.1673776387163,Clay
2025-05-26,44072,Mariano Navone,Brandon Nakashima,P2,12.804664531559116,False,P1,0.46308026184118295,0.5369197381588171,1.5246478873239437,2.906040268456376,-12.804664531559116,858.3627131071572,Clay
2025-05-26,44073,Giovanni Mpetshi Perricard,Zizou Bergs,P1,2.1328668897754017,True,P1,0.5430764184854324,0.4569235815145676,1.9261083743842367,2.079787234042553,1.9752658880678602,860.3379789952251,Clay
2025-05-26,44074,Juan Manuel Cerundolo,Alex Michelsen,P2,8.259331242475428,False,P1,0.4194976754983065,0.5805023245016935,1.9261083743842367,2.079787234042553,-8.259331242475428,852.0786477527496,Clay
2025-05-26,44076,Jenson Brooksby,Jaime Faria,P1,10.880228240149755,True,P1,0.6966366404281046,0.3033633595718954,1.6874999999999998,2.454545454545454,7.480156915102954,859.5588046678525,Clay
2025-05-26,44077,Pablo Carreno Busta,Francisco Comesana,P1,16.216374142795,True,P1,0.6050927628805356,0.3949072371194644,2.7337662337662336,1.5767790262172285,28.115401922897824,887.6742065907504,Clay
2025-05-26,44078,Damir Dzumhur,Thiago Agustin Tirante,P2,3.3602312002463512,False,P1,0.5181633274071187,0.4818366725928813,1.7837837837837835,2.275862068965517,-3.3602312002463512,884.313975390504,Clay
2025-05-26,44079,Marton Fucsovics,Tristan Schoolkate,P2,5.9640838674942565,False,P1,0.7695691780514848,0.23043082194851516,1.124153498871332,9.054545454545453,-5.9640838674942565,878.3498915230097,Clay
2025-05-26,44082,Vit Kopriva,Thiago Monteiro,P2,17.566997830460192,False,P1,0.37446426745616646,0.6255357325438335,1.4522292993630572,3.211267605633803,-17.566997830460192,860.7828936925495,Clay
2025-05-26,44083,Fabian Marozsan,Luca Nardi,P2,1.6143494721103442,False,P1,0.7539791905954756,0.24602080940452442,1.2765486725663715,4.616,-1.6143494721103442,859.1685442204391,Clay
2025-05-26,44084,Hamad Medjedovic,Kamil Majchrzak,P2,6.195135257153891,False,P1,0.5151547346586597,0.4848452653413403,1.6612244897959183,2.5123456790123457,-6.195135257153891,852.9734089632852,Clay
2025-05-26,44085,Emilio Nava,Botic Van De Zandschulp,P2,17.059468179265703,False,P1,0.20055416126159425,0.7994458387384058,2.2316384180790965,1.8119266055045873,-17.059468179265703,835.9139407840196,Clay
2025-05-26,44086,Reilly Opelka,Rinky Hijikata,P1,4.208834145928103,True,P1,0.6988677134779269,0.30113228652207313,1.5034246575342465,2.9863945578231292,2.118830888532298,838.0327716725519,Clay
2025-05-26,44087,Jannik Sinner,Richard Gasquet,P2,1.2252285372061884,False,P1,0.9465144319368777,0.053485568063122324,1.0256150139487699,40.039603960396036,-1.2252285372061884,836.8075431353458,Clay
2025-05-26,44088,Alexander Zverev,Jesper de Jong,P2,3.2932285319854837,False,P1,0.8682960631476566,0.13170393685234338,1.0610328638497653,17.384615384615383,-3.2932285319854837,833.5143146033603,Clay
2025-05-26,44089,Jack Draper,Gael Monfils,P2,6.120669833266311,False,P1,0.7318671370140468,0.2681328629859532,1.1656976744186047,7.035087719298246,-6.120669833266311,827.3936447700939,Clay
2025-05-26,44090,Novak Djokovic,Corentin Moutet,P1,7.90637117246532,True,P1,0.9159499966302398,0.0840500033697602,1.1159574468085105,9.623853211009173,0.9168026146794882,828.3104473847734,Clay
2025-05-26,44091,Alexander Bublik,Alex de Minaur,P1,4.4113691686061625,True,P1,0.2049951989774279,0.7950048010225721,9.072727272727274,1.123873873873874,35.611780197475206,863.9222275822486,Clay
2025-05-26,44092,Arthur Fils,Jaume Munar,P2,4.880894783677288,False,P1,0.7294632694228825,0.27053673057711747,1.2159709618874772,5.630252100840336,-4.880894783677288,859.0413327985714,Clay
2025-05-26,44093,Andrey Rublev,Adam Walton,P2,5.693637033521809,False,P1,0.8249284155069869,0.17507158449301308,1.0515361744301288,20.40384615384615,-5.693637033521809,853.3476957650496,Clay
2025-05-26,44096,Jiri Lehecka,Alejandro Davidovich Fokina,P1,6.963405590131417,True,P1,0.5528560688306411,0.4471439311693589,2.1475409836065573,1.8714285714285714,7.9907933001508065,861.3384890652004,Clay
2025-05-26,44097,Filip Misolic,Denis Shapovalov,P2,4.168979725143605,False,P1,0.3648384574411929,0.6351615425588071,2.475609756097561,1.6776859504132233,-4.168979725143605,857.1695093400568,Clay
2025-05-26,44098,Flavio Cobolli,Matteo Arnaldi,P1,7.176264683249401,True,P1,0.6018195941060451,0.39818040589395487,1.9166666666666667,2.090909090909091,6.578242626311951,863.7477519663688,Clay
2025-05-26,44099,Joao Fonseca,Pierre-Hugues Herbert,P2,11.814851835996972,False,P1,0.6765426691889309,0.3234573308110691,1.0737359550561798,14.56190476190476,-11.814851835996972,851.9329001303719,Clay
2025-05-26,44100,Tallon Griekspoor,Gabriel Diallo,P2,0.7731552670538863,False,P1,0.5962938953166579,0.4037061046833421,1.6465863453815262,2.546583850931677,-0.7731552670538863,851.159744863318,Clay
2025-05-26,44102,Ethan Quinn,Alexander Shevchenko,P1,1.6200033506657425,True,P1,0.4596691961817009,0.5403308038182991,2.2816091954022983,1.780269058295964,2.0762111907957497,853.2359560541138,Clay
2025-05-26,44103,Carlos Alcaraz,Fabian Marozsan,P2,3.4707168995532616,False,P1,0.8717575252520682,0.12824247474793182,1.05378590078329,19.592233009708735,-3.4707168995532616,849.7652391545605,Clay
2025-05-26,44104,Nuno Borges,Casper Ruud,P1,6.768470148434863,True,P1,0.24407184028343165,0.7559281597165683,9.91743119266055,1.1121399176954734,60.35736682824483,910.1226059828053,Clay
2025-05-26,44105,Lorenzo Musetti,Daniel Elahi Galan,P2,2.081215601560675,False,P1,0.9066206198085219,0.09337938019147807,1.0525517938352704,20.02884615384615,-2.081215601560675,908.0413903812447,Clay
2025-05-26,44106,Holger Rune,Emilio Nava,P2,3.1423265897991315,False,P1,0.8104097463011422,0.18959025369885785,1.1485411140583555,7.732142857142855,-3.1423265897991315,904.8990637914455,Clay
2025-05-26,44107,Tommy Paul,Marton Fucsovics,P2,9.639913462498697,False,P1,0.6318399341989026,0.3681600658010974,1.2454728370221329,5.073770491803279,-9.639913462498697,895.2591503289468,Clay
2025-05-26,44109,Frances Tiafoe,Pablo Carreno Busta,P2,8.9754395270757,False,P1,0.48204518639202315,0.5179548136079768,1.6585365853658534,2.518518518518518,-8.9754395270757,886.2837108018712,Clay
2025-05-26,44111,Sebastian Korda,Jenson Brooksby,P2,9.86125546418009,False,P1,0.5628307202073101,0.43716927979268994,1.38135593220339,3.6222222222222222,-9.86125546418009,876.4224553376911,Clay
2025-05-26,44112,Karen Khachanov,Sebastian Ofner,P2,3.471345686580046,False,P1,0.6321495397209342,0.36785046027906576,1.4565916398713825,3.1901408450704225,-3.471345686580046,872.951109651111,Clay
2025-05-26,44113,Alexei Popyrin,Alejandro Tabilo,P2,2.2756919066628982,False,P1,0.591557310263978,0.40844268973602205,1.6023166023166024,2.66025641025641,-2.2756919066628982,870.675417744448,Clay
2025-05-26,44114,Damir Dzumhur,Giovanni Mpetshi Perricard,P1,1.1322334368434872,True,P1,0.39952930476470055,0.6004706952352994,2.6075949367088613,1.6220472440944884,1.8201727402420624,872.4955904846901,Clay
2025-05-26,44115,Daniel Altmaier,Vit Kopriva,P2,8.157035963621134,False,P1,0.5046997584563648,0.49530024154363517,1.6108949416342413,2.6369426751592355,-8.157035963621134,864.3385545210689,Clay
2025-05-26,44116,Quentin Halys,Miomir Kecmanovic,P1,7.1510497032253175,True,P1,0.5092210585248249,0.4907789414751751,2.4277108433734944,1.7004219409282701,10.209631202797596,874.5481857238665,Clay
2025-05-26,44117,Hamad Medjedovic,Juan Manuel Cerundolo,P2,1.7889856538565527,False,P1,0.6408450125853227,0.35915498741467733,1.4965986394557824,3.0136986301369864,-1.7889856538565527,872.7592000700099,Clay
2025-05-26,44118,Mariano Navone,Reilly Opelka,P2,16.055803172043547,False,P1,0.4944225068149173,0.5055774931850827,1.2783964365256124,4.5920000000000005,-16.055803172043547,856.7033968979664,Clay
2025-05-26,44119,Jannik Sinner,Jiri Lehecka,P2,3.743643749696917,False,P1,0.8468861321154562,0.15311386788454384,1.0775988286969251,13.886792452830186,-3.743643749696917,852.9597531482694,Clay
2025-05-26,44120,Alexander Zverev,Flavio Cobolli,P2,5.474989721729069,False,P1,0.7055347960525309,0.2944652039474691,1.235408560311284,5.247933884297521,-5.474989721729069,847.4847634265403,Clay
2025-05-26,44121,Jack Draper,Joao Fonseca,P1,5.300523185161617,True,P1,0.7213533026017686,0.27864669739823145,1.4673202614379082,3.13986013986014,2.4770418806474206,849.9618053071878,Clay
2025-05-26,44122,Novak Djokovic,Filip Misolic,P1,0.5862644847233172,True,P1,0.9112498514574554,0.0887501485425446,1.0988909426987061,11.11214953271028,0.057976247565060035,850.0197815547529,Clay
2025-05-26,44125,Tallon Griekspoor,Ethan Quinn,P2,1.6992111062535247,False,P1,0.7882265308064264,0.21177346919357365,1.2179487179487178,5.588235294117647,-1.6992111062535247,848.3205704484993,Clay
2025-05-26,44126,Cameron Norrie,Jacob Fearnley,P1,7.239395109548327,True,P1,0.6180466750810645,0.3819533249189355,1.8537735849056602,2.1712707182320443,6.18080431522758,854.5013747637269,Clay
2025-05-26,44127,Carlos Alcaraz,Damir Dzumhur,P2,2.698747081685963,False,P1,0.9265768887696147,0.07342311123038525,1.0110705192073508,91.33,-2.698747081685963,851.8026276820409,Clay
2025-05-26,44128,Lorenzo Musetti,Mariano Navone,P2,2.8374731509053115,False,P1,0.8133562645921824,0.18664373540781765,1.147562582345191,7.776785714285713,-2.8374731509053115,848.9651545311356,Clay
2025-05-26,44129,Holger Rune,Quentin Halys,P2,7.900294738366115,False,P1,0.673886562006736,0.326113437993264,1.2077464788732395,5.813559322033899,-7.900294738366115,841.0648597927694,Clay
2025-05-26,44130,Tommy Paul,Karen Khachanov,P1,3.873336349984228,True,P1,0.5079350597419292,0.4920649402580708,2.183333333333333,1.8450704225352113,4.5834480141480025,845.6483078069174,Clay
2025-05-26,44131,Ben Shelton,Matteo Gigante,P1,2.844076780387087,True,P1,0.6656228788883206,0.3343771211116794,1.5588235294117647,2.789473684210527,1.5893370243339604,847.2376448312514,Clay
2025-05-26,44132,Frances Tiafoe,Sebastian Korda,P2,1.4876793659071557,False,P1,0.4602879304396945,0.5397120695603055,2.096256684491978,1.9121951219512194,-1.4876793659071557,845.7499654653442,Clay
2025-05-26,44133,Alexei Popyrin,Nuno Borges,P2,0.21118628573508985,False,P1,0.5316825635848583,0.4683174364151417,1.8714285714285714,2.1475409836065573,-0.21118628573508985,845.5387791796092,Clay
2025-05-26,44134,Daniel Altmaier,Hamad Medjedovic,P2,5.691081811760031,False,P1,0.3398221777377821,0.6601778222622179,2.546583850931677,1.6465863453815262,-5.691081811760031,839.8476973678492,Clay
2025-05-26,44135,Jannik Sinner,Andrey Rublev,P2,3.7982993906898574,False,P1,0.8399362918715305,0.16006370812846948,1.082877247849883,13.066037735849052,-3.7982993906898574,836.0493979771593,Clay
2025-05-26,44137,Alexander Bublik,Jack Draper,P1,4.7110336363718375,True,P1,0.19833527015090663,0.8016647298490933,10.361111111111109,1.1068249258160237,44.10050931825858,880.1499072954178,Clay
2025-05-26,44138,Novak Djokovic,Cameron Norrie,P2,4.193401242576867,False,P1,0.8320903926787874,0.16790960732121263,1.0872756933115824,12.457943925233645,-4.193401242576867,875.956506052841,Clay
2025-05-26,44139,Carlos Alcaraz,Ben Shelton,P2,2.8396313492919183,False,P1,0.8693965443619915,0.13060345563800846,1.0756484149855907,14.219047619047616,-2.8396313492919183,873.116874703549,Clay
2025-05-26,44140,Lorenzo Musetti,Holger Rune,P1,0.6855995015744175,True,P1,0.6620737143195473,0.3379262856804527,1.5228070175438597,2.9127516778523495,0.358436230647678,873.4753109341967,Clay
2025-05-26,44141,Tommy Paul,Alexei Popyrin,P1,3.106858020761612,True,P1,0.6150869028820347,0.3849130971179653,1.7076271186440675,2.413173652694611,2.19849698926775,875.6738079234644,Clay
2025-05-26,44142,Frances Tiafoe,Daniel Altmaier,P1,11.576690133145531,True,P1,0.7302823648961082,0.2697176351038918,1.5789473684210527,2.7272727272727275,6.702294287610571,882.376102211075,Clay
2025-05-26,44143,Jannik Sinner,Alexander Bublik,P2,0.861601897482457,False,P1,0.9247069272780563,0.07529307272194374,1.060304449648712,17.58252427184466,-0.861601897482457,881.5145003135925,Clay
2025-05-26,44144,Novak Djokovic,Alexander Zverev,P1,9.602254570709297,True,P1,0.6069235677851393,0.39307643221486066,2.010309278350516,1.989795918367347,9.701246885871253,891.2157471994637,Clay
2025-05-26,44145,Carlos Alcaraz,Tommy Paul,P2,5.624186436505614,False,P1,0.7643185750215705,0.23568142497842948,1.143222506393862,7.982142857142857,-5.624186436505614,885.5915607629581,Clay
2025-05-26,44146,Lorenzo Musetti,Frances Tiafoe,P2,4.580312980884774,False,P1,0.7175408687924654,0.28245913120753463,1.2494887525562373,5.008196721311475,-4.580312980884774,881.0112477820734,Clay
2025-05-26,44147,Jannik Sinner,Novak Djokovic,P2,9.822710139662867,False,P1,0.5959474567533647,0.4040525432466353,1.3038277511961724,4.291338582677165,-9.822710139662867,871.1885376424106,Clay
2025-05-26,44149,Carlos Alcaraz,Jannik Sinner,P2,8.48030629440317,False,P1,0.387210951660349,0.612789048339651,2.079787234042553,1.9261083743842367,-8.48030629440317,862.7082313480074,Clay
2025-06-09,44177,Hubert Hurkacz,Roberto Bautista Agut,P2,3.6999932081256013,False,P1,0.6565615346359709,0.3434384653640291,1.3924418604651165,3.548148148148148,-3.6999932081256013,859.0082381398818,Grass
2025-06-09,44150,Arthur Rinderknech,Denis Shapovalov,P1,0.17662295921798105,True,P1,0.3285643696540206,0.6714356303459794,3.069444444444444,1.483221476510067,0.3655114017149885,859.3737495415968,Grass
2025-06-09,44151,Alex Michelsen,Gael Monfils,P2,15.11983550248327,False,P1,0.3398879555409568,0.6601120444590431,1.9068627450980393,2.1027027027027025,-15.11983550248327,844.2539140391135,Grass
2025-06-09,44178,Daniel Evans,Rinky Hijikata,P1,6.321198826440335,True,P1,0.4637489227218304,0.5362510772781697,2.707792207792208,1.5855513307984792,10.795294099700053,855.0492081388136,Grass
2025-06-09,44180,Adrian Mannarino,Christopher O'Connell,P2,4.443828702693384,False,P1,0.5123548802019421,0.4876451197980579,1.7488986784140967,2.335294117647059,-4.443828702693384,850.6053794361202,Grass
2025-06-09,44153,Marton Fucsovics,Yannick Hanfmann,P2,1.336745242828854,False,P1,0.6117281405483357,0.3882718594516643,1.5833333333333335,2.7142857142857144,-1.336745242828854,849.2686341932913,Grass
2025-06-09,44154,Quentin Halys,Lorenzo Sonego,P2,3.953526603838281,False,P1,0.5463766896555787,0.45362331034442127,1.6598360655737707,2.515527950310559,-3.953526603838281,845.315107589453,Grass
2025-06-09,44182,Mackenzie McDonald,Mattia Bellucci,P2,2.5737365599373274,False,P1,0.5536519659400376,0.4463480340599624,1.6962025316455698,2.436363636363637,-2.5737365599373274,842.7413710295157,Grass
2025-06-09,44183,Reilly Opelka,Jesper de Jong,P1,8.614878985917617,True,P1,0.6495547227888985,0.3504452772111015,1.7873303167420815,2.2701149425287355,6.782755400677219,849.524126430193,Grass
2025-06-09,44156,Corentin Moutet,Fabio Fognini,P2,11.663564792382617,False,P1,0.5289136122891341,0.47108638771086586,1.3715083798882683,3.691729323308271,-11.663564792382617,837.8605616378103,Grass
2025-06-09,44184,Otto Virtanen,Tomas Martin Etcheverry,P2,9.558394810301323,False,P1,0.47439802344434995,0.5256019765556501,1.626984126984127,2.5949367088607596,-9.558394810301323,828.3021668275089,Grass
2025-06-09,44185,Jordan Thompson,Aleksandar Kovacevic,P2,0.2557884278746784,False,P1,0.6744601897137019,0.3255398102862981,1.4735099337748345,3.1118881118881125,-0.2557884278746784,828.0463783996342,Grass
2025-06-09,44158,Brandon Nakashima,Jacob Fearnley,P1,0.9394896232153872,True,P1,0.5226514803571247,0.4773485196428753,1.9547738693467334,2.0473684210526315,0.8970001427684599,828.9433785424027,Grass
2025-06-09,44159,Jiri Lehecka,Benjamin Bonzi,P2,6.39345305929205,False,P1,0.5757858877315105,0.4242141122684895,1.4688524590163936,3.132867132867133,-6.39345305929205,822.5499254831107,Grass
2025-06-09,44186,Nuno Borges,Nishesh Basavareddy,P2,0.3719461589877665,False,P1,0.6032961127070466,0.39670388729295336,1.6425702811244978,2.5562500000000004,-0.3719461589877665,822.1779793241229,Grass
2025-06-09,44187,Nicolas Jarry,Luciano Darderi,P2,7.606938810641943,False,P1,0.5009000289185139,0.49909997108148607,1.626984126984127,2.5949367088607596,-7.606938810641943,814.571040513481,Grass
2025-06-09,44160,Giovanni Mpetshi Perricard,Roman Safiullin,P2,4.356834094577827,False,P1,0.5393975765523111,0.46060242344768887,1.6556016597510372,2.5253164556962022,-4.356834094577827,810.2142064189031,Grass
2025-06-09,44188,Gabriel Diallo,Aleksandar Vukic,P2,2.8748653485130005,False,P1,0.5509658326127963,0.4490341673872037,1.686192468619247,2.457317073170732,-2.8748653485130005,807.3393410703901,Grass
2025-06-09,44161,Jan-Lennard Struff,Matteo Arnaldi,P1,2.4412797384719096,True,P1,0.5217852923548785,0.47821470764512153,2.0366492146596857,1.9646464646464645,2.530750723651508,809.8700917940416,Grass
2025-06-09,44189,Daniil Medvedev,Adrian Mannarino,P2,2.315491462208228,False,P1,0.7029622981887158,0.2970377018112842,1.341207349081365,3.930769230769231,-2.315491462208228,807.5546003318334,Grass
2025-06-09,44162,Alexander Zverev,Corentin Moutet,P2,5.85940827167134,False,P1,0.7700195013154745,0.22998049868452553,1.1102123356926188,10.073394495412844,-5.85940827167134,801.6951920601621,Grass
2025-06-09,44163,Felix Auger-Aliassime,Giovanni Mpetshi Perricard,P2,3.0255968931378434,False,P1,0.5286298345427995,0.47137016545720045,1.7488986784140967,2.335294117647059,-3.0255968931378434,798.6695951670242,Grass
2025-06-09,44190,Ugo Humbert,Daniel Evans,P2,4.630653662506148,False,P1,0.6474665143106817,0.3525334856893183,1.3653846153846154,3.7368421052631584,-4.630653662506148,794.0389415045181,Grass
2025-06-09,44191,Zizou Bergs,Alexei Popyrin,P1,3.3887678767367593,True,P1,0.4773458320795896,0.5226541679204104,2.333333333333333,1.75,4.5183571689823445,798.5572986735004,Grass
2025-06-09,44164,Brandon Nakashima,Learner Tien,P2,5.564017842688792,False,P1,0.6004090385043588,0.3995909614956412,1.4334365325077403,3.307142857142857,-5.564017842688792,792.9932808308116,Grass
2025-06-09,44193,Reilly Opelka,Nicolas Jarry,P2,0.18559995138364074,False,P1,0.5419803223410387,0.45801967765896134,1.8364485981308412,2.195530726256983,-0.18559995138364074,792.807680879428,Grass
2025-06-09,44166,Taylor Fritz,Quentin Halys,P2,2.5313056870227375,False,P1,0.6439842647514449,0.3560157352485551,1.4536741214057507,3.2042253521126765,-2.5313056870227375,790.2763751924052,Grass
2025-06-09,44194,Karen Khachanov,Mackenzie McDonald,P2,2.7091344455127193,False,P1,0.6080222259592771,0.39197777404072287,1.5319148936170213,2.8799999999999994,-2.7091344455127193,787.5672407468925,Grass
2025-06-09,44167,Ben Shelton,Pierre-Hugues Herbert,P2,9.901602956153733,False,P1,0.5490382785128387,0.4509617214871613,1.3633879781420766,3.7518796992481214,-9.901602956153733,777.6656377907387,Grass
2025-06-09,44195,Gabriel Diallo,Jordan Thompson,P1,2.0176322684300723,True,P1,0.409710020662703,0.590289979337297,2.6496815286624202,1.606177606177606,3.3284506848623483,780.9940884756011,Grass
2025-06-09,44168,Jiri Lehecka,Jan-Lennard Struff,P2,3.0241326447675334,False,P1,0.6014813713532746,0.3985186286467254,1.5338078291814947,2.873333333333333,-3.0241326447675334,777.9699558308336,Grass
2025-06-09,44169,Marton Fucsovics,Arthur Rinderknech,P2,0.9494576750585919,False,P1,0.6218817250478594,0.37811827495214057,1.5687732342007437,2.758169934640523,-0.9494576750585919,777.0204981557749,Grass
2025-06-09,44170,Alexander Zverev,Brandon Nakashima,P1,0.3388280986930382,True,P1,0.7463720293392626,0.2536279706607374,1.3438320209973753,3.9083969465648853,0.11649994994432547,777.1369981057193,Grass
2025-06-09,44197,Reilly Opelka,Daniil Medvedev,P1,0.5875284570579278,True,P1,0.2715387068344014,0.7284612931655986,3.840909090909091,1.352,1.6691149348236585,778.806113040543,Grass
2025-06-09,44198,Ugo Humbert,Nuno Borges,P2,4.100170920246078,False,P1,0.6198618444126058,0.38013815558739417,1.4433962264150944,3.2553191489361706,-4.100170920246078,774.7059421202969,Grass
2025-06-09,44171,Taylor Fritz,Marton Fucsovics,P2,2.932558321792386,False,P1,0.6540543323084907,0.34594566769150925,1.4131736526946106,3.420289855072464,-2.932558321792386,771.7733837985045,Grass
2025-06-09,44172,Ben Shelton,Jiri Lehecka,P2,6.692290840029613,False,P1,0.41752568005582813,0.5824743199441719,1.979695431472081,2.0207253886010363,-6.692290840029613,765.0810929584749,Grass
2025-06-09,44199,Gabriel Diallo,Karen Khachanov,P2,0.6589761172296025,False,P1,0.39698247668108155,0.6030175233189184,2.475609756097561,1.6776859504132233,-0.6589761172296025,764.4221168412453,Grass
2025-06-09,44200,Zizou Bergs,Mark Lajal,P2,4.437977226809095,False,P1,0.4712559400869817,0.5287440599130183,1.8755980861244024,2.14207650273224,-4.437977226809095,759.9841396144362,Grass
2025-06-09,44201,Gabriel Diallo,Ugo Humbert,P1,3.7294193832603035,True,P1,0.43552939371577737,0.5644706062842226,2.673076923076923,1.5977011494252877,6.2396055066085845,766.2237451210448,Grass
2025-06-09,44174,Alexander Zverev,Ben Shelton,P1,12.980149367264449,True,P1,0.7397265063555589,0.2602734936444411,1.6491935483870968,2.540372670807453,8.426629226328936,774.6503743473737,Grass
2025-06-09,44202,Zizou Bergs,Reilly Opelka,P1,1.7632926306528365,True,P1,0.4498012998070502,0.5501987001929498,2.36094674556213,1.7347826086956524,2.3997473671606646,777.0501217145344,Grass
2025-06-09,44175,Taylor Fritz,Felix Auger-Aliassime,P1,2.1915431950754503,True,P1,0.6294670367848201,0.3705329632151799,1.6465863453815262,2.546583850931677,1.4170219052495885,778.467143619784,Grass
2025-06-09,44203,Gabriel Diallo,Zizou Bergs,P2,4.09820134272568,False,P1,0.5591943751847138,0.4408056248152862,1.6,2.6666666666666665,-4.09820134272568,774.3689422770583,Grass
2025-06-09,44176,Taylor Fritz,Alexander Zverev,P1,1.1318763433124202,True,P1,0.43151143865185504,0.568488561348145,2.413173652694611,1.7076271186440675,1.599537826477432,775.9684801035357,Grass
2025-06-16,44204,Carlos Alcaraz,Adam Walton,P2,1.1305018572514784,False,P1,0.9369136134429713,0.0630863865570287,1.036234458259325,28.598039215686274,-1.1305018572514784,774.8379782462843,Grass
2025-06-16,44235,Alexander Zverev,Marcos Giron,P2,1.4701220594125555,False,P1,0.822163010418743,0.17783698958125704,1.1701492537313434,6.877192982456142,-1.4701220594125555,773.3678561868717,Grass
2025-06-16,44205,Jack Draper,Jenson Brooksby,P2,4.042418320144664,False,P1,0.8138459480132121,0.18615405198678792,1.1002811621368325,10.97196261682243,-4.042418320144664,769.325437866727,Grass
2025-06-16,44236,Karen Khachanov,Zizou Bergs,P2,2.2822894377374987,False,P1,0.597178111152399,0.40282188884760095,1.5751879699248121,2.738562091503268,-2.2822894377374987,767.0431484289895,Grass
2025-06-16,44237,Jannik Sinner,Yannick Hanfmann,P2,1.7478732530096526,False,P1,0.9156248014939837,0.08437519850601627,1.0423764021603656,24.598039215686274,-1.7478732530096526,765.2952751759799,Grass
2025-06-16,44206,Corentin Moutet,Taylor Fritz,P1,1.6237337658341822,True,P1,0.19480404749414845,0.8051959525058515,6.28448275862069,1.1892332789559545,8.580593090140981,773.8758682661208,Grass
2025-06-16,44238,Andrey Rublev,Sebastian Ofner,P2,1.9670560266979356,False,P1,0.619500669584885,0.38049933041511497,1.5321428571428573,2.879194630872483,-1.9670560266979356,771.9088122394229,Grass
2025-06-16,44207,Jiri Lehecka,Alex de Minaur,P1,5.683696370458968,True,P1,0.4109385429435465,0.5890614570564535,3.234042553191489,1.4476190476190474,12.697619551025353,784.6064317904483,Grass
2025-06-16,44239,Alex Michelsen,Francisco Cerundolo,P2,4.83614747241098,False,P1,0.4485041772752866,0.5514958227247134,1.9547738693467334,2.0473684210526315,-4.83614747241098,779.7702843180373,Grass
2025-06-16,44208,Arthur Rinderknech,Ben Shelton,P1,8.881342436998942,True,P1,0.3887791730762399,0.6112208269237601,4.796747967479675,1.2633832976445396,33.720218846166716,813.490503164204,Grass
2025-06-16,44240,Denis Shapovalov,Ugo Humbert,P1,3.049457679548734,True,P1,0.468749763838465,0.531250236161535,2.3491124260355027,1.7412280701754383,4.114061248148587,817.6045644123526,Grass
2025-06-16,44209,Gabriel Diallo,Billy Harris,P1,16.352091288247053,True,P1,0.8184354397191398,0.1815645602808602,1.4898648648648647,3.0413793103448277,8.010314989175074,825.6148794015277,Grass
2025-06-16,44241,Tomas Machac,Jesper de Jong,P2,7.112378746289758,False,P1,0.5623211969576245,0.4376788030423755,1.4719471947194718,3.118881118881119,-7.112378746289758,818.5025006552379,Grass
2025-06-16,44242,Felix Auger-Aliassime,Laslo Djere,P2,6.6004559274484045,False,P1,0.617738948679044,0.382261051320956,1.3577235772357723,3.7954545454545445,-6.6004559274484045,811.9020447277895,Grass
2025-06-16,44211,Brandon Nakashima,Giovanni Mpetshi Perricard,P2,3.582704173119241,False,P1,0.5651496961824913,0.43485030381750867,1.61328125,2.630573248407643,-3.582704173119241,808.3193405546702,Grass
2025-06-16,44212,Reilly Opelka,Camilo Ugo Carabelli,P2,2.1643152831232184,False,P1,0.7689898158608719,0.2310101841391281,1.2307692307692306,5.333333333333333,-2.1643152831232184,806.1550252715471,Grass
2025-06-16,44243,Flavio Cobolli,Joao Fonseca,P1,6.7196454639051115,True,P1,0.4744468588684495,0.5255531411315505,2.707792207792208,1.5855513307984792,11.475758162383405,817.6307834339304,Grass
2025-06-16,44213,Alexei Popyrin,Aleksandar Vukic,P2,3.9444233716338775,False,P1,0.5326697515840773,0.46733024841592274,1.6962025316455698,2.436363636363637,-3.9444233716338775,813.6863600622966,Grass
2025-06-16,44244,Tomas Martin Etcheverry,Pedro Martinez,P2,2.5146733810809185,False,P1,0.653013719945241,0.34698628005475896,1.4367088607594936,3.2898550724637685,-2.5146733810809185,811.1716866812156,Grass
2025-06-16,44214,Holger Rune,Christopher O'Connell,P2,4.1933788339167,False,P1,0.7005254625783461,0.29947453742165386,1.2799097065462754,4.572580645161291,-4.1933788339167,806.978307847299,Grass
2025-06-16,44245,Lorenzo Sonego,Jan-Lennard Struff,P1,1.497138404806296,True,P1,0.4647866777449292,0.5352133222550708,2.2514285714285713,1.7990867579908678,1.873561775157593,808.8518696224565,Grass
2025-06-16,44246,Daniil Medvedev,Daniel Altmaier,P1,12.099347087404139,True,P1,0.8698933406183418,0.13010665938165822,1.2279693486590038,5.386554621848739,2.758280274714736,811.6101498971713,Grass
2025-06-16,44215,Daniel Evans,Frances Tiafoe,P1,3.6788371787563277,True,P1,0.303730517107232,0.696269482892768,4.26771653543307,1.306024096385542,12.021397080187999,823.6315469773592,Grass
2025-06-16,44216,Jakub Mensik,Cameron Norrie,P1,1.5596733620880197,True,P1,0.593876075903285,0.40612392409671505,1.7304347826086959,2.3690476190476186,1.1392396731773364,824.7707866505366,Grass
2025-06-16,44247,Alexander Bublik,Alexandre Muller,P2,6.86586813890578,False,P1,0.5988653183012451,0.4011346816987549,1.3918128654970758,3.5522388059701484,-6.86586813890578,817.9049185116309,Grass
2025-06-16,44217,Roberto Bautista Agut,Nuno Borges,P1,2.126664047969786,True,P1,0.5813413030086128,0.41865869699138725,1.7909090909090908,2.264367816091954,1.6819979288488303,819.5869164404797,Grass
2025-06-16,44248,Quentin Halys,Benjamin Bonzi,P2,4.061971815741913,False,P1,0.5196497895383798,0.4803502104616202,1.7336244541484718,2.3630952380952377,-4.061971815741913,815.5249446247378,Grass
2025-06-16,44218,Jacob Fearnley,Alex Bolt,P2,0.5568891399816593,False,P1,0.6800116698615999,0.3199883301384001,1.450479233226837,3.2198581560283692,-0.5568891399816593,814.9680554847562,Grass
2025-06-16,44249,Fabian Marozsan,Miomir Kecmanovic,P2,0.2698273704025569,False,P1,0.49668910494605756,0.5033108950539424,2.0,2.0,-0.2698273704025569,814.6982281143536,Grass
2025-06-16,44219,Mackenzie McDonald,Gael Monfils,P2,7.168409574513749,False,P1,0.38566802992402127,0.6143319700759787,2.1366120218579234,1.879807692307692,-7.168409574513749,807.5298185398399,Grass
2025-06-16,44250,Stefanos Tsitsipas,Luciano Darderi,P2,6.343324614110823,False,P1,0.6313580898875293,0.3686419101124707,1.3350515463917525,3.984615384615384,-6.343324614110823,801.1864939257291,Grass
2025-06-16,44220,Carlos Alcaraz,Jaume Munar,P2,2.8063412282685865,False,P1,0.8818527189455059,0.11814728105449412,1.054535920293655,19.336538461538463,-2.8063412282685865,798.3801526974605,Grass
2025-06-16,44251,Alexander Bublik,Jannik Sinner,P2,7.9988529492442,False,P1,0.12061932680748277,0.8793806731925172,6.629310344827586,1.1776416539050536,-7.9988529492442,790.3812997482163,Grass
2025-06-16,44252,Alexander Zverev,Lorenzo Sonego,P2,2.4422082238809617,False,P1,0.819199960951913,0.18080003904808695,1.14526588845655,7.88392857142857,-2.4422082238809617,787.9390915243354,Grass
2025-06-16,44221,Jacob Fearnley,Corentin Moutet,P2,6.54825163753611,False,P1,0.5035344853422445,0.49646551465775546,1.6558704453441293,2.524691358024691,-6.54825163753611,781.3908398867993,Grass
2025-06-16,44222,Jiri Lehecka,Gabriel Diallo,P2,8.472317822574341,False,P1,0.4901716175605796,0.5098283824394204,1.5977011494252877,2.673076923076923,-8.472317822574341,772.9185220642249,Grass
2025-06-16,44253,Tomas Martin Etcheverry,Andrey Rublev,P1,3.8043573795750443,True,P1,0.2937530208494259,0.7062469791505741,4.616,1.2765486725663715,13.75655628454336,786.6750783487682,Grass
2025-06-16,44254,Tomas Machac,Fabian Marozsan,P1,3.976374331865598,True,P1,0.5723870378437205,0.42761296215627953,1.9073170731707316,2.102150537634408,3.6078323206195178,790.2829106693878,Grass
2025-06-16,44223,Arthur Rinderknech,Reilly Opelka,P1,1.303265178376659,True,P1,0.4758911397261648,0.5241088602738352,2.183333333333333,1.8450704225352113,1.5421971277457127,791.8251077971335,Grass
2025-06-16,44224,Jack Draper,Alexei Popyrin,P2,3.5977479768999174,False,P1,0.7708344750686171,0.22916552493138287,1.1794071762870515,6.573913043478262,-3.5977479768999174,788.2273598202336,Grass
2025-06-16,44255,Karen Khachanov,Felix Auger-Aliassime,P1,6.091436335138429,True,P1,0.5049038501462533,0.4950961498537467,2.413173652694611,1.7076271186440675,8.608257335884247,796.8356171561178,Grass
2025-06-16,44225,Holger Rune,Mackenzie McDonald,P2,3.8807182039923274,False,P1,0.6350894106764597,0.36491058932354026,1.4212121212121214,3.3741007194244608,-3.8807182039923274,792.9548989521255,Grass
2025-06-16,44256,Flavio Cobolli,Denis Shapovalov,P1,2.2998798255631465,True,P1,0.44368700893563373,0.5563129910643663,2.4424242424242424,1.6932773109243697,3.3174024150547203,796.2723013671803,Grass
2025-06-16,44257,Daniil Medvedev,Quentin Halys,P1,8.395096001895611,True,P1,0.7351516196304476,0.2648483803695524,1.5051546391752577,2.9795918367346936,4.240821691679226,800.5131230588595,Grass
2025-06-16,44226,Roberto Bautista Agut,Jakub Mensik,P1,3.5149127052239137,True,P1,0.4169770501815644,0.5830229498184356,2.7712418300653594,1.5645756457564575,6.225760412520788,806.7388834713803,Grass
2025-06-16,44258,Alex Michelsen,Stefanos Tsitsipas,P2,13.742380825900485,False,P1,0.36628350803660137,0.6337164919633986,1.7999999999999998,2.25,-13.742380825900485,792.9965026454798,Grass
2025-06-16,44227,Brandon Nakashima,Daniel Evans,P2,0.9788179911325541,False,P1,0.6750531852596082,0.3249468147403918,1.444794952681388,3.24822695035461,-0.9788179911325541,792.0176846543472,Grass
2025-06-16,44259,Alexander Zverev,Flavio Cobolli,P2,3.713788852492706,False,P1,0.7799248915240828,0.22007510847591716,1.1619318181818181,7.175438596491228,-3.713788852492706,788.3038958018545,Grass
2025-06-16,44228,Carlos Alcaraz,Arthur Rinderknech,P2,0.740736799618435,False,P1,0.8586939335915128,0.1413060664084872,1.1426735218508997,8.009009009009008,-0.740736799618435,787.5631590022361,Grass
2025-06-16,44260,Daniil Medvedev,Alex Michelsen,P1,9.229778432687333,True,P1,0.7561637483909187,0.2438362516090813,1.4673202614379082,3.13986013986014,4.313262470177411,791.8764214724135,Grass
2025-06-16,44229,Jack Draper,Brandon Nakashima,P2,4.888219536726026,False,P1,0.7079217031234656,0.2920782968765344,1.2381889763779528,5.198347107438017,-4.888219536726026,786.9882019356875,Grass
2025-06-16,44230,Roberto Bautista Agut,Holger Rune,P1,9.525676792752337,True,P1,0.44684011834380777,0.5531598816561922,3.7014925373134324,1.3701657458563536,25.73354476848019,812.7217467041677,Grass
2025-06-16,44261,Alexander Bublik,Tomas Machac,P2,7.812981946950874,False,P1,0.5028914079114625,0.4971085920885375,1.606177606177606,2.6496815286624202,-7.812981946950874,804.9087647572168,Grass
2025-06-16,44231,Jiri Lehecka,Jacob Fearnley,P1,1.050045124063192,True,P1,0.6525019654194097,0.34749803458059025,1.554744525547445,2.8026315789473686,0.5825067841518435,805.4912715413686,Grass
2025-06-16,44262,Karen Khachanov,Tomas Martin Etcheverry,P2,2.0579867287630367,False,P1,0.6794844889650977,0.3205155110349023,1.3965014577259474,3.5220588235294117,-2.0579867287630367,803.4332848126056,Grass
2025-06-16,44263,Daniil Medvedev,Alexander Zverev,P2,1.6066160528667348,False,P1,0.4266694382914835,0.5733305617085165,2.25,1.7999999999999998,-1.6066160528667348,801.8266687597389,Grass
2025-06-16,44232,Carlos Alcaraz,Roberto Bautista Agut,P2,3.0899761962976986,False,P1,0.8089599016375622,0.19104009836243785,1.140880503144654,8.098214285714285,-3.0899761962976986,798.7366925634412,Grass
2025-06-16,44264,Alexander Bublik,Karen Khachanov,P2,10.768256634610342,False,P1,0.44286360408862013,0.5571363959113799,1.6491935483870968,2.540372670807453,-10.768256634610342,787.9684359288309,Grass
2025-06-16,44233,Jiri Lehecka,Jack Draper,P1,1.17548594663697,True,P1,0.3759977152138133,0.6240022847861867,2.8026315789473686,1.554744525547445,2.1189680880166435,790.0874040168476,Grass
2025-06-16,44234,Carlos Alcaraz,Jiri Lehecka,P2,0.8107231024125383,False,P1,0.7646799080647393,0.2353200919352607,1.2808988764044942,4.56,-0.8107231024125383,789.276680914435,Grass
2025-06-16,44265,Alexander Bublik,Daniil Medvedev,P2,9.340868359147393,False,P1,0.312519664211779,0.687480335788221,2.4424242424242424,1.6932773109243697,-9.340868359147393,779.9358125552876,Grass
2025-06-23,44266,Roberto Bautista Agut,Tomas Martin Etcheverry,P1,7.631744520610713,True,P1,0.6845889653165576,0.31541103468344245,1.6451612903225807,2.55,4.923706142329493,784.8595186976171,Grass
2025-06-23,44293,Jacob Fearnley,Flavio Cobolli,P2,10.03802046136945,False,P1,0.4220321507173177,0.5779678492826823,1.763392857142857,2.309941520467836,-10.03802046136945,774.8214982362476,Grass
2025-06-23,44267,Brandon Holt,Benjamin Bonzi,P2,15.496429964724953,False,P1,0.21502626957888216,0.7849737304211178,2.3157894736842106,1.7599999999999998,-15.496429964724953,759.3250682715227,Grass
2025-06-23,44295,Jenson Brooksby,Francisco Comesana,P2,0.1314886301746489,False,P1,0.6423174920609145,0.3576825079390855,1.5514705882352942,2.8133333333333335,-0.1314886301746489,759.193579641348,Grass
2025-06-23,44268,Bernard Tomic,Rinky Hijikata,P2,15.18387159282696,False,P1,0.07023684298829216,0.9297631570117079,2.6242038216560504,1.615686274509804,-15.18387159282696,744.0097080485211,Grass
2025-06-23,44269,Roman Safiullin,Alexandre Muller,P2,3.5299094086228098,False,P1,0.539024039872421,0.460975960127579,1.6791666666666667,2.4723926380368098,-3.5299094086228098,740.4797986398984,Grass
2025-06-23,44296,James Duckworth,Aleksandar Vukic,P1,0.39583360117584004,True,P1,0.3643460285122141,0.6356539714877859,2.7973856209150325,1.5563636363636362,0.7114656230284706,741.1912642629269,Grass
2025-06-23,44270,Gabriel Diallo,Jaume Munar,P1,1.8931831188971,True,P1,0.6171456298744915,0.3828543701255085,1.6763485477178421,2.478527607361963,1.2804516530299885,742.4717159159569,Grass
2025-06-23,44297,Marcos Giron,Luciano Darderi,P2,5.130983845436044,False,P1,0.5267643129309822,0.47323568706901775,1.6360000000000001,2.5723270440251573,-5.130983845436044,737.3407320705209,Grass
2025-06-23,44298,Billy Harris,Cameron Norrie,P1,1.320328283628351,True,P1,0.31626671859454614,0.6837332814054539,3.4379562043795615,1.4101796407185627,3.218902530889556,740.5596346014104,Grass
2025-06-23,44271,Hamad Medjedovic,Nishesh Basavareddy,P2,0.8916513867904124,False,P1,0.5639735948736085,0.43602640512639146,1.7304347826086959,2.3690476190476186,-0.8916513867904124,739.66798321462,Grass
2025-06-23,44272,Corentin Moutet,Pedro Martinez,P2,2.344062853034372,False,P1,0.7015598124229577,0.29844018757704227,1.3350515463917525,3.984615384615384,-2.344062853034372,737.3239203615856,Grass
2025-06-23,44273,Ethan Quinn,Camilo Ugo Carabelli,P2,13.93182440514661,False,P1,0.42889106821709916,0.5711089317829008,1.450479233226837,3.2198581560283692,-13.93182440514661,723.392095956439,Grass
2025-06-23,44300,Alejandro Davidovich Fokina,Chun-Hsin Tseng,P1,9.145858343822745,True,P1,0.795680172926045,0.20431982707395502,1.3764044943820226,3.656716417910447,3.4425421855962033,726.8346381420351,Grass
2025-06-23,44301,Mattia Bellucci,Quentin Halys,P2,6.239736527598105,False,P1,0.3546892933808662,0.6453107066191338,2.335294117647059,1.7488986784140967,-6.239736527598105,720.594901614437,Grass
2025-06-23,44274,Arthur Rinderknech,Damir Dzumhur,P2,3.615723426718663,False,P1,0.6681065753792479,0.3318934246207521,1.3465608465608467,3.8854961832061066,-3.615723426718663,716.9791781877184,Grass
2025-06-23,44302,Daniel Evans,Miomir Kecmanovic,P2,0.9322625546440952,False,P1,0.413580668529701,0.586419331470299,2.3550295857988166,1.737991266375546,-0.9322625546440952,716.0469156330743,Grass
2025-06-23,44303,Joao Fonseca,Zizou Bergs,P2,4.233914328946195,False,P1,0.5568896750109047,0.4431103249890953,1.5833333333333335,2.7142857142857144,-4.233914328946195,711.8130013041281,Grass
2025-06-23,44276,Daniel Altmaier,Fabio Fognini,P2,8.920327105346875,False,P1,0.4884867503967823,0.5115132496032178,1.5340501792114694,2.87248322147651,-8.920327105346875,702.8926741987812,Grass
2025-06-23,44277,Laslo Djere,Yunchaokete Bu,P1,13.28871961171035,True,P1,0.7269389002123242,0.2730610997876758,1.7828054298642535,2.277456647398844,10.402481867990456,713.2951560667716,Grass
2025-06-23,44304,Lorenzo Sonego,Fabian Marozsan,P2,3.3078457266110335,False,P1,0.5252509830670768,0.47474901693292315,1.7272727272727275,2.375,-3.3078457266110335,709.9873103401605,Grass
2025-06-23,44305,Taylor Fritz,Joao Fonseca,P1,1.7514290107722372,True,P1,0.7079662404064302,0.2920337595935698,1.4433962264150944,3.2553191489361706,0.7765770142103317,710.7638873543709,Grass
2025-06-23,44278,Learner Tien,Ben Shelton,P1,5.645013835254232,True,P1,0.37197992238344607,0.6280200776165539,3.9465648854961826,1.339378238341969,16.63339954510025,727.3972868994712,Grass
2025-06-23,44306,Daniel Evans,Tommy Paul,P1,0.20608665392598344,True,P1,0.30162437537431364,0.6983756246256864,3.3597122302158278,1.4237804878048779,0.48630519775339986,727.8835920972246,Grass
2025-06-23,44279,Alex Michelsen,Brandon Holt,P2,2.610196057793643,False,P1,0.6926119028184027,0.3073880971815973,1.3402597402597405,3.9389312977099245,-2.610196057793643,725.273396039431,Grass
2025-06-23,44280,Roberto Bautista Agut,Bernard Tomic,P2,0.4839275443452465,False,P1,0.7813108013995912,0.2186891986004088,1.262820512820513,4.8048780487804885,-0.4839275443452465,724.7894684950858,Grass
2025-06-23,44307,Jakub Mensik,Reilly Opelka,P2,2.812888586548457,False,P1,0.5961991271632722,0.40380087283672783,1.5471014492753625,2.827814569536424,-2.812888586548457,721.9765799085374,Grass
2025-06-23,44308,Ugo Humbert,Lorenzo Sonego,P2,1.9637539325404663,False,P1,0.5551287219213182,0.44487127807868176,1.7033898305084747,2.421686746987952,-1.9637539325404663,720.0128259759969,Grass
2025-06-23,44281,Corentin Moutet,Daniel Altmaier,P2,0.1710279918943388,False,P1,0.6535623329873919,0.34643766701260814,1.5228070175438597,2.9127516778523495,-0.1710279918943388,719.8417979841025,Grass
2025-06-23,44282,Felix Auger-Aliassime,Arthur Rinderknech,P2,6.372518818104391,False,P1,0.5875736250253459,0.41242637497465406,1.4005847953216373,3.496350364963503,-6.372518818104391,713.4692791659982,Grass
2025-06-23,44309,Alejandro Davidovich Fokina,James Duckworth,P1,1.1501193699546663,True,P1,0.6737140100910146,0.3262859899089854,1.5086505190311417,2.965986394557823,0.5850088144752107,714.0542879804734,Grass
2025-06-23,44283,Tallon Griekspoor,Ethan Quinn,P1,8.997847923458224,True,P1,0.7188321392153496,0.2811678607846504,1.6023166023166024,2.66025641025641,5.4195531894188544,719.4738411698922,Grass
2025-06-23,44310,Jenson Brooksby,Nuno Borges,P1,4.634915429329457,True,P1,0.5410266288969572,0.4589733711030428,2.1135135135135137,1.898058252427185,5.161040964550639,724.6348821344429,Grass
2025-06-23,44284,Gabriel Diallo,Laslo Djere,P2,3.630163703273207,False,P1,0.6105833857429515,0.38941661425704854,1.4736842105263157,3.1111111111111107,-3.630163703273207,721.0047184311697,Grass
2025-06-23,44311,Marcos Giron,Jacob Fearnley,P1,7.4906209436503595,True,P1,0.4803933737263479,0.5196066262736521,2.906040268456376,1.5246478873239437,14.277425154340285,735.2821435855101,Grass
2025-06-23,44285,Hamad Medjedovic,Roman Safiullin,P2,1.4487236489309967,False,P1,0.5230715828432009,0.4769284171567991,1.8364485981308412,2.195530726256983,-1.4487236489309967,733.833419936579,Grass
2025-06-23,44312,Billy Harris,Mattia Bellucci,P1,3.195305230477274,True,P1,0.44161528148632423,0.5583847185136758,2.575,1.6349206349206347,5.032605738001707,738.8660256745808,Grass
2025-06-23,44286,Felix Auger-Aliassime,Hamad Medjedovic,P2,1.5922525178223548,False,P1,0.6436935223256657,0.3563064776743343,1.4865771812080535,3.055172413793103,-1.5922525178223548,737.2737731567585,Grass
2025-06-23,44313,Taylor Fritz,Marcos Giron,P2,1.0738060974146677,False,P1,0.7568341049570702,0.24316589504292985,1.2828054298642535,4.5360000000000005,-1.0738060974146677,736.1999670593437,Grass
2025-06-23,44314,Alejandro Davidovich Fokina,Jakub Mensik,P1,2.432213490877921,True,P1,0.4038775355859351,0.5961224644140649,2.7647058823529416,1.5666666666666667,4.29214145449045,740.4921085138342,Grass
2025-06-23,44287,Alex Michelsen,Roberto Bautista Agut,P2,10.889373537420274,False,P1,0.34570421849415456,0.6542957815058454,2.0418848167539267,1.959798994974874,-10.889373537420274,729.6027349764139,Grass
2025-06-23,44315,Ugo Humbert,Billy Harris,P2,3.1134015492682083,False,P1,0.7053554771235626,0.2946445228764374,1.2967289719626167,4.37007874015748,-3.1134015492682083,726.4893334271457,Grass
2025-06-23,44288,Tallon Griekspoor,Gabriel Diallo,P1,0.15200821793141248,True,P1,0.49317841942707297,0.506821580572927,2.036458333333334,1.964824120603015,0.15755018421016198,726.6468836113559,Grass
2025-06-23,44289,Corentin Moutet,Learner Tien,P1,8.339451073940483,True,P1,0.5767304715802918,0.4232695284197082,2.2191011235955056,1.8202764976958523,10.166634174410587,736.8135177857664,Grass
2025-06-23,44316,Jenson Brooksby,Daniel Evans,P1,2.5986659350497034,True,P1,0.5638678096156549,0.43613219038434514,1.8840579710144931,2.1311475409836067,2.2973713338845214,739.1108891196509,Grass
2025-06-23,44317,Taylor Fritz,Alejandro Davidovich Fokina,P1,4.141640986811905,True,P1,0.7433622632482346,0.2566377367517654,1.4065281899109792,3.4598540145985406,1.6836938136297652,740.7945829332807,Grass
2025-06-23,44290,Tallon Griekspoor,Felix Auger-Aliassime,P1,4.422730900029106,True,P1,0.49238887888565375,0.5076111211143463,2.36094674556213,1.7347826086956524,6.019101224891682,746.8136841581724,Grass
2025-06-23,44318,Jenson Brooksby,Ugo Humbert,P1,4.827986479727128,True,P1,0.4255352634199784,0.5744647365800216,2.93918918918919,1.515679442508711,9.362379187038421,756.1760633452108,Grass
2025-06-23,44291,Corentin Moutet,Alex Michelsen,P1,7.464164828899816,True,P1,0.5091007592079224,0.4908992407920776,2.575,1.6349206349206347,11.75605960551721,767.932122950728,Grass
2025-06-23,44319,Taylor Fritz,Jenson Brooksby,P2,0.03803069947426524,False,P1,0.7487759287831689,0.2512240712168311,1.3341902313624678,3.9923076923076914,-0.03803069947426524,767.8940922512537,Grass
2025-06-23,44292,Tallon Griekspoor,Corentin Moutet,P2,1.3826665918873948,False,P1,0.5855335073901544,0.4144664926098456,1.6463414634146345,2.547169811320755,-1.3826665918873948,766.5114256593663,Grass
2025-06-30,44320,Jannik Sinner,Luca Nardi,P1,15.330228513187325,True,P1,0.9657402218451614,0.034259778154838605,1.0776923076923077,13.87128712871287,1.191040830639939,767.7024664900063,Grass
2025-06-30,44322,Novak Djokovic,Alexandre Muller,P2,2.880256578689441,False,P1,0.887544249354046,0.11245575064595403,1.042161277118297,24.718446601941746,-2.880256578689441,764.8222099113168,Grass
2025-06-30,44323,Nikoloz Basilashvili,Lorenzo Musetti,P2,15.296444198226336,False,P1,0.11304257641954929,0.8869574235804507,4.023255813953488,1.330769230769231,-15.296444198226336,749.5257657130904,Grass
2025-06-30,44324,Ben Shelton,Alex Bolt,P2,5.2138328610168765,False,P1,0.6497803373234536,0.35021966267654636,1.3248730964467006,4.078125000000001,-5.2138328610168765,744.3119328520736,Grass
2025-06-30,44325,Alex de Minaur,Roberto Carballes Baena,P2,2.758825419640424,False,P1,0.8591219406535362,0.1408780593464638,1.0776923076923077,13.87128712871287,-2.758825419640424,741.5531074324332,Grass
2025-06-30,44327,Jakub Mensik,Hugo Gaston,P2,5.362641775690655,False,P1,0.7745451838864273,0.22545481611357265,1.1043478260869564,10.583333333333332,-5.362641775690655,736.1904656567425,Grass
2025-06-30,44328,Gael Monfils,Ugo Humbert,P1,8.355666888665194,True,P1,0.44012982001814027,0.5598701799818597,3.6268656716417906,1.3806818181818183,21.949214513508565,758.139680170251,Grass
2025-06-30,44329,Grigor Dimitrov,Yoshihito Nishioka,P2,9.182399763913791,False,P1,0.6086762447942015,0.39132375520579854,1.2449392712550609,5.082644628099174,-9.182399763913791,748.9572804063373,Grass
2025-06-30,44330,Tomas Machac,Damir Dzumhur,P2,5.640296987525163,False,P1,0.6778186272700416,0.3221813727299584,1.2531120331950205,4.950819672131147,-5.640296987525163,743.3169834188121,Grass
2025-06-30,44331,Flavio Cobolli,Beibit Zhukayev,P1,0.7099160419570543,True,P1,0.7504562994621193,0.24954370053788066,1.341207349081365,3.930769230769231,0.24222857074650156,743.5592119895587,Grass
2025-06-30,44332,Mariano Navone,Denis Shapovalov,P1,6.390045870416116,True,P1,0.3007461543453982,0.6992538456546018,6.426086956521741,1.184294871794872,34.6729445490405,778.2321565385992,Grass
2025-06-30,44333,Jaume Munar,Alexander Bublik,P1,6.949308872638958,True,P1,0.3461703640854346,0.6538296359145654,4.901639344262295,1.2563025210084033,27.113696912919213,805.3458534515183,Grass
2025-06-30,44334,Brandon Nakashima,Yunchaokete Bu,P2,7.098985398178844,False,P1,0.6988998838598948,0.30110011614010523,1.1785714285714286,6.600000000000001,-7.098985398178844,798.2468680533395,Grass
2025-06-30,44335,Miomir Kecmanovic,Alex Michelsen,P1,4.322767322950739,True,P1,0.4137941061177697,0.5862058938822303,2.918918918918919,1.5211267605633803,8.29503999809466,806.5419080514342,Grass
2025-06-30,44336,Arthur Cazaux,Adam Walton,P2,4.980157267195514,False,P1,0.547024180890155,0.45297581910984497,1.6023166023166024,2.66025641025641,-4.980157267195514,801.5617507842387,Grass
2025-06-30,44338,Jesper de Jong,Christopher Eubanks,P2,7.38025832574987,False,P1,0.47523439081784513,0.5247656091821549,1.7167381974248928,2.3952095808383236,-7.38025832574987,794.1814924584888,Grass
2025-06-30,44339,Daniel Evans,Jay Clarke,P1,15.883629849169777,True,P1,0.9051820834328773,0.09481791656712268,1.2279693486590038,5.386554621848739,3.620980751055944,797.8024732095448,Grass
2025-06-30,44340,Marton Fucsovics,Aleksandar Kovacevic,P2,4.948518596666054,False,P1,0.6582255214417754,0.3417744785582246,1.330769230769231,4.023255813953488,-4.948518596666054,792.8539546128787,Grass
2025-06-30,44341,Marcos Giron,Camilo Ugo Carabelli,P2,6.481253948330592,False,P1,0.7579492161391554,0.24205078386084455,1.1036468330134357,10.648148148148147,-6.481253948330592,786.3727006645481,Grass
2025-06-30,44342,Rinky Hijikata,David Goffin,P2,8.254087437581191,False,P1,0.4732608739811295,0.5267391260188705,1.6694214876033058,2.493827160493827,-8.254087437581191,778.1186132269669,Grass
2025-06-30,44346,Corentin Moutet,Francisco Comesana,P1,1.4428937600840266,True,P1,0.6586856720312166,0.34131432796878336,1.5490909090909089,2.821192052980132,0.7922798464461379,778.910893073413,Grass
2025-06-30,44348,Reilly Opelka,Alexander Shevchenko,P2,0.11588219207904168,False,P1,0.7189288284579334,0.2810711715420666,1.386819484240688,3.585185185185186,-0.11588219207904168,778.795010881334,Grass
2025-06-30,44350,Lorenzo Sonego,Jaime Faria,P2,0.29702490595578146,False,P1,0.745713208532101,0.254286791467899,1.330769230769231,4.023255813953488,-0.29702490595578146,778.4979859753781,Grass
2025-06-30,44351,Aleksandar Vukic,Chun-Hsin Tseng,P2,6.262148538197625,False,P1,0.6465368488275285,0.3534631511724715,1.297872340425532,4.357142857142858,-6.262148538197625,772.2358374371805,Grass
2025-06-30,44352,Carlos Alcaraz,Fabio Fognini,P2,0.16250390426805064,False,P1,0.9399474058785631,0.06005259412143693,1.0594117647058825,17.831683168316832,-0.16250390426805064,772.0733335329124,Grass
2025-06-30,44353,Arthur Rinderknech,Alexander Zverev,P1,3.816580819815778,True,P1,0.20387080858137158,0.7961291914186284,8.581818181818182,1.13189448441247,28.936621852057808,801.0099553849702,Grass
2025-06-30,44354,Taylor Fritz,Giovanni Mpetshi Perricard,P2,0.3793218933582986,False,P1,0.8171128688734409,0.18288713112655908,1.2122302158273381,5.711864406779661,-0.3793218933582986,800.6306334916119,Grass
2025-06-30,44355,Nicolas Jarry,Holger Rune,P1,0.9166393472993867,True,P1,0.27393206120330305,0.726067938796697,3.8923076923076922,1.3457446808510638,2.6512030352659184,803.2818365268778,Grass
2025-06-30,44356,Benjamin Bonzi,Daniil Medvedev,P1,4.589160062190397,True,P1,0.20966109262765947,0.7903389073723406,9.28440366972477,1.1207087486157254,38.01845446016448,841.3002909870422,Grass
2025-06-30,44357,Frances Tiafoe,Elmer Moller,P2,5.161070392540357,False,P1,0.8084224265328948,0.19157757346710524,1.085209003215434,12.735849056603772,-5.161070392540357,836.1392205945018,Grass
2025-06-30,44358,Andrey Rublev,Laslo Djere,P2,10.075958669760025,False,P1,0.5863665615842608,0.4136334384157392,1.294392523364486,4.396825396825396,-10.075958669760025,826.0632619247418,Grass
2025-06-30,44359,Nuno Borges,Francisco Cerundolo,P1,0.16611503771455452,True,P1,0.39216039243812995,0.60783960756187,2.566037735849057,1.63855421686747,0.2601424175529817,826.3234043422948,Grass
2025-06-30,44360,Karen Khachanov,Mackenzie McDonald,P2,5.313714273753048,False,P1,0.6991045675882108,0.3008954324117892,1.2464358452138493,5.0578512396694215,-5.313714273753048,821.0096900685418,Grass
2025-06-30,44362,Jiri Lehecka,Hugo Dellien,P2,1.8963416598485099,False,P1,0.8930755113194099,0.10692448868059012,1.068,15.70588235294118,-1.8963416598485099,819.1133484086932,Grass
2025-06-30,44364,Felix Auger-Aliassime,James Duckworth,P2,1.0148162697438534,False,P1,0.7882781551926779,0.21172184480732215,1.2371541501976284,5.216666666666667,-1.0148162697438534,818.0985321389494,Grass
2025-06-30,44365,Alejandro Davidovich Fokina,Brandon Holt,P2,2.3144098733080805,False,P1,0.7436940754220721,0.2563059245779279,1.2685589519650655,4.723577235772358,-2.3144098733080805,815.7841222656413,Grass
2025-06-30,44366,Jenson Brooksby,Tallon Griekspoor,P1,3.225911109904537,True,P1,0.4107904985543813,0.5892095014456187,2.776315789473684,1.5629629629629629,5.730236839962006,821.5143591056033,Grass
2025-06-30,44367,Kamil Majchrzak,Matteo Berrettini,P1,2.675106735891963,True,P1,0.19225106444584428,0.8077489355541557,7.353982300884955,1.1573816155988859,16.997580852835657,838.5119399584389,Grass
2025-06-30,44369,Luciano Darderi,Roman Safiullin,P1,7.682635755333262,True,P1,0.44155025968434225,0.5584497403156577,3.1619718309859155,1.462540716612378,16.609642090755713,855.1215820491947,Grass
2025-06-30,44370,Gabriel Diallo,Daniel Altmaier,P2,5.890309586743701,False,P1,0.7005655888076059,0.2994344111923941,1.2307692307692306,5.333333333333333,-5.890309586743701,849.231272462451,Grass
2025-06-30,44371,Joao Fonseca,Jacob Fearnley,P2,3.4105899506124735,False,P1,0.5995098434722639,0.4004901565277361,1.5340501792114694,2.87248322147651,-3.4105899506124735,845.8206825118385,Grass
2025-06-30,44373,Billy Harris,Dusan Lajovic,P2,2.0164435249469923,False,P1,0.6282665571913539,0.37173344280864606,1.5157894736842106,2.938775510204082,-2.0164435249469923,843.8042389868915,Grass
2025-06-30,44374,Lloyd Harris,Zizou Bergs,P1,5.42057656188188,True,P1,0.45847268762610127,0.5415273123738987,2.641025641025641,1.6093750000000002,8.895305127190777,852.6995441140823,Grass
2025-06-30,44375,Adrian Mannarino,Christopher O'Connell,P2,5.5070203288223984,False,P1,0.5916199162804231,0.4083800837195769,1.4719471947194718,3.118881118881119,-5.5070203288223984,847.1925237852599,Grass
2025-06-30,44376,Shintaro Mochizuki,Giulio Zeppieri,P2,16.943850475705197,False,P1,0.3723111286276519,0.6276888713723481,1.5531135531135531,2.8079470198675502,-16.943850475705197,830.2486733095548,Grass
2025-06-30,44377,Cameron Norrie,Roberto Bautista Agut,P2,13.0762106314974,False,P1,0.3486657645779583,0.6513342354220417,1.9646464646464645,2.0366492146596857,-13.0762106314974,817.1724626780574,Grass
2025-06-30,44379,Jan-Lennard Struff,Filip Misolic,P1,5.393301930474114,True,P1,0.6428425269712319,0.3571574730287681,1.6991525423728815,2.43030303030303,3.7707407564755466,820.943203434533,Grass
2025-06-30,44381,Jordan Thompson,Vit Kopriva,P1,11.210917391395189,True,P1,0.7669429767326572,0.2330570232673428,1.4719471947194718,3.118881118881119,5.290961013100698,826.2341644476337,Grass
2025-06-30,44382,Learner Tien,Nishesh Basavareddy,P2,1.1533070592007633,False,P1,0.6130881952726346,0.3869118047273654,1.5855513307984792,2.707792207792208,-1.1533070592007633,825.080857388433,Grass
2025-06-30,44383,Botic Van De Zandschulp,Matteo Arnaldi,P1,1.8064814261677185,True,P1,0.4440077538683837,0.5559922461316162,2.389221556886228,1.7198275862068966,2.509602939346771,827.5904603277797,Grass
2025-06-30,44384,Jannik Sinner,Aleksandar Vukic,P2,0.8155007662324965,False,P1,0.9253174249748386,0.0746825750251614,1.0594117647058825,17.831683168316832,-0.8155007662324965,826.7749595615472,Grass
2025-06-30,44385,Marin Cilic,Jack Draper,P1,6.57925824609641,True,P1,0.2705445693077147,0.7294554306922854,7.548672566371684,1.1527027027027026,43.08540798328624,869.8603675448335,Grass
2025-06-30,44386,Novak Djokovic,Daniel Evans,P2,1.1432697849014877,False,P1,0.9048127464712981,0.09518725352870194,1.0761494252873562,14.132075471698112,-1.1432697849014877,868.717097759932,Grass
2025-06-30,44387,Ben Shelton,Rinky Hijikata,P2,6.750590507517885,False,P1,0.6555658496731948,0.34443415032680524,1.288329519450801,4.468253968253968,-6.750590507517885,861.9665072524141,Grass
2025-06-30,44388,Alex de Minaur,Arthur Cazaux,P2,6.18509108560453,False,P1,0.7594612593967484,0.24053874060325164,1.1277584204413473,8.827272727272726,-6.18509108560453,855.7814161668095,Grass
2025-06-30,44389,Sebastian Ofner,Tommy Paul,P1,7.685056408850745,True,P1,0.30717164992633417,0.6928283500736658,6.431034482758621,1.1841269841269841,41.73780635841353,897.5192225252231,Grass
2025-06-30,44390,Jakub Mensik,Marcos Giron,P2,4.001205585155164,False,P1,0.5593256168912446,0.4406743831087554,1.6284584980237156,2.591194968553459,-4.001205585155164,893.5180169400679,Grass
2025-06-30,44391,Grigor Dimitrov,Corentin Moutet,P2,5.525883455590064,False,P1,0.5162430677292024,0.48375693227079763,1.6974789915966384,2.4337349397590358,-5.525883455590064,887.9921334844779,Grass
2025-06-30,44392,August Holmgren,Tomas Machac,P1,6.669103147637506,True,P1,0.27283480630358103,0.727165193696419,6.929824561403509,1.168639053254438,39.546611647394336,927.5387451318722,Grass
2025-06-30,44394,Brandon Nakashima,Reilly Opelka,P2,6.51344310612911,False,P1,0.5918860499180094,0.4081139500819906,1.4522292993630572,3.211267605633803,-6.51344310612911,921.0253020257431,Grass
2025-06-30,44395,Marton Fucsovics,Gael Monfils,P2,0.043201766160605094,False,P1,0.5020926354547424,0.49790736454525764,1.989795918367347,2.010309278350516,-0.043201766160605094,920.9821002595826,Grass
2025-06-30,44396,Miomir Kecmanovic,Jesper de Jong,P2,8.751799358597557,False,P1,0.5605960714356509,0.43940392856434907,1.444794952681388,3.24822695035461,-8.751799358597557,912.2303009009851,Grass
2025-06-30,44397,Pedro Martinez,Mariano Navone,P2,2.020230379077555,False,P1,0.34486628940798086,0.6551337105920192,2.7712418300653594,1.5645756457564575,-2.020230379077555,910.2100705219075,Grass
2025-06-30,44398,Jaume Munar,Fabian Marozsan,P1,0.15594181029871912,True,P1,0.5570784451277208,0.44292155487227924,1.7999999999999998,2.25,0.12475344823897527,910.3348239701464,Grass
2025-06-30,44399,Lorenzo Sonego,Nikoloz Basilashvili,P2,2.9804867224754283,False,P1,0.6300127350504525,0.3699872649495475,1.4833333333333332,3.0689655172413794,-2.9804867224754283,907.354337247671,Grass
2025-06-30,44401,Taylor Fritz,Gabriel Diallo,P2,1.0349329825751767,False,P1,0.7232729324105271,0.27672706758947285,1.351063829787234,3.8484848484848486,-1.0349329825751767,906.3194042650958,Grass
2025-06-30,44402,Cameron Norrie,Frances Tiafoe,P1,5.395238395334343,True,P1,0.45152903112088333,0.5484709688791167,2.6496815286624202,1.606177606177606,8.900425123513342,915.2198293886091,Grass
2025-06-30,44403,Andrey Rublev,Lloyd Harris,P2,3.173910470529622,False,P1,0.692528200413183,0.30747179958681703,1.3438320209973753,3.9083969465648853,-3.173910470529622,912.0459189180795,Grass
2025-06-30,44404,Karen Khachanov,Shintaro Mochizuki,P2,0.1800717426464566,False,P1,0.852317278221593,0.14768272177840702,1.168639053254438,6.929824561403509,-0.1800717426464566,911.865847175433,Grass
2025-06-30,44405,Mattia Bellucci,Jiri Lehecka,P1,2.0862219960359942,True,P1,0.23049861667293614,0.7695013833270639,5.165289256198348,1.2400793650793653,8.6897180661334,920.5555652415665,Grass
2025-06-30,44406,Jan-Lennard Struff,Felix Auger-Aliassime,P1,0.24328778584822114,True,P1,0.29218222627710555,0.7078177737228944,3.4671532846715327,1.4053254437869822,0.6002282599759032,921.1557935015423,Grass
2025-06-30,44407,Alejandro Davidovich Fokina,Botic Van De Zandschulp,P2,6.893834620386486,False,P1,0.6236831214599454,0.3763168785400546,1.3633879781420766,3.7518796992481214,-6.893834620386486,914.2619588811558,Grass
2025-06-30,44408,Nuno Borges,Billy Harris,P2,3.5377568865805324,False,P1,0.5705025281922511,0.4294974718077489,1.6171874999999998,2.6202531645569613,-3.5377568865805324,910.7242019945753,Grass
2025-06-30,44410,Joao Fonseca,Jenson Brooksby,P2,14.174888493054851,False,P1,0.4643000363489891,0.5356999636510109,1.4833333333333332,3.0689655172413794,-14.174888493054851,896.5493135015205,Grass
2025-06-30,44411,Nicolas Jarry,Learner Tien,P2,5.320942414366014,False,P1,0.4896120748216937,0.5103879251783063,1.7999999999999998,2.25,-5.320942414366014,891.2283710871545,Grass
2025-06-30,44412,Kamil Majchrzak,Ethan Quinn,P1,13.347038182200656,True,P1,0.6022400267191876,0.39775997328081236,2.3139534883720927,1.7610619469026547,17.537387378938067,908.7657584660926,Grass
2025-06-30,44414,Arthur Rinderknech,Cristian Garin,P2,2.1162489485881917,False,P1,0.5320886772742571,0.4679113227257429,1.7918552036199096,2.262857142857143,-2.1162489485881917,906.6495095175044,Grass
2025-06-30,44415,Jordan Thompson,Benjamin Bonzi,P1,12.872374389408483,True,P1,0.5682668697886587,0.4317331302113413,2.518518518518518,1.6585365853658534,19.546938887620286,926.1964484051247,Grass
2025-06-30,44416,Jannik Sinner,Pedro Martinez,P2,1.023036619542718,False,P1,0.9545039354889431,0.04549606451105692,1.024520514688031,41.78217821782177,-1.023036619542718,925.173411785582,Grass
2025-06-30,44417,Novak Djokovic,Miomir Kecmanovic,P2,2.292809082716514,False,P1,0.8896951272084127,0.1103048727915873,1.0682704811443433,15.647619047619047,-2.292809082716514,922.8806027028654,Grass
2025-06-30,44418,Ben Shelton,Marton Fucsovics,P2,12.83537752609729,False,P1,0.534644508793673,0.465355491206327,1.350132625994695,3.856060606060606,-12.83537752609729,910.0452251767681,Grass
2025-06-30,44419,Alex de Minaur,August Holmgren,P2,6.503973709961455,False,P1,0.7788846167040175,0.22111538329598246,1.100371747211896,10.96296296296296,-6.503973709961455,903.5412514668067,Grass
2025-06-30,44420,Flavio Cobolli,Jakub Mensik,P1,4.777084261880862,True,P1,0.4328573502309522,0.5671426497690478,2.7337662337662336,1.5767790262172285,8.28234738910513,911.8235988559118,Grass
2025-06-30,44421,Grigor Dimitrov,Sebastian Ofner,P2,6.355115852063324,False,P1,0.6412690177602725,0.35873098223972755,1.3420365535248042,3.9236641221374047,-6.355115852063324,905.4684830038484,Grass
2025-06-30,44422,Lorenzo Sonego,Brandon Nakashima,P1,6.306350679670726,True,P1,0.44640085400472224,0.5535991459952778,2.8026315789473686,1.554744525547445,11.368026883090652,916.8365098869391,Grass
2025-06-30,44423,Marin Cilic,Jaume Munar,P2,3.618086245396612,False,P1,0.5687022101984216,0.4312977898015784,1.6196078431372551,2.613924050632911,-3.618086245396612,913.2184236415425,Grass
2025-06-30,44424,Carlos Alcaraz,Jan-Lennard Struff,P2,1.8066852960202444,False,P1,0.8996090358468263,0.10039096415317372,1.0676110753380554,15.790476190476188,-1.8066852960202444,911.4117383455223,Grass
2025-06-30,44425,Taylor Fritz,Alejandro Davidovich Fokina,P2,0.6245907949361348,False,P1,0.7406652206048912,0.25933477939510885,1.3316326530612246,4.015384615384614,-0.6245907949361348,910.7871475505862,Grass
2025-06-30,44426,Andrey Rublev,Adrian Mannarino,P2,3.129528101680078,False,P1,0.7011146922864637,0.2988853077135363,1.3282828282828285,4.046153846153846,-3.129528101680078,907.6576194489061,Grass
2025-06-30,44427,Karen Khachanov,Nuno Borges,P2,1.3643554444540638,False,P1,0.6574739260490403,0.3425260739509597,1.4752475247524752,3.104166666666667,-1.3643554444540638,906.293264004452,Grass
2025-06-30,44428,Nicolas Jarry,Joao Fonseca,P1,3.1154228892334146,True,P1,0.36600227197202584,0.6339977280279742,3.132867132867133,1.4688524590163936,6.644783085427912,912.9380470898799,Grass
2025-06-30,44429,Kamil Majchrzak,Arthur Rinderknech,P2,2.2691931482650203,False,P1,0.4484778136365688,0.5515221863634312,2.1189189189189186,1.8937198067632852,-2.2691931482650203,910.6688539416149,Grass
2025-06-30,44430,Cameron Norrie,Mattia Bellucci,P1,1.2983563785127403,True,P1,0.6208836475527073,0.3791163524472927,1.6399999999999997,2.5624999999999996,0.8309480822481534,911.499802023863,Grass
2025-06-30,44431,Jordan Thompson,Luciano Darderi,P1,6.31606984461427,True,P1,0.6086470813015395,0.39135291869846045,1.832558139534884,2.201117318435754,5.25849535900444,916.7582973828675,Grass
2025-06-30,44433,Novak Djokovic,Alex de Minaur,P2,1.7533874853509146,False,P1,0.7819820973469276,0.21801790265307242,1.2298850574712643,5.35,-1.7533874853509146,915.0049098975165,Grass
2025-06-30,44434,Ben Shelton,Lorenzo Sonego,P2,14.406941549030524,False,P1,0.5070788281540737,0.4929211718459263,1.351063829787234,3.8484848484848486,-14.406941549030524,900.597968348486,Grass
2025-06-30,44435,Flavio Cobolli,Marin Cilic,P2,2.4130708653483612,False,P1,0.49135958291392423,0.5086404170860758,1.9261083743842367,2.079787234042553,-2.4130708653483612,898.1848974831377,Grass
2025-06-30,44436,Carlos Alcaraz,Andrey Rublev,P2,4.014601357733912,False,P1,0.8070213455973247,0.19297865440267525,1.1283547257876314,8.790909090909091,-4.014601357733912,894.1702961254038,Grass
2025-06-30,44438,Karen Khachanov,Kamil Majchrzak,P2,1.8654040252604749,False,P1,0.6792844758743537,0.3207155241256463,1.4107142857142858,3.4347826086956528,-1.8654040252604749,892.3048921001433,Grass
2025-06-30,44439,Cameron Norrie,Nicolas Jarry,P1,7.600638738597165,True,P1,0.6032154985362048,0.3967845014637952,1.9166666666666667,2.090909090909091,6.967252177047402,899.2721442771907,Grass
2025-06-30,44440,Jannik Sinner,Ben Shelton,P1,17.985442885543815,True,P1,0.8407982139132254,0.1592017860867746,1.366666666666667,3.727272727272728,6.59466239136607,905.8668066685568,Grass
2025-06-30,44441,Novak Djokovic,Flavio Cobolli,P2,1.893831829005299,False,P1,0.8455191877830985,0.15448081221690146,1.1332533013205284,8.504504504504505,-1.893831829005299,903.9729748395515,Grass
2025-06-30,44442,Carlos Alcaraz,Cameron Norrie,P2,3.131913708571426,False,P1,0.8474421376289654,0.15255786237103464,1.098255280073462,11.177570093457946,-3.131913708571426,900.84106113098,Grass
2025-06-30,44443,Taylor Fritz,Karen Khachanov,P2,4.218625700953601,False,P1,0.6878021627553779,0.31219783724462213,1.3177339901477834,4.147286821705426,-4.218625700953601,896.6224354300265,Grass
2025-06-30,44444,Jannik Sinner,Novak Djokovic,P2,11.65343169442187,False,P1,0.4928122376749457,0.5071877623250542,1.5017064846416384,2.993197278911565,-11.65343169442187,884.9690037356046,Grass
2025-06-30,44445,Carlos Alcaraz,Taylor Fritz,P2,9.986531348972711,False,P1,0.6275195680305106,0.37248043196948943,1.233918128654971,5.275,-9.986531348972711,874.9824723866319,Grass
2025-06-30,44446,Jannik Sinner,Carlos Alcaraz,P2,2.7571707931724894,False,P1,0.4947815867571941,0.5052184132428059,1.8937198067632852,2.1189189189189186,-2.7571707931724894,872.2253015934594,Grass
2025-07-14,44501,Filip Misolic,Elmer Moller,P2,1.6901413462986457,False,P1,0.6243602671647541,0.3756397328352459,1.5395683453237412,2.853333333333333,-1.6901413462986457,870.5351602471608,Clay
2025-07-14,44447,Daniel Altmaier,Mitchell Krueger,P2,6.992357229775733,False,P1,0.5451885102961869,0.45481148970381313,1.5395683453237412,2.853333333333333,-6.992357229775733,863.542803017385,Hard
2025-07-14,44474,David Goffin,Martin Landaluce,P1,17.2708560603477,True,P1,0.7152544426169247,0.2847455573830753,2.41566265060241,1.7063829787234042,24.44970586856452,887.9925088859495,Clay
2025-07-14,44502,Mariano Navone,Tomas Barrios Vera,P1,15.47071785469082,True,P1,0.8566114724387952,0.1433885275612048,1.2821670428893905,4.544,4.365326708434204,892.3578355943837,Clay
2025-07-14,44475,Francisco Comesana,Marco Trungelliti,P1,9.907886181213012,True,P1,0.6888243328943353,0.3111756671056647,1.6666666666666667,2.5,6.605257454142008,898.9630930485257,Clay
2025-07-14,44503,Camilo Ugo Carabelli,Cristian Garin,P2,14.065218455577085,False,P1,0.2917496544074789,0.7082503455925211,2.3550295857988166,1.737991266375546,-14.065218455577085,884.8978745929486,Clay
2025-07-14,44476,Francesco Passaro,Arthur Rinderknech,P2,12.386654588071716,False,P1,0.36002164833123196,0.639978351668768,2.0,2.0,-12.386654588071716,872.5112200048769,Clay
2025-07-14,44449,Adam Walton,Rodrigo Pacheco Mendez,P2,10.622041906716923,False,P1,0.4764608115460308,0.5235391884539692,1.5877862595419847,2.7012987012987018,-10.622041906716923,861.88917809816,Hard
2025-07-14,44477,Roberto Carballes Baena,Carlos Taberner,P1,9.41560295673863,True,P1,0.6342281906659352,0.36577180933406483,1.879807692307692,2.1366120218579234,8.283919909053695,870.1730980072136,Clay
2025-07-14,44504,Damir Dzumhur,Sebastian Ofner,P2,4.4301475853503085,False,P1,0.35927111425994857,0.6407288857400515,2.5,1.6666666666666667,-4.4301475853503085,865.7429504218634,Clay
2025-07-14,44478,Juan Manuel Cerundolo,Jan-Lennard Struff,P2,13.638566245459607,False,P1,0.28112718217880184,0.7188728178211982,2.436363636363637,1.6962025316455698,-13.638566245459607,852.1043841764038,Clay
2025-07-14,44451,Nishesh Basavareddy,Nicolas Mejia,P2,7.925444753367525,False,P1,0.5855237054933397,0.41447629450666035,1.3901734104046242,3.562962962962963,-7.925444753367525,844.1789394230362,Hard
2025-07-14,44452,James Duckworth,Adrian Mannarino,P2,11.14390179197889,False,P1,0.3868625820190572,0.6131374179809428,1.9024390243902443,2.108108108108108,-11.14390179197889,833.0350376310573,Hard
2025-07-14,44480,Alexander Shevchenko,Stan Wawrinka,P2,4.571978432130692,False,P1,0.4428221975091484,0.5571778024908516,2.0103626943005177,1.9897435897435893,-4.571978432130692,828.4630591989267,Clay
2025-07-14,44507,Hugo Gaston,Chun-Hsin Tseng,P1,13.44001719270296,True,P1,0.604108008320973,0.395891991679027,2.41566265060241,1.7063829787234042,19.026530363163833,847.4895895620905,Clay
2025-07-14,44454,Tristan Schoolkate,Yibing Wu,P1,0.7472242556669464,True,P1,0.38042613092608557,0.6195738690739144,2.707792207792208,1.5855513307984792,1.2761037613013435,848.7656933233918,Hard
2025-07-14,44455,Aleksandar Kovacevic,Hady Habib,P2,10.236764811146408,False,P1,0.5340801973947937,0.46591980260520627,1.420731707317073,3.3768115942028993,-10.236764811146408,838.5289285122454,Hard
2025-07-14,44509,Botic Van De Zandschulp,Mikael Ymer,P2,1.2522505913192303,False,P1,0.6576797141870905,0.3423202858129095,1.4750830564784052,3.104895104895105,-1.2522505913192303,837.2766779209262,Clay
2025-07-14,44483,Arthur Cazaux,Nikoloz Basilashvili,P2,4.167751710304265,False,P1,0.5005011850044534,0.4994988149955466,1.7990867579908678,2.2514285714285713,-4.167751710304265,833.1089262106219,Clay
2025-07-14,44484,Kamil Majchrzak,Terence Atmane,P2,2.4322006864729353,False,P1,0.6814548917855927,0.3185451082144073,1.381766381766382,3.6194029850746268,-2.4322006864729353,830.676725524149,Clay
2025-07-14,44485,Dominic Stricker,Pierre-Hugues Herbert,P2,5.335777194229241,False,P1,0.5045710419835718,0.49542895801642817,1.7272727272727275,2.375,-5.335777194229241,825.3409483299198,Clay
2025-07-14,44458,Emilio Nava,Aleksandar Vukic,P2,14.025073554913506,False,P1,0.30896515831013793,0.6910348416898621,2.1366120218579234,1.879807692307692,-14.025073554913506,811.3158747750063,Hard
2025-07-14,44486,Alexander Bublik,Alexander Shevchenko,P1,5.860352622472166,True,P1,0.6903779453971728,0.3096220546028272,1.5671641791044775,2.7631578947368425,3.3237820843871977,814.6396568593934,Clay
2025-07-14,44513,Francisco Cerundolo,Mariano Navone,P1,5.357343006843654,True,P1,0.6034267297585405,0.3965732702414595,1.84037558685446,2.189944134078212,4.502180273356873,819.1418371327503,Clay
2025-07-14,44460,James Duckworth,Alejandro Davidovich Fokina,P1,0.6909074700213745,True,P1,0.22925274413400595,0.770747255865994,4.629032258064517,1.2755555555555556,2.5073254960453113,821.6491626287956,Hard
2025-07-14,44514,Filip Misolic,Nuno Borges,P2,5.22576331474012,False,P1,0.3908714509807667,0.6091285490192333,2.2329545454545454,1.811059907834101,-5.22576331474012,816.4233993140555,Clay
2025-07-14,44487,Arthur Cazaux,Tomas Martin Etcheverry,P1,5.677487259596364,True,P1,0.44424303239508955,0.5557569676049104,2.821192052980132,1.5490909090909089,10.339794678072847,826.7631939921283,Clay
2025-07-14,44515,Camilo Ugo Carabelli,Botic Van De Zandschulp,P2,11.283265944705631,False,P1,0.34861097690474674,0.6513890230952533,2.085561497326203,1.9211822660098525,-11.283265944705631,815.4799280474227,Clay
2025-07-14,44488,Francisco Comesana,Roberto Carballes Baena,P2,6.917951941594482,False,P1,0.5458678662348332,0.4541321337651668,1.5211267605633803,2.918918918918919,-6.917951941594482,808.5619761058282,Clay
2025-07-14,44516,Damir Dzumhur,Hugo Gaston,P1,1.826172763602704,True,P1,0.5470682375244469,0.4529317624755531,1.9024390243902443,2.108108108108108,1.6480095671536605,810.2099856729818,Clay
2025-07-14,44490,Casper Ruud,Dominic Stricker,P1,4.295556938368864,True,P1,0.7747764222990989,0.22522357770090107,1.3367875647668395,3.9692307692307685,1.4466901605905504,811.6566758335724,Clay
2025-07-14,44463,Tristan Schoolkate,Daniel Altmaier,P1,3.1654693333433204,True,P1,0.4522773491845418,0.5477226508154582,2.4634146341463414,1.6833333333333333,4.632394146356078,816.2890699799285,Hard
2025-07-14,44464,Emilio Nava,Yunchaokete Bu,P2,8.592143146272338,False,P1,0.35757746609070523,0.6424225339092948,2.207865168539326,1.8279069767441858,-8.592143146272338,807.6969268336562,Hard
2025-07-14,44491,Juan Manuel Cerundolo,David Goffin,P2,11.375517294943023,False,P1,0.41587070975024965,0.5841292902497504,1.7272727272727275,2.375,-11.375517294943023,796.3214095387132,Clay
2025-07-14,44519,Luciano Darderi,Elias Ymer,P2,3.4373832439778345,False,P1,0.7159461294792911,0.28405387052070885,1.2761692650334076,4.620967741935484,-3.4373832439778345,792.8840262947353,Clay
2025-07-14,44466,Adam Walton,Nishesh Basavareddy,P1,3.870040706096819,True,P1,0.4545807303710522,0.5454192696289478,2.527950310559006,1.6544715447154474,5.91322989875663,798.797256193492,Hard
2025-07-14,44520,Jesper de Jong,Vit Kopriva,P1,10.056743263058044,True,P1,0.609549664783777,0.39045033521622297,2.0913978494623655,1.9162561576354682,10.975907969896681,809.7731641633886,Clay
2025-07-14,44521,Francisco Cerundolo,Damir Dzumhur,P2,4.262736474972025,False,P1,0.7206649512662007,0.27933504873379933,1.2415169660678644,5.140495867768595,-4.262736474972025,805.5104276884166,Clay
2025-07-14,44467,Andrey Rublev,Emilio Nava,P1,6.291410574841496,True,P1,0.8444625418210705,0.1555374581789295,1.225988700564972,5.425,1.4217877005291526,806.9322153889458,Hard
2025-07-14,44494,Juan Manuel Cerundolo,Casper Ruud,P2,3.0134615348142275,False,P1,0.1944720719299486,0.8055279280700514,4.758064516129033,1.2660944206008584,-3.0134615348142275,803.9187538541315,Clay
2025-07-14,44522,Jesper de Jong,Tallon Griekspoor,P2,2.18218603552563,False,P1,0.3962082167552129,0.6037917832447871,2.3869047619047614,1.7210300429184548,-2.18218603552563,801.7365678186059,Clay
2025-07-14,44495,Alexander Bublik,Francisco Comesana,P1,4.774862690331603,True,P1,0.6349674249395326,0.3650325750604674,1.7076271186440675,2.413173652694611,3.3788223274804126,805.1153901460863,Clay
2025-07-14,44468,Denis Shapovalov,Tristan Schoolkate,P1,5.3576434936364254,True,P1,0.7548861758296849,0.24511382417031513,1.3942028985507247,3.536764705882353,2.11199859459291,807.2273887406792,Hard
2025-07-14,44523,Luciano Darderi,Sebastian Baez,P1,6.04897196835419,True,P1,0.6243113855236078,0.37568861447639224,1.7918552036199096,2.262857142857143,4.789909929692232,812.0172986703715,Clay
2025-07-14,44470,Adam Walton,James Duckworth,P2,6.729340476068461,False,P1,0.48386861258964164,0.5161313874103584,1.7241379310344829,2.380952380952381,-6.729340476068461,805.287958194303,Hard
2025-07-14,44524,Camilo Ugo Carabelli,Filip Misolic,P2,10.461168358051498,False,P1,0.3653614062505576,0.6346385937494424,2.0259067357512954,1.974747474747475,-10.461168358051498,794.8267898362515,Clay
2025-07-14,44525,Luciano Darderi,Francisco Cerundolo,P1,1.980674041620849,True,P1,0.42618647115658204,0.573813528843418,2.524691358024691,1.6558704453441293,3.0199165943231456,797.8467064305746,Clay
2025-07-14,44471,Aleksandar Kovacevic,Andrey Rublev,P1,0.9884125021570864,True,P1,0.24833895338682554,0.7516610466131745,4.362204724409449,1.2974238875878221,3.323245184417921,801.1699516149926,Hard
2025-07-14,44498,Alexander Bublik,Arthur Cazaux,P2,3.686165240904938,False,P1,0.6408134889277626,0.3591865110722374,1.4169184290030208,3.3985507246376816,-3.686165240904938,797.4837863740876,Clay
2025-07-14,44472,Denis Shapovalov,Adam Walton,P1,5.76198195777468,True,P1,0.7623622368826709,0.2376377631173291,1.3846153846153846,3.5999999999999996,2.216146906836415,799.699933280924,Hard
2025-07-14,44526,Jesper de Jong,Camilo Ugo Carabelli,P1,9.27387724660084,True,P1,0.6414385418587372,0.35856145814126283,1.8755980861244024,2.14207650273224,8.120189168076339,807.8201224490003,Clay
2025-07-14,44500,Alexander Bublik,Juan Manuel Cerundolo,P2,3.432970099062927,False,P1,0.6777160655784218,0.3222839344215782,1.350132625994695,3.856060606060606,-3.432970099062927,804.3871523499374,Clay
2025-07-14,44473,Denis Shapovalov,Aleksandar Kovacevic,P2,0.6317076092224192,False,P1,0.6906951846645757,0.3093048153354243,1.4250764525993882,3.3525179856115113,-0.6317076092224192,803.755444740715,Hard
2025-07-14,44527,Luciano Darderi,Jesper de Jong,P2,0.3138396638032548,False,P1,0.6068739036054249,0.3931260963945751,1.6349206349206347,2.575,-0.3138396638032548,803.4416050769117,Clay
2025-07-21,44582,Yunchaokete Bu,David Goffin,P2,10.303266346710435,False,P1,0.4658208319605932,0.5341791680394068,1.5961538461538458,2.6774193548387095,-10.303266346710435,793.1383387302013,Hard
2025-07-21,44555,Filip Misolic,Tomas Martin Etcheverry,P2,2.732763663973453,False,P1,0.476315892830499,0.523684107169501,1.9547738693467334,2.0473684210526315,-2.732763663973453,790.4055750662279,Clay
2025-07-21,44556,Arthur Cazaux,Ignacio Buse,P1,1.373386446644258,True,P1,0.5062096036209385,0.4937903963790615,2.0473684210526315,1.9547738693467334,1.4384415941168807,791.8440166603448,Clay
2025-07-21,44529,Dino Prizmic,Elmer Moller,P2,7.615608154420916,False,P1,0.4559637413107547,0.5440362586892453,1.7713004484304933,2.296511627906977,-7.615608154420916,784.2284085059239,Clay
2025-07-21,44583,Aleksandar Kovacevic,Quentin Halys,P1,1.15551078310052,True,P1,0.5259615907583737,0.4740384092416263,1.9547738693467334,2.0473684210526315,1.1032515014527575,785.3316600073766,Hard
2025-07-21,44530,Mariano Navone,Tomas Barrios Vera,P1,9.678761169313425,True,P1,0.8280028099304186,0.17199719006958136,1.295774647887324,4.3809523809523805,2.8627321768391827,788.1943921842158,Clay
2025-07-21,44584,Jaume Munar,Marcos Giron,P2,3.5525447068230944,False,P1,0.42118659649247564,0.5788134035075243,2.160220994475138,1.8619047619047617,-3.5525447068230944,784.6418474773926,Hard
2025-07-21,44531,Nikoloz Basilashvili,Roberto Carballes Baena,P2,2.901709476209231,False,P1,0.5147263448674902,0.48527365513250975,1.7990867579908678,2.2514285714285713,-2.901709476209231,781.7401380011834,Clay
2025-07-21,44585,Zachary Svajda,Miomir Kecmanovic,P2,12.832098740899362,False,P1,0.2537187918228907,0.7462812081771093,2.647435897435897,1.6070038910505835,-12.832098740899362,768.908039260284,Hard
2025-07-21,44559,Jan-Lennard Struff,Sebastian Ofner,P1,6.117060425300986,True,P1,0.5304676945140615,0.4695323054859385,2.264367816091954,1.7909090909090908,7.734214330840327,776.6422535911244,Clay
2025-07-21,44586,Yibing Wu,Gael Monfils,P2,0.553701034177841,False,P1,0.35022803427421023,0.6497719657257898,2.814569536423841,1.5510948905109487,-0.553701034177841,776.0885525569465,Hard
2025-07-21,44587,Matteo Arnaldi,Daniel Altmaier,P1,1.4779670796535587,True,P1,0.5880979599014176,0.41190204009858244,1.7488986784140967,2.335294117647059,1.1068475926920922,777.1954001496387,Hard
2025-07-21,44560,Thiago Agustin Tirante,Jaime Faria,P2,3.6849744506764988,False,P1,0.555497066056654,0.44450293394334595,1.6294820717131475,2.5886075949367084,-3.6849744506764988,773.5104256989622,Clay
2025-07-21,44533,Terence Atmane,Dusan Lajovic,P1,7.768141752494164,True,P1,0.4752708699097147,0.5247291300902853,2.9121621621621623,1.5229681978798588,14.853946729431408,788.3643724283936,Clay
2025-07-21,44561,Botic Van De Zandschulp,Nicolas Jarry,P1,7.850477400741665,True,P1,0.5077755323383293,0.4922244676616707,2.5949367088607596,1.626984126984127,12.521014588524682,800.8853870169183,Clay
2025-07-21,44588,Daniel Evans,Zizou Bergs,P2,0.9085845365595485,False,P1,0.4011349058234148,0.5988650941765852,2.436363636363637,1.6962025316455698,-0.9085845365595485,799.9768024803587,Hard
2025-07-21,44535,Carlos Taberner,Pierre-Hugues Herbert,P2,15.999536049607174,False,P1,0.36916938760764684,0.6308306123923532,1.5855513307984792,2.707792207792208,-15.999536049607174,783.9772664307516,Clay
2025-07-21,44562,Arthur Rinderknech,Facundo Bagnis,P1,8.144028841643046,True,P1,0.7113989641042158,0.28860103589578423,1.5730337078651684,2.745098039215686,4.666803044087587,788.6440694748392,Clay
2025-07-21,44589,Fabian Marozsan,Benjamin Bonzi,P2,3.4590794633329,False,P1,0.5369016505105663,0.46309834948943374,1.6991525423728815,2.43030303030303,-3.4590794633329,785.1849900115062,Hard
2025-07-21,44536,Chun-Hsin Tseng,Giulio Zeppieri,P2,2.0646361597465566,False,P1,0.43595482116606254,0.5640451788339375,2.1731843575418996,1.8523809523809525,-2.0646361597465566,783.1203538517597,Clay
2025-07-21,44591,Alexandre Muller,Beibit Zhukayev,P2,10.014213932541514,False,P1,0.5023256736968,0.49767432630319997,1.4816053511705687,3.076388888888889,-10.014213932541514,773.1061399192181,Hard
2025-07-21,44592,Yoshihito Nishioka,Jenson Brooksby,P1,5.803376253690449,True,P1,0.39891773735153424,0.6010822626484658,3.4160583941605838,1.4138972809667674,14.021295912201012,787.1274358314191,Hard
2025-07-21,44565,Norbert Gombos,Hugo Gaston,P2,7.601464140968219,False,P1,0.30821490003380214,0.6917850999661979,2.6178343949044587,1.6181102362204727,-7.601464140968219,779.5259716904509,Clay
2025-07-21,44593,Cameron Norrie,Billy Harris,P2,2.6855339366903177,False,P1,0.7333002013085552,0.2666997986914448,1.269736842105263,4.7073170731707314,-2.6855339366903177,776.8404377537606,Hard
2025-07-21,44566,Alexander Shevchenko,Daniel Elahi Galan,P1,0.5080141440533704,True,P1,0.5879604754035606,0.41203952459643944,1.7167381974248928,2.3952095808383236,0.3641131418751625,777.2045508956357,Clay
2025-07-21,44567,Alexander Bublik,Thiago Agustin Tirante,P1,9.321212510490707,True,P1,0.7255569970664275,0.2744430029335725,1.5650557620817847,2.7697368421052633,5.267004838641592,782.4715557342773,Clay
2025-07-21,44540,Carlos Taberner,Francisco Cerundolo,P2,3.1457150364587525,False,P1,0.16630980909203358,0.8336901909079664,5.529411764705882,1.2207792207792207,-3.1457150364587525,779.3258406978185,Clay
2025-07-21,44595,Ethan Quinn,Christopher O'Connell,P2,10.601450624168672,False,P1,0.45363927067034543,0.5463607293296546,1.6046511627906976,2.6538461538461537,-10.601450624168672,768.7243900736498,Hard
2025-07-21,44568,Yannick Hanfmann,Sebastian Baez,P1,5.868563060920805,True,P1,0.5611333237519212,0.43886667624807885,2.074468085106383,1.9306930693069304,6.30558371439363,775.0299737880434,Clay
2025-07-21,44541,Luciano Darderi,Chun-Hsin Tseng,P1,13.321921863242686,True,P1,0.8060843609703239,0.19391563902967612,1.4194528875379937,3.384057971014493,5.587918593092674,780.6178923811361,Clay
2025-07-21,44569,Jan-Lennard Struff,Pedro Martinez,P1,5.558954688515791,True,P1,0.7141414917829533,0.2858585082170467,1.4999999999999998,2.9999999999999996,2.779477344257894,783.397369725394,Clay
2025-07-21,44542,Damir Dzumhur,Stan Wawrinka,P2,4.403279195009301,False,P1,0.5650185053394658,0.43498149466053415,1.5708955223880594,2.7516339869281046,-4.403279195009301,778.9940905303847,Clay
2025-07-21,44596,Learner Tien,Emilio Nava,P2,1.2152901708677688,False,P1,0.5608833277602866,0.4391166722397134,1.7272727272727275,2.375,-1.2152901708677688,777.7788003595169,Hard
2025-07-21,44570,Thiago Seyboth Wild,Roberto Bautista Agut,P2,11.743365802533974,False,P1,0.36870203975838806,0.631297960241612,1.8932038834951457,2.119565217391304,-11.743365802533974,766.035434556983,Clay
2025-07-21,44543,Jesper de Jong,Mariano Navone,P1,11.720918940034348,True,P1,0.5326223867601909,0.4673776132398091,3.0625000000000004,1.4848484848484849,24.17439531382085,790.2098298708038,Clay
2025-07-21,44597,Aleksandar Vukic,Giovanni Mpetshi Perricard,P2,3.592554380497105,False,P1,0.363629362787507,0.636370637212493,2.5,1.6666666666666667,-3.592554380497105,786.6172754903067,Hard
2025-07-21,44571,Arthur Rinderknech,Norbert Gombos,P2,5.322587935811569,False,P1,0.5602096854875696,0.43979031451243045,1.5434782608695654,2.84,-5.322587935811569,781.2946875544951,Clay
2025-07-21,44598,Taylor Fritz,Aleksandar Vukic,P1,2.3777594431809437,True,P1,0.8658381657342324,0.13416183426576755,1.1666666666666665,7.0,0.3962932405301569,781.6909807950253,Hard
2025-07-21,44545,Dino Prizmic,Nikoloz Basilashvili,P2,9.263599646186783,False,P1,0.48685749921687405,0.513142500783126,1.5671641791044775,2.7631578947368425,-9.263599646186783,772.4273811488385,Clay
2025-07-21,44599,Learner Tien,Andrey Rublev,P2,8.60265546570603,False,P1,0.2705069336676045,0.7294930663323955,2.873333333333333,1.5338078291814947,-8.60265546570603,763.8247256831326,Hard
2025-07-21,44572,Arthur Cazaux,Francisco Comesana,P1,6.61386567453295,True,P1,0.45258653221600564,0.5474134677839944,2.9591836734693877,1.5104166666666667,12.957777648064555,776.7825033311971,Clay
2025-07-21,44600,Frances Tiafoe,Aleksandar Kovacevic,P2,4.592716972833839,False,P1,0.5976964758899164,0.40230352411008363,1.4752475247524752,3.104166666666667,-4.592716972833839,772.1897863583632,Hard
2025-07-21,44573,Alexander Shevchenko,Marton Fucsovics,P2,6.7520562705971665,False,P1,0.33208503334153006,0.6679149666584699,2.4846625766871164,1.6735537190082643,-6.7520562705971665,765.437730087766,Clay
2025-07-21,44546,Camilo Ugo Carabelli,Francesco Passaro,P2,4.084284588752964,False,P1,0.46156750296298754,0.5384324970370125,1.935323383084577,2.0691489361702122,-4.084284588752964,761.353445499013,Clay
2025-07-21,44601,Alex de Minaur,Yunchaokete Bu,P2,3.33430694387981,False,P1,0.7664252930247579,0.23357470697524207,1.1904761904761905,6.25,-3.33430694387981,758.0191385551332,Hard
2025-07-21,44547,Pablo Llamas Ruiz,Terence Atmane,P2,7.660955967354129,False,P1,0.5213981545999605,0.47860184540003947,1.5302491103202847,2.885906040268457,-7.660955967354129,750.3581825877791,Clay
2025-07-21,44574,Botic Van De Zandschulp,Filip Misolic,P1,6.547927963198506,True,P1,0.5075773834014129,0.4924226165985871,2.478527607361963,1.6763485477178421,9.68129226460638,760.0394748523854,Clay
2025-07-21,44548,Luciano Darderi,Dino Prizmic,P1,13.972952581815274,True,P1,0.7315066344002907,0.26849336559970927,1.737991266375546,2.3550295857988166,10.311916970859308,770.3513918232447,Clay
2025-07-21,44575,Alexander Bublik,Alexander Shevchenko,P2,0.012835814069158655,False,P1,0.7373287591429001,0.2626712408570999,1.3557951482479784,3.810606060606061,-0.012835814069158655,770.3385560091756,Clay
2025-07-21,44602,Daniil Medvedev,Reilly Opelka,P2,2.925806943126564,False,P1,0.6876145225401458,0.31238547745985423,1.3438320209973753,3.9083969465648853,-2.925806943126564,767.4127490660491,Hard
2025-07-21,44576,Arthur Rinderknech,Yannick Hanfmann,P2,0.6816656704067054,False,P1,0.43765394477677005,0.56234605522323,2.244318181818182,1.8036529680365299,-0.6816656704067054,766.7310833956424,Clay
2025-07-21,44603,Flavio Cobolli,Yoshihito Nishioka,P2,10.174810441358089,False,P1,0.5089333399798945,0.49106666002010546,1.4433962264150944,3.2553191489361706,-10.174810441358089,756.5562729542843,Hard
2025-07-21,44604,Yibing Wu,Alexei Popyrin,P2,3.039932996235982,False,P1,0.4340126540262212,0.5659873459737788,2.1189189189189186,1.8937198067632852,-3.039932996235982,753.5163399580483,Hard
2025-07-21,44577,Arthur Cazaux,Jan-Lennard Struff,P1,0.07568433191199216,True,P1,0.405138268451646,0.594861731548354,2.475609756097561,1.6776859504132233,0.11168053855306159,753.6280204966014,Clay
2025-07-21,44578,Botic Van De Zandschulp,Thiago Seyboth Wild,P1,1.487350003031043,True,P1,0.5662920811588987,0.43370791884110127,1.8232558139534885,2.214689265536723,1.2244695373790448,754.8524900339804,Clay
2025-07-21,44551,Carlos Taberner,Jesper de Jong,P2,7.355724681059006,False,P1,0.2500446447039783,0.7499553552960216,3.2198581560283692,1.450479233226837,-7.355724681059006,747.4967653529214,Clay
2025-07-21,44605,Jiri Lehecka,Zachary Svajda,P1,14.949935307058428,True,P1,0.8522830452765796,0.1477169547234204,1.4420062695924765,3.2624113475177303,6.60796513572175,754.1047304886432,Hard
2025-07-21,44579,Alexander Bublik,Botic Van De Zandschulp,P2,4.322675626239472,False,P1,0.6461671485836606,0.35383285141633936,1.3701657458563536,3.7014925373134324,-4.322675626239472,749.7820548624037,Clay
2025-07-21,44606,Alejandro Davidovich Fokina,Jaume Munar,P1,1.3891945851641956,True,P1,0.5649643664320674,0.4350356335679326,1.8240740740740737,2.2134831460674156,1.1447992414779014,750.9268541038816,Hard
2025-07-21,44552,Luciano Darderi,Camilo Ugo Carabelli,P2,2.8041302093400855,False,P1,0.6753310632251026,0.3246689367748974,1.3701657458563536,3.7014925373134324,-2.8041302093400855,748.1227238945415,Clay
2025-07-21,44607,Matteo Arnaldi,Lorenzo Sonego,P2,1.0926544613843847,False,P1,0.47543790162113736,0.5245620983788626,2.0418848167539267,1.959798994974874,-1.0926544613843847,747.0300694331571,Hard
2025-07-21,44553,Carlos Taberner,Damir Dzumhur,P2,7.6914467858877105,False,P1,0.3707053994366475,0.6292946005633525,2.14207650273224,1.8755980861244024,-7.6914467858877105,739.3386226472694,Clay
2025-07-21,44580,Arthur Cazaux,Arthur Rinderknech,P2,5.744578713321747,False,P1,0.49793713477395146,0.5020628652260486,1.6962025316455698,2.436363636363637,-5.744578713321747,733.5940439339477,Clay
2025-07-21,44608,Cameron Norrie,Lorenzo Musetti,P2,5.569770710268446,False,P1,0.3726724736420667,0.6273275263579333,2.275862068965517,1.7837837837837835,-5.569770710268446,728.0242732236792,Hard
2025-07-21,44581,Alexander Bublik,Arthur Cazaux,P2,1.2694980497025763,False,P1,0.7094244362212814,0.2905755637787186,1.3604336043360434,3.774436090225563,-1.2694980497025763,726.7547751739767,Clay
2025-07-21,44554,Luciano Darderi,Carlos Taberner,P1,8.71051228067686,True,P1,0.7459939576594253,0.25400604234057467,1.5017064846416384,2.993197278911565,4.370120495766207,731.1248956697428,Clay
2025-07-21,44609,Ben Shelton,Mackenzie McDonald,P2,6.060865402889875,False,P1,0.6379209936645687,0.36207900633543133,1.3076923076923077,4.250000000000001,-6.060865402889875,725.0640302668529,Hard
2025-07-21,44610,Daniel Evans,Alex Michelsen,P1,6.915852292678076,True,P1,0.415552705311842,0.584447294688158,3.5999999999999996,1.3846153846153846,17.981215960962995,743.0452462278159,Hard
2025-07-21,44611,Brandon Nakashima,Ethan Quinn,P1,7.424281506870882,True,P1,0.7326717805452705,0.2673282194547295,1.5017064846416384,2.993197278911565,3.7248101758021157,746.770056403618,Hard
2025-07-21,44612,Gabriel Diallo,Fabian Marozsan,P2,6.245309100719304,False,P1,0.4984122097425988,0.5015877902574012,1.670781893004115,2.4907975460122698,-6.245309100719304,740.5247473028987,Hard
2025-07-21,44613,Corentin Moutet,Alexandre Muller,P1,0.5381597164316637,True,P1,0.5034672799383142,0.4965327200616858,2.0155440414507773,1.9846938775510201,0.5465248933710161,741.0712721962698,Hard
2025-07-21,44614,Taylor Fritz,Matteo Arnaldi,P2,2.0936516722835066,False,P1,0.7925371588212808,0.20746284117871916,1.1904761904761905,6.25,-2.0936516722835066,738.9776205239863,Hard
2025-07-21,44615,Ben Shelton,Gabriel Diallo,P2,0.635070785991312,False,P1,0.6201076838095799,0.3798923161904201,1.5849056603773586,2.7096774193548385,-0.635070785991312,738.342549737995,Hard
2025-07-21,44616,Frances Tiafoe,Flavio Cobolli,P2,1.7328004203569274,False,P1,0.5224910759292032,0.4775089240707968,1.8240740740740737,2.2134831460674156,-1.7328004203569274,736.609749317638,Hard
2025-07-21,44617,Alex de Minaur,Jiri Lehecka,P2,7.661690872286165,False,P1,0.4987914560463753,0.5012085439536247,1.5877862595419847,2.7012987012987018,-7.661690872286165,728.9480584453519,Hard
2025-07-21,44618,Daniil Medvedev,Yibing Wu,P2,0.22690410022305094,False,P1,0.7652788865229183,0.2347211134770817,1.2985781990521326,4.349206349206349,-0.22690410022305094,728.7211543451289,Hard
2025-07-21,44619,Alejandro Davidovich Fokina,Learner Tien,P1,5.9528035665135715,True,P1,0.6653506876370356,0.33464931236296436,1.6666666666666667,2.5,3.9685357110090482,732.6896900561379,Hard
2025-07-21,44620,Brandon Nakashima,Cameron Norrie,P1,0.4046068886106469,True,P1,0.5295505458212124,0.4704494541787876,1.9073170731707316,2.102150537634408,0.3671067379589284,733.0567967940968,Hard
2025-07-21,44621,Corentin Moutet,Daniel Evans,P2,4.838528665523811,False,P1,0.5733514219288726,0.42664857807112744,1.5138888888888888,2.9459459459459456,-4.838528665523811,728.2182681285731,Hard
2025-07-21,44622,Alejandro Davidovich Fokina,Taylor Fritz,P1,0.32570596880185665,True,P1,0.26595750913072524,0.7340424908692748,3.856060606060606,1.350132625994695,0.9302359866537875,729.1485041152268,Hard
2025-07-21,44623,Ben Shelton,Frances Tiafoe,P2,4.160136319599351,False,P1,0.5885711264721243,0.4114288735278757,1.5051546391752577,2.9795918367346936,-4.160136319599351,724.9883677956275,Hard
2025-07-21,44624,Alex de Minaur,Brandon Nakashima,P1,0.4290737608243815,True,P1,0.6598879830303647,0.34011201696963533,1.524822695035461,2.9054054054054053,0.22518764752485274,725.2135554431524,Hard
2025-07-21,44625,Corentin Moutet,Daniil Medvedev,P1,3.097162010745765,True,P1,0.28739837903948373,0.7126016209605163,4.5280000000000005,1.2834467120181405,10.92678757391106,736.1403430170634,Hard
2025-07-21,44626,Alejandro Davidovich Fokina,Ben Shelton,P1,7.33469807908116,True,P1,0.41398513136042364,0.5860148686395763,3.729323308270676,1.3663911845730026,20.018762426364365,756.1591054434277,Hard
2025-07-21,44627,Alex de Minaur,Corentin Moutet,P2,4.193433717056747,False,P1,0.7295064145316863,0.2704935854683137,1.2187499999999998,5.571428571428571,-4.193433717056747,751.9656717263709,Hard
2025-07-21,44628,Alex de Minaur,Alejandro Davidovich Fokina,P2,2.4449304047102305,False,P1,0.6317380315704613,0.36826196842953873,1.4799999999999998,3.083333333333333,-2.4449304047102305,749.5207413216607,Hard
2025-07-27,44629,Corentin Moutet,Jenson Brooksby,P2,2.7402427646368075,False,P1,0.5117887769259177,0.48821122307408227,1.811059907834101,2.2329545454545454,-2.7402427646368075,746.7804985570239,Hard
2025-07-27,44631,Yunchaokete Bu,Vit Kopriva,P2,1.688393883494674,False,P1,0.6541633165337767,0.3458366834662233,1.459546925566343,3.176056338028169,-1.688393883494674,745.0921046735292,Hard
2025-07-27,44634,Francisco Comesana,Damir Dzumhur,P2,5.881954683068046,False,P1,0.5255607378121729,0.47443926218782706,1.6023166023166024,2.66025641025641,-5.881954683068046,739.2101499904611,Hard
2025-07-27,44637,Matteo Gigante,Borna Coric,P2,2.506872775064156,False,P1,0.4505109664539123,0.5494890335460877,2.0691489361702122,1.935323383084577,-2.506872775064156,736.703277215397,Hard
2025-07-27,44638,Adrian Mannarino,Marcos Giron,P2,1.5510970168381242,False,P1,0.30429642579956007,0.6957035742004399,3.1478873239436616,1.4655737704918033,-1.5510970168381242,735.1521801985589,Hard
2025-07-27,44639,Fabian Marozsan,Hugo Dellien,P2,2.741562563457049,False,P1,0.7992728735352848,0.20072712646471524,1.1578212290502792,7.336283185840708,-2.741562563457049,732.4106176351019,Hard
2025-07-27,44640,Mackenzie McDonald,David Goffin,P2,3.8147173918241375,False,P1,0.5312745723547048,0.46872542764529523,1.686192468619247,2.457317073170732,-3.8147173918241375,728.5959002432777,Hard
2025-07-27,44642,Christopher O'Connell,Chun-Hsin Tseng,P1,0.9529659218170922,True,P1,0.5843961261677186,0.41560387383228137,1.7444933920704846,2.3431952662721893,0.7094768316611831,729.3053770749389,Hard
2025-07-27,44643,Ethan Quinn,Yoshihito Nishioka,P2,14.586107541498777,False,P1,0.3135483052017372,0.6864516947982628,1.9068627450980393,2.1027027027027025,-14.586107541498777,714.7192695334401,Hard
2025-07-27,44644,Tristan Schoolkate,Joao Fonseca,P1,3.1940639776617874,True,P1,0.31353226862930816,0.6864677313706918,4.0625,1.3265306122448979,9.781820931589223,724.5010904650293,Hard
2025-07-27,44646,Aleksandar Vukic,Pedro Martinez,P2,4.030850389963084,False,P1,0.6353377279406224,0.3646622720593776,1.3988269794721404,3.50735294117647,-4.030850389963084,720.4702400750662,Hard
2025-07-27,44647,Yosuke Watanuki,Daniel Altmaier,P1,8.974664502395726,True,P1,0.5431920701893362,0.45680792981066376,2.5534591194968552,1.6437246963562753,13.941774415671347,734.4120144907375,Hard
2025-07-27,44649,Facundo Bagnis,Vasek Pospisil,P2,14.68824028981475,False,P1,0.30545695252907046,0.6945430474709295,1.2006920415224913,5.982758620689657,-14.68824028981475,719.7237742009228,Hard
2025-07-27,44650,Tomas Barrios Vera,Gael Monfils,P2,14.394475484018455,False,P1,0.11509302533683377,0.8849069746631663,4.2,1.3125,-14.394475484018455,705.3292987169043,Hard
2025-07-27,44651,James Duckworth,Juncheng Shang,P2,10.301747612447441,False,P1,0.44221592519447783,0.5577840748055222,1.6007751937984493,2.6645161290322577,-10.301747612447441,695.0275511044568,Hard
2025-07-27,44652,Tomas Martin Etcheverry,Pierre-Hugues Herbert,P2,3.801937996536946,False,P1,0.5647682263903245,0.43523177360967547,1.5769230769230766,2.733333333333333,-3.801937996536946,691.2256131079199,Hard
2025-07-27,44654,Miomir Kecmanovic,Quentin Halys,P2,2.30166725636738,False,P1,0.5745767269488152,0.42542327305118477,1.624505928853755,2.60126582278481,-2.30166725636738,688.9239458515525,Hard
2025-07-27,44655,Giovanni Mpetshi Perricard,Shintaro Mochizuki,P1,13.77847891703105,True,P1,0.804168347766864,0.19583165223313603,1.5333333333333337,2.8750000000000004,7.3485220890832315,696.2724679406357,Hard
2025-07-27,44656,Emilio Nava,Zizou Bergs,P2,5.819259881532952,False,P1,0.34354869683467065,0.6564513031653294,2.4242424242424243,1.702127659574468,-5.819259881532952,690.4532080591027,Hard
2025-07-27,44657,Reilly Opelka,Sebastian Ofner,P1,0.16937685886077722,True,P1,0.6372799766131945,0.36272002338680553,1.5735849056603772,2.7434210526315783,0.09715200961070992,690.5503600687134,Hard
2025-07-27,44660,Adam Walton,Benjamin Bonzi,P2,5.794420850885188,False,P1,0.41823460779725996,0.58176539220274,1.9897435897435893,2.0103626943005177,-5.794420850885188,684.7559392178282,Hard
2025-07-27,44661,Taylor Fritz,Roberto Carballes Baena,P2,0.9584959758708294,False,P1,0.9004046702152462,0.09959532978475383,1.0795198799699925,13.575471698113207,-0.9584959758708294,683.7974432419574,Hard
2025-07-27,44662,Ben Shelton,Adrian Mannarino,P2,1.2211690185910002,False,P1,0.7914669968137957,0.20853300318620427,1.2183486238532109,5.579831932773109,-1.2211690185910002,682.5762742233663,Hard
2025-07-27,44663,Andrey Rublev,Hugo Gaston,P2,4.402864920706319,False,P1,0.7662471296577017,0.2337528703422983,1.1366995073891626,8.315315315315313,-4.402864920706319,678.17340930266,Hard
2025-07-27,44664,Frances Tiafoe,Yosuke Watanuki,P2,2.903289478453436,False,P1,0.6422191828404926,0.3577808171595074,1.4237804878048779,3.3597122302158278,-2.903289478453436,675.2701198242066,Hard
2025-07-27,44665,Alex de Minaur,Francisco Comesana,P2,1.765840146227606,False,P1,0.8444849167161981,0.15551508328380192,1.1222222222222222,9.181818181818182,-1.765840146227606,673.5042796779791,Hard
2025-07-27,44668,Arthur Fils,Pablo Carreno Busta,P2,3.276015798167917,False,P1,0.6309314450174912,0.3690685549825088,1.4307692307692306,3.3214285714285707,-3.276015798167917,670.2282638798112,Hard
2025-07-27,44669,Jiri Lehecka,Mackenzie McDonald,P1,2.0076354639358307,True,P1,0.7311222001298138,0.26887779987018623,1.4005847953216373,3.496350364963503,0.804228241401195,671.0324921212124,Hard
2025-07-27,44670,Alejandro Davidovich Fokina,Corentin Moutet,P1,0.4409652492730688,True,P1,0.5910542489334445,0.4089457510665555,1.7076271186440675,2.413173652694611,0.31203896876526466,671.3445310899776,Hard
2025-07-27,44671,Fabian Marozsan,Felix Auger-Aliassime,P2,0.16736637494529566,False,P1,0.39072500761125906,0.6092749923887409,2.546583850931677,1.6465863453815262,-0.16736637494529566,671.1771647150323,Hard
2025-07-27,44672,Christopher O'Connell,Stefanos Tsitsipas,P2,3.8643998626439364,False,P1,0.2773692894742604,0.7226307105257396,3.1901408450704225,1.4565916398713825,-3.8643998626439364,667.3127648523883,Hard
2025-07-27,44673,Brandon Nakashima,Ethan Quinn,P1,7.240187375685726,True,P1,0.7561695955265769,0.24383040447342308,1.4522292993630572,3.211267605633803,3.2742248641636076,670.5869897165519,Hard
2025-07-27,44674,Gabriel Diallo,Matteo Gigante,P2,2.8030467890208914,False,P1,0.6759134702809111,0.3240865297190889,1.3557951482479784,3.810606060606061,-2.8030467890208914,667.783942927531,Hard
2025-07-27,44675,Lorenzo Sonego,Yunchaokete Bu,P1,3.9617174386722747,True,P1,0.5840580209604567,0.41594197903954333,1.8937198067632852,2.1189189189189186,3.5406653437409226,671.3246082712719,Hard
2025-07-27,44676,Aleksandar Vukic,Cameron Norrie,P2,0.03512018912607639,False,P1,0.3181522934790108,0.6818477065209891,3.13986013986014,1.4673202614379082,-0.03512018912607639,671.2894880821458,Hard
2025-07-27,44677,Alexander Zverev,Adam Walton,P2,0.39264225189715213,False,P1,0.8613639978194618,0.13863600218053818,1.1473684210526316,7.785714285714286,-0.39264225189715213,670.8968458302486,Hard
2025-07-27,44678,Lorenzo Musetti,James Duckworth,P1,6.470326449564707,True,P1,0.7853076442759037,0.21469235572409628,1.3623978201634879,3.7593984962406015,2.3448322010684097,673.241678031317,Hard
2025-07-27,44679,Holger Rune,Giovanni Mpetshi Perricard,P1,3.984516776380258,True,P1,0.651246347529062,0.34875365247093804,1.6544715447154474,2.527950310559006,2.6077528495822024,675.8494308808991,Hard
2025-07-27,44680,Casper Ruud,Roman Safiullin,P2,1.7844955194347338,False,P1,0.6256684486086361,0.37433155139136387,1.5138888888888888,2.9459459459459456,-1.7844955194347338,674.0649353614644,Hard
2025-07-27,44683,Francisco Cerundolo,Jaume Munar,P1,6.298448042971421,True,P1,0.6017794785116726,0.39822052148832743,1.959798994974874,2.0418848167539267,6.045244101545431,680.1101794630099,Hard
2025-07-27,44684,Reilly Opelka,Tomas Machac,P2,1.875444136213261,False,P1,0.3858912237100254,0.6141087762899746,2.4484848484848483,1.6903765690376567,-1.875444136213261,678.2347353267967,Hard
2025-07-27,44686,Learner Tien,Denis Shapovalov,P2,10.18301537060613,False,P1,0.28092208016027215,0.7190779198397279,2.4907975460122698,1.670781893004115,-10.18301537060613,668.0517199561906,Hard
2025-07-27,44687,Tomas Martin Etcheverry,Tallon Griekspoor,P1,0.7763901944366138,True,P1,0.3563309145455239,0.6436690854544761,2.9324324324324325,1.5174825174825177,1.500321591951835,669.5520415481425,Hard
2025-07-27,44688,Alex Michelsen,Tomas Barrios Vera,P1,3.2464815041133033,True,P1,0.8166903782985073,0.18330962170149268,1.254697286012526,4.926229508196722,0.8268700281875218,670.37891157633,Hard
2025-07-27,44689,Alexandre Muller,Miomir Kecmanovic,P1,2.6753635864508287,True,P1,0.41582620147699345,0.5841737985230065,2.738562091503268,1.5751879699248121,4.651285712391637,675.0301972887216,Hard
2025-07-27,44690,Nuno Borges,Facundo Bagnis,P2,6.578233645182068,False,P1,0.6775142419854341,0.3224857580145659,1.1883116883116882,6.310344827586207,-6.578233645182068,668.4519636435396,Hard
2025-07-27,44691,Matteo Arnaldi,Tristan Schoolkate,P1,4.6468604253189625,True,P1,0.6474951008157557,0.3525048991842443,1.6932773109243697,2.4424242424242424,3.221562899906003,671.6735265434455,Hard
2025-07-27,44693,Taylor Fritz,Gabriel Diallo,P1,9.716655119285186,True,P1,0.7822882749279811,0.21771172507201886,1.4416403785488958,3.2642857142857147,4.291267245110176,675.9647937885557,Hard
2025-07-27,44694,Ben Shelton,Brandon Nakashima,P2,3.266176660211174,False,P1,0.6189335236223558,0.38106647637764424,1.459546925566343,3.176056338028169,-3.266176660211174,672.6986171283445,Hard
2025-07-27,44695,Andrey Rublev,Lorenzo Sonego,P2,4.029090800004928,False,P1,0.6017372458541144,0.39826275414588563,1.4627831715210353,3.1608391608391604,-4.029090800004928,668.6695263283395,Hard
2025-07-27,44696,Frances Tiafoe,Aleksandar Vukic,P2,0.610985870079913,False,P1,0.6829393574314819,0.31706064256851807,1.4375,3.285714285714286,-0.610985870079913,668.0585404582596,Hard
2025-07-27,44697,Alejandro Davidovich Fokina,Jakub Mensik,P1,2.8005308245449196,True,P1,0.5419204404246352,0.45807955957536484,2.0,2.0,2.8005308245449196,670.8590712828045,Hard
2025-07-27,44698,Flavio Cobolli,Fabian Marozsan,P1,5.50675328169118,True,P1,0.5617772130593041,0.43822278694069594,2.102150537634408,1.9073170731707316,6.069271090035976,676.9283423728405,Hard
2025-07-27,44699,Jiri Lehecka,Arthur Fils,P1,0.1049141486730078,True,P1,0.5741883192385508,0.42581168076144915,1.7456140350877196,2.3411764705882354,0.07822546172987427,677.0065678345703,Hard
2025-07-27,44700,Alexander Zverev,Matteo Arnaldi,P2,1.1946948371734134,False,P1,0.7698486053048308,0.2301513946951692,1.2531120331950205,4.950819672131147,-1.1946948371734134,675.8118729973969,Hard
2025-07-27,44701,Alex Michelsen,Lorenzo Musetti,P2,6.8013721592518745,False,P1,0.3021663449945837,0.6978336550054163,2.643312101910828,1.6085271317829455,-6.8013721592518745,669.010500838145,Hard
2025-07-27,44702,Holger Rune,Alexandre Muller,P2,0.20048245276510804,False,P1,0.7619499103912379,0.23805008960876206,1.3045563549160673,4.283464566929133,-0.20048245276510804,668.81001838538,Hard
2025-07-27,44703,Casper Ruud,Nuno Borges,P1,1.2851162683374493,True,P1,0.6530183490961369,0.3469816509038631,1.5645756457564575,2.7712418300653594,0.7255453470687443,669.5355637324487,Hard
2025-07-27,44704,Alexei Popyrin,Daniil Medvedev,P1,2.510442228785358,True,P1,0.2889727046950522,0.7110272953049478,4.322834645669291,1.3009478672985784,8.34178441375922,677.877348146208,Hard
2025-07-27,44705,Karen Khachanov,Emilio Nava,P1,6.295008693384477,True,P1,0.7908436200082929,0.2091563799917071,1.3456464379947228,3.893129770992366,2.175847332014159,680.0531954782222,Hard
2025-07-27,44706,Francisco Cerundolo,Tomas Martin Etcheverry,P1,2.158071822157817,True,P1,0.6612542873652162,0.3387457126347838,1.5666666666666667,2.7647058823529416,1.2229073658894296,681.2761028441116,Hard
2025-07-27,44708,Learner Tien,Reilly Opelka,P2,9.879172841890952,False,P1,0.3988050833008143,0.6011949166991857,1.780269058295964,2.2816091954022983,-9.879172841890952,671.3969300022206,Hard
2025-07-27,44709,Taylor Fritz,Jiri Lehecka,P2,4.838718764483057,False,P1,0.6218093319009701,0.3781906680990299,1.3764044943820226,3.656716417910447,-4.838718764483057,666.5582112377376,Hard
2025-07-27,44710,Ben Shelton,Flavio Cobolli,P2,0.04769550354375328,False,P1,0.6783151784718142,0.3216848215281858,1.4721311475409837,3.1180555555555554,-0.04769550354375328,666.5105157341939,Hard
2025-07-27,44712,Alex de Minaur,Frances Tiafoe,P2,2.083584227216482,False,P1,0.7144347766256716,0.28556522337432844,1.3121951219512196,4.203125,-2.083584227216482,664.4269315069773,Hard
2025-07-27,44714,Alexei Popyrin,Holger Rune,P2,0.37140665456698424,False,P1,0.3372013724432793,0.6627986275567207,2.9324324324324325,1.5174825174825177,-0.37140665456698424,664.0555248524104,Hard
2025-07-27,44715,Karen Khachanov,Casper Ruud,P2,3.857772405292912,False,P1,0.4855370889918996,0.5144629110081004,1.8202764976958523,2.2191011235955056,-3.857772405292912,660.1977524471174,Hard
2025-07-27,44716,Alex Michelsen,Learner Tien,P1,1.8333846125982556,True,P1,0.5217314902724846,0.47826850972751545,2.0259067357512954,1.974747474747475,1.8808816232873298,662.0786340704047,Hard
2025-07-27,44717,Taylor Fritz,Andrey Rublev,P1,4.25709715771725,True,P1,0.7028398477744269,0.2971601522255731,1.5174825174825177,2.9324324324324325,2.202973354343193,664.2816074247479,Hard
2025-07-27,44718,Ben Shelton,Alex de Minaur,P1,0.4950594954694242,True,P1,0.4162400647210767,0.5837599352789233,2.454545454545454,1.6874999999999998,0.7200865388646168,665.0016939636125,Hard
2025-07-27,44719,Alexander Zverev,Alexei Popyrin,P1,4.505587899494657,True,P1,0.7664472011034844,0.2335527988965156,1.3701657458563536,3.7014925373134324,1.6678143053378014,666.6695082689504,Hard
2025-07-27,44720,Karen Khachanov,Alex Michelsen,P2,0.8152756228801932,False,P1,0.6626731845146285,0.33732681548537147,1.4721311475409837,3.1180555555555554,-0.8152756228801932,665.8542326460702,Hard
2025-07-27,44721,Karen Khachanov,Alexander Zverev,P2,1.127853083542745,False,P1,0.32424680169009135,0.6757531983099087,2.9795918367346936,1.5051546391752577,-1.127853083542745,664.7263795625274,Hard
2025-07-27,44722,Ben Shelton,Taylor Fritz,P2,1.337539475607756,False,P1,0.37453919624183873,0.6254608037581613,2.5624999999999996,1.6399999999999997,-1.337539475607756,663.3888400869197,Hard
2025-07-27,44723,Ben Shelton,Karen Khachanov,P2,1.4530806093761723,False,P1,0.599335774664282,0.400664225335718,1.5954198473282442,2.6794871794871793,-1.4530806093761723,661.9357594775436,Hard
2025-08-07,44733,Luca Nardi,Thiago Agustin Tirante,P2,4.579900645396182,False,P1,0.3536504076901895,0.6463495923098105,2.436363636363637,1.6962025316455698,-4.579900645396182,657.3558588321474,Hard
2025-08-07,44751,Pedro Martinez,Nicolas Jarry,P1,2.011570288422886,True,P1,0.3115480357158204,0.6884519642841795,3.749999999999999,1.3636363636363635,5.531818293162934,662.8876771253103,Hard
2025-08-18,44857,Marton Fucsovics,Roberto Bautista Agut,P2,6.994993889207254,False,P1,0.4414146978126811,0.5585853021873188,1.7873303167420815,2.2701149425287355,-6.994993889207254,655.892683236103,Hard
2025-08-18,44856,Sebastian Korda,Kamil Majchrzak,P1,7.934357632194336,True,P1,0.6699083672184318,0.33009163278156817,1.7713004484304933,2.296511627906977,6.119773599719398,662.0124568358225,Hard
2025-08-18,44855,Botic Van De Zandschulp,Sebastian Baez,P2,1.5415310669688724,False,P1,0.643510729773686,0.35648927022631405,1.4816053511705687,3.076388888888889,-1.5415310669688724,660.4709257688536,Hard
2025-08-18,44854,Giovanni Mpetshi Perricard,Alexandre Muller,P1,3.4797674108680035,True,P1,0.5676349475264137,0.43236505247358625,1.935323383084577,2.0691489361702122,3.2547078270805203,663.7256335959341,Hard
2025-08-18,44853,Jaume Munar,Lorenzo Sonego,P2,6.3880915708681805,False,P1,0.46579180584485075,0.5342081941551493,1.7336244541484718,2.3630952380952377,-6.3880915708681805,657.337542025066,Hard
2025-08-18,44852,Hamad Medjedovic,Gabriel Diallo,P1,6.278424975871345,True,P1,0.5533145587873065,0.4466854412126935,2.2329545454545454,1.811059907834101,7.741012612295919,665.0785546373619,Hard
2025-08-18,44845,Miomir Kecmanovic,Aleksandar Kovacevic,P1,2.0249609786303755,True,P1,0.5879432369377914,0.4120567630622086,1.7818181818181815,2.2790697674418605,1.5831513105655657,666.6617059479274,Hard
2025-08-18,44844,Jaume Munar,Mattia Bellucci,P1,0.0037565258657172684,True,P1,0.5743552789114861,0.4256447210885139,1.7412280701754383,2.3491124260355027,0.0027844424180097286,666.6644903903455,Hard
2025-08-18,44843,Giovanni Mpetshi Perricard,Pedro Martinez,P1,3.504333103861556,True,P1,0.6776772775316008,0.3223227224683992,1.5629629629629629,2.776315789473684,1.972809747359098,668.6373001377045,Hard
2025-08-18,44841,Botic Van De Zandschulp,Matteo Arnaldi,P1,1.870166044680886,True,P1,0.4929599017489191,0.5070400982510809,2.160220994475138,1.8619047619047617,2.169805908193293,670.8071060458979,Hard
2025-08-18,44829,Marton Fucsovics,Hugo Gaston,P2,2.2950052491802775,False,P1,0.6245785644970725,0.3754214355029275,1.4915254237288134,3.03448275862069,-2.2950052491802775,668.5121007967176,Hard
2025-08-18,44837,Sebastian Baez,Pablo Carreno Busta,P2,2.037919319503757,False,P1,0.3130103970985215,0.6869896029014785,2.9999999999999996,1.4999999999999998,-2.037919319503757,666.4741814772138,Hard
2025-08-18,44836,Kamil Majchrzak,Nuno Borges,P1,0.6052817625275992,True,P1,0.4688013849169631,0.5311986150830369,2.1787709497206706,1.8483412322274884,0.7134885580632596,667.187670035277,Hard
2025-08-18,44835,Sebastian Korda,Vit Kopriva,P1,11.655605918111052,True,P1,0.7855961202406474,0.2144038797593526,1.4915254237288134,3.03448275862069,5.7290266377156,672.9166966729927,Hard
2025-08-18,44827,Nishesh Basavareddy,Raphael Collignon,P2,6.5562774926741145,False,P1,0.5760614447187622,0.4239385552812378,1.3976608187134503,3.514705882352941,-6.5562774926741145,666.3604191803186,Hard
2025-08-18,44826,Botic Van De Zandschulp,Adam Walton,P1,4.15634849330507,True,P1,0.5221837263032547,0.4778162736967453,2.202247191011236,1.8317757009345794,4.996958300939804,671.3573774812584,Hard
2025-08-18,44825,Hamad Medjedovic,Arthur Rinderknech,P2,0.357269431711361,False,P1,0.617147326321329,0.38285267367867104,1.6031128404669261,2.6580645161290324,-0.357269431711361,671.000108049547,Hard
2025-08-18,44822,Kamil Majchrzak,Nicolas Jarry,P2,1.8653883578728334,False,P1,0.47463389991770316,0.5253661000822969,1.9897435897435893,2.0103626943005177,-1.8653883578728334,669.1347196916741,Hard
2025-08-18,44821,Vit Kopriva,Sebastian Ofner,P2,3.250337814528206,False,P1,0.35891055165602387,0.6410894483439762,2.515527950310559,1.6598360655737707,-3.250337814528206,665.884381877146,Hard
2025-08-18,44820,Pablo Carreno Busta,Yoshihito Nishioka,P1,0.7620272834330581,True,P1,0.5885842844310046,0.41141571556899537,1.7272727272727275,2.375,0.5542016606785879,666.4385835378246,Hard
2025-08-18,44839,Luciano Darderi,Mackenzie McDonald,P2,4.722174411787072,False,P1,0.4027343332074507,0.5972656667925493,2.1311475409836067,1.8840579710144931,-4.722174411787072,661.7164091260375,Hard
2025-08-18,44830,Christopher O'Connell,Roman Safiullin,P2,1.7306292974970492,False,P1,0.34215984165078567,0.6578401583492144,2.7697368421052633,1.5650557620817847,-1.7306292974970492,659.9857798285404,Hard
2025-08-18,44831,Aleksandar Kovacevic,Filip Misolic,P2,1.7371324712397649,False,P1,0.5618329493906553,0.4381670506093447,1.686192468619247,2.457317073170732,-1.7371324712397649,658.2486473573007,Hard
2025-08-18,44833,Mattia Bellucci,Francisco Comesana,P2,2.0935243568654975,False,P1,0.42173338608941924,0.5782666139105808,2.2203389830508478,1.8194444444444444,-2.0935243568654975,656.1551230004352,Hard
2025-08-18,44838,Marton Fucsovics,Tallon Griekspoor,P2,3.7230081951718517,False,P1,0.3935065426361394,0.6064934573638606,2.2528735632183907,1.7981651376146788,-3.7230081951718517,652.4321148052634,Hard
2025-08-18,44847,Hamad Medjedovic,Jacob Fearnley,P1,6.835203609756735,True,P1,0.7248129986406395,0.2751870013593605,1.5340501792114694,2.87248322147651,3.6503417127374664,656.0824565180009,Hard
2025-08-18,44848,Mariano Navone,Marcos Giron,P2,1.6470707577691472,False,P1,0.4029415257278298,0.5970584742721702,2.357142857142857,1.7368421052631582,-1.6470707577691472,654.4353857602317,Hard
2025-08-18,44850,Yunchaokete Bu,Stefanos Tsitsipas,P2,7.568689033833464,False,P1,0.2737571613741729,0.7262428386258271,2.8079470198675502,1.5531135531135531,-7.568689033833464,646.8666967263982,Hard
2025-08-18,44851,Miomir Kecmanovic,Luciano Darderi,P2,5.668317891710714,False,P1,0.5317182171561966,0.4682817828438034,1.5510948905109487,2.814569536423841,-5.668317891710714,641.1983788346876,Hard
2025-08-18,44859,Sebastian Korda,Miomir Kecmanovic,P1,9.563665138670443,True,P1,0.6706334133278167,0.3293665866721833,1.8846153846153846,2.1304347826086953,8.460165314977699,649.6585441496652,Hard
2025-08-18,44860,Marton Fucsovics,Jaume Munar,P1,3.04813836708955,True,P1,0.48219323862250474,0.5178067613774953,2.333333333333333,1.75,4.064184489452733,653.7227286391179,Hard
2025-08-18,44861,Giovanni Mpetshi Perricard,Hamad Medjedovic,P1,1.4200050737246563,True,P1,0.360846438919291,0.639153561080709,3.0136986301369864,1.4965986394557824,2.859462271746911,656.5821909108648,Hard
2025-08-18,44824,Mackenzie McDonald,Brandon Holt,P1,7.063052502125154,True,P1,0.7551672342141227,0.24483276578587732,1.4533762057877813,3.2056737588652484,3.202219944693397,659.7844108555582,Hard
2025-08-18,44823,Pedro Martinez,David Goffin,P2,6.516677414800147,False,P1,0.36736678180121946,0.6326332181987806,2.1843575418994416,1.8443396226415094,-6.516677414800147,653.2677334407581,Hard
2025-08-18,44819,Yunchaokete Bu,Chun-Hsin Tseng,P2,1.9757421545095455,False,P1,0.7059916942107394,0.2940083057892606,1.330769230769231,4.023255813953488,-1.9757421545095455,651.2919912862485,Hard
2025-08-18,44865,Marton Fucsovics,Botic Van De Zandschulp,P2,2.7417787527234467,False,P1,0.4963522900909071,0.5036477099090929,1.8450704225352113,2.183333333333333,-2.7417787527234467,648.550212533525,Hard
2025-08-18,44864,Botic Van De Zandschulp,Giovanni Mpetshi Perricard,P1,4.030627272095178,True,P1,0.4877134741029413,0.5122865258970587,2.4096385542168677,1.7094017094017095,5.681727600423325,654.2319401339483,Hard
2025-08-18,44862,Botic Van De Zandschulp,Yunchaokete Bu,P1,6.0946738750942435,True,P1,0.5826720673480407,0.41732793265195933,2.0529100529100535,1.9497487437185932,6.417143392295,660.6490835262433,Hard
2025-08-18,44858,Yunchaokete Bu,Mariano Navone,P2,4.929446774739023,False,P1,0.4836862627355523,0.5163137372644477,1.7589285714285714,2.317647058823529,-4.929446774739023,655.7196367515043,Hard
2025-08-24,44952,Leandro Riedi,Francisco Cerundolo,P2,12.157903302492024,False,P1,0.22197484454007954,0.7780251554599205,2.834437086092715,1.5451263537906137,-12.157903302492024,643.5617334490122,Hard
2025-08-24,44955,Alexander Bublik,Tristan Schoolkate,P2,2.788055143768227,False,P1,0.7303844247635694,0.26961557523643065,1.2505133470225873,4.991803278688525,-2.788055143768227,640.773678305244,Hard
2025-08-24,44956,Jaume Munar,Gabriel Diallo,P2,1.2003599186728686,False,P1,0.5203546989676042,0.4796453010323958,1.8497652582159625,2.1767955801104972,-1.2003599186728686,639.573318386571,Hard
2025-08-24,44962,Jiri Lehecka,Raphael Collignon,P2,0.05343752664566502,False,P1,0.8643489479736137,0.13565105202638628,1.1550068587105626,7.45132743362832,-0.05343752664566502,639.5198808599254,Hard
2025-08-24,44963,Arthur Rinderknech,Benjamin Bonzi,P1,3.5582176397163137,True,P1,0.5431376824515999,0.4568623175484001,2.057894736842105,1.9452736318407962,3.7642197135946263,643.2841005735199,Hard
2025-08-24,44964,Carlos Alcaraz,Luciano Darderi,P2,0.6052382842884814,False,P1,0.9444929438104568,0.055507056189543214,1.038846153846154,26.742574257425744,-0.6052382842884814,642.6788622892315,Hard
2025-08-24,44966,Jan-Lennard Struff,Frances Tiafoe,P1,3.1034472102294552,True,P1,0.36127522729470546,0.6387247727052945,3.4130434782608696,1.4144144144144142,7.488753050771077,650.1676153400025,Hard
2025-08-24,44979,Carlos Alcaraz,Arthur Rinderknech,P2,0.7533994113140778,False,P1,0.9357335479485872,0.06426645205141279,1.0439130434782609,23.772277227722775,-0.7533994113140778,649.4142159286885,Hard
2025-08-24,44982,Alex de Minaur,Leandro Riedi,P2,3.269823103834287,False,P1,0.8199057206300371,0.18009427936996292,1.0968325791855205,11.327102803738319,-3.269823103834287,646.1443928248542,Hard
2025-08-24,44983,Lorenzo Musetti,Jaume Munar,P2,1.766398345130264,False,P1,0.6266030161915151,0.37339698380848485,1.5086505190311417,2.965986394557823,-1.766398345130264,644.377994479724,Hard
2025-08-24,44988,Felix Auger-Aliassime,Alex de Minaur,P2,1.5392922035940606,False,P1,0.3945940381446026,0.6054059618553974,2.413173652694611,1.7076271186440675,-1.5392922035940606,642.8387022761299,Hard
2025-08-24,44989,Jannik Sinner,Lorenzo Musetti,P2,1.6602443909886022,False,P1,0.8899781356389105,0.11002186436108952,1.065584009993754,16.247619047619047,-1.6602443909886022,641.1784578851413,Hard
2025-08-24,44991,Jannik Sinner,Felix Auger-Aliassime,P2,1.0940192566981897,False,P1,0.9031943592322192,0.09680564076778075,1.069398545935228,15.40952380952381,-1.0940192566981897,640.0844386284431,Hard
2025-08-24,44872,Tomas Machac,Luca Nardi,P1,10.012416911254654,True,P1,0.7761310688274472,0.2238689311725528,1.483221476510067,3.069444444444444,4.838214883290839,644.9226535117339,Hard
2025-08-24,44875,Jiri Lehecka,Borna Coric,P2,0.10803752567066457,False,P1,0.8345018368413717,0.1654981631586283,1.1943048576214408,6.1465517241379315,-0.10803752567066457,644.8146159860632,Hard
2025-08-24,44879,Zachary Svajda,Zsombor Piros,P2,5.872119938681604,False,P1,0.5586319697907085,0.4413680302092915,1.4640522875816993,3.154929577464789,-5.872119938681604,638.9424960473816,Hard
2025-08-24,44881,Jordan Thompson,Corentin Moutet,P1,7.332584634771701,True,P1,0.4471259933592501,0.5528740066407499,3.5407407407407407,1.3935860058309035,18.630196516494024,657.5726925638756,Hard
2025-08-24,44882,Novak Djokovic,Learner Tien,P1,10.483982611453438,True,P1,0.8934285080539285,0.10657149194607152,1.185483870967742,6.391304347826088,1.9446096779308804,659.5173022418065,Hard
2025-08-24,44883,Benjamin Bonzi,Daniil Medvedev,P1,1.6765577329670083,True,P1,0.25212892647403295,0.747871073525967,4.715447154471544,1.2691466083150986,6.2291616582595335,665.746463900066,Hard
2025-08-24,44884,Brandon Nakashima,Jesper de Jong,P2,2.779125238416811,False,P1,0.6851587107099356,0.3148412892900644,1.3376623376623378,3.9615384615384617,-2.779125238416811,662.9673386616493,Hard
2025-08-24,44890,Coleman Wong,Aleksandar Kovacevic,P1,5.324393775073478,True,P1,0.5179397203768894,0.4820602796231106,2.3491124260355027,1.7412280701754383,7.183205803057708,670.150544464707,Hard
2025-08-24,44891,Adam Walton,Ugo Humbert,P2,6.51429868533648,False,P1,0.25771575363234694,0.7422842463676531,3.125874125874126,1.470394736842105,-6.51429868533648,663.6362457793705,Hard
2025-08-24,44896,Frances Tiafoe,Yoshihito Nishioka,P2,6.090402235564785,False,P1,0.7156456459893559,0.28435435401064413,1.1408629441624367,8.0990990990991,-6.090402235564785,657.5458435438057,Hard
2025-08-24,44903,Tristan Boyer,James Duckworth,P1,1.2383939589318518,True,P1,0.4892233344769894,0.5107766655230106,2.1311475409836067,1.8840579710144931,1.4008062814147177,658.9466498252204,Hard
2025-08-24,44909,Carlos Alcaraz,Reilly Opelka,P2,0.6217301007560068,False,P1,0.9152187608889004,0.08478123911109958,1.07201646090535,14.885714285714284,-0.6217301007560068,658.3249197244644,Hard
2025-08-24,44910,Jannik Sinner,Vit Kopriva,P2,0.15456111293840943,False,P1,0.9761639430366356,0.023836056963364438,1.0196078431372548,52.0,-0.15456111293840943,658.170358611526,Hard
2025-08-24,44914,Denis Shapovalov,Marton Fucsovics,P2,0.12336059454883894,False,P1,0.5019672905975177,0.49803270940248234,1.9846938775510201,2.0155440414507773,-0.12336059454883894,658.0469980169772,Hard
2025-08-24,44921,Stefanos Tsitsipas,Alexandre Muller,P1,4.748498797669437,True,P1,0.6783471568904654,0.32165284310953457,1.6023166023166024,2.66025641025641,2.860099661916727,660.9070976788939,Hard
2025-08-24,44927,Alexander Zverev,Alejandro Tabilo,P2,1.722022844420255,False,P1,0.893739039079491,0.10626096092050896,1.0605882352941176,17.50485436893204,-1.722022844420255,659.1850748344737,Hard
2025-08-24,44928,Tommy Paul,Elmer Moller,P2,1.505726527354109,False,P1,0.8720336778487294,0.12796632215127057,1.0943562610229276,11.598130841121495,-1.505726527354109,657.6793483071195,Hard
2025-08-24,44929,Jacob Fearnley,Roberto Bautista Agut,P2,6.447385638047481,False,P1,0.33934956832473184,0.6606504316752682,2.3690476190476186,1.7304347826086959,-6.447385638047481,651.231962669072,Hard
2025-08-24,44930,Jiri Lehecka,Tomas Martin Etcheverry,P2,1.4157023730184868,False,P1,0.7280990880739155,0.27190091192608445,1.3137254901960784,4.1875,-1.4157023730184868,649.8162602960535,Hard
2025-08-24,44951,Kamil Majchrzak,Karen Khachanov,P1,3.8236671781754956,True,P1,0.29531242440980343,0.7046875755901966,4.967213114754099,1.2520661157024793,15.169302575712624,664.9855628717662,Hard
2025-08-24,44957,Alex de Minaur,Shintaro Mochizuki,P2,1.2126073885457491,False,P1,0.9032004328596561,0.09679956714034388,1.0667951188182403,15.971153846153848,-1.2126073885457491,663.7729554832205,Hard
2025-08-24,44958,Tommy Paul,Nuno Borges,P2,2.2243637041683377,False,P1,0.7063724711444426,0.29362752885555743,1.3208020050125313,4.1171875,-2.2243637041683377,661.5485917790521,Hard
2025-08-24,44959,Alexander Zverev,Jacob Fearnley,P2,0.5286745481952818,False,P1,0.8847806559286011,0.11521934407139889,1.112159329140461,9.91588785046729,-0.5286745481952818,661.0199172308569,Hard
2025-08-24,44960,Felix Auger-Aliassime,Roman Safiullin,P2,4.920309721774562,False,P1,0.605128119739931,0.39487188026006903,1.4065281899109792,3.4598540145985406,-4.920309721774562,656.0996075090824,Hard
2025-08-24,44961,Daniel Altmaier,Stefanos Tsitsipas,P1,2.2126613789727925,True,P1,0.3083427609983751,0.6916572390016249,3.8712121212121207,1.3482849604221636,6.353020171444608,662.452627680527,Hard
2025-08-24,44968,Novak Djokovic,Cameron Norrie,P2,0.5525762854112432,False,P1,0.8750440872095655,0.1249559127904345,1.1237345331833521,9.081818181818182,-0.5525762854112432,661.9000513951158,Hard
2025-08-24,44971,Jannik Sinner,Denis Shapovalov,P2,1.3070319253615075,False,P1,0.9160145334765658,0.0839854665234342,1.0485714285714285,21.588235294117645,-1.3070319253615075,660.5930194697544,Hard
2025-08-24,44973,Andrey Rublev,Coleman Wong,P2,5.9136910656144135,False,P1,0.7365388345718569,0.26346116542814313,1.1146161934805467,9.724770642201833,-5.9136910656144135,654.6793284041399,Hard
2025-08-24,44974,Jaume Munar,Zizou Bergs,P2,3.4549599514361153,False,P1,0.6050122772256359,0.3949877227743641,1.4784053156146177,3.0902777777777772,-3.4549599514361153,651.2243684527039,Hard
2025-08-24,44976,Felix Auger-Aliassime,Alexander Zverev,P1,0.7664168112371489,True,P1,0.2575960935117809,0.7424039064882191,4.171874999999999,1.315270935960591,2.430978323142831,653.6553467758467,Hard
2025-08-24,44977,Alexander Bublik,Tommy Paul,P2,7.831855717373101,False,P1,0.38699007018400106,0.613009929815999,1.964824120603015,2.036458333333334,-7.831855717373101,645.8234910584737,Hard
2025-08-24,44978,Jiri Lehecka,Adrian Mannarino,P2,1.138048514883162,False,P1,0.688824177877374,0.31117582212262596,1.4005847953216373,3.496350364963503,-1.138048514883162,644.6854425435905,Hard
2025-08-24,44980,Taylor Fritz,Tomas Machac,P2,3.2138553939077568,False,P1,0.6329010577700698,0.3670989422299302,1.4224924012158056,3.3669064748201447,-3.2138553939077568,641.4715871496827,Hard
2025-08-24,44981,Novak Djokovic,Jan-Lennard Struff,P1,10.769386169177599,True,P1,0.8843530319597106,0.1156469680402894,1.2108108108108107,5.743589743589743,2.27030303025906,643.7418901799417,Hard
2025-08-24,44984,Felix Auger-Aliassime,Andrey Rublev,P2,0.8219448835842199,False,P1,0.4524294944808569,0.5475705055191431,2.1538461538461537,1.8666666666666667,-0.8219448835842199,642.9199452963575,Hard
2025-08-24,44985,Jannik Sinner,Alexander Bublik,P1,9.462320948756519,True,P1,0.9234673107173587,0.07653268928264134,1.1216517857142858,9.220183486238533,1.1511082404179256,644.0710535367754,Hard
2025-08-24,44986,Carlos Alcaraz,Jiri Lehecka,P2,2.635953202762292,False,P1,0.8476738530543428,0.15232614694565716,1.0831372549019609,13.028301886792452,-2.635953202762292,641.4351003340131,Hard
2025-08-24,44987,Novak Djokovic,Taylor Fritz,P1,5.766418225255914,True,P1,0.7026279679747778,0.2973720320252222,1.5687732342007437,2.758169934640523,3.279784343732919,644.714884677746,Hard
2025-08-24,44990,Carlos Alcaraz,Novak Djokovic,P2,4.351776050260734,False,P1,0.6552549207668857,0.34474507923311426,1.3200992555831266,4.124031007751938,-4.351776050260734,640.3631086274853,Hard
2025-08-24,44992,Carlos Alcaraz,Jannik Sinner,P2,0.03921635362208419,False,P1,0.4599956953644436,0.5400043046355564,2.1712707182320443,1.8537735849056602,-0.03921635362208419,640.3238922738632,Hard
2025-08-24,44866,Alejandro Davidovich Fokina,Alexander Shevchenko,P2,1.3497738830856028,False,P1,0.7851392849036565,0.21486071509634352,1.21996303142329,5.546218487394958,-1.3497738830856028,638.9741183907776,Hard
2025-08-24,44868,Ben Shelton,Ignacio Buse,P2,2.6280685157154253,False,P1,0.8653132027162118,0.13468679728378818,1.0605882352941176,17.50485436893204,-2.6280685157154253,636.3460498750621,Hard
2025-08-24,44869,Jakub Mensik,Nicolas Jarry,P2,0.3343043534797083,False,P1,0.680823724398987,0.319176275601013,1.4533762057877813,3.2056737588652484,-0.3343043534797083,636.0117455215824,Hard
2025-08-24,44870,Luciano Darderi,Rinky Hijikata,P2,3.1451546224037656,False,P1,0.5321618539902091,0.4678381460097909,1.6932773109243697,2.4424242424242424,-3.1451546224037656,632.8665908991786,Hard
2025-08-24,44871,Arthur Rinderknech,Roberto Carballes Baena,P2,2.58959762972463,False,P1,0.5956232538178464,0.4043767461821536,1.5415162454873648,2.8466666666666667,-2.58959762972463,630.276993269454,Hard
2025-08-24,44876,Adrian Mannarino,Tallon Griekspoor,P2,0.6857975885222202,False,P1,0.40151568568287854,0.5984843143171215,2.436363636363637,1.6962025316455698,-0.6857975885222202,629.5911956809318,Hard
2025-08-24,44877,Pablo Carreno Busta,Pablo Llamas Ruiz,P1,8.413782027842075,True,P1,0.7287518137208964,0.27124818627910363,1.5877862595419847,2.7012987012987018,4.9455054667468685,634.5367011476787,Hard
2025-08-24,44878,Tomas Martin Etcheverry,Camilo Ugo Carabelli,P2,5.390814318778468,False,P1,0.5826741814130918,0.4173258185869082,1.4246153846153846,3.355072463768116,-5.390814318778468,629.1458868289003,Hard
2025-08-24,44885,Marcos Giron,Mariano Navone,P1,3.929346572494071,True,P1,0.5400170611621878,0.45998293883781216,2.108108108108108,1.9024390243902443,4.354140796547483,633.5000276254477,Hard
2025-08-24,44886,Zizou Bergs,Chun-Hsin Tseng,P1,6.729309689457366,True,P1,0.7503743329457333,0.2496256670542667,1.4640522875816993,3.154929577464789,3.1227515552383847,636.6227791806862,Hard
2025-08-24,44888,Lloyd Harris,Sebastian Baez,P2,7.591304957381854,False,P1,0.4784567646426473,0.5215432353573527,1.5916030534351142,2.690322580645161,-7.591304957381854,629.0314742233043,Hard
2025-08-24,44893,Francisco Comesana,Alex Michelsen,P1,4.25509686748259,True,P1,0.3690432187776297,0.6309567812223703,3.699248120300752,1.370473537604457,11.485562221249998,640.5170364445543,Hard
2025-08-24,44894,Raphael Collignon,Daniel Elahi Galan,P2,5.4798870327273725,False,P1,0.45862539190065554,0.5413746080993445,1.8073394495412844,2.2386363636363638,-5.4798870327273725,635.0371494118269,Hard
2025-08-24,44895,Joao Fonseca,Miomir Kecmanovic,P2,0.5315727815618635,False,P1,0.5646925560500418,0.43530744394995824,1.7412280701754383,2.3491124260355027,-0.5315727815618635,634.5055766302651,Hard
2025-08-24,44897,Flavio Cobolli,Francesco Passaro,P2,2.9548425158202054,False,P1,0.7212288361732349,0.27877116382676514,1.257383966244726,4.885245901639346,-2.9548425158202054,631.5507341144448,Hard
2025-08-24,44899,Jaume Munar,Jaime Faria,P2,0.20951466372562844,False,P1,0.7674372762994984,0.23256272370050157,1.294392523364486,4.396825396825396,-0.20951466372562844,631.3412194507192,Hard
2025-08-24,44900,Karen Khachanov,Nishesh Basavareddy,P1,10.496414088958053,True,P1,0.8444568325760033,0.15554316742399665,1.3038277511961724,4.291338582677165,3.1891018882719466,634.5303213389911,Hard
2025-08-24,44901,Holger Rune,Botic Van De Zandschulp,P2,3.722076687619814,False,P1,0.6354581224962826,0.36454187750371736,1.3890489913544668,3.5703703703703704,-3.722076687619814,630.8082446513713,Hard
2025-08-24,44902,Andrey Rublev,Dino Prizmic,P1,8.169678859889894,True,P1,0.8143987187389772,0.18560128126102282,1.3341902313624678,3.9923076923076914,2.730226868343666,633.538471519715,Hard
2025-08-24,44904,Jenson Brooksby,Aleksandar Vukic,P1,1.3962009307701404,True,P1,0.6935042778908391,0.3064957221091609,1.4719471947194718,3.118881118881119,0.6589331125416832,634.1974046322567,Hard
2025-08-24,44905,Kamil Majchrzak,Hugo Dellien,P2,4.65871843917958,False,P1,0.7759233535026265,0.22407664649737347,1.0994423791821561,11.05607476635514,-4.65871843917958,629.5386861930772,Hard
2025-08-24,44906,Jan-Lennard Struff,Mackenzie McDonald,P2,6.217832317771398,False,P1,0.40638914928818687,0.5936108507118132,1.9746192893401011,2.0260416666666665,-6.217832317771398,623.3208538753058,Hard
2025-08-24,44907,Casper Ruud,Sebastian Ofner,P2,2.9459720181041726,False,P1,0.7040792692270892,0.2959207307729108,1.28604118993135,4.496,-2.9459720181041726,620.3748818572017,Hard
2025-08-24,44908,Gabriel Diallo,Damir Dzumhur,P2,2.2363719474785113,False,P1,0.7038053402518105,0.2961946597481895,1.3184079601990049,4.140624999999999,-2.2363719474785113,618.1385099097232,Hard
2025-08-24,44911,Lorenzo Musetti,Giovanni Mpetshi Perricard,P2,4.162280224865801,False,P1,0.5977598591312792,0.40224014086872084,1.4476190476190474,3.234042553191489,-4.162280224865801,613.9762296848575,Hard
2025-08-24,44912,Francisco Cerundolo,Matteo Arnaldi,P1,4.488079975846526,True,P1,0.6207728635860661,0.3792271364139339,1.7990867579908678,2.2514285714285713,3.586365277502933,617.5625949623604,Hard
2025-08-24,44913,Alexander Bublik,Marin Cilic,P2,3.6645066409392344,False,P1,0.5908873840264535,0.40911261597354653,1.4915254237288134,3.03448275862069,-3.6645066409392344,613.8980883214213,Hard
2025-08-24,44915,David Goffin,Quentin Halys,P1,3.9188085233134995,True,P1,0.4426202922419123,0.5573797077580878,2.7697368421052633,1.5650557620817847,6.935259820864022,620.8333481422853,Hard
2025-08-24,44916,Shintaro Mochizuki,Hugo Gaston,P2,10.416815896349938,False,P1,0.40612758606769106,0.5938724139323089,1.6360000000000001,2.5723270440251573,-10.416815896349938,610.4165322459354,Hard
2025-08-24,44917,Alexei Popyrin,Emil Ruusuvuori,P2,9.117069172439413,False,P1,0.6416239077806292,0.35837609221937083,1.0929824561403507,11.754716981132075,-9.117069172439413,601.299463073496,Hard
2025-08-24,44918,Leandro Riedi,Pedro Martinez,P2,4.810356998005903,False,P1,0.5019266952057557,0.4980733047942443,1.6735537190082643,2.4846625766871164,-4.810356998005903,596.4891060754901,Hard
2025-08-24,44920,Felix Auger-Aliassime,Billy Harris,P2,3.401454746089988,False,P1,0.7808861372140332,0.21911386278596678,1.1345454545454547,8.432432432432433,-3.401454746089988,593.0876513294002,Hard
2025-08-24,44922,Daniel Altmaier,Hamad Medjedovic,P2,3.017100935222876,False,P1,0.2471592414014642,0.7528407585985358,3.634328358208956,1.379603399433428,-3.017100935222876,590.0705503941773,Hard
2025-08-24,44923,Nuno Borges,Brandon Holt,P2,0.007544537921862206,False,P1,0.7122913817113599,0.28770861828864014,1.403560830860534,3.477941176470588,-0.007544537921862206,590.0630058562555,Hard
2025-08-24,44924,Roman Safiullin,Gael Monfils,P2,4.00062858358295,False,P1,0.42328863649237725,0.5767113635076228,2.0421052631578944,1.9595959595959598,-4.00062858358295,586.0623772726725,Hard
2025-08-24,44925,Tristan Schoolkate,Lorenzo Sonego,P1,0.8556313700120186,True,P1,0.3219136301863159,0.6780863698136841,3.3165467625899288,1.4316770186335404,1.982110080171727,588.0444873528443,Hard
2025-08-24,44926,Alex de Minaur,Christopher O'Connell,P2,3.7722571970418914,False,P1,0.8129917787431347,0.18700822125686534,1.0722145804676755,14.847619047619046,-3.7722571970418914,584.2722301558024,Hard
2025-08-24,44932,Novak Djokovic,Zachary Svajda,P1,11.685444603116048,True,P1,0.9441914810743746,0.05580851892562544,1.1119096509240245,9.93577981651376,1.3077140264267428,585.5799441822292,Hard
2025-08-24,44933,Tomas Machac,Joao Fonseca,P1,3.256635214217368,True,P1,0.5850884367399725,0.41491156326002754,1.8755980861244024,2.14207650273224,2.8515035607740606,588.4314477430032,Hard
2025-08-24,44935,Taylor Fritz,Lloyd Harris,P2,3.4487142732520155,False,P1,0.7926860554370654,0.20731394456293462,1.113660062565172,9.79816513761468,-3.4487142732520155,584.9827334697512,Hard
2025-08-24,44936,Raphael Collignon,Casper Ruud,P1,0.13492259117088656,True,P1,0.16343667978518484,0.8365633202148152,6.267241379310346,1.1898527004909984,0.7106698552190664,585.6934033249703,Hard
2025-08-24,44937,Benjamin Bonzi,Marcos Giron,P2,4.464895334860973,False,P1,0.41834834176608715,0.5816516582339128,2.0259067357512954,1.974747474747475,-4.464895334860973,581.2285079901093,Hard
2025-08-24,44939,Arthur Rinderknech,Alejandro Davidovich Fokina,P1,3.1381754896784018,True,P1,0.27306957034062673,0.7269304296593733,5.4033613445378155,1.2270992366412212,13.818520643625904,595.0470286337352,Hard
2025-08-24,44940,Cameron Norrie,Francisco Comesana,P2,1.2110034974671375,False,P1,0.6083903966703039,0.3916096033296961,1.5767790262172285,2.7337662337662336,-1.2110034974671375,593.8360251362681,Hard
2025-08-24,44943,Ben Shelton,Pablo Carreno Busta,P2,5.301266591133995,False,P1,0.730928986241234,0.26907101375876596,1.1238532110091743,9.074074074074074,-5.301266591133995,588.5347585451341,Hard
2025-08-24,44944,Carlos Alcaraz,Mattia Bellucci,P1,2.843423585528232,True,P1,0.9513460537756417,0.04865394622435826,1.0569239189928845,18.567307692307693,0.1618588138450663,588.6966173589791,Hard
2025-08-24,44945,Jan-Lennard Struff,Holger Rune,P2,0.562621081001132,False,P1,0.26715184359289096,0.732848156407109,3.6716417910447765,1.3743016759776538,-0.562621081001132,588.133996277978,Hard
2025-08-24,44946,Adrian Mannarino,Jordan Thompson,P2,6.418313454903956,False,P1,0.48599724635781627,0.5140027536421837,1.6085271317829455,2.643312101910828,-6.418313454903956,581.7156828230741,Hard
2025-08-24,44947,Lorenzo Musetti,David Goffin,P2,2.1265655840761033,False,P1,0.7823718770758545,0.21762812292414546,1.1847133757961785,6.413793103448277,-2.1265655840761033,579.589117238998,Hard
2025-08-24,44948,Andrey Rublev,Tristan Boyer,P2,4.077184741404501,False,P1,0.7913326627472683,0.20866733725273168,1.0858995137763372,12.641509433962263,-4.077184741404501,575.5119324975935,Hard
2025-08-24,44949,Coleman Wong,Adam Walton,P1,3.724677604450787,True,P1,0.4819623250733042,0.5180376749266957,2.469512195121951,1.6804979253112031,5.473459162638046,580.9853916602316,Hard
2025-08-24,44950,Jannik Sinner,Alexei Popyrin,P2,0.5879737831863284,False,P1,0.9343754779146209,0.06562452208537906,1.0485714285714285,21.588235294117645,-0.5879737831863284,580.3974178770452,Hard
2025-08-24,44953,Flavio Cobolli,Jenson Brooksby,P2,4.247074682018572,False,P1,0.5176162795542146,0.48238372044578537,1.6491935483870968,2.540372670807453,-4.247074682018572,576.1503431950266,Hard
2025-09-17,45129,Taro Daniel,Tallon Griekspoor,P2,4.180913543523522,False,P1,0.30864566601025245,0.6913543339897475,2.7697368421052633,1.5650557620817847,-4.180913543523522,571.9694296515031,Hard
2025-09-17,45130,Alejandro Tabilo,Christopher O'Connell,P2,7.414354888888746,False,P1,0.469782356211657,0.530217643788343,1.5767790262172285,2.7337662337662336,-7.414354888888746,564.5550747626144,Hard
2025-09-17,45131,Alexander Shevchenko,Taro Daniel,P1,3.052071197737891,True,P1,0.5780121909663818,0.4219878090336182,1.898058252427185,2.1135135135135137,2.740937726123836,567.2960124887383,Hard
2025-09-17,45132,Lorenzo Musetti,Nikoloz Basilashvili,P1,8.346830050287661,True,P1,0.8215231685629026,0.17847683143709736,1.338501291989664,3.954198473282442,2.825412756040525,570.1214252447788,Hard
2025-09-17,45133,Brandon Nakashima,Marcos Giron,P2,3.759939192461243,False,P1,0.5839591903811877,0.4160408096188123,1.4865771812080535,3.055172413793103,-3.759939192461243,566.3614860523176,Hard
2025-09-17,45149,Dalibor Svrcina,Zhizhen Zhang,P2,3.864611906694893,False,P1,0.3835468938934633,0.6164531061065367,2.2514285714285713,1.7990867579908678,-3.864611906694893,562.4968741456227,Hard
2025-09-17,45154,Learner Tien,Giulio Zeppieri,P1,2.982943266643717,True,P1,0.6415392294472282,0.3584607705527718,1.6694214876033058,2.493827160493827,1.9968463189929015,564.4937204646155,Hard
2025-09-17,45161,Alexander Bublik,Yibing Wu,P2,5.002374307538955,False,P1,0.5901336097154498,0.4098663902845502,1.3942028985507247,3.536764705882353,-5.002374307538955,559.4913461570766,Hard
2025-09-17,45135,Alejandro Tabilo,Brandon Nakashima,P2,2.7223257244121046,False,P1,0.33932281346539767,0.6606771865346024,2.66025641025641,1.6023166023166024,-2.7223257244121046,556.7690204326644,Hard
2025-09-17,45128,Brandon Nakashima,Juncheng Shang,P1,4.2439889483525315,True,P1,0.6422404601398983,0.35775953986010167,1.7304347826086959,2.3690476190476186,3.099957144883589,559.868977577548,Hard
2025-09-17,45127,Marcos Giron,Lorenzo Sonego,P2,0.44948560192233633,False,P1,0.48561537086723516,0.5143846291327648,2.026178010471204,1.9744897959183674,-0.44948560192233633,559.4194919756256,Hard
2025-09-17,45126,Alejandro Tabilo,Luciano Darderi,P2,3.1706967638743326,False,P1,0.5095393267599699,0.49046067324003007,1.7400881057268724,2.3511904761904763,-3.1706967638743326,556.2487952117513,Hard
2025-09-17,45134,Lorenzo Musetti,Alexander Shevchenko,P2,1.1427534990688895,False,P1,0.7878318670498956,0.2121681329501044,1.2171532846715327,5.605042016806722,-1.1427534990688895,555.1060417126823,Hard
2025-09-17,45163,Alexander Bublik,Valentin Royer,P2,2.9417411597507823,False,P1,0.6832685037753853,0.3167314962246147,1.308433734939759,4.2421875,-2.9417411597507823,552.1643005529315,Hard
2025-09-17,45162,Valentin Royer,Corentin Moutet,P2,3.600542390900955,False,P1,0.35691896326379036,0.6430810367362096,2.436363636363637,1.6962025316455698,-3.600542390900955,548.5637581620306,Hard
2025-09-17,45160,Valentin Royer,Learner Tien,P1,2.6734317033422985,True,P1,0.4444281446400463,0.5555718553599537,2.60126582278481,1.624505928853755,4.280874816111401,552.8446329781419,Hard
2025-09-17,45159,Yibing Wu,Daniil Medvedev,P1,2.6306294870893128,True,P1,0.3373054409807432,0.6626945590192568,3.7368421052631584,1.3653846153846154,7.199617543612858,560.0442505217547,Hard
2025-09-17,45158,Alexander Bublik,Dalibor Svrcina,P1,0.7765023625515651,True,P1,0.7398150800670749,0.26018491993292514,1.3653846153846154,3.7368421052631584,0.2837220170861488,560.3279725388409,Hard
2025-09-17,45156,Corentin Moutet,Arthur Cazaux,P1,4.92675787116203,True,P1,0.6080533156355017,0.3919466843644983,1.9068627450980393,2.1027027027027025,4.467893167475371,564.7958657063162,Hard
2025-09-17,45155,Tomas Martin Etcheverry,Rinky Hijikata,P2,1.159385680828461,False,P1,0.5984740870520933,0.40152591294790674,1.6023166023166024,2.66025641025641,-1.159385680828461,563.6364800254878,Hard
2025-09-17,45153,Daniil Medvedev,Nishesh Basavareddy,P1,7.789766058166062,True,P1,0.7721737505921038,0.2278262494078962,1.459546925566343,3.176056338028169,3.5797630429112637,567.2162430683991,Hard
2025-09-17,45152,Yibing Wu,Sebastian Korda,P2,5.101701461249396,False,P1,0.3196034093101255,0.6803965906898746,2.566037735849057,1.63855421686747,-5.101701461249396,562.1145416071497,Hard
2025-09-17,45151,Alexander Bublik,Aleksandar Vukic,P2,0.6990380592119398,False,P1,0.7068178218933823,0.29318217810661773,1.379603399433428,3.634328358208956,-0.6990380592119398,561.4155035479378,Hard
2025-09-17,45148,Aleksandar Vukic,David Goffin,P2,2.3352736925707327,False,P1,0.5062271260043048,0.49377287399569525,1.811059907834101,2.2329545454545454,-2.3352736925707327,559.0802298553671,Hard
2025-09-17,45147,Arthur Cazaux,Matteo Arnaldi,P2,5.996774429855933,False,P1,0.392738571145553,0.607261428854447,2.0,2.0,-5.996774429855933,553.0834554255111,Hard
2025-09-17,45145,Learner Tien,Mariano Navone,P2,2.4751747375691164,False,P1,0.5525611109289869,0.44743888907101315,1.6477732793522268,2.54375,-2.4751747375691164,550.608280687942,Hard
2025-09-17,45144,Yibing Wu,Adrian Mannarino,P2,5.739784025312168,False,P1,0.4201097707229673,0.5798902292770327,1.8840579710144931,2.1311475409836067,-5.739784025312168,544.8684966626299,Hard
2025-09-17,45125,Christopher O'Connell,Yi Zhou,P2,2.5764493587754163,False,P1,0.5672564600662038,0.4327435399337962,1.5961538461538458,2.6774193548387095,-2.5764493587754163,542.2920473038545,Hard
2025-09-17,45124,Lorenzo Musetti,Dino Prizmic,P1,10.670822910319444,True,P1,0.8142151744204142,0.18578482557958576,1.4416403785488958,3.2642857142857147,4.712666269541709,547.0047135733962,Hard
2025-09-17,45123,Alexander Shevchenko,Giovanni Mpetshi Perricard,P1,0.7081608075659976,True,P1,0.3696950247517077,0.6303049752482923,2.833333333333333,1.5454545454545454,1.2982948138709955,548.3030083872671,Hard
2025-09-17,45122,Nikoloz Basilashvili,Mackenzie McDonald,P2,1.9049724577679623,False,P1,0.3763616930172429,0.6236383069827571,2.4723926380368098,1.6791666666666667,-1.9049724577679623,546.3980359294992,Hard
2025-09-17,45121,Juncheng Shang,Zizou Bergs,P2,6.295538753552195,False,P1,0.4231607866769733,0.5768392133230267,1.8186046511627907,2.221590909090909,-6.295538753552195,540.102497175947,Hard
2025-09-17,45120,Christopher O'Connell,Quentin Halys,P1,0.49770217589485843,True,P1,0.5104831362771125,0.4895168637228875,1.994845360824742,2.0051813471502586,0.49513670076137967,540.5976338767083,Hard
2025-09-17,45119,Marcos Giron,Ethan Quinn,P1,6.643489741451808,True,P1,0.6403863005915762,0.3596136994084238,1.911330049261084,2.097297297297297,6.054411833342783,546.6520457100511,Hard
2025-09-17,45118,Yi Zhou,Cameron Norrie,P1,2.267505999492973,True,P1,0.27387939675107636,0.7261206032489236,4.80327868852459,1.2629310344827587,8.623957243973274,555.2760029540243,Hard
2025-09-17,45117,Alejandro Tabilo,Jordan Thompson,P2,8.263823055161689,False,P1,0.369278168727483,0.630721831272517,1.9019607843137254,2.108695652173913,-8.263823055161689,547.0121798988627,Hard
2025-09-17,45115,Dino Prizmic,Terence Atmane,P2,4.781101453403292,False,P1,0.4402442597642159,0.5597557402357841,1.8743961352657006,2.143646408839779,-4.781101453403292,542.2310784454594,Hard
2025-09-17,45114,Mackenzie McDonald,Botic Van De Zandschulp,P2,0.44590113404585563,False,P1,0.48796432652574456,0.5120356734742555,2.015625,1.9846153846153847,-0.44590113404585563,541.7851773114136,Hard
2025-09-17,45113,Taro Daniel,Coleman Wong,P2,3.645205824191279,False,P1,0.2944890559986487,0.7055109440013513,2.938775510204082,1.5157894736842106,-3.645205824191279,538.1399714872223,Hard
2025-09-17,45111,Lorenzo Sonego,Juan Manuel Cerundolo,P1,2.0020232296839904,True,P1,0.6495321028795711,0.3504678971204289,1.6093750000000002,2.641025641025641,1.2199829055886822,539.359954392811,Hard
2025-09-17,45110,Giovanni Mpetshi Perricard,Filip Misolic,P1,6.186717493260721,True,P1,0.6921462658656861,0.30785373413431394,1.6652892561983474,2.5031055900621118,4.11595667940073,543.4759110722117,Hard
2025-09-17,45143,Zhizhen Zhang,Yunchaokete Bu,P1,4.988400208521136,True,P1,0.4325927688885097,0.5674072311114903,3.278571428571428,1.438871473354232,11.366426189416014,554.8423372616277,Hard
2025-09-17,45141,Tomas Martin Etcheverry,Damir Dzumhur,P2,0.02538810609095782,False,P1,0.6801805363017339,0.3198194636982661,1.4688524590163936,3.132867132867133,-0.02538810609095782,554.8169491555367,Hard
2025-09-17,45140,Nishesh Basavareddy,Marin Cilic,P2,11.096338983110734,False,P1,0.3127329872709129,0.6872670127290871,1.586206896551724,2.705882352941176,-11.096338983110734,543.720610172426,Hard
2025-09-17,45138,Rinky Hijikata,Camilo Ugo Carabelli,P2,4.218852567268748,False,P1,0.5513946835394352,0.4486053164605648,1.5321428571428573,2.879194630872483,-4.218852567268748,539.5017576051572,Hard
2025-09-17,45137,Sebastian Korda,Adam Walton,P1,8.385029060398816,True,P1,0.748950109602347,0.251049890397653,1.5730337078651684,2.745098039215686,4.804904293037523,544.3066618981948,Hard
2025-09-24,45186,Jenson Brooksby,Luciano Darderi,P1,0.938504612227674,True,P1,0.6338503667545016,0.36614963324549843,1.6108949416342413,2.6369426751592355,0.5733277203102912,544.8799896185051,Hard
2025-09-24,45200,Adrian Mannarino,Alexander Bublik,P1,1.662214327400449,True,P1,0.34803898700538016,0.6519610129946198,3.2714285714285714,1.4402515723270441,3.7756011150953057,548.6555907336004,Hard
2025-09-24,45201,Alex de Minaur,Yunchaokete Bu,P1,8.732316045527822,True,P1,0.8629895486671464,0.1370104513328536,1.251546391752577,4.975409836065573,2.1965825928956564,550.8521733264961,Hard
2025-09-24,45202,Flavio Cobolli,Andrey Rublev,P1,0.47681138072618806,True,P1,0.34041787918014677,0.6595821208198532,3.0413793103448277,1.4898648648648647,0.9733528875513908,551.8255262140475,Hard
2025-09-24,45203,Jakub Mensik,Miomir Kecmanovic,P1,0.9579597721225122,True,P1,0.656232709615538,0.34376729038446197,1.5531135531135531,2.8079470198675502,0.5298605332985324,552.3553867473461,Hard
2025-09-24,45205,Arthur Cazaux,Juncheng Shang,P1,0.46631580607436746,True,P1,0.5211113273128214,0.4788886726871786,1.9497487437185932,2.0529100529100535,0.4428828509952536,552.7982695983413,Hard
2025-09-24,45206,Arthur Rinderknech,David Goffin,P1,6.327364693922192,True,P1,0.6672606090427395,0.33273939095726046,1.7590909090909093,2.317365269461078,4.8030450176591195,557.6013146160004,Hard
2025-09-24,45207,Learner Tien,Francisco Cerundolo,P2,4.631103421762996,False,P1,0.38175616011447866,0.6182438398855213,2.1843575418994416,1.8443396226415094,-4.631103421762996,552.9702111942374,Hard
2025-09-24,45208,Alexander Zverev,Lorenzo Sonego,P1,3.8494445688307546,True,P1,0.7971835725822509,0.20281642741774908,1.3082524271844658,4.244094488188975,1.1866006316541393,554.1568118258916,Hard
2025-09-24,45209,Lorenzo Musetti,Giovanni Mpetshi Perricard,P1,2.824534534675561,True,P1,0.7444849928340049,0.25551500716599507,1.3976608187134503,3.514705882352941,1.123206715543498,555.2800185414351,Hard
2025-09-24,45210,Corentin Moutet,Tallon Griekspoor,P1,0.45310020828957387,True,P1,0.5496706561971958,0.4503293438028042,1.8443396226415094,2.1843575418994416,0.3825704588860081,555.6625890003211,Hard
2025-09-24,45211,Jannik Sinner,Terence Atmane,P1,5.449399491704465,True,P1,0.959105406737139,0.040894593262861045,1.0535995796111404,19.65686274509804,0.2920855218885213,555.9546745222096,Hard
2025-09-24,45212,Alex de Minaur,Arthur Rinderknech,P2,2.2064676416234956,False,P1,0.8088197201900535,0.19118027980994645,1.1382316313823164,8.234234234234233,-2.2064676416234956,553.7482068805862,Hard
2025-09-24,45213,Fabian Marozsan,Alexandre Muller,P1,1.3621896057795917,True,P1,0.6159325529026227,0.3840674470973773,1.6776859504132233,2.475609756097561,0.9231367576357566,554.671343638222,Hard
2025-09-24,45214,Jakub Mensik,Arthur Cazaux,P1,0.6507223077772606,True,P1,0.680366106775659,0.319633893224341,1.4865771812080535,3.055172413793103,0.31662662626745885,554.9879702644894,Hard
2025-09-24,45215,Lorenzo Musetti,Adrian Mannarino,P1,6.6266794300226115,True,P1,0.724673944528615,0.275326055471385,1.5666666666666667,2.7647058823529416,3.75511834367948,558.7430886081688,Hard
2025-09-24,45217,Learner Tien,Flavio Cobolli,P1,5.1771265598368785,True,P1,0.5067950675812596,0.4932049324187404,2.5341614906832297,1.651821862348178,7.942548200495087,566.685636808664,Hard
2025-09-24,45218,Alexander Zverev,Corentin Moutet,P2,2.0416335279032363,False,P1,0.7514018089580643,0.2485981910419357,1.2349514563106796,5.256198347107438,-2.0416335279032363,564.6440032807607,Hard
2025-09-24,45219,Jannik Sinner,Fabian Marozsan,P1,5.3785026047937565,True,P1,0.9400377414429674,0.05996225855703263,1.08,13.499999999999998,0.4302802083835009,565.0742834891441,Hard
2025-09-24,45221,Daniil Medvedev,Alexander Zverev,P2,7.627288516919116,False,P1,0.3809735853276966,0.6190264146723035,1.9162561576354682,2.0913978494623655,-7.627288516919116,557.4469949722251,Hard
2025-09-24,45224,Jannik Sinner,Alex de Minaur,P2,1.338374606790779,False,P1,0.8015325250892759,0.19846747491072414,1.1877022653721683,6.327586206896551,-1.338374606790779,556.1086203654343,Hard
2025-09-24,45225,Jannik Sinner,Learner Tien,P2,0.2862337746081518,False,P1,0.9261127562037113,0.07388724379628875,1.0686666666666667,15.563106796116504,-0.2862337746081518,555.8223865908261,Hard
2025-09-24,45178,Holger Rune,Hamad Medjedovic,P1,0.33601152147982644,True,P1,0.5945148016697189,0.40548519833028107,1.6962025316455698,2.436363636363637,0.23393207191633492,556.0563186627425,Hard
2025-09-24,45179,Brandon Nakashima,Jordan Thompson,P2,0.7127131944307464,False,P1,0.6320824929196316,0.3679175070803684,1.5415162454873648,2.8466666666666667,-0.7127131944307464,555.3436054683117,Hard
2025-09-24,45180,Taylor Fritz,Nuno Borges,P1,3.602885764619593,True,P1,0.836573406528152,0.16342659347184796,1.23121387283237,5.325000000000001,0.8330371710103109,556.176642639322,Hard
2025-09-24,45181,Sebastian Korda,Sho Shimabukuro,P1,7.042838807601907,True,P1,0.7827950994094098,0.21720490059059017,1.4101796407185627,3.4379562043795615,2.888829091740901,559.065471731063,Hard
2025-09-24,45182,Aleksandar Vukic,Daniel Altmaier,P2,1.1066728354179212,False,P1,0.47772966784163756,0.5222703321583624,2.0103626943005177,1.9897435897435893,-1.1066728354179212,557.958798895645,Hard
2025-09-24,45183,Casper Ruud,Matteo Berrettini,P2,0.5829203363766235,False,P1,0.5584344043316967,0.44156559566830333,1.7533039647577093,2.327485380116959,-0.5829203363766235,557.3758785592684,Hard
2025-09-24,45184,Carlos Alcaraz,Zizou Bergs,P1,8.006547333641567,True,P1,0.9472069896778328,0.05279301032216721,1.08,13.499999999999998,0.6405237866913259,558.0164023459597,Hard
2025-09-24,45185,Holger Rune,Ethan Quinn,P1,8.63442276562569,True,P1,0.7840187574456621,0.21598124255433793,1.455128205128205,3.19718309859155,3.9297693356373324,561.9461716815971,Hard
2025-09-24,45164,Daniel Altmaier,Denis Shapovalov,P1,0.24162781457175941,True,P1,0.27551514951789413,0.7244848504821059,3.7142857142857135,1.368421052631579,0.6558469252662039,562.6020186068633,Hard
2025-09-24,45165,Matteo Berrettini,Jaume Munar,P1,9.43253894489223,True,P1,0.621616993506022,0.37838300649397805,2.3216374269005846,1.756637168141593,12.46639650026692,575.0684151071302,Hard
2025-09-24,45166,Nuno Borges,Yosuke Watanuki,P2,2.3975428601220794,False,P1,0.5306730729431561,0.46932692705684387,1.7272727272727275,2.375,-2.3975428601220794,572.6708722470082,Hard
2025-09-24,45167,Marton Fucsovics,Frances Tiafoe,P2,6.60653985086545,False,P1,0.43930548299324595,0.5606945170067541,1.751111111111111,2.3313609467455625,-6.60653985086545,566.0643323961427,Hard
2025-09-24,45168,Casper Ruud,Shintaro Mochizuki,P1,11.321286647922856,True,P1,0.8805094589591524,0.11949054104084755,1.4533762057877813,3.2056737588652484,5.132801985071133,571.1971343812139,Hard
2025-09-24,45169,Taylor Fritz,Gabriel Diallo,P1,7.214819708447384,True,P1,0.8235741034225363,0.17642589657746366,1.3090024330900243,4.2362204724409445,2.2293968442161014,573.42653122543,Hard
2025-09-24,45170,Sho Shimabukuro,Tomas Machac,P2,11.4685306245086,False,P1,0.08098040780796335,0.9190195921920367,3.7368421052631584,1.3653846153846154,-11.4685306245086,561.9580006009214,Hard
2025-09-24,45171,Jenson Brooksby,Ugo Humbert,P2,4.325367045935692,False,P1,0.3779358080113548,0.6220641919886452,2.2386363636363638,1.8073394495412844,-4.325367045935692,557.6326335549858,Hard
2025-09-24,45172,Luciano Darderi,Yoshihito Nishioka,P2,1.9270384387530566,False,P1,0.5289119427135633,0.47108805728643666,1.7599999999999998,2.3157894736842106,-1.9270384387530566,555.7055951162328,Hard
2025-09-24,45173,Sebastian Korda,Marcos Giron,P1,1.7920976779551379,True,P1,0.6394895106773295,0.3605104893226705,1.626984126984127,2.5949367088607596,1.1236167980829832,556.8292119143157,Hard
2025-09-24,45174,Ethan Quinn,Alex Michelsen,P2,4.6799821950999165,False,P1,0.3254400039662412,0.6745599960337588,2.5562500000000004,1.6425702811244978,-4.6799821950999165,552.1492297192158,Hard
2025-09-24,45175,Aleksandar Vukic,Damir Dzumhur,P2,2.311636482960399,False,P1,0.57404722838885,0.42595277161114997,1.5961538461538458,2.6774193548387095,-2.311636482960399,549.8375932362554,Hard
2025-09-24,45176,Zizou Bergs,Alejandro Tabilo,P2,4.8766035532131395,False,P1,0.4439184118166412,0.5560815881833587,1.8530805687203793,2.1722222222222225,-4.8766035532131395,544.9609896830423,Hard
2025-09-24,45177,Carlos Alcaraz,Sebastian Baez,P1,10.899219793660846,True,P1,0.9757861535721053,0.024213846427894703,1.0536842105263158,19.627450980392158,0.5851160099754769,545.5461056930177,Hard
2025-09-24,45204,Daniil Medvedev,Cameron Norrie,P2,4.361626169696079,False,P1,0.6316909889040472,0.3683090110959528,1.3299232736572892,4.0310077519379846,-4.361626169696079,541.1844795233217,Hard
2025-09-24,45197,Fabian Marozsan,Benjamin Bonzi,P2,0.39688540651311693,False,P1,0.5798965592183727,0.4201034407816273,1.6991525423728815,2.43030303030303,-0.39688540651311693,540.7875941168086,Hard
2025-09-24,45188,Carlos Alcaraz,Brandon Nakashima,P1,5.553309058262834,True,P1,0.9096640897292882,0.09033591027071175,1.1282660332541568,8.796296296296294,0.7123009243377506,541.4998950411464,Hard
2025-09-24,45187,Brandon Nakashima,Marton Fucsovics,P1,2.498298417050129,True,P1,0.5853025110951527,0.41469748890484726,1.841121495327103,2.188888888888889,2.1013725003225385,543.6012675414689,Hard
2025-09-24,45189,Taylor Fritz,Sebastian Korda,P1,1.2583454891736674,True,P1,0.7173459111842981,0.28265408881570186,1.4212121212121214,3.3741007194244608,0.5300303727125449,544.1312979141815,Hard
2025-09-24,45190,Jenson Brooksby,Holger Rune,P1,0.9375485956979123,True,P1,0.3570434116944484,0.6429565883055516,2.9931506849315066,1.5017182130584192,1.868675625671866,545.9999735398533,Hard
2025-09-24,45191,Casper Ruud,Aleksandar Vukic,P1,4.0320244388929565,True,P1,0.7683385195666175,0.23166148043338253,1.3732590529247912,3.67910447761194,1.5049896234307978,547.5049631632841,Hard
2025-09-24,45192,Taylor Fritz,Jenson Brooksby,P1,5.251824822692728,True,P1,0.7853594327483002,0.21464056725169978,1.3616438356164382,3.7651515151515156,1.8992900728642188,549.4042532361483,Hard
2025-09-24,45193,Carlos Alcaraz,Casper Ruud,P1,0.8807736832080655,True,P1,0.869789409039591,0.130210590960409,1.155433287482806,7.43362831858407,0.13690154910936908,549.5411547852576,Hard
2025-09-24,45194,Carlos Alcaraz,Taylor Fritz,P2,1.631630743985987,False,P1,0.7418279394600082,0.25817206053999175,1.2679738562091503,4.7317073170731705,-1.631630743985987,547.9095240412717,Hard
2025-09-24,45195,Terence Atmane,Zhizhen Zhang,P2,4.863860257276548,False,P1,0.5031742685082237,0.49682573149177633,1.6345381526104417,2.5759493670886076,-4.863860257276548,543.0456637839951,Hard
2025-09-24,45196,Alexandre Muller,Karen Khachanov,P2,2.368683187274238,False,P1,0.19752637778714988,0.8024736222128501,4.620967741935484,1.2761692650334076,-2.368683187274238,540.6769805967209,Hard
2025-09-24,45198,Jannik Sinner,Marin Cilic,P2,0.24677143384616115,False,P1,0.9489865892136615,0.051013410786338476,1.0441367373431414,23.65686274509804,-0.24677143384616115,540.4302091628748,Hard
2025-09-24,45199,Alejandro Davidovich Fokina,Camilo Ugo Carabelli,P2,1.936890266119949,False,P1,0.7772893357117471,0.22271066428825292,1.1943048576214408,6.1465517241379315,-1.936890266119949,538.4933188967549,Hard
2025-10-01,45240,Juncheng Shang,Aleksandar Kovacevic,P2,2.291145432255464,False,P1,0.6140861204583978,0.38591387954160217,1.4898648648648647,3.0413793103448277,-2.291145432255464,536.2021734644994,Hard
2025-10-01,45237,Valentin Vacherot,Laslo Djere,P2,10.724043469289988,False,P1,0.37500820375359645,0.6249917962464036,1.5938697318007664,2.6838709677419352,-10.724043469289988,525.4781299952094,Hard
2025-10-01,45226,Sebastian Baez,Zhizhen Zhang,P1,1.2706188864149426,True,P1,0.4637970250844667,0.5362029749155333,2.2906976744186047,1.7747747747747746,1.6399848417681238,527.1181148369775,Hard
2025-10-01,45252,Alejandro Tabilo,Marcos Giron,P2,0.9827163174491235,False,P1,0.5109787675240753,0.48902123247592466,1.8840579710144931,2.1311475409836067,-0.9827163174491235,526.1353985195284,Hard
2025-10-01,45258,Valentin Vacherot,Alexander Bublik,P1,0.05984828351507062,True,P1,0.28733929608460584,0.7126607039153942,3.4999999999999996,1.4,0.14962070878767653,526.2850192283161,Hard
2025-10-01,45259,Novak Djokovic,Marin Cilic,P2,0.1785134453053687,False,P1,0.8721985444282303,0.1278014555717697,1.13875,8.207207207207206,-0.1785134453053687,526.1065057830107,Hard
2025-10-01,45276,Felix Auger-Aliassime,Alejandro Tabilo,P2,0.8362394613024269,False,P1,0.576601643451839,0.42339835654816105,1.6791666666666667,2.4723926380368098,-0.8362394613024269,525.2702663217083,Hard
2025-10-01,45304,Daniil Medvedev,Alejandro Davidovich Fokina,P1,1.8625400504579004,True,P1,0.5894205676974841,0.4105794323025159,1.7918552036199096,2.262857142857143,1.4748620309055773,526.7451283526138,Hard
2025-10-01,45308,Novak Djokovic,Jaume Munar,P1,9.670466366627133,True,P1,0.862235253847365,0.137764746152635,1.2782805429864255,4.59349593495935,2.6911026314369635,529.4362309840508,Hard
2025-10-01,45309,Valentin Vacherot,Tallon Griekspoor,P1,0.9795573951862268,True,P1,0.4236254220059823,0.5763745779940177,2.4907975460122698,1.670781893004115,1.460321760921798,530.8965527449726,Hard
2025-10-01,45318,Valentin Vacherot,Novak Djokovic,P2,2.879288915327706,False,P1,0.12996744573146196,0.8700325542685381,6.859649122807017,1.1706586826347305,-2.879288915327706,528.0172638296449,Hard
2025-10-13,45348,Benjamin Bonzi,Reilly Opelka,P2,7.146665159993339,False,P1,0.3925578767025065,0.6074421232974935,1.85781990521327,2.165745856353591,-7.146665159993339,520.8705986696516,Hard
2025-10-13,45375,Alex Michelsen,Beibit Zhukayev,P2,2.068220712389488,False,P1,0.6001016258442393,0.3998983741557607,1.5340501792114694,2.87248322147651,-2.068220712389488,518.8023779572621,Hard
2025-10-13,45321,Jacob Fearnley,Tallon Griekspoor,P2,7.24302821870847,False,P1,0.2560885075960283,0.7439114924039717,2.814569536423841,1.5510948905109487,-7.24302821870847,511.5593497385537,Hard
2025-10-13,45349,Marcos Giron,Mattia Bellucci,P1,3.4984187522166366,True,P1,0.613415640374797,0.386584359625203,1.811059907834101,2.2329545454545454,2.8374271907379156,514.3967769292916,Hard
2025-10-13,45322,Miomir Kecmanovic,Alexandre Muller,P2,0.0069299235094799246,False,P1,0.6221083637250913,0.37789163627490874,1.6070038910505835,2.647435897435897,-0.0069299235094799246,514.3898470057821,Hard
2025-10-13,45376,Shintaro Mochizuki,Arthur Cazaux,P2,4.286147107960027,False,P1,0.22436352740516047,0.7756364725948395,3.7142857142857135,1.368421052631579,-4.286147107960027,510.10369989782214,Hard
2025-10-13,45323,Sebastian Korda,Alexei Popyrin,P2,2.53035083828389,False,P1,0.5771023339459761,0.4228976660540239,1.5608856088560885,2.7828947368421053,-2.53035083828389,507.57334905953826,Hard
2025-10-13,45350,Francisco Comesana,David Goffin,P1,3.2167129650313657,True,P1,0.48824424733598304,0.511755752664017,2.41566265060241,1.7063829787234042,4.55378040230344,512.1271294618417,Hard
2025-10-13,45377,Jan-Lennard Struff,Mackenzie McDonald,P2,0.07204865440037388,False,P1,0.5878934145390609,0.41210658546093915,1.6962025316455698,2.436363636363637,-0.07204865440037388,512.0550808074413,Hard
2025-10-13,45324,Leo Borg,Sebastian Ofner,P1,5.141890196862008,True,P1,0.3562983498146148,0.6437016501853852,5.140495867768595,1.2415169660678644,21.28997511262699,533.3450559200683,Hard
2025-10-13,45378,Brandon Nakashima,Hamad Medjedovic,P2,0.00326593693444067,False,P1,0.5358318045689163,0.4641681954310837,1.8660287081339713,2.154696132596685,-0.00326593693444067,533.3417899831338,Hard
2025-10-13,45351,Giovanni Mpetshi Perricard,Emil Ruusuvuori,P2,2.4873541140838107,False,P1,0.5696933652788423,0.4303066347211577,1.5916030534351142,2.690322580645161,-2.4873541140838107,530.85443586905,Hard
2025-10-13,45325,Elias Ymer,Mikael Ymer,P2,3.8592749651172196,False,P1,0.368102863920937,0.6318971360790631,2.3216374269005846,1.756637168141593,-3.8592749651172196,526.9951609039327,Hard
2025-10-13,45379,Rinky Hijikata,Timofey Skatov,P2,0.47618581447614666,False,P1,0.6444636591658812,0.3555363408341188,1.5236363636363635,2.909722222222222,-0.47618581447614666,526.5189750894566,Hard
2025-10-13,45352,Valentin Royer,Sebastian Baez,P2,3.3586866637355453,False,P1,0.5940292255949015,0.40597077440509854,1.4686468646864685,3.1338028169014085,-3.3586866637355453,523.1602884257211,Hard
2025-10-13,45326,Marin Cilic,Nicolai Budkov Kjaer,P1,6.977574776023403,True,P1,0.6399709465255454,0.3600290534744546,1.9646464646464645,2.0366492146596857,6.730892839497322,529.8911812652184,Hard
2025-10-13,45380,Alexander Shevchenko,Laslo Djere,P2,10.597823625304368,False,P1,0.3413563715553569,0.6586436284446431,1.7304347826086959,2.3690476190476186,-10.597823625304368,519.293357639914,Hard
2025-10-13,45327,Tomas Martin Etcheverry,Mark Lajal,P1,8.407200931569937,True,P1,0.634953002144365,0.365046997855635,2.1731843575418996,1.8523809523809525,9.863196623629538,529.1565542635435,Hard
2025-10-13,45355,Botic Van De Zandschulp,Joao Fonseca,P1,0.573336234228671,True,P1,0.37489116451121285,0.6251088354887872,2.7697368421052633,1.5650557620817847,1.0146542566283716,530.1712085201718,Hard
2025-10-13,45382,Adam Walton,Tristan Schoolkate,P1,2.248192224238675,True,P1,0.5576974000343344,0.44230259996566557,1.935323383084577,2.0691489361702122,2.102786756999358,532.2739952771711,Hard
2025-10-13,45328,Kamil Majchrzak,Filip Misolic,P1,0.44560494762418884,True,P1,0.7002792510661592,0.2997207489338408,1.4384858044164035,3.2805755395683454,0.19539144391092178,532.4693867210821,Hard
2025-10-13,45356,Raphael Collignon,Zizou Bergs,P2,10.64938773442164,False,P1,0.20388054426946478,0.7961194557305352,2.119565217391304,1.8932038834951457,-10.64938773442164,521.8199989866604,Hard
2025-10-13,45329,Matteo Berrettini,Giulio Zeppieri,P1,10.436399979733208,True,P1,0.7925917003857196,0.20740829961428042,1.5434782608695654,2.84,5.671956510724572,527.491955497385,Hard
2025-10-13,45384,Corentin Moutet,Bernard Tomic,P1,10.5498391099477,True,P1,0.8775260159972879,0.12247398400271214,1.3176178660049627,4.1484375,3.350817384797283,530.8427728821823,Hard
2025-10-13,45357,Nikoloz Basilashvili,Quentin Halys,P1,1.0664780281002801,True,P1,0.4640602118782027,0.5359397881217973,2.264367816091954,1.7909090909090908,1.3484204952992047,532.1911933774816,Hard
2025-10-13,45331,Marton Fucsovics,Jesper de Jong,P2,5.773424866510775,False,P1,0.4678857444437823,0.5321142555562177,1.6735537190082643,2.4846625766871164,-5.773424866510775,526.4177685109707,Hard
2025-10-13,45359,Yannick Hanfmann,Matteo Arnaldi,P2,0.9559963636347243,False,P1,0.532107840023631,0.467892159976369,1.811059907834101,2.2329545454545454,-0.9559963636347243,525.461772147336,Hard
2025-10-13,45386,Fabian Marozsan,Luca Nardi,P1,0.44211769342065055,True,P1,0.670772604444434,0.329227395555566,1.5034482758620689,2.986301369863013,0.22258339048074127,525.6843555378167,Hard
2025-10-13,45333,Denis Shapovalov,Leo Borg,P2,3.633598366761266,False,P1,0.7875755564542202,0.21242444354577983,1.0941901408450705,11.616822429906543,-3.633598366761266,522.0507571710555,Hard
2025-10-13,45387,Jan-Lennard Struff,Karen Khachanov,P1,1.3831826185805518,True,P1,0.3722803008425595,0.6277196991574405,2.965986394557823,1.5086505190311417,2.7193182093182275,524.7700753803737,Hard
2025-10-13,45388,Daniil Medvedev,Adam Walton,P2,0.7838960383902563,False,P1,0.8157560226328457,0.18424397736715425,1.1892332789559545,6.28448275862069,-0.7838960383902563,523.9861793419834,Hard
2025-10-13,45361,Lorenzo Musetti,Yannick Hanfmann,P2,1.3673667782694732,False,P1,0.6659175665371004,0.33408243346289956,1.4233128834355828,3.3623188405797104,-1.3673667782694732,522.618812563714,Hard
2025-10-13,45334,Casper Ruud,Marin Cilic,P1,4.363003709903773,True,P1,0.6893775103839728,0.31062248961602723,1.594594594594595,2.681818181818182,2.5942184221049476,525.2130309858189,Hard
2025-10-13,45335,Sebastian Korda,Kamil Majchrzak,P2,0.17532097278249759,False,P1,0.6120234751436611,0.38797652485633893,1.6230158730158732,2.605095541401274,-0.17532097278249759,525.0377100130364,Hard
2025-10-13,45389,Shintaro Mochizuki,Luciano Darderi,P2,7.641872170989585,False,P1,0.30074629001271946,0.6992537099872805,2.357142857142857,1.7368421052631582,-7.641872170989585,517.3958378420468,Hard
2025-10-13,45390,Alex Michelsen,Aleksandar Vukic,P1,0.15355763524232172,True,P1,0.6058021233635821,0.3941978766364179,1.6571428571428568,2.5217391304347827,0.10090930315923993,517.4967471452061,Hard
2025-10-13,45363,Benjamin Bonzi,Valentin Royer,P2,1.848991210634205,False,P1,0.4630708113440077,0.5369291886559924,2.0051813471502586,1.994845360824742,-1.848991210634205,515.6477559345719,Hard
2025-10-13,45336,Ugo Humbert,Matteo Berrettini,P2,0.27971943646907976,False,P1,0.4831327596142967,0.5168672403857033,2.0473684210526315,1.9547738693467334,-0.27971943646907976,515.3680364981028,Hard
2025-10-13,45391,Flavio Cobolli,Rinky Hijikata,P2,3.710307871641318,False,P1,0.576498734018938,0.42350126598106197,1.4848484848484849,3.0625000000000004,-3.710307871641318,511.6577286264615,Hard
2025-10-13,45337,Tomas Martin Etcheverry,Miomir Kecmanovic,P1,4.580065126999638,True,P1,0.501769123247785,0.498230876752215,2.54375,1.6477732793522268,7.070475539805692,518.7282041662672,Hard
2025-10-13,45364,Alejandro Davidovich Fokina,Marcos Giron,P1,5.175152570464122,True,P1,0.6552141808891216,0.34478581911087836,1.756637168141593,2.3216374269005846,3.9157127856166594,522.6439169518839,Hard
2025-10-13,45338,Lorenzo Sonego,Aleksandar Kovacevic,P2,1.6168547234226591,False,P1,0.6040304420180149,0.3959695579819851,1.5531135531135531,2.8079470198675502,-1.6168547234226591,521.0270622284612,Hard
2025-10-13,45365,Raphael Collignon,Francisco Comesana,P2,10.100657175247571,False,P1,0.4018537464656607,0.5981462535343394,1.5236363636363635,2.909722222222222,-10.100657175247571,510.9264050532136,Hard
2025-10-13,45392,Fabian Marozsan,Brandon Nakashima,P1,2.8475272822030964,True,P1,0.46336020779232523,0.5366397922076748,2.525,1.6557377049180328,4.342479105359722,515.2688841585733,Hard
2025-10-13,45339,Elias Ymer,Jacob Fearnley,P1,8.60602272904313,True,P1,0.4623148565763251,0.5376851434236749,5.191666666666667,1.2385685884691848,36.07357860590579,551.3424627644791,Hard
2025-10-13,45366,Felix Auger-Aliassime,Damir Dzumhur,P2,0.7661073037281534,False,P1,0.8244335585434858,0.17556644145651423,1.1792452830188678,6.578947368421053,-0.7661073037281534,550.576355460751,Hard
2025-10-13,45393,James Duckworth,Gabriel Diallo,P2,1.3790325716759564,False,P1,0.19282614706766493,0.8071738529323351,4.926229508196722,1.254697286012526,-1.3790325716759564,549.197322889075,Hard
2025-10-13,45394,Corentin Moutet,Alexander Shevchenko,P2,1.346748859343291,False,P1,0.6317843871051034,0.36821561289489657,1.5051903114186853,2.9794520547945207,-1.346748859343291,547.8505740297318,Hard
2025-10-13,45340,Holger Rune,Marton Fucsovics,P1,3.9939846912045325,True,P1,0.6992273317638145,0.30077266823618554,1.5434782608695654,2.84,2.1706438539155077,550.0212178836473,Hard
2025-10-13,45368,Giovanni Mpetshi Perricard,Lorenzo Musetti,P2,3.2751206183983417,False,P1,0.34293306046249544,0.6570669395375046,2.5687499999999996,1.6374501992031876,-3.2751206183983417,546.746097265249,Hard
2025-10-13,45341,Holger Rune,Tomas Martin Etcheverry,P2,2.961442668033262,False,P1,0.6713149785334227,0.3286850214665773,1.3282442748091603,4.046511627906976,-2.961442668033262,543.7846545972158,Hard
2025-10-13,45395,Daniil Medvedev,Fabian Marozsan,P2,0.07749352575894412,False,P1,0.6802777831909199,0.3197222168090801,1.4657980456026056,3.146853146853146,-0.07749352575894412,543.7071610714568,Hard
2025-10-13,45396,James Duckworth,Flavio Cobolli,P1,3.0896989786495084,True,P1,0.3940681279200608,0.6059318720799391,3.1608391608391604,1.4627831715210353,6.676342548270615,550.3835036197274,Hard
2025-10-13,45342,Ugo Humbert,Lorenzo Sonego,P1,2.6867050468313027,True,P1,0.65613581430113,0.34386418569887,1.615686274509804,2.6242038216560504,1.654167420990253,552.0376710407177,Hard
2025-10-13,45343,Casper Ruud,Sebastian Korda,P1,0.37994650545117403,True,P1,0.5822714919242431,0.4177285080757569,1.7347826086956524,2.36094674556213,0.2791780844402106,552.3168491251579,Hard
2025-10-13,45397,Alex Michelsen,Shintaro Mochizuki,P1,10.337317511812595,True,P1,0.7767546834147836,0.2232453165852164,1.554744525547445,2.8026315789473686,5.7345702985237725,558.0514194236816,Hard
2025-10-13,45370,Raphael Collignon,Alejandro Davidovich Fokina,P2,11.161028388473634,False,P1,0.187049604725499,0.812950395274501,2.834437086092715,1.5451263537906137,-11.161028388473634,546.890391035208,Hard
2025-10-13,45344,Denis Shapovalov,Elias Ymer,P2,2.7280583475712357,False,P1,0.6958564097298598,0.30414359027014015,1.2937062937062938,4.404761904761904,-2.7280583475712357,544.1623326876368,Hard
2025-10-13,45371,Felix Auger-Aliassime,Eliot Spizzirri,P1,7.1896667046312785,True,P1,0.818159936811458,0.18184006318854196,1.3282828282828285,4.046153846153846,2.3602441202072395,546.522576807844,Hard
2025-10-13,45398,Corentin Moutet,Jan-Lennard Struff,P2,3.201853868702281,False,P1,0.4958958965453589,0.5041041034546411,1.780269058295964,2.2816091954022983,-3.201853868702281,543.3207229391417,Hard
2025-10-13,45372,Jiri Lehecka,Giovanni Mpetshi Perricard,P1,4.592586486290397,True,P1,0.6697261300137378,0.3302738699862622,1.6596638655462186,2.515923566878981,3.029563354401649,546.3502862935433,Hard
2025-10-13,45399,Daniil Medvedev,James Duckworth,P2,0.09156542148616845,False,P1,0.8153008203831928,0.18469917961680715,1.222429906542056,5.495798319327731,-0.09156542148616845,546.2587208720571,Hard
2025-10-13,45373,Felix Auger-Aliassime,Raphael Collignon,P1,10.925174417441141,True,P1,0.8291454428467914,0.17085455715320863,1.4263803680981593,3.345323741007194,4.658279889645146,550.9170007617023,Hard
2025-10-13,45400,Corentin Moutet,Alex Michelsen,P2,0.6836446228967661,False,P1,0.5175963742368404,0.48240362576315965,1.8840579710144931,2.1311475409836067,-0.6836446228967661,550.2333561388056,Hard
2025-10-13,45346,Casper Ruud,Denis Shapovalov,P1,1.3503592928711197,True,P1,0.636210986821556,0.36378901317844403,1.6196078431372551,2.613924050632911,0.8366932089162235,551.0700493477218,Hard
2025-10-13,45401,Daniil Medvedev,Corentin Moutet,P2,0.15329831877609987,False,P1,0.6978500631772917,0.3021499368227083,1.425,3.3529411764705883,-0.15329831877609987,550.9167510289457,Hard
2025-10-13,45347,Casper Ruud,Ugo Humbert,P2,0.23449671639630942,False,P1,0.6079190587258008,0.39208094127419924,1.6309523809523812,2.5849056603773586,-0.23449671639630942,550.6822543125494,Hard
2025-10-13,45374,Felix Auger-Aliassime,Jiri Lehecka,P2,3.449973386956362,False,P1,0.43735092496737205,0.562649075032628,2.0,2.0,-3.449973386956362,547.232280925593,Hard
2025-10-20,45402,Taylor Fritz,Valentin Vacherot,P2,1.810137864443137,False,P1,0.7299765643063376,0.2700234356936624,1.2792792792792793,4.580645161290324,-1.810137864443137,545.4221430611499,Hard
2025-10-20,45433,Jannik Sinner,Daniel Altmaier,P2,0.029198817796822787,False,P1,0.9566158621080615,0.04338413789193851,1.044232437120555,23.607843137254903,-0.029198817796822787,545.3929442433531,Hard
2025-10-20,45434,Daniil Medvedev,Nuno Borges,P2,0.5924560230044192,False,P1,0.77081257000614,0.22918742999386,1.2691466083150986,4.715447154471544,-0.5924560230044192,544.8004882203487,Hard
2025-10-20,45403,Casper Ruud,Quentin Halys,P1,7.65983964436324,True,P1,0.8457933367328407,0.15420666326715926,1.2731277533039649,4.661290322580646,2.092114792733573,546.8926030130823,Hard
2025-10-20,45435,Matteo Berrettini,Alexei Popyrin,P1,0.4349774651629857,True,P1,0.5725657688544146,0.42743423114558543,1.7678571428571426,2.302325581395349,0.33400055360729247,547.2266035666896,Hard
2025-10-20,45404,Felix Auger-Aliassime,Gabriel Diallo,P2,3.1487474320822306,False,P1,0.6138283930845114,0.3861716069154886,1.4416403785488958,3.2642857142857147,-3.1487474320822306,544.0778561346074,Hard
2025-10-20,45405,Botic Van De Zandschulp,Jiri Lehecka,P2,9.059051341935707,False,P1,0.18277553440209515,0.8172244655979048,3.6492537313432836,1.3774647887323945,-9.059051341935707,535.0188047926716,Hard
2025-10-20,45436,Flavio Cobolli,Tomas Machac,P2,0.9103205431834,False,P1,0.379742711192353,0.620257288807647,2.54375,1.6477732793522268,-0.9103205431834,534.1084842494882,Hard
2025-10-20,45406,Ugo Humbert,Sebastian Korda,P1,1.120266006720899,True,P1,0.46747926996151673,0.5325207300384833,2.2514285714285713,1.7990867579908678,1.401932888410725,535.5104171378989,Hard
2025-10-20,45437,Corentin Moutet,Damir Dzumhur,P1,8.741778905269909,True,P1,0.7365218545940571,0.26347814540594294,1.6425702811244978,2.5562500000000004,5.617207328687489,541.1276244665864,Hard
2025-10-20,45407,Ben Shelton,Kamil Majchrzak,P1,4.675336191214738,True,P1,0.6917883722442122,0.3082116277557878,1.5938697318007664,2.6838709677419352,2.776540649955113,543.9041651165415,Hard
2025-10-20,45438,Alexander Zverev,Jacob Fearnley,P1,8.362075233771193,True,P1,0.820000646930561,0.17999935306943904,1.351206434316354,3.847328244274809,2.9368146263378723,546.8409797428794,Hard
2025-10-20,45408,Denis Shapovalov,Marcos Giron,P1,4.06315627271859,True,P1,0.6048652460789175,0.39513475392108255,1.8660287081339713,2.154696132596685,3.5188099778089224,550.3597897206884,Hard
2025-10-20,45439,Lorenzo Musetti,Hamad Medjedovic,P1,2.409413028906331,True,P1,0.7096774634229461,0.29032253657705387,1.4666666666666668,3.1428571428571432,1.1243927468229546,551.4841824675113,Hard
2025-10-20,45409,Marin Cilic,David Goffin,P2,0.6278022664223055,False,P1,0.6413815586439184,0.35861844135608156,1.5236363636363635,2.909722222222222,-0.6278022664223055,550.856380201089,Hard
2025-10-20,45440,Cameron Norrie,Andrey Rublev,P1,2.2444422053005666,True,P1,0.4152947857630985,0.5847052142369016,2.7516339869281046,1.5708955223880594,3.931441248500339,554.7878214495894,Hard
2025-10-20,45410,Joao Fonseca,Giovanni Mpetshi Perricard,P2,1.049690751263195,False,P1,0.4539416063023999,0.5460583936976001,2.119565217391304,1.8932038834951457,-1.049690751263195,553.7381306983262,Hard
2025-10-20,45441,Francisco Cerundolo,Alex Michelsen,P1,0.36785395552884076,True,P1,0.509186180000716,0.490813819999284,1.9897435897435893,2.0103626943005177,0.3640810944464935,554.1022117927728,Hard
2025-10-20,45442,Tomas Martin Etcheverry,Nicolai Budkov Kjaer,P1,10.09603569370878,True,P1,0.7169767257903799,0.28302327420962015,1.8027522935779814,2.2457142857142856,8.10461580916989,562.2068276019427,Hard
2025-10-20,45411,Reilly Opelka,Sebastian Baez,P2,2.0642197299502167,False,P1,0.6485970735315147,0.35140292646848525,1.4285714285714284,3.3333333333333335,-2.0642197299502167,560.1426078719925,Hard
2025-10-20,45412,Valentin Royer,Raphael Collignon,P1,5.486999687529013,True,P1,0.597957191801109,0.40204280819889104,2.0,2.0,5.486999687529013,565.6296075595214,Hard
2025-10-20,45443,Filip Misolic,Camilo Ugo Carabelli,P2,7.519556977893639,False,P1,0.5014283195219162,0.49857168047808376,1.4640522875816993,3.154929577464789,-7.519556977893639,558.1100505816278,Hard
2025-10-20,45444,Alex de Minaur,Jurij Rodionov,P2,2.3421454266402666,False,P1,0.8385830365444473,0.16141696345555268,1.0924006908462867,11.822429906542055,-2.3421454266402666,555.7679051549875,Hard
2025-10-20,45413,Stan Wawrinka,Miomir Kecmanovic,P2,4.0348222748451334,False,P1,0.3228791669326768,0.6771208330673232,2.647435897435897,1.6070038910505835,-4.0348222748451334,551.7330828801423,Hard
2025-10-20,45445,Tallon Griekspoor,Karen Khachanov,P1,0.9395121910168246,True,P1,0.39980226160562937,0.6001977383943706,2.641025641025641,1.6093750000000002,1.541763595514789,553.2748464756571,Hard
2025-10-20,45446,Alexander Bublik,Alejandro Tabilo,P2,2.8815786899215987,False,P1,0.5999445324035118,0.40005546759648825,1.4931972789115644,3.027586206896552,-2.8815786899215987,550.3932677857355,Hard
2025-10-20,45415,Alejandro Davidovich Fokina,Lorenzo Sonego,P1,4.166777860979005,True,P1,0.6643173462615358,0.3356826537384642,1.6544715447154474,2.527950310559006,2.7270375431610576,553.1203053288965,Hard
2025-10-20,45416,Jenson Brooksby,Alexandre Muller,P1,3.1244121990741944,True,P1,0.7251194325325779,0.27488056746742207,1.4490445859872612,3.2269503546099294,1.4030003823868198,554.5233057112833,Hard
2025-10-20,45447,Matteo Arnaldi,Aleksandar Kovacevic,P1,1.8762257857722988,True,P1,0.6348756357112502,0.36512436428874984,1.6437246963562753,2.5534591194968552,1.207772874242087,555.7310785855254,Hard
2025-10-20,45448,Brandon Nakashima,Luciano Darderi,P2,1.62884541471803,False,P1,0.6712794702732733,0.3287205297267267,1.4023668639053255,3.485294117647059,-1.62884541471803,554.1022331708074,Hard
2025-10-20,45449,Alex de Minaur,Filip Misolic,P2,1.0638589358431012,False,P1,0.8853848729606562,0.11461512703934384,1.0860820595333869,12.616822429906541,-1.0638589358431012,553.0383742349643,Hard
2025-10-20,45418,Jaume Munar,Ben Shelton,P2,4.341230422546749,False,P1,0.30617592099638674,0.6938240790036132,2.7533333333333334,1.570342205323194,-4.341230422546749,548.6971438124175,Hard
2025-10-20,45419,Felix Auger-Aliassime,Marin Cilic,P1,3.4743476278841565,True,P1,0.7634649734768919,0.2365350265231081,1.3714285714285712,3.6923076923076916,1.2904719760712573,549.9876157884887,Hard
2025-10-20,45450,Tallon Griekspoor,Brandon Nakashima,P1,1.5627080876952117,True,P1,0.5175585822012008,0.48244141779879923,2.0471204188481673,1.9549999999999998,1.6363435473248287,551.6239593358135,Hard
2025-10-20,45451,Corentin Moutet,Daniil Medvedev,P1,1.7942689848811408,True,P1,0.36253686100618765,0.6374631389938124,3.1428571428571432,1.4666666666666668,3.844862110459588,555.4688214462732,Hard
2025-10-20,45420,Denis Shapovalov,Valentin Royer,P1,1.4595894345599882,True,P1,0.6234199686689443,0.37658003133105566,1.6596638655462186,2.515923566878981,0.9628384085122613,556.4316598547855,Hard
2025-10-20,45421,Ugo Humbert,Taylor Fritz,P2,2.1650223519443297,False,P1,0.3169312542810248,0.6830687457189752,2.909722222222222,1.5236363636363635,-2.1650223519443297,554.2666375028411,Hard
2025-10-20,45452,Matteo Berrettini,Cameron Norrie,P1,1.9908470471429274,True,P1,0.5994749500422225,0.4005250499577775,1.7590909090909093,2.317365269461078,1.511233894876677,555.7778713977178,Hard
2025-10-20,45422,Casper Ruud,Stan Wawrinka,P1,9.069917077710459,True,P1,0.8581866116282498,0.14181338837175017,1.2666666666666666,4.75,2.418644554056122,558.1965159517739,Hard
2025-10-20,45453,Lorenzo Musetti,Tomas Martin Etcheverry,P2,4.366200831155744,False,P1,0.6427127171813047,0.35728728281869526,1.3125,4.2,-4.366200831155744,553.8303151206181,Hard
2025-10-20,45423,Reilly Opelka,Botic Van De Zandschulp,P1,2.785621727404746,True,P1,0.5266288276267637,0.47337117237323634,2.111111111111111,1.9000000000000001,3.0951352526719402,556.9254503732901,Hard
2025-10-20,45454,Jannik Sinner,Flavio Cobolli,P1,4.950384438664527,True,P1,0.9530287711309959,0.04697122886900407,1.0605882352941176,17.50485436893204,0.29993505716614466,557.2253854304563,Hard
2025-10-20,45424,Alejandro Davidovich Fokina,Jenson Brooksby,P2,0.40374627978094607,False,P1,0.5463959574440038,0.4536040425559962,1.8036529680365299,2.244318181818182,-0.40374627978094607,556.8216391506753,Hard
2025-10-20,45455,Alexander Zverev,Matteo Arnaldi,P2,0.2641267131454045,False,P1,0.7369888828841873,0.2630111171158127,1.344,3.906976744186047,-0.2641267131454045,556.5575124375299,Hard
2025-10-20,45456,Alexander Bublik,Francisco Cerundolo,P2,3.102306336365346,False,P1,0.5353602320089748,0.46463976799102524,1.6596638655462186,2.515923566878981,-3.102306336365346,553.4552061011645,Hard
2025-10-20,45457,Lorenzo Musetti,Corentin Moutet,P2,4.724684133418237,False,P1,0.5654085605877472,0.43459143941225276,1.4666666666666668,3.1428571428571432,-4.724684133418237,548.7305219677463,Hard
2025-10-20,45458,Jannik Sinner,Alexander Bublik,P1,1.818691915396619,True,P1,0.9105121597614754,0.08948784023852463,1.1059999999999999,10.433962264150942,0.1927813430320414,548.9233033107784,Hard
2025-10-20,45429,Ugo Humbert,Reilly Opelka,P2,3.111399565365191,False,P1,0.6222008935802696,0.37779910641973036,1.425,3.3529411764705883,-3.111399565365191,545.8119037454131,Hard
2025-10-20,45460,Alex de Minaur,Matteo Berrettini,P2,2.8186824628512106,False,P1,0.6671993875984952,0.3328006124015048,1.344,3.906976744186047,-2.8186824628512106,542.9932212825619,Hard
2025-10-20,45431,Joao Fonseca,Jaume Munar,P2,2.9488574165525696,False,P1,0.5067305541890815,0.49326944581091847,1.7590909090909093,2.317365269461078,-2.9488574165525696,540.0443638660093,Hard
2025-10-20,45462,Alexander Zverev,Lorenzo Musetti,P1,0.6297240196768005,True,P1,0.5116605979399322,0.48833940206006776,2.0,2.0,0.6297240196768005,540.6740878856862,Hard
2025-10-20,45463,Jannik Sinner,Alexander Zverev,P2,0.4568309731804956,False,P1,0.8495938275282854,0.15040617247171462,1.1571428571428573,7.363636363636364,-0.4568309731804956,540.2172569125057,Hard
2025-10-20,45432,Joao Fonseca,Alejandro Davidovich Fokina,P2,4.072600234332084,False,P1,0.4656317475595443,0.5343682524404557,1.8238095238095235,2.213872832369942,-4.072600234332084,536.1446566781736,Hard
2025-10-27,45464,Alexander Bublik,Alexei Popyrin,P2,1.4267903028665854,False,P1,0.6455290364161324,0.35447096358386765,1.4666666666666668,3.1428571428571432,-1.4267903028665854,534.717866375307,Hard
2025-10-27,45465,Andrey Rublev,Jacob Fearnley,P1,6.149064155298347,True,P1,0.6939465230137127,0.30605347698628727,1.6596638655462186,2.515923566878981,4.0563154301758,538.7741818054828,Hard
2025-10-27,45466,Daniel Altmaier,Marcos Giron,P1,0.2305693115715124,True,P1,0.38496217954500045,0.6150378204549996,2.633986928104575,1.612,0.3767472411299222,539.1509290466128,Hard
2025-10-27,45467,Arthur Cazaux,Luciano Darderi,P2,5.367639771625863,False,P1,0.5460582603351012,0.4539417396648988,1.4666666666666668,3.1428571428571432,-5.367639771625863,533.7832892749869,Hard
2025-10-27,45468,Francisco Cerundolo,Damir Dzumhur,P1,1.803520386947818,True,P1,0.7219083344319257,0.2780916655680743,1.425,3.3529411764705883,0.7664961644528228,534.5497854394398,Hard
2025-10-27,45469,Flavio Cobolli,Tomas Machac,P2,5.276336223593827,False,P1,0.440061118565878,0.559938881434122,1.8238095238095235,2.213872832369942,-5.276336223593827,529.273449215846,Hard
2025-10-27,45470,Miomir Kecmanovic,Aleksandar Kovacevic,P1,3.9139322689422733,True,P1,0.6478559316673318,0.3521440683326682,1.7043478260869567,2.419753086419753,2.75676968508108,532.030218900927,Hard
2025-10-27,45471,Cameron Norrie,Sebastian Baez,P2,2.3980685593861457,False,P1,0.7183043425712854,0.2816956574287146,1.2666666666666666,4.75,-2.3980685593861457,529.6321503415409,Hard
2025-10-27,45472,Arthur Rinderknech,Fabian Marozsan,P1,0.48106989561777097,True,P1,0.5565084876034696,0.4434915123965304,1.8238095238095235,2.213872832369942,0.3963099616279731,530.0284603031688,Hard
2025-10-27,45473,Learner Tien,Nuno Borges,P2,1.135764083380109,False,P1,0.5937613395379708,0.40623866046202917,1.612,2.633986928104575,-1.135764083380109,528.8926962197887,Hard
2025-10-27,45474,Aleksandar Vukic,Terence Atmane,P2,3.7142549603820267,False,P1,0.4523926271478562,0.5476073728521438,1.9000000000000001,2.111111111111111,-3.7142549603820267,525.1784412594067,Hard
2025-10-27,45475,Karen Khachanov,Ethan Quinn,P1,8.855779646851177,True,P1,0.7891244932766466,0.21087550672335342,1.4666666666666668,3.1428571428571432,4.132697168530551,529.3111384279372,Hard
2025-10-27,45476,Zizou Bergs,Alex Michelsen,P1,1.5986322840651626,True,P1,0.5054759243816034,0.4945240756183966,2.111111111111111,1.9000000000000001,1.7762580934057361,531.087396521343,Hard
2025-10-27,45477,Grigor Dimitrov,Giovanni Mpetshi Perricard,P1,8.144122722011167,True,P1,0.5699107567356063,0.4300892432643937,2.633986928104575,1.612,13.307390068645697,544.3947865899886,Hard
2025-10-27,45478,Alexandre Muller,Brandon Nakashima,P1,0.9957201675011974,True,P1,0.30747880779068404,0.692521192209316,3.5563909774436087,1.3911764705882355,2.5454500522587,546.9402366422473,Hard
2025-10-27,45479,Lorenzo Sonego,Sebastian Korda,P1,0.21599488771092543,True,P1,0.3488592657295638,0.6511407342704362,2.909722222222222,1.5236363636363635,0.4124902369479478,547.3527268791953,Hard
2025-10-27,45480,Felix Auger-Aliassime,Francisco Comesana,P1,7.289514097567437,True,P1,0.8455484773555693,0.15445152264443074,1.2666666666666666,4.75,1.9438704260179829,549.2965973052133,Hard
2025-10-27,45481,Daniil Medvedev,Jaume Munar,P2,1.7824858348417334,False,P1,0.6137286778014681,0.3862713221985319,1.5236363636363635,2.909722222222222,-1.7824858348417334,547.5141114703715,Hard
2025-10-27,45482,Valentin Vacherot,Jiri Lehecka,P2,2.889954545321414,False,P1,0.3073948428018442,0.6926051571981557,2.909722222222222,1.5236363636363635,-2.889954545321414,544.6241569250501,Hard
2025-10-27,45483,Gabriel Diallo,Tallon Griekspoor,P1,2.6752892933366534,True,P1,0.5253913182111021,0.4746086817888979,2.111111111111111,1.9000000000000001,2.9725436592629486,547.596700584313,Hard
2025-10-27,45484,Joao Fonseca,Denis Shapovalov,P2,3.2741444203460484,False,P1,0.5606533841789655,0.4393466158210345,1.570342205323194,2.7533333333333334,-3.2741444203460484,544.322556163967,Hard
2025-10-27,45485,Corentin Moutet,Reilly Opelka,P2,1.7386112474523188,False,P1,0.6143974827575235,0.3856025172424765,1.5236363636363635,2.909722222222222,-1.7386112474523188,542.5839449165146,Hard
2025-10-27,45486,Camilo Ugo Carabelli,Tomas Martin Etcheverry,P1,2.091997250443831,True,P1,0.2355599619638949,0.7644400380361052,5.824561403508772,1.2072727272727273,10.092969190737783,552.6769141072524,Hard
2025-10-27,45487,Alejandro Davidovich Fokina,Valentin Royer,P1,1.7596929229737766,True,P1,0.678209455212059,0.321790544787941,1.5236363636363635,2.909722222222222,0.9214392033026317,553.598353310555,Hard
2025-10-27,45488,Taylor Fritz,Aleksandar Vukic,P2,0.42612164805508906,False,P1,0.850893543455463,0.14910645654453702,1.1571428571428573,7.363636363636364,-0.42612164805508906,553.1722316624999,Hard
2025-10-27,45489,Cameron Norrie,Carlos Alcaraz,P1,0.24168654556788957,True,P1,0.09511371171633873,0.9048862882836612,11.476190476190474,1.0954545454545455,2.5319542869017,555.7041859494017,Hard
2025-10-27,45490,Ben Shelton,Flavio Cobolli,P1,11.027059565547571,True,P1,0.6825620886333184,0.31743791136668165,2.111111111111111,1.9000000000000001,12.252288406163968,567.9564743555657,Hard
2025-10-27,45491,Andrey Rublev,Learner Tien,P1,0.4203040435648629,True,P1,0.5074002861582265,0.4925997138417735,2.0,2.0,0.4203040435648629,568.3767783991306,Hard
2025-10-27,45492,Jannik Sinner,Zizou Bergs,P1,11.367535567982612,True,P1,0.9490149000101962,0.05098509998980383,1.119153674832962,9.392523364485982,1.3544836367195303,569.7312620358501,Hard
2025-10-27,45493,Alexander Zverev,Camilo Ugo Carabelli,P2,1.6412058178544422,False,P1,0.8797993181219493,0.12020068187805066,1.0711382113821137,15.057142857142855,-1.6412058178544422,568.0900562179957,Hard
2025-10-27,45494,Daniel Altmaier,Casper Ruud,P2,11.284821345331833,False,P1,0.17696595186293196,0.823034048137068,3.4057971014492754,1.4156626506024097,-11.284821345331833,556.8052348726638,Hard
2025-10-27,45495,Felix Auger-Aliassime,Alexandre Muller,P1,11.050344508990323,True,P1,0.8462966199946524,0.15370338000534756,1.3420365535248042,3.9236641221374047,3.779621751116795,560.5848566237806,Hard
2025-10-27,45497,Alejandro Davidovich Fokina,Arthur Cazaux,P1,7.820055150477623,True,P1,0.7302719985740918,0.26972800142590825,1.5977011494252877,2.673076923076923,4.674055952009617,565.2589125757903,Hard
2025-10-27,45498,Francisco Cerundolo,Miomir Kecmanovic,P2,3.1171869442847644,False,P1,0.5978352248682017,0.40216477513179827,1.488215488215488,3.048275862068966,-3.1171869442847644,562.1417256315056,Hard
2025-10-27,45499,Valentin Vacherot,Arthur Rinderknech,P2,4.045323231229385,False,P1,0.49741991310397177,0.5025800868960282,1.7210300429184548,2.3869047619047614,-4.045323231229385,558.0964024002761,Hard
2025-10-27,45500,Alex de Minaur,Gabriel Diallo,P2,2.8334052262546923,False,P1,0.6755609712183058,0.32443902878169417,1.3299492385786804,4.0307692307692315,-2.8334052262546923,555.2629971740214,Hard
2025-10-27,45501,Lorenzo Sonego,Lorenzo Musetti,P1,0.9935335567199695,True,P1,0.2768395398696609,0.7231604601303391,3.999999999999999,1.3333333333333333,2.9806006701599075,558.2435978441813,Hard
2025-10-27,45502,Karen Khachanov,Joao Fonseca,P2,4.25532179189084,False,P1,0.47607750990743225,0.5239224900925677,1.780269058295964,2.2816091954022983,-4.25532179189084,553.9882760522904,Hard
2025-10-27,45503,Alexander Bublik,Corentin Moutet,P2,4.820630106616059,False,P1,0.49598469503890275,0.5040153049610973,1.6653061224489796,2.503067484662577,-4.820630106616059,549.1676459456744,Hard
2025-10-27,45504,Jannik Sinner,Francisco Cerundolo,P1,5.429602560495106,True,P1,0.9409099801661838,0.05909001983381623,1.0795107033639144,13.576923076923075,0.43171151857147655,549.5993574642458,Hard
2025-10-27,45505,Alexander Zverev,Alejandro Davidovich Fokina,P2,1.3453741300943778,False,P1,0.6354687329071607,0.36453126709283934,1.4965986394557824,3.0136986301369864,-1.3453741300943778,548.2539833341515,Hard
2025-10-27,45506,Alexander Bublik,Taylor Fritz,P2,4.108331481192137,False,P1,0.39687207918672895,0.603127920813271,2.14207650273224,1.8755980861244024,-4.108331481192137,544.1456518529593,Hard
2025-10-27,45507,Ben Shelton,Andrey Rublev,P1,4.790396714957025,True,P1,0.6307960964718828,0.36920390352811716,1.8119266055045873,2.2316384180790965,3.889450543795383,548.0351023967547,Hard
2025-10-27,45508,Alex de Minaur,Karen Khachanov,P1,3.3205910600218216,True,P1,0.6471739306906992,0.3528260693093008,1.670781893004115,2.4907975460122698,2.227392357133978,550.2624947538887,Hard
2025-10-27,45509,Felix Auger-Aliassime,Daniel Altmaier,P1,11.005249895077775,True,P1,0.8281588125607413,0.1718411874392587,1.5608856088560885,2.7828947368421053,6.172686288014102,556.4351810419029,Hard
2025-10-27,45510,Daniil Medvedev,Lorenzo Sonego,P2,2.1271006042047684,False,P1,0.7234705973958107,0.27652940260418934,1.2765486725663715,4.616,-2.1271006042047684,554.3080804376981,Hard
2025-10-27,45511,Valentin Vacherot,Cameron Norrie,P2,2.197332500779276,False,P1,0.5024222620508707,0.4975777379491293,1.832558139534884,2.201117318435754,-2.197332500779276,552.1107479369189,Hard
2025-10-27,45512,Felix Auger-Aliassime,Valentin Vacherot,P1,6.537877805907077,True,P1,0.6810641674399855,0.31893583256001445,1.7179487179487178,2.392857142857143,4.693860988856362,556.8046089257753,Hard
2025-10-27,45513,Alexander Bublik,Alex de Minaur,P2,7.6615944081277,False,P1,0.3311275108915732,0.6688724891084268,2.188888888888889,1.841121495327103,-7.6615944081277,549.1430145176475,Hard
2025-10-27,45514,Jannik Sinner,Ben Shelton,P1,10.982860290352951,True,P1,0.9035816101876099,0.09641838981239015,1.2264150943396226,5.416666666666667,2.486685348759158,551.6296998664067,Hard
2025-10-27,45515,Alexander Zverev,Daniil Medvedev,P1,5.631521561845685,True,P1,0.5707014055070567,0.4292985944929433,2.1712707182320443,1.8537735849056602,6.596036304482239,558.2257361708889,Hard
2025-10-27,45516,Felix Auger-Aliassime,Alexander Bublik,P1,7.909226886412787,True,P1,0.6435226116165215,0.35647738838347853,1.989795918367347,2.010309278350516,7.828520489612657,566.0542566605016,Hard
2025-10-27,45517,Jannik Sinner,Alexander Zverev,P1,4.63424293579802,True,P1,0.8661981554242563,0.13380184457574373,1.1904761904761905,6.25,0.8827129401520037,566.9369696006536,Hard
2025-10-27,45518,Jannik Sinner,Felix Auger-Aliassime,P1,3.6639428091574806,True,P1,0.881750539644219,0.11824946035578099,1.1571428571428573,7.363636363636364,0.5757624414390331,567.5127320420926,Hard
2025-11-03,45519,Matteo Berrettini,Quentin Halys,P1,0.8397024519680688,True,P1,0.7588004166690372,0.2411995833309628,1.330769230769231,4.023255813953488,0.2777477341125152,567.7904797762051,Hard
2025-11-03,45546,Alexandre Muller,Jan-Lennard Struff,P2,0.9066593954626154,False,P1,0.4076057233266013,0.5923942766733987,2.375,1.7272727272727275,-0.9066593954626154,566.8838203807425,Hard
2025-11-03,45520,Cameron Norrie,Valentin Royer,P1,3.1529721865757385,True,P1,0.6651044539673612,0.3348955460326388,1.6046511627906976,2.6538461538461537,1.9064482988597489,568.7902686796023,Hard
2025-11-03,45547,Damir Dzumhur,Jacob Fearnley,P1,5.636922218599076,True,P1,0.43891835835714954,0.5610816416428505,3.3309352517985613,1.429012345679012,13.139300710979143,581.9295693905814,Hard
2025-11-03,45521,Vitaliy Sachko,Giovanni Mpetshi Perricard,P2,10.273849750549934,False,P1,0.1433741166067779,0.8566258833932221,4.512,1.2847380410022777,-10.273849750549934,571.6557196400314,Hard
2025-11-03,45548,Miomir Kecmanovic,Kamil Majchrzak,P2,1.248556367732185,False,P1,0.45363797401982797,0.546362025980172,2.108108108108108,1.9024390243902443,-1.248556367732185,570.4071632722993,Hard
2025-11-03,45549,Vit Kopriva,Reilly Opelka,P2,8.410931711237295,False,P1,0.20465543257739088,0.7953445674226092,3.4452554744525545,1.4089552238805971,-8.410931711237295,561.996231561062,Hard
2025-11-03,45522,Lorenzo Sonego,Jan Choinski,P1,8.208168949839923,True,P1,0.8433866405483379,0.1566133594516621,1.2840909090909092,4.5200000000000005,2.3318661789317967,564.3280977399938,Hard
2025-11-03,45550,Eliot Spizzirri,Laslo Djere,P2,11.211411837620318,False,P1,0.3880355993320284,0.6119644006679716,1.5531135531135531,2.8079470198675502,-11.211411837620318,553.1166859023735,Hard
2025-11-03,45551,Stan Wawrinka,Botic Van De Zandschulp,P1,1.3800901261755703,True,P1,0.38761476161281927,0.6123852383871807,2.8133333333333335,1.5514705882352942,2.5025634287983674,555.6192493311719,Hard
2025-11-03,45524,Learner Tien,Ugo Blanchet,P2,0.23076654123744872,False,P1,0.7673605687747929,0.23263943122520714,1.2923433874709975,4.42063492063492,-0.23076654123744872,555.3884827899344,Hard
2025-11-03,45525,Arthur Cazaux,Adrian Mannarino,P2,9.245219569147986,False,P1,0.41671808529017096,0.583281914709829,1.6007751937984493,2.6645161290322577,-9.245219569147986,546.1432632207865,Hard
2025-11-03,45526,Hugo Gaston,Terence Atmane,P2,10.92286526441573,False,P1,0.3210462765896376,0.6789537234103624,1.7589285714285714,2.317647058823529,-10.92286526441573,535.2203979563708,Hard
2025-11-03,45553,Sebastian Korda,Alexei Popyrin,P2,2.7433633076091883,False,P1,0.5630865407161842,0.43691345928381575,1.5938697318007664,2.6838709677419352,-2.7433633076091883,532.4770346487616,Hard
2025-11-03,45554,Alejandro Tabilo,Adam Walton,P2,2.310226596640204,False,P1,0.6067187496040508,0.3932812503959492,1.5051903114186853,2.9794520547945207,-2.310226596640204,530.1668080521214,Hard
2025-11-03,45527,Daniel Altmaier,Arthur Rinderknech,P2,4.941105799776726,False,P1,0.3198434763102138,0.6801565236897862,2.54375,1.6477732793522268,-4.941105799776726,525.2257022523446,Hard
2025-11-03,45555,Tomas Martin Etcheverry,Mackenzie McDonald,P1,4.657476762778754,True,P1,0.6139879839529093,0.3860120160470907,1.8840579710144931,2.1311475409836067,4.117479456949335,529.343181709294,Hard
2025-11-03,45529,Aleksandar Vukic,Corentin Moutet,P1,0.2384063240780398,True,P1,0.2534397809640482,0.7465602190359518,4.054263565891473,1.3274111675126905,0.728155749509672,530.0713374588037,Hard
2025-11-03,45557,Marcos Giron,Pedro Martinez,P2,1.5942685695729537,False,P1,0.7208367957888284,0.2791632042111716,1.3038277511961724,4.291338582677165,-1.5942685695729537,528.4770688892307,Hard
2025-11-03,45531,Lorenzo Sonego,Flavio Cobolli,P1,3.274555028541008,True,P1,0.5249921520182528,0.4750078479817472,2.1843575418994416,1.8443396226415094,3.8782439444172843,532.355312833648,Hard
2025-11-03,45558,Novak Djokovic,Alejandro Tabilo,P1,9.003057319320725,True,P1,0.8565404330241783,0.14345956697582174,1.2767857142857142,4.612903225806452,2.4919176508834138,534.8472304845315,Hard
2025-11-03,45559,Sebastian Korda,Damir Dzumhur,P2,0.542128707186258,False,P1,0.7510045187554366,0.2489954812445634,1.3045563549160673,4.283464566929133,-0.542128707186258,534.3051017773452,Hard
2025-11-03,45560,Nuno Borges,Eliot Spizzirri,P2,0.21344972383615957,False,P1,0.5803259630863047,0.4196740369136953,1.7094017094017095,2.4096385542168677,-0.21344972383615957,534.091652053509,Hard
2025-11-03,45561,Yannick Hanfmann,Vit Kopriva,P1,5.970433253269362,True,P1,0.751056032387025,0.248943967612975,1.4719471947194718,3.118881118881119,2.817729225140325,536.9093812786493,Hard
2025-11-03,45535,Learner Tien,Moez Echargui,P2,5.213635894417251,False,P1,0.7207654788779436,0.2792345211220564,1.117965367965368,9.477064220183486,-5.213635894417251,531.695745384232,Hard
2025-11-03,45562,Miomir Kecmanovic,Luciano Darderi,P2,0.23372442757792233,False,P1,0.6430086885377824,0.35699131146221763,1.5415162454873648,2.8466666666666667,-0.23372442757792233,531.4620209566541,Hard
2025-11-03,45536,Cameron Norrie,Arthur Cazaux,P1,9.090486726924215,True,P1,0.6862292361144218,0.31377076388557823,1.9117647058823533,2.096774193548387,8.288384956901494,539.7504059135556,Hard
2025-11-03,45563,Marcos Giron,Brandon Nakashima,P1,2.5422367609309604,True,P1,0.47979270611920977,0.5202072938807902,2.3491124260355027,1.7412280701754383,3.4297632040962065,543.1801691176518,Hard
2025-11-03,45564,Lorenzo Musetti,Stan Wawrinka,P2,0.9908824352356478,False,P1,0.7863001421128002,0.2136998578871998,1.2253787878787878,5.436974789915966,-0.9908824352356478,542.1892866824161,Hard
2025-11-03,45537,Matteo Berrettini,Aleksandar Vukic,P2,0.034046166318520914,False,P1,0.7461434689487482,0.25385653105125183,1.3385416666666667,3.953846153846154,-0.034046166318520914,542.1552405160976,Hard
2025-11-03,45565,Alexandre Muller,Tomas Martin Etcheverry,P2,0.7304722489485252,False,P1,0.39162380912141975,0.6083761908785803,2.4846625766871164,1.6735537190082643,-0.7304722489485252,541.424768267149,Hard
2025-11-03,45538,Vitaliy Sachko,Alexander Bublik,P2,6.942655274841763,False,P1,0.11555033335061535,0.8844496666493846,6.434782608695652,1.184,-6.942655274841763,534.4821129923073,Hard
2025-11-03,45566,Lorenzo Musetti,Alexandre Muller,P2,1.5132522530739005,False,P1,0.7447697436170522,0.25523025638294783,1.2666666666666666,4.75,-1.5132522530739005,532.9688607392334,Hard
2025-11-03,45567,Sebastian Korda,Miomir Kecmanovic,P2,1.935730286520244,False,P1,0.6001842316239256,0.39981576837607435,1.5451263537906137,2.834437086092715,-1.935730286520244,531.0331304527132,Hard
2025-11-03,45540,Lorenzo Sonego,Daniel Altmaier,P2,1.3913916828962158,False,P1,0.5882424599393794,0.4117575400606206,1.6108949416342413,2.6369426751592355,-1.3913916828962158,529.6417387698169,Hard
2025-11-03,45568,Novak Djokovic,Nuno Borges,P1,7.334670664380402,True,P1,0.8717721343804354,0.12822786561956456,1.2155797101449275,5.6386554621848735,1.58120617583563,531.2229449456526,Hard
2025-11-03,45569,Yannick Hanfmann,Marcos Giron,P1,4.729109348210163,True,P1,0.521549237055946,0.478450762944054,2.392857142857143,1.7179487179487178,6.586973735007013,537.8099186806596,Hard
2025-11-03,45542,Learner Tien,Matteo Berrettini,P1,0.47617339607661413,True,P1,0.43622832617415463,0.5637716738258454,2.347058823529412,1.74235807860262,0.6414335747149685,538.4513522553746,Hard
2025-11-03,45543,Cameron Norrie,Lorenzo Sonego,P1,6.365673621454992,True,P1,0.5981283046334059,0.40187169536659406,2.111111111111111,1.9000000000000001,7.072970690505547,545.5243229458802,Hard
2025-11-03,45570,Novak Djokovic,Yannick Hanfmann,P1,3.188911448783527,True,P1,0.8140866941333808,0.18591330586661925,1.2666666666666666,4.75,0.8503763863422736,546.3746993322225,Hard
2025-11-03,45544,Learner Tien,Vitaliy Sachko,P2,0.621116435760463,False,P1,0.8091632657248311,0.1908367342751689,1.2077464788732395,5.813559322033899,-0.621116435760463,545.753582896462,Hard
2025-11-03,45571,Lorenzo Musetti,Sebastian Korda,P1,5.159452088051432,True,P1,0.6244577043115354,0.37554229568846464,1.862559241706161,2.1593406593406588,4.450333080688912,550.2039159771509,Hard
2025-11-03,45572,Novak Djokovic,Lorenzo Musetti,P2,1.2382669811832239,False,P1,0.6701675775178075,0.32983242248219247,1.425,3.3529411764705883,-1.2382669811832239,548.9656489959677,Hard
2025-11-03,45545,Learner Tien,Cameron Norrie,P2,6.113282345503127,False,P1,0.468335778188681,0.531664221811319,1.6596638655462186,2.515923566878981,-6.113282345503127,542.8523666504647,Hard
2025-11-10,45574,Alexander Zverev,Ben Shelton,P2,1.8513362368641766,False,P1,0.5840420482006785,0.4159579517993215,1.5954198473282442,2.6794871794871793,-1.8513362368641766,541.0010304136005,Hard
2025-11-10,45575,Taylor Fritz,Lorenzo Musetti,P2,6.937668746862679,False,P1,0.49680971880973746,0.5031902811902625,1.4965986394557824,3.0136986301369864,-6.937668746862679,534.0633616667378,Hard
2025-11-10,45576,Jannik Sinner,Felix Auger-Aliassime,P2,0.2107639084058733,False,P1,0.8912305898945285,0.10876941010547148,1.1131879543094496,9.8348623853211,-0.2107639084058733,533.852597758332,Hard
2025-11-10,45577,Carlos Alcaraz,Taylor Fritz,P2,0.36210391446034945,False,P1,0.7881723902086399,0.21182760979136006,1.251546391752577,4.975409836065573,-0.36210391446034945,533.4904938438716,Hard
2025-11-10,45578,Lorenzo Musetti,Alex de Minaur,P1,4.0275222156035975,True,P1,0.40660423003979307,0.5933957699602069,3.3214285714285707,1.4307692307692306,9.34960514336549,542.8400989872371,Hard
2025-11-10,45579,Felix Auger-Aliassime,Ben Shelton,P1,6.604792156160736,True,P1,0.5796344933185282,0.42036550668147177,2.25,1.7999999999999998,8.25599019520092,551.0960891824379,Hard
2025-11-10,45580,Jannik Sinner,Alexander Zverev,P1,4.377440011228131,True,P1,0.8860330018630913,0.11396699813690869,1.1567267683772537,7.380530973451328,0.6860620267250743,551.782151209163,Hard
2025-11-10,45581,Alex de Minaur,Taylor Fritz,P1,8.20620572460823,True,P1,0.5070044718464384,0.4929955281535616,3.3525179856115113,1.4250764525993882,19.305246560769007,571.087397769932,Hard
2025-11-10,45582,Carlos Alcaraz,Lorenzo Musetti,P2,1.5102763165190625,False,P1,0.8124823191973649,0.1875176808026351,1.1656976744186047,7.035087719298246,-1.5102763165190625,569.5771214534129,Hard
2025-11-10,45583,Jannik Sinner,Ben Shelton,P1,5.8073981391990666,True,P1,0.9090666257908331,0.09093337420916692,1.1289566236811255,8.754545454545454,0.7489024564031624,570.3260239098161,Hard
2025-11-10,45584,Felix Auger-Aliassime,Alexander Zverev,P2,10.667066003404402,False,P1,0.50513724924355,0.49486275075645003,1.2391304347826089,5.181818181818182,-10.667066003404402,559.6589579064116,Hard
2025-11-10,45585,Jannik Sinner,Alex de Minaur,P2,0.26715475909122494,False,P1,0.8773170940632111,0.12268290593678888,1.1289566236811255,8.754545454545454,-0.26715475909122494,559.3918031473204,Hard
2025-11-10,45586,Carlos Alcaraz,Felix Auger-Aliassime,P2,2.497353152109503,False,P1,0.734960434848533,0.265039565151467,1.2391304347826089,5.181818181818182,-2.497353152109503,556.8944499952108,Hard
2025-11-10,45587,Jannik Sinner,Carlos Alcaraz,P1,2.1534501408605076,True,P1,0.678141100052919,0.32185889994708095,1.5357142857142856,2.8666666666666667,1.1536340040324145,558.0480839992432,Hard
2026-01-04,45627,Learner Tien,Camilo Ugo Carabelli,P1,3.8643406559293765,True,P1,0.838719793914066,0.16128020608593396,1.2303262955854128,5.341666666666668,0.8900592681603177,558.9381432674036,Hard
2026-01-05,45629,Nuno Borges,Damir Dzumhur,P2,0.11358007011564024,False,P1,0.6593782262849803,0.34062177371501967,1.5104166666666667,2.9591836734693877,-0.11358007011564024,558.824563197288,Hard
2026-01-05,45630,Marin Cilic,Adrian Mannarino,P2,3.7555382135023496,False,P1,0.4757449534814865,0.5242550465185135,1.8194444444444444,2.2203389830508478,-3.7555382135023496,555.0690249837855,Hard
2026-01-05,45631,Quentin Halys,Alexei Popyrin,P2,3.0733423855223796,False,P1,0.3478778270395093,0.6521221729604907,2.5562500000000004,1.6425702811244978,-3.0733423855223796,551.9956825982632,Hard
2026-01-05,45641,Yibing Wu,Fabian Marozsan,P2,1.8799868846912209,False,P1,0.4057824001751559,0.5942175998248441,2.296511627906977,1.7713004484304933,-1.8799868846912209,550.115695713572,Hard
2026-01-05,45632,Jiri Lehecka,Tomas Machac,P1,5.560462051207826,True,P1,0.7133043179429577,0.2866956820570423,1.5608856088560885,2.7828947368421053,3.1187831431128763,553.2344788566849,Hard
2026-01-05,45633,Sebastian Korda,Valentin Vacherot,P2,6.0150578081179615,False,P1,0.49424174139158716,0.5057582586084128,1.5833333333333335,2.7142857142857144,-6.0150578081179615,547.2194210485669,Hard
2026-01-05,45634,Kamil Majchrzak,Daniel Altmaier,P1,1.0679153526249658,True,P1,0.5195153043102647,0.4804846956897353,2.0,2.0,1.0679153526249658,548.2873364011919,Hard
2026-01-05,45635,Alex Michelsen,James Duckworth,P1,1.5157099122018072,True,P1,0.5862404505676322,0.4137595494323678,1.7792792792792793,2.2832369942196533,1.181161327977084,549.4684977291689,Hard
2026-01-05,45640,Daniil Medvedev,Marton Fucsovics,P2,0.8355051244442728,False,P1,0.7358647995754347,0.2641352004245653,1.3176178660049627,4.1484375,-0.8355051244442728,548.6329926047247,Hard
2026-01-06,45646,Michael Mmoh,Alejandro Tabilo,P2,1.5365396802243005,False,P1,0.38649575856892626,0.6135042414310737,2.4424242424242424,1.6932773109243697,-1.5365396802243005,547.0964529245003,Hard
2026-01-06,45648,Gabriel Diallo,Jesper de Jong,P1,1.9664488296676494,True,P1,0.7037495598385894,0.29625044016141056,1.4688524590163936,3.132867132867133,0.9219743693195868,548.01842729382,Hard
2026-01-06,45650,Tomas Martin Etcheverry,Valentin Royer,P1,2.201992797340993,True,P1,0.537810798136944,0.462189201863056,2.0103626943005177,1.9897435897435893,2.2248113755517798,550.2432386693717,Hard
2026-01-06,45651,Coleman Wong,Mariano Navone,P1,1.3993752597891873,True,P1,0.552202445205578,0.44779755479442196,1.8932038834951457,2.119565217391304,1.2499274165107306,551.4931660858825,Hard
2026-01-06,45659,Juncheng Shang,Francisco Comesana,P2,2.132135655384679,False,P1,0.5788915456223911,0.4211084543776089,1.5938697318007664,2.6838709677419352,-2.132135655384679,549.3610304304979,Hard
2026-01-06,45644,Brandon Nakashima,Alejandro Davidovich Fokina,P2,1.478800682612346,False,P1,0.38269119119877737,0.6173088088012226,2.4723926380368098,1.6791666666666667,-1.478800682612346,547.8822297478855,Hard
2026-01-06,45660,Marcos Giron,Laslo Djere,P2,2.0405102762087663,False,P1,0.5201616322020546,0.4798383677979454,1.7792792792792793,2.2832369942196533,-2.0405102762087663,545.8417194716767,Hard
2026-01-06,45645,Raphael Collignon,Denis Shapovalov,P2,10.270370681404327,False,P1,0.2982153089970967,0.7017846910029033,2.0913978494623655,1.9162561576354682,-10.270370681404327,535.5713487902724,Hard
2026-01-06,45652,Grigor Dimitrov,Pablo Carreno Busta,P1,8.108008632305824,True,P1,0.7522817554610419,0.24771824453895808,1.5510948905109487,2.814569536423841,4.468282129482405,540.0396309197548,Hard
2026-01-06,45661,Botic Van De Zandschulp,Jan-Lennard Struff,P1,2.88649698515562,True,P1,0.4980548809463925,0.5019451190536075,2.2832369942196533,1.7792792792792793,3.704059715055189,543.74369063481,Hard
2026-01-06,45653,Giovanni Mpetshi Perricard,Tommy Paul,P2,2.6313304033613445,False,P1,0.3216635869562062,0.6783364130437938,2.8079470198675502,1.5531135531135531,-2.6313304033613445,541.1123602314487,Hard
2026-01-06,45654,Cameron Norrie,Ugo Humbert,P1,2.936574939259316,True,P1,0.5012329069320872,0.4987670930679128,2.2701149425287355,1.7873303167420815,3.729787710208671,544.8421479416575,Hard
2026-01-06,45655,Rinky Hijikata,Adam Walton,P2,3.8300878227935846,False,P1,0.46697293924927663,0.5330270607507234,1.84037558685446,2.189944134078212,-3.8300878227935846,541.0120601188639,Hard
2026-01-07,45667,Lorenzo Musetti,Tomas Martin Etcheverry,P2,3.269131395725273,False,P1,0.6410450953215613,0.3589549046784387,1.3714285714285712,3.6923076923076916,-3.269131395725273,537.7429287231387,Hard
2026-01-07,45668,Nuno Borges,Marin Cilic,P2,3.355315842414828,False,P1,0.439859409137189,0.560140590862811,1.9897435897435893,2.0103626943005177,-3.355315842414828,534.3876128807239,Hard
2026-01-07,45669,Coleman Wong,Gabriel Diallo,P2,3.070861157070379,False,P1,0.30417676667081117,0.6958232333291888,2.909722222222222,1.5236363636363635,-3.070861157070379,531.3167517236535,Hard
2026-01-07,45670,Andrey Rublev,Yibing Wu,P2,1.7118579715270286,False,P1,0.5918395049274341,0.4081604950725659,1.5807692307692307,2.721854304635762,-1.7118579715270286,529.6048937521265,Hard
2026-01-07,45664,Alex Michelsen,Learner Tien,P2,3.911072631454121,False,P1,0.3219349892927962,0.6780650107072038,2.647435897435897,1.6070038910505835,-3.911072631454121,525.6938211206724,Hard
2026-01-07,45671,Kamil Majchrzak,Reilly Opelka,P1,1.2694652724685787,True,P1,0.49242493576228763,0.5075750642377124,2.142857142857143,1.875,1.450817454249804,527.1446385749222,Hard
2026-01-08,45676,Marcos Giron,Alexandre Muller,P1,3.130873598794737,True,P1,0.5943260960096447,0.4056739039903553,1.8530805687203793,2.1722222222222225,2.670887430251435,529.8155260051736,Hard
2026-01-08,45677,Juncheng Shang,Lorenzo Sonego,P2,5.821496081750356,False,P1,0.44893459974809236,0.5510654002519076,1.737991266375546,2.3550295857988166,-5.821496081750356,523.9940299234232,Hard
2026-01-08,45680,Michael Mmoh,Karen Khachanov,P1,1.0544165248530928,True,P1,0.32060012977900476,0.6793998702209952,3.4233576642335763,1.4126506024096386,2.5552283667972757,526.5492582902205,Hard
2026-01-08,45673,Aleksandar Kovacevic,Cameron Norrie,P2,10.465213980305986,False,P1,0.21752904020078553,0.7824709597992144,2.7697368421052633,1.5650557620817847,-10.465213980305986,516.0840443099145,Hard
2026-01-08,45674,Brandon Nakashima,Quentin Halys,P2,1.3087598420206894,False,P1,0.6414061724695859,0.35859382753041413,1.4799999999999998,3.083333333333333,-1.3087598420206894,514.7752844678938,Hard
2026-01-08,45675,Giovanni Mpetshi Perricard,Rinky Hijikata,P1,3.7910614097825626,True,P1,0.6482571062061291,0.3517428937938709,1.702127659574468,2.4242424242424243,2.661809074953714,517.4370935428475,Hard
2026-01-08,45681,Raphael Collignon,Grigor Dimitrov,P2,10.34874187085695,False,P1,0.16167928414116367,0.8383207158588364,2.84,1.5434782608695654,-10.34874187085695,507.08835167199055,Hard
2026-01-09,45683,Lorenzo Musetti,Coleman Wong,P2,1.024221988374693,False,P1,0.7277894029211195,0.2722105970788805,1.3185185185185186,4.1395348837209305,-1.024221988374693,506.0641296836159,Hard
2026-01-09,45685,Andrey Rublev,Nuno Borges,P2,2.0572718717132843,False,P1,0.5856137717519805,0.4143862282480195,1.5687732342007437,2.758169934640523,-2.0572718717132843,504.0068578119026,Hard
2026-01-09,45688,Alexander Bublik,Juncheng Shang,P1,3.0785767728436233,True,P1,0.6667273068298354,0.3332726931701646,1.612,2.633986928104575,1.8840889849802978,505.8909467968829,Hard
2026-01-09,45682,Aleksandar Kovacevic,Giovanni Mpetshi Perricard,P2,6.70313903320897,False,P1,0.31843684859012616,0.6815631514098739,2.308139534883721,1.7644444444444443,-6.70313903320897,499.1878077636739,Hard
2026-01-09,45684,Brandon Nakashima,Raphael Collignon,P1,0.3116007671909205,True,P1,0.5852434102029248,0.4147565897970752,1.7241379310344829,2.380952380952381,0.22564193486239073,499.4134496985363,Hard
2026-01-09,45686,Alex Michelsen,Sebastian Korda,P1,0.6892601951212993,True,P1,0.3637679498842399,0.6362320501157601,2.8926174496644297,1.5283687943262412,1.3045058726456806,500.71795557118196,Hard
2026-01-09,45689,Daniil Medvedev,Kamil Majchrzak,P2,4.321969125800259,False,P1,0.6914109901088055,0.30858900989119453,1.196638655462185,6.085470085470087,-4.321969125800259,496.3959864453817,Hard
2026-01-10,45693,Lorenzo Musetti,Andrey Rublev,P1,2.3134580766339767,True,P1,0.5704679821802894,0.4295320178197106,1.9000000000000001,2.111111111111111,2.0821122689705795,498.4780987143523,Hard
2026-01-10,45696,Alexander Bublik,Marcos Giron,P2,3.6268872927516855,False,P1,0.6357749843346405,0.3642250156653595,1.344,3.906976744186047,-3.6268872927516855,494.8512114216006,Hard
2026-01-10,45691,Brandon Nakashima,Aleksandar Kovacevic,P2,1.2482479204110146,False,P1,0.6756801995929349,0.3243198004070651,1.4053254437869822,3.4671532846715327,-1.2482479204110146,493.6029635011896,Hard
2026-01-10,45694,Daniil Medvedev,Alex Michelsen,P2,1.3348251728325211,False,P1,0.7206971626522103,0.2793028373477897,1.3125,4.2,-1.3348251728325211,492.2681383283571,Hard
2026-01-11,45697,Alexander Bublik,Lorenzo Musetti,P2,0.8194391400742355,False,P1,0.5068415858528268,0.4931584141471732,1.9073170731707316,2.102150537634408,-0.8194391400742355,491.4486991882829,Hard
2026-01-11,45698,Daniil Medvedev,Brandon Nakashima,P2,2.2597950419529034,False,P1,0.6870229827884696,0.3129770172115304,1.3216957605985038,4.108527131782946,-2.2597950419529034,489.18890414633,Hard
2026-01-12,45706,Valentin Vacherot,Miomir Kecmanovic,P1,4.67633769926449,True,P1,0.6336675749176535,0.36633242508234654,1.8279069767441858,2.207865168539326,3.8715726068329253,493.0604767531629,Hard
2026-01-12,45707,Jaume Munar,Daniel Altmaier,P2,0.4032560641698571,False,P1,0.678821579192618,0.321178420807382,1.4490445859872612,3.2269503546099294,-0.4032560641698571,492.65722068899305,Hard
2026-01-12,45702,Francisco Comesana,Valentin Royer,P2,0.8152920813972893,False,P1,0.42592656424496694,0.574073435755033,2.2701149425287355,1.7873303167420815,-0.8152920813972893,491.8419286075958,Hard
2026-01-12,45709,Ugo Humbert,Terence Atmane,P1,4.1254014611918794,True,P1,0.7545938754045147,0.24540612459548528,1.418181818181818,3.391304347826087,1.7251678837711488,493.5670964913669,Hard
2026-01-12,45705,Sebastian Baez,Emilio Nava,P1,6.998965397766535,True,P1,0.6018021131406395,0.39819788685936053,2.2514285714285713,1.7990867579908678,8.758705269204977,502.3258017605719,Hard
2026-01-13,45710,Fabian Marozsan,Gael Monfils,P2,2.6661520239540755,False,P1,0.5206662837739924,0.4793337162260076,1.7167381974248928,2.3952095808383236,-2.6661520239540755,499.65964973661784,Hard
2026-01-13,45716,Tomas Machac,James Duckworth,P2,0.167424569135494,False,P1,0.611446494498527,0.38855350550147305,1.624505928853755,2.60126582278481,-0.167424569135494,499.49222516748233,Hard
2026-01-13,45717,Quentin Halys,Jacob Fearnley,P2,0.9384017696579092,False,P1,0.5798919833691591,0.42010801663084085,1.6596638655462186,2.515923566878981,-0.9384017696579092,498.55382339782443,Hard
2026-01-13,45711,Alex Michelsen,Mariano Navone,P2,2.3461672373626428,False,P1,0.6576437327263962,0.3423562672736038,1.3774647887323945,3.6492537313432836,-2.3461672373626428,496.2076561604618,Hard
2026-01-13,45718,Rinky Hijikata,Tristan Schoolkate,P1,2.795205737699782,True,P1,0.6168316382511381,0.38316836174886193,1.7599999999999998,2.3157894736842106,2.1243563606518334,498.33201252111365,Hard
2026-01-13,45712,Marcos Giron,Alexandre Muller,P1,6.796738594498944,True,P1,0.6476354421091098,0.35236455789089016,1.9400000000000002,2.0638297872340425,6.388934278829009,504.7209467999427,Hard
2026-01-13,45719,Alexander Shevchenko,Damir Dzumhur,P2,1.3361496041492837,False,P1,0.5192723881841793,0.4807276118158207,1.8238095238095235,2.213872832369942,-1.3361496041492837,503.3847971957934,Hard
2026-01-13,45713,Hamad Medjedovic,Aleksandar Kovacevic,P2,2.7787999541048434,False,P1,0.5655285018842049,0.4344714981157951,1.5730337078651684,2.745098039215686,-2.7787999541048434,500.60599724168856,Hard
2026-01-13,45714,Giovanni Mpetshi Perricard,Roberto Bautista Agut,P2,3.571045540083131,False,P1,0.5958357700477264,0.40416422995227363,1.438871473354232,3.278571428571428,-3.571045540083131,497.03495170160545,Hard
2026-01-13,45721,Aleksandar Vukic,Stefanos Tsitsipas,P2,3.0561121567743252,False,P1,0.2244769613543842,0.7755230386456158,3.906976744186047,1.344,-3.0561121567743252,493.97883954483115,Hard
2026-01-13,45715,Alejandro Tabilo,Camilo Ugo Carabelli,P2,0.42546893776085964,False,P1,0.6506640324742547,0.34933596752574525,1.5104166666666667,2.9591836734693877,-0.42546893776085964,493.5533706070703,Hard
2026-01-13,45722,Marton Fucsovics,Ethan Quinn,P1,6.412122305330547,True,P1,0.673952638315533,0.326047361684467,1.7873303167420815,2.2701149425287355,5.048458285644865,498.60182889271516,Hard
2026-01-13,45720,Nuno Borges,Tomas Martin Etcheverry,P2,1.5614534675186749,False,P1,0.48317872020955693,0.516821279790443,1.9400000000000002,2.0638297872340425,-1.5614534675186749,497.0403754251965,Hard
2026-01-13,45723,Andrea Vavassori,Gabriel Diallo,P2,8.588770113344689,False,P1,0.18400775616882925,0.8159922438311707,3.5563909774436087,1.3911764705882355,-8.588770113344689,488.4516053118518,Hard
2026-01-14,45724,Jakub Mensik,Hamad Medjedovic,P1,0.5038432678496996,True,P1,0.5773778996838433,0.42262210031615666,1.7590909090909093,2.317365269461078,0.38246284423136295,488.83406815608316,Hard
2026-01-14,45732,Alejandro Davidovich Fokina,Rinky Hijikata,P2,0.914054012462262,False,P1,0.6755106581218926,0.3244893418781074,1.425,3.3529411764705883,-0.914054012462262,487.9200141436209,Hard
2026-01-14,45725,Ben Shelton,Francisco Comesana,P1,1.045197845807194,True,P1,0.7721054760685733,0.22789452393142673,1.3125,4.2,0.3266243268147481,488.24663847043564,Hard
2026-01-14,45726,Fabian Marozsan,Casper Ruud,P1,0.28139155353865386,True,P1,0.32604087392519265,0.6739591260748073,3.1428571428571432,1.4666666666666668,0.6029819004399727,488.84962037087564,Hard
2026-01-14,45734,Jaume Munar,Francisco Cerundolo,P1,1.6245618643817465,True,P1,0.597156596445793,0.402843403554207,1.7590909090909093,2.317365269461078,1.2331901425079623,490.0828105133836,Hard
2026-01-14,45727,Luciano Darderi,Alejandro Tabilo,P2,6.521090545142993,False,P1,0.30328632205779044,0.6967136779422096,2.419753086419753,1.7043478260869567,-6.521090545142993,483.5617199682406,Hard
2026-01-14,45735,Ugo Humbert,Tallon Griekspoor,P2,1.1504499756721838,False,P1,0.5908298121729754,0.40917018782702463,1.612,2.633986928104575,-1.1504499756721838,482.4112699925684,Hard
2026-01-14,45737,Tomas Machac,Quentin Halys,P1,1.41363238299329,True,P1,0.6258260489962439,0.37417395100375606,1.6596638655462186,2.515923566878981,0.9325222022266663,483.34379219479507,Hard
2026-01-14,45729,Marcos Giron,Alex Michelsen,P1,2.4275552412634296,True,P1,0.5502241940512,0.44977580594879996,2.0,2.0,2.4275552412634296,485.7713474360585,Hard
2026-01-14,45730,Sebastian Baez,Jenson Brooksby,P2,7.107504643210993,False,P1,0.2685557830404568,0.7314442169595432,2.633986928104575,1.612,-7.107504643210993,478.6638427928475,Hard
2026-01-14,45738,Alexander Shevchenko,Marton Fucsovics,P1,2.2624733808343125,True,P1,0.4057196651674463,0.5942803348325537,2.909722222222222,1.5236363636363635,4.320695692565526,482.98453848541305,Hard
2026-01-14,45731,Eliot Spizzirri,Nuno Borges,P2,3.8198843377693574,False,P1,0.38024843147040643,0.6197515685295936,2.213872832369942,1.8238095238095235,-3.8198843377693574,479.1646541476437,Hard
2026-01-14,45739,Aleksandar Vukic,Andrea Vavassori,P2,5.107199646482161,False,P1,0.4616598915017096,0.5383401084982904,1.7043478260869567,2.419753086419753,-5.107199646482161,474.05745450116154,Hard
2026-01-15,45740,Marcos Giron,Luciano Darderi,P1,4.104642756871594,True,P1,0.7369179459065887,0.26308205409341134,1.4666666666666668,3.1428571428571432,1.9154999532067443,475.9729544543683,Hard
2026-01-15,45741,Tomas Machac,Jaume Munar,P2,7.966389948794193,False,P1,0.36476326343501586,0.6352367365649841,1.8238095238095235,2.213872832369942,-7.966389948794193,468.0065645055741,Hard
2026-01-15,45742,Tommy Paul,Aleksandar Vukic,P1,2.9002434131291164,True,P1,0.8074247118965752,0.19257528810342484,1.2817551963048501,4.549180327868853,0.8171586521980427,468.8237231577721,Hard
2026-01-15,45743,Ugo Humbert,Alexander Shevchenko,P2,1.164925947004627,False,P1,0.7240413781872724,0.27595862181272757,1.3125,4.2,-1.164925947004627,467.6587972107675,Hard
2026-01-15,45744,Alejandro Davidovich Fokina,Valentin Vacherot,P2,4.607358660880637,False,P1,0.49811456333837645,0.5018854366616236,1.612,2.633986928104575,-4.607358660880637,463.0514385498868,Hard
2026-01-16,45748,Jakub Mensik,Fabian Marozsan,P2,5.155087412438175,False,P1,0.5668124402474837,0.4331875597525163,1.3714285714285712,3.6923076923076916,-5.155087412438175,457.8963511374487,Hard
2026-01-16,45749,Sebastian Baez,Marcos Giron,P2,2.207671069365741,False,P1,0.3591418036778074,0.6408581963221927,2.515923566878981,1.6596638655462186,-2.207671069365741,455.68868006808293,Hard
2026-01-16,45745,Sebastian Baez,Ben Shelton,P1,0.4069866899606054,True,P1,0.23375577930237532,0.7662442206976247,4.549180327868853,1.2817551963048501,1.4444691537126406,457.1331492217956,Hard
2026-01-16,45746,Jakub Mensik,Giovanni Mpetshi Perricard,P2,1.9523443860483212,False,P1,0.5366176464640487,0.46338235353595125,1.7043478260869567,2.419753086419753,-1.9523443860483212,455.18080483574727,Hard
2026-01-16,45750,Tomas Machac,Tommy Paul,P2,6.863388763466788,False,P1,0.2776047833549035,0.7223952166450964,2.515923566878981,1.6596638655462186,-6.863388763466788,448.3174160722805,Hard
2026-01-16,45747,Fabian Marozsan,Eliot Spizzirri,P1,2.833626214832063,True,P1,0.605402631161972,0.394597368838028,1.8238095238095235,2.213872832369942,2.3343682626949844,450.65178433497545,Hard
2026-01-16,45751,Ugo Humbert,Alejandro Davidovich Fokina,P1,2.063068415390325,True,P1,0.5696859909274765,0.4303140090725235,1.9000000000000001,2.111111111111111,1.8567615738512928,452.50854590882676,Hard
2026-01-17,45752,Jakub Mensik,Sebastian Baez,P1,0.8911182106233589,True,P1,0.6698604780027644,0.3301395219972356,1.5236363636363635,2.909722222222222,0.4666218993809587,452.97516780820774,Hard
2026-01-17,45753,Tomas Machac,Ugo Humbert,P2,6.314667165967993,False,P1,0.31121182044111273,0.6887881795588873,2.317365269461078,1.7590909090909093,-6.314667165967993,446.66050064223975,Hard
2026-01-18,45755,Corentin Moutet,Tristan Schoolkate,P2,0.33009896468355093,False,P1,0.7081914236836817,0.2918085763163183,1.3911764705882355,3.5563909774436087,-0.33009896468355093,446.3304016775562,Hard
2026-01-18,45756,Tomas Martin Etcheverry,Miomir Kecmanovic,P1,4.268944496337191,True,P1,0.6347083672326945,0.3652916327673055,1.8238095238095235,2.213872832369942,3.5167971326968277,449.847198810253,Hard
2026-01-18,45757,Francisco Cerundolo,Zhizhen Zhang,P1,1.2559285764641366,True,P1,0.6995848207579263,0.3004151792420737,1.4666666666666668,3.1428571428571432,0.5861000023499305,450.43329881260297,Hard
2026-01-18,45758,Alexander Zverev,Gabriel Diallo,P2,3.8480462952131407,False,P1,0.6977337212293935,0.3022662787706065,1.1883333333333335,6.309734513274337,-3.8480462952131407,446.58525251738985,Hard
2026-01-18,45759,Francisco Comesana,Patrick Kypson,P1,4.392350811675939,True,P1,0.6807169613343765,0.31928303866562346,1.6596638655462186,2.515923566878981,2.897475115265221,449.48272763265504,Hard
2026-01-18,45762,Frances Tiafoe,Jason Kubler,P1,8.989654552653102,True,P1,0.8517091840914063,0.14829081590859372,1.344,3.906976744186047,3.0924411661126676,452.5751687987677,Hard
2026-01-18,45763,Jaime Faria,Alexander Blockx,P2,1.079849844373868,False,P1,0.37850106809806117,0.6214989319019388,2.515923566878981,1.6596638655462186,-1.079849844373868,451.49531895439384,Hard
2026-01-18,45764,Marton Fucsovics,Camilo Ugo Carabelli,P2,3.9735176921453426,False,P1,0.6505137650264887,0.3494862349735113,1.2666666666666666,4.75,-3.9735176921453426,447.5218012622485,Hard
2026-01-18,45766,Alexander Bublik,Jenson Brooksby,P2,3.0053590524302196,False,P1,0.6441137056142694,0.3558862943857306,1.344,3.906976744186047,-3.0053590524302196,444.5164422098183,Hard
2026-01-18,45767,Yannick Hanfmann,Zachary Svajda,P1,8.890328844196366,True,P1,0.7731896055134093,0.22681039448659068,2.419753086419753,1.7043478260869567,12.622071815834348,457.1385140256527,Hard
2026-01-18,45768,Cameron Norrie,Benjamin Bonzi,P2,0.15697859953668566,False,P1,0.7241588382448529,0.27584116175514706,1.3714285714285712,3.6923076923076916,-0.15697859953668566,456.981535426116,Hard
2026-01-18,45769,Carlos Alcaraz,Adam Walton,P2,0.7048392933383547,False,P1,0.9460773380410259,0.053922661958974105,1.024390243902439,42.0,-0.7048392933383547,456.27669613277766,Hard
2026-01-19,45770,Quentin Halys,Alejandro Tabilo,P2,5.897296772369128,False,P1,0.39026499254204167,0.6097350074579584,1.9000000000000001,2.111111111111111,-5.897296772369128,450.3793993604085,Hard
2026-01-19,45772,Daniil Medvedev,Jesper de Jong,P2,2.3280410806061043,False,P1,0.8302024716020827,0.16979752839791729,1.08,13.499999999999998,-2.3280410806061043,448.0513582798024,Hard
2026-01-19,45773,Tommy Paul,Aleksandar Kovacevic,P1,0.4554163294925038,True,P1,0.8142276570718469,0.18577234292815314,1.234,5.273504273504273,0.10656742110124588,448.15792570090366,Hard
2026-01-19,45774,Hamad Medjedovic,Mariano Navone,P2,1.9014483047260964,False,P1,0.6422061949811109,0.35779380501888913,1.425,3.3529411764705883,-1.9014483047260964,446.25647739617756,Hard
2026-01-19,45775,Reilly Opelka,Nicolai Budkov Kjaer,P1,6.27580752756405,True,P1,0.7271302335532271,0.27286976644677285,1.612,2.633986928104575,3.840794206869199,450.09727160304675,Hard
2026-01-19,45776,Alexander Shevchenko,Elias Ymer,P2,3.0629694822192417,False,P1,0.5669971283432561,0.4330028716567439,1.5236363636363635,2.909722222222222,-3.0629694822192417,447.03430212082753,Hard
2026-01-19,45777,Alex de Minaur,Mackenzie McDonald,P2,1.755635975563496,False,P1,0.8411614029135113,0.15883859708648873,1.0954545454545455,11.476190476190474,-1.755635975563496,445.278666145264,Hard
2026-01-19,45778,Andrey Rublev,Matteo Arnaldi,P2,3.1187059221418636,False,P1,0.6708934465789858,0.32910655342101425,1.2817551963048501,4.549180327868853,-3.1187059221418636,442.15996022312214,Hard
2026-01-19,45779,Alejandro Davidovich Fokina,Filip Misolic,P2,2.0723518057945784,False,P1,0.8194053786825167,0.18059462131748327,1.1059999999999999,10.433962264150942,-2.0723518057945784,440.08760841732754,Hard
2026-01-19,45780,Fabian Marozsan,Arthur Rinderknech,P2,0.3348966812784025,False,P1,0.5183055020750891,0.4816944979249109,1.9000000000000001,2.111111111111111,-0.3348966812784025,439.75271173604915,Hard
2026-01-19,45781,Learner Tien,Marcos Giron,P2,3.3379956756908027,False,P1,0.540129151173728,0.45987084882627205,1.570342205323194,2.7533333333333334,-3.3379956756908027,436.41471606035833,Hard
2026-01-19,45782,Marin Cilic,Daniel Altmaier,P1,0.1649607916807969,True,P1,0.639549570708569,0.360450429291431,1.570342205323194,2.7533333333333334,0.09408410171908567,436.5088001620774,Hard
2026-01-19,45783,Juncheng Shang,Roberto Bautista Agut,P2,6.246054058659436,False,P1,0.5204920916715493,0.4795079083284507,1.3714285714285712,3.6923076923076916,-6.246054058659436,430.262746103418,Hard
2026-01-19,45784,Jordan Thompson,Juan Manuel Cerundolo,P2,1.665670545588444,False,P1,0.6055081667859377,0.39449183321406234,1.5236363636363635,2.909722222222222,-1.665670545588444,428.59707555782956,Hard
2026-01-19,45785,Thiago Agustin Tirante,Aleksandar Vukic,P1,3.018347044693179,True,P1,0.43611726929453565,0.5638827307054644,2.909722222222222,1.5236363636363635,5.764204425629334,434.36127998345887,Hard
2026-01-19,45786,Denis Shapovalov,Yunchaokete Bu,P1,2.3626430412202004,True,P1,0.6763148912575971,0.32368510874240286,1.570342205323194,2.7533333333333334,1.347515042521027,435.7087950259799,Hard
2026-01-19,45787,Botic Van De Zandschulp,Brandon Nakashima,P1,2.881910589124635,True,P1,0.3910779561390082,0.6089220438609918,3.3529411764705883,1.425,6.780966092057964,442.48976111803785,Hard
2026-01-19,45788,Rinky Hijikata,Adrian Mannarino,P2,7.88108390484149,False,P1,0.3879005796639095,0.6120994203360905,1.6596638655462186,2.515923566878981,-7.88108390484149,434.60867721319636,Hard
2026-01-19,45790,Kamil Majchrzak,Jacob Fearnley,P1,5.639963354144048,True,P1,0.7455228364445332,0.2544771635554668,1.5236363636363635,2.909722222222222,2.953289901806337,437.5619671150027,Hard
2026-01-19,45791,Stan Wawrinka,Laslo Djere,P2,1.912828333268876,False,P1,0.48029936985705696,0.519700630142943,1.9000000000000001,2.111111111111111,-1.912828333268876,435.6491387817338,Hard
2026-01-19,45792,Novak Djokovic,Pedro Martinez,P1,1.6070884680501387,True,P1,0.9475723977272108,0.0524276022727892,1.0599999999999998,17.666666666666664,0.09642530808300805,435.7455640898168,Hard
2026-01-19,45793,Casper Ruud,Mattia Bellucci,P1,2.74621948197356,True,P1,0.8342747010505058,0.16572529894949417,1.234,5.273504273504273,0.6426153587818131,436.38817944859863,Hard
2026-01-19,45796,Jaume Munar,Dalibor Svrcina,P1,5.943050935587708,True,P1,0.840053496982281,0.15994650301771896,1.2817551963048501,4.549180327868853,1.674485483006238,438.0626649316049,Hard
2026-01-19,45797,Alexandre Muller,Alexei Popyrin,P1,3.906386966902621,True,P1,0.42340232821104196,0.576597671788958,3.3529411764705883,1.425,9.191498745653226,447.25416367725813,Hard
2026-01-20,45799,Ben Shelton,Ugo Humbert,P2,6.094331577984119,False,P1,0.4383284728528456,0.5616715271471544,1.6596638655462186,2.515923566878981,-6.094331577984119,441.159832099274,Hard
2026-01-20,45800,Karen Khachanov,Alex Michelsen,P1,2.2451839508290043,True,P1,0.6429881651980296,0.3570118348019704,1.6596638655462186,2.515923566878981,1.481066723866192,442.6408988231402,Hard
2026-01-20,45801,Jakub Mensik,Pablo Carreno Busta,P2,2.1252166681987466,False,P1,0.705263834784826,0.294736165215174,1.2817551963048501,4.549180327868853,-2.1252166681987466,440.5156821549415,Hard
2026-01-20,45802,Luciano Darderi,Cristian Garin,P2,3.771195834040303,False,P1,0.5277720182757242,0.4722279817242758,1.570342205323194,2.7533333333333334,-3.771195834040303,436.74448632090116,Hard
2026-01-20,45803,Ethan Quinn,Tallon Griekspoor,P2,8.374534425597238,False,P1,0.2784721295076956,0.7215278704923044,2.213872832369942,1.8238095238095235,-8.374534425597238,428.3699518953039,Hard
2026-01-20,45804,Eliot Spizzirri,Joao Fonseca,P1,0.21744992334198296,True,P1,0.3696612364038371,0.6303387635961629,2.7533333333333334,1.570342205323194,0.38126219892627683,428.7512140942302,Hard
2026-01-20,45805,Sebastian Baez,Giovanni Mpetshi Perricard,P1,1.1415819037896615,True,P1,0.4445097988183446,0.5554902011816554,2.419753086419753,1.7043478260869567,1.6207644313063096,430.3719785255365,Hard
2026-01-20,45806,Nishesh Basavareddy,Christopher O'Connell,P2,5.049237252758424,False,P1,0.4490601787308101,0.5509398212691898,1.7043478260869567,2.419753086419753,-5.049237252758424,425.3227412727781,Hard
2026-01-20,45807,Lorenzo Sonego,Carlos Taberner,P2,0.8577866752713211,False,P1,0.8455191179525614,0.1544808820474386,1.135,8.407407407407407,-0.8577866752713211,424.4649545975068,Hard
2026-01-20,45808,Yibing Wu,Luca Nardi,P2,2.948814407595048,False,P1,0.6560436907004051,0.34395630929959486,1.3125,4.2,-2.948814407595048,421.51614018991177,Hard
2026-01-20,45812,Taylor Fritz,Valentin Royer,P2,2.0040705756908097,False,P1,0.772920316506355,0.22707968349364505,1.170769230769231,6.8558558558558556,-2.0040705756908097,419.51206961422093,Hard
2026-01-20,45813,Hubert Hurkacz,Zizou Bergs,P2,2.0943140287581703,False,P1,0.6316875553909835,0.36831244460901646,1.425,3.3529411764705883,-2.0943140287581703,417.41775558546277,Hard
2026-01-20,45814,Vit Kopriva,Jan-Lennard Struff,P2,4.480418689124264,False,P1,0.24987673313713193,0.7501232668628681,3.1428571428571432,1.4666666666666668,-4.480418689124264,412.9373368963385,Hard
2026-01-20,45815,Tomas Machac,Grigor Dimitrov,P2,7.408854362141952,False,P1,0.3515516576537709,0.6484483423462291,1.8238095238095235,2.213872832369942,-7.408854362141952,405.52848253419654,Hard
2026-01-20,45816,Stefanos Tsitsipas,Shintaro Mochizuki,P1,0.01779110838624366,True,P1,0.8542672727220626,0.1457327272779374,1.170769230769231,6.8558558558558556,0.003038173893650844,405.53152070809017,Hard
2026-01-20,45817,James Duckworth,Dino Prizmic,P1,4.016036615059242,True,P1,0.5602955622341789,0.43970443776582113,2.213872832369942,1.8238095238095235,4.8749577408233575,410.4064784489135,Hard
2026-01-21,45818,Francisco Cerundolo,Damir Dzumhur,P2,0.9920439704614453,False,P1,0.7513070055938034,0.24869299440619663,1.2666666666666666,4.75,-0.9920439704614453,409.41443447845205,Hard
2026-01-21,45819,Tommy Paul,Thiago Agustin Tirante,P2,2.0698745402957526,False,P1,0.8033738715374057,0.1966261284625943,1.1188888888888888,9.411214953271028,-2.0698745402957526,407.3445599381563,Hard
2026-01-21,45820,Andrey Rublev,Jaime Faria,P2,0.6862582538485072,False,P1,0.8350790524634503,0.16492094753654973,1.1571428571428573,7.363636363636364,-0.6862582538485072,406.6583016843078,Hard
2026-01-21,45821,Fabian Marozsan,Kamil Majchrzak,P2,1.2884858350267279,False,P1,0.5643495409743726,0.4356504590256274,1.6596638655462186,2.515923566878981,-1.2884858350267279,405.36981584928105,Hard
2026-01-21,45822,Daniil Medvedev,Quentin Halys,P2,0.5897758307733831,False,P1,0.8390509710173617,0.1609490289826383,1.1571428571428573,7.363636363636364,-0.5897758307733831,404.7800400185077,Hard
2026-01-21,45824,Carlos Alcaraz,Yannick Hanfmann,P2,1.407375975339686,False,P1,0.8956688934482245,0.10433110655177547,1.038846153846154,26.742574257425744,-1.407375975339686,403.372664043168,Hard
2026-01-21,45825,Alexander Bublik,Marton Fucsovics,P2,0.8664977369365667,False,P1,0.7555558101591411,0.24444418984085892,1.2666666666666666,4.75,-0.8664977369365667,402.5061663062314,Hard
2026-01-21,45826,Alejandro Davidovich Fokina,Reilly Opelka,P2,2.0612692016135323,False,P1,0.6119851736842046,0.3880148263157954,1.4666666666666668,3.1428571428571432,-2.0612692016135323,400.4448971046179,Hard
2026-01-21,45827,Learner Tien,Alexander Shevchenko,P2,3.1527615748783244,False,P1,0.6827690909831693,0.3172309090168307,1.234,5.273504273504273,-3.1527615748783244,397.2921355297396,Hard
2026-01-21,45829,Nuno Borges,Jordan Thompson,P2,1.3371824657848268,False,P1,0.5785888202077565,0.4214111797922435,1.612,2.633986928104575,-1.3371824657848268,395.95495306395475,Hard
2026-01-21,45830,Alexander Zverev,Alexandre Muller,P2,1.8493282576742864,False,P1,0.8275915789885513,0.1724084210114487,1.0954545454545455,11.476190476190474,-1.8493282576742864,394.10562480628045,Hard
2026-01-21,45831,Alex de Minaur,Hamad Medjedovic,P2,1.8189082208112275,False,P1,0.763838187141854,0.23616181285814597,1.1883333333333335,6.309734513274337,-1.8189082208112275,392.2867165854692,Hard
2026-01-21,45832,Cameron Norrie,Emilio Nava,P1,4.835671030095358,True,P1,0.7410534905928021,0.2589465094071979,1.5236363636363635,2.909722222222222,2.532133193940841,394.8188497794101,Hard
2026-01-21,45833,Frances Tiafoe,Francisco Comesana,P2,3.2503120540063053,False,P1,0.569557996862855,0.430442003137145,1.4666666666666668,3.1428571428571432,-3.2503120540063053,391.56853772540376,Hard
2026-01-22,45834,Karen Khachanov,Nishesh Basavareddy,P1,1.7219203510142411,True,P1,0.7665586009672913,0.23344139903270866,1.344,3.906976744186047,0.592340600748899,392.16087832615267,Hard
2026-01-22,45837,Lorenzo Musetti,Lorenzo Sonego,P2,1.4262037280133568,False,P1,0.6507118278349553,0.3492881721650447,1.425,3.3529411764705883,-1.4262037280133568,390.7346745981393,Hard
2026-01-22,45839,Luciano Darderi,Sebastian Baez,P1,0.07875885804645574,True,P1,0.3821534253536,0.6178465746464,2.633986928104575,1.612,0.1286909445203525,390.86336554265966,Hard
2026-01-22,45840,Valentin Vacherot,Rinky Hijikata,P1,3.616749657913368,True,P1,0.7040186391447256,0.2959813608552744,1.570342205323194,2.7533333333333334,2.062784975996218,392.9261505186559,Hard
2026-01-22,45841,Ethan Quinn,Hubert Hurkacz,P2,5.448681468846364,False,P1,0.17206221331856358,0.8279377866814364,4.2,1.3125,-5.448681468846364,387.47746904980954,Hard
2026-01-22,45842,Eliot Spizzirri,Yibing Wu,P1,0.9812582761426677,True,P1,0.5903315376575264,0.40966846234247356,1.7590909090909093,2.317365269461078,0.744864236890116,388.22233328669967,Hard
2026-01-22,45843,Botic Van De Zandschulp,Juncheng Shang,P1,3.288066380831011,True,P1,0.5126528197192637,0.4873471802807363,2.419753086419753,1.7043478260869567,4.668242392537855,392.89057567923754,Hard
2026-01-22,45844,Marin Cilic,Denis Shapovalov,P1,2.3595001254600634,True,P1,0.49980401205187197,0.500195987948128,2.317365269461078,1.7590909090909093,3.1083235185701437,395.9988991978077,Hard
2026-01-22,45845,Jannik Sinner,James Duckworth,P2,0.09599028188783569,False,P1,0.9760144541716611,0.023985545828338894,1.0196078431372548,52.0,-0.09599028188783569,395.90290891591985,Hard
2026-01-22,45846,Tomas Machac,Stefanos Tsitsipas,P2,2.3101272862919506,False,P1,0.5021333958926274,0.4978666041073726,1.7590909090909093,2.317365269461078,-2.3101272862919506,393.5927816296279,Hard
2026-01-22,45848,Taylor Fritz,Vit Kopriva,P2,0.13185551871016973,False,P1,0.8751540983086312,0.12484590169136878,1.135,8.407407407407407,-0.13185551871016973,393.46092611091774,Hard
2026-01-22,45849,Casper Ruud,Jaume Munar,P2,3.261345425593162,False,P1,0.5687881724427593,0.43121182755724075,1.4666666666666668,3.1428571428571432,-3.261345425593162,390.1995806853246,Hard
2026-01-23,45850,Learner Tien,Nuno Borges,P2,3.7534472645642323,False,P1,0.550645893781335,0.449354106218665,1.4666666666666668,3.1428571428571432,-3.7534472645642323,386.44613342076036,Hard
2026-01-23,45851,Daniil Medvedev,Fabian Marozsan,P2,3.3462176716255607,False,P1,0.6700332284441319,0.32996677155586807,1.234,5.273504273504273,-3.3462176716255607,383.0999157491348,Hard
2026-01-23,45853,Carlos Alcaraz,Corentin Moutet,P2,1.4006247022127358,False,P1,0.8843465466031504,0.11565345339684963,1.0480952380952382,21.792079207920793,-1.4006247022127358,381.6992910469221,Hard
2026-01-23,45854,Alexander Zverev,Cameron Norrie,P2,2.188708074161808,False,P1,0.6989350079541203,0.30106499204587966,1.2666666666666666,4.75,-2.188708074161808,379.5105829727603,Hard
2026-01-23,45855,Alex de Minaur,Frances Tiafoe,P2,1.384514102701282,False,P1,0.7512454332191955,0.24875456678080454,1.234,5.273504273504273,-1.384514102701282,378.126068870059,Hard
2026-01-23,45856,Francisco Cerundolo,Andrey Rublev,P1,0.640648621249399,True,P1,0.47027661810915794,0.529723381890842,2.213872832369942,1.8238095238095235,0.7776659564299063,378.9037348264889,Hard
2026-01-23,45857,Alexander Bublik,Tomas Martin Etcheverry,P2,2.1993315137136413,False,P1,0.6978243182454782,0.3021756817545218,1.2666666666666666,4.75,-2.1993315137136413,376.7044033127753,Hard
2026-01-24,45858,Luciano Darderi,Karen Khachanov,P1,1.5701980424428341,True,P1,0.2763407858411149,0.7236592141588851,4.75,1.2666666666666666,5.888242659160628,382.59264597193595,Hard
2026-01-24,45859,Lorenzo Musetti,Tomas Machac,P2,2.846462054381096,False,P1,0.5420483641380236,0.4579516358619764,1.570342205323194,2.7533333333333334,-2.846462054381096,379.74618391755484,Hard
2026-01-24,45861,Ben Shelton,Valentin Vacherot,P2,3.447896142712103,False,P1,0.63850764479809,0.36149235520191003,1.2817551963048501,4.549180327868853,-3.447896142712103,376.2982877748427,Hard
2026-01-24,45862,Taylor Fritz,Stan Wawrinka,P2,2.2914028279652165,False,P1,0.7737563756417124,0.2262436243582876,1.135,8.407407407407407,-2.2914028279652165,374.0068849468775,Hard
2026-01-24,45863,Novak Djokovic,Botic Van De Zandschulp,P2,0.6997594179461016,False,P1,0.8703258581607425,0.12967414183925752,1.1059999999999999,10.433962264150942,-0.6997594179461016,373.3071255289314,Hard
2026-01-24,45864,Jakub Mensik,Ethan Quinn,P1,4.766831585662426,True,P1,0.7440937527666809,0.2559062472333191,1.5236363636363635,2.909722222222222,2.4960863575832333,375.80321188651465,Hard
2026-01-24,45865,Casper Ruud,Marin Cilic,P2,2.4072226691043768,False,P1,0.6267279599287497,0.37327204007125026,1.3911764705882355,3.5563909774436087,-2.4072226691043768,373.39598921741026,Hard
2026-01-25,45866,Carlos Alcaraz,Tommy Paul,P2,1.8996155701686694,False,P1,0.7914114153011018,0.20858858469889818,1.135,8.407407407407407,-1.8996155701686694,371.49637364724157,Hard
2026-01-25,45867,Alexander Zverev,Francisco Cerundolo,P2,0.1762072949289695,False,P1,0.6950972958382219,0.3049027041617781,1.425,3.3529411764705883,-0.1762072949289695,371.3201663523126,Hard
2026-01-25,45868,Alex de Minaur,Alexander Bublik,P2,2.4020562949322253,False,P1,0.5400873117805552,0.45991268821944475,1.612,2.633986928104575,-2.4020562949322253,368.9181100573804,Hard
2026-01-25,45869,Learner Tien,Daniil Medvedev,P2,0.035725350622300735,False,P1,0.34300979976587986,0.6569902002341201,2.909722222222222,1.5236363636363635,-0.035725350622300735,368.88238470675805,Hard
2026-01-26,45870,Lorenzo Musetti,Taylor Fritz,P2,0.14905652022300742,False,P1,0.4480467285213501,0.5519532714786499,2.213872832369942,1.8238095238095235,-0.14905652022300742,368.73332818653506,Hard
2026-01-26,45871,Jannik Sinner,Luciano Darderi,P2,0.02159464468557431,False,P1,0.9614789527593586,0.038521047240641426,1.038846153846154,26.742574257425744,-0.02159464468557431,368.71173354184947,Hard
2026-01-26,45873,Ben Shelton,Casper Ruud,P2,1.5023943020997075,False,P1,0.5697926491343974,0.4302073508656026,1.612,2.633986928104575,-1.5023943020997075,367.20933923974974,Hard
2026-01-27,45874,Alexander Zverev,Learner Tien,P1,1.3905362510109913,True,P1,0.682352957751603,0.317647042248397,1.5236363636363635,2.909722222222222,0.728135345983937,367.9374745857337,Hard
2026-01-27,45875,Carlos Alcaraz,Alex de Minaur,P2,1.1601014336272473,False,P1,0.7760800634793077,0.2239199365206923,1.2072727272727273,5.824561403508772,-1.1601014336272473,366.77737315210646,Hard
2026-01-28,45877,Jannik Sinner,Ben Shelton,P2,0.3892399900284744,False,P1,0.8623569481686237,0.13764305183137626,1.135,8.407407407407407,-0.3892399900284744,366.38813316207796,Hard
2026-01-30,45878,Carlos Alcaraz,Alexander Zverev,P2,1.801564837196434,False,P1,0.7468553729256223,0.2531446270743777,1.2072727272727273,5.824561403508772,-1.801564837196434,364.5865683248815,Hard
2026-01-30,45879,Novak Djokovic,Jannik Sinner,P1,3.6065351062933835,True,P1,0.274721931343081,0.725278068656919,10.433962264150942,1.1059999999999999,34.02391609710739,398.6104844219889,Hard
2026-02-01,45880,Carlos Alcaraz,Novak Djokovic,P2,1.7998345094945045,False,P1,0.6633189591362048,0.33668104086379524,1.3714285714285712,3.6923076923076916,-1.7998345094945045,396.81064991249434,Hard
2026-02-02,45881,Roberto Bautista Agut,Christopher O'Connell,P2,1.5158035190082757,False,P1,0.5250443048166878,0.47495569518331215,1.7590909090909093,2.317365269461078,-1.5158035190082757,395.29484639348607,Hard
2026-02-02,45883,Adrian Mannarino,Pedro Martinez,P1,5.172439177190014,True,P1,0.6948863522896807,0.30511364771031935,1.7043478260869567,2.419753086419753,3.643196290020793,398.93804268350686,Hard
2026-02-03,45884,Ugo Humbert,Botic Van De Zandschulp,P2,2.343853245965387,False,P1,0.6566185829333012,0.3433814170666988,1.344,3.906976744186047,-2.343853245965387,396.5941894375415,Hard
2026-02-03,45887,Ugo Blanchet,Andrea Vavassori,P2,1.6694884895791642,False,P1,0.3784719737898534,0.6215280262101466,2.419753086419753,1.7043478260869567,-1.6694884895791642,394.9247009479623,Hard
2026-02-03,45888,Pablo Carreno Busta,Miomir Kecmanovic,P1,4.5709207583948395,True,P1,0.5786200058319244,0.4213799941680756,2.213872832369942,1.8238095238095235,5.548516527531308,400.47321747549364,Hard
2026-02-04,45891,Adrian Mannarino,Ugo Humbert,P1,2.449096332089995,True,P1,0.28874401814495065,0.7112559818550493,5.273504273504273,1.234,10.466223641410235,410.9394411169039,Hard
2026-02-04,45894,Luca Nardi,Nikoloz Basilashvili,P2,3.421785358595472,False,P1,0.4890229639236936,0.5109770360763064,1.7043478260869567,2.419753086419753,-3.421785358595472,407.5176557583084,Hard
2026-02-04,45895,Stan Wawrinka,Hamad Medjedovic,P1,3.646649640799235,True,P1,0.46113711624592385,0.5388628837540761,2.909722222222222,1.5236363636363635,6.964087855692982,414.4817436140014,Hard
2026-02-05,45896,Felix Auger-Aliassime,Stan Wawrinka,P1,1.8014368480394622,True,P1,0.7527087962712161,0.24729120372878388,1.3714285714285712,3.6923076923076916,0.6691051149860856,415.1508487289875,Hard
2026-02-05,45897,Luca Nardi,Flavio Cobolli,P2,5.755858660497518,False,P1,0.32644603746168144,0.6735539625383186,2.213872832369942,1.8238095238095235,-5.755858660497518,409.39499006849,Hard
2026-02-05,45898,Tallon Griekspoor,Pablo Carreno Busta,P2,2.290934229189795,False,P1,0.5210684973550971,0.4789315026449029,1.7043478260869567,2.419753086419753,-2.290934229189795,407.1040558393002,Hard
2026-02-05,45900,Arthur Fils,Ugo Blanchet,P1,4.972803473670795,True,P1,0.8200717494393615,0.17992825056063855,1.3125,4.2,1.5540010855221233,408.65805692482235,Hard
2026-02-07,45902,Felix Auger-Aliassime,Arthur Fils,P2,2.576587716327692,False,P1,0.5565029470997787,0.44349705290022134,1.570342205323194,2.7533333333333334,-2.576587716327692,406.08146920849464,Hard
2026-02-08,45905,Felix Auger-Aliassime,Titouan Droguet,P1,2.7392260959980455,True,P1,0.8098361104565199,0.19016388954348007,1.2817551963048501,4.549180327868853,0.7717911864012975,406.8532603948959,Hard
2026-02-08,45907,Felix Auger-Aliassime,Adrian Mannarino,P2,1.714637413529541,False,P1,0.7420682691819489,0.2579317308180511,1.234,5.273504273504273,-1.714637413529541,405.1386229813664,Hard
2026-02-09,45912,Brandon Nakashima,Mattia Bellucci,P1,4.203158938140561,True,P1,0.747838485841688,0.252161514158312,1.4666666666666668,3.1428571428571432,1.9614741711322623,407.1000971524986,Hard
2026-02-09,45909,Ugo Humbert,Daniil Medvedev,P1,2.9057640931892603,True,P1,0.43736856183754924,0.5626314381624508,2.909722222222222,1.5236363636363635,5.549202261298934,412.64929941379756,Hard
2026-02-09,45914,Hugo Dellien,Damir Dzumhur,P2,8.25298598827595,False,P1,0.29860936169817837,0.7013906383018216,1.9000000000000001,2.111111111111111,-8.25298598827595,404.3963134255216,Clay
2026-02-09,45910,Cameron Norrie,Roberto Bautista Agut,P2,2.196606463440603,False,P1,0.663217020209403,0.336782979790597,1.344,3.906976744186047,-2.196606463440603,402.199706962081,Hard
2026-02-09,45911,Christopher O'Connell,Valentin Royer,P1,0.7090035186927881,True,P1,0.492240153766503,0.507759846233497,2.111111111111111,1.9000000000000001,0.7877816874364313,402.98748864951745,Hard
2026-02-10,45917,Alejandro Davidovich Fokina,Zachary Svajda,P1,8.05974977299035,True,P1,0.7938260825774188,0.20617391742258118,1.5236363636363635,2.909722222222222,4.220378062947672,407.2078667124651,Hard
2026-02-10,45918,Frances Tiafoe,Terence Atmane,P2,2.977124467669523,False,P1,0.6504980090336414,0.3495019909663586,1.3125,4.2,-2.977124467669523,404.2307422447956,Hard
2026-02-10,45915,Jaume Munar,Nicolai Budkov Kjaer,P1,5.516022317803046,True,P1,0.7501186002491422,0.24988139975085777,1.5236363636363635,2.909722222222222,2.888389868231412,407.119132113027,Hard
2026-02-10,45925,Miomir Kecmanovic,Sho Shimabukuro,P2,1.0032678331390132,False,P1,0.5728351478731921,0.4271648521268079,1.6596638655462186,2.515923566878981,-1.0032678331390132,406.11586427988794,Hard
2026-02-10,45921,Alex de Minaur,Arthur Fils,P2,3.6432606696253726,False,P1,0.640200434709673,0.359799565290327,1.2817551963048501,4.549180327868853,-3.6432606696253726,402.4726036102626,Hard
2026-02-10,45926,Marin Cilic,Learner Tien,P1,2.967020846881792,True,P1,0.4017120300778981,0.598287969922102,3.3529411764705883,1.425,6.981225522074805,409.4538291323374,Hard
2026-02-10,45927,Roman Andres Burruchaga,Laslo Djere,P2,8.147023210121091,False,P1,0.3422529883233617,0.6577470116766383,1.7590909090909093,2.317365269461078,-8.147023210121091,401.3068059222163,Clay
2026-02-10,45922,Tallon Griekspoor,Giovanni Mpetshi Perricard,P2,3.2034845477350835,False,P1,0.5351364545273889,0.4648635454726111,1.570342205323194,2.7533333333333334,-3.2034845477350835,398.10332137448125,Hard
2026-02-10,45928,Juan Manuel Cerundolo,Daniel Altmaier,P2,0.35758159082470947,False,P1,0.5582632110204309,0.44173678897956914,1.7590909090909093,2.317365269461078,-0.35758159082470947,397.7457397836565,Clay
2026-02-10,45930,Alejandro Tabilo,Facundo Diaz Acosta,P1,6.656704407068498,True,P1,0.6848681236097771,0.3151318763902229,1.9000000000000001,2.111111111111111,5.991033966361649,403.7367737500182,Clay
2026-02-10,45924,Jan-Lennard Struff,Hugo Grenier,P1,4.991224580800532,True,P1,0.7754960382826465,0.22450396171735354,1.425,3.3529411764705883,2.121270446840226,405.85804419685843,Hard
2026-02-11,45933,Taylor Fritz,Marcos Giron,P1,0.9542399565188455,True,P1,0.6967801523242849,0.3032198476757151,1.4666666666666668,3.1428571428571432,0.4453119797087947,406.3033561765672,Hard
2026-02-11,45934,Ben Shelton,Gabriel Diallo,P2,2.482239357344284,False,P1,0.7113561546098701,0.2886438453901299,1.234,5.273504273504273,-2.482239357344284,403.82111681922294,Hard
2026-02-11,45938,Camilo Ugo Carabelli,Francisco Comesana,P2,5.2619699654540915,False,P1,0.4054102334858878,0.5945897665141122,1.8238095238095235,2.213872832369942,-5.2619699654540915,398.5591468537688,Clay
2026-02-11,45939,Matteo Berrettini,Federico Coria,P1,1.459923590288985,True,P1,0.8648250564981174,0.13517494350188264,1.170769230769231,6.8558558558558556,0.24931002849550396,398.80845688226435,Clay
2026-02-11,45937,Alex Michelsen,Grigor Dimitrov,P2,7.976169137645287,False,P1,0.26874140300144544,0.7312585969985546,1.9000000000000001,2.111111111111111,-7.976169137645287,390.83228774461907,Hard
2026-02-11,45940,Ignacio Buse,Francesco Passaro,P1,5.593989741025215,True,P1,0.5699492854921406,0.43005071450785937,2.515923566878981,1.6596638655462186,8.480060881299371,399.31234862591845,Clay
2026-02-11,45942,Christopher O'Connell,Cameron Norrie,P1,1.7951506515144129,True,P1,0.30659969754568095,0.693400302454319,4.2,1.3125,5.744482084846122,405.0568307107646,Hard
2026-02-11,45946,Mariano Navone,Emilio Nava,P2,1.5377887499783827,False,P1,0.6064901649173271,0.3935098350826729,1.5236363636363635,2.909722222222222,-1.5377887499783827,403.5190419607862,Clay
2026-02-11,45943,Alexander Bublik,Hubert Hurkacz,P1,0.07450426040519481,True,P1,0.5700689540606101,0.4299310459393899,1.7590909090909093,2.317365269461078,0.05655550676212517,403.57559746754833,Hard
2026-02-11,45944,Karen Khachanov,Jesper de Jong,P2,2.831837296129035,False,P1,0.7120699331742526,0.2879300668257474,1.2072727272727273,5.824561403508772,-2.831837296129035,400.7437601714193,Hard
2026-02-11,45945,Stefanos Tsitsipas,Arthur Rinderknech,P2,1.6622891574274201,False,P1,0.5688832496049039,0.4311167503950961,1.612,2.633986928104575,-1.6622891574274201,399.08147101399186,Hard
2026-02-12,45950,Sebastian Korda,Frances Tiafoe,P1,2.7715794739105912,True,P1,0.6110426672746337,0.38895733272536626,1.8238095238095235,2.213872832369942,2.283253566602534,401.3647245805944,Hard
2026-02-12,45951,Taylor Fritz,Brandon Nakashima,P1,2.3818232369557433,True,P1,0.6497056648373121,0.35029433516268793,1.6596638655462186,2.515923566878981,1.5712027235380326,402.9359273041324,Hard
2026-02-12,45957,Francisco Cerundolo,Hugo Dellien,P2,0.7673840424618057,False,P1,0.8094617409653643,0.19053825903463573,1.1883333333333335,6.309734513274337,-0.7673840424618057,402.1685432616706,Clay
2026-02-12,45952,Alejandro Davidovich Fokina,Alex Michelsen,P1,3.4062429385837114,True,P1,0.6248175661228605,0.37518243387713945,1.8238095238095235,2.213872832369942,2.8060953732141996,404.9746386348848,Hard
2026-02-12,45958,Alejandro Tabilo,Joao Fonseca,P1,3.3636569313836073,True,P1,0.4975590540766584,0.5024409459233417,2.515923566878981,1.6596638655462186,5.099046813180246,410.073685448065,Clay
2026-02-12,45953,Tommy Paul,Jenson Brooksby,P2,1.0179708185206753,False,P1,0.6831281507387695,0.31687184926123046,1.3911764705882355,3.5563909774436087,-1.0179708185206753,409.05571462954435,Hard
2026-02-12,45959,Tomas Martin Etcheverry,Roman Andres Burruchaga,P1,0.8867951269763744,True,P1,0.6712257155950134,0.32877428440498657,1.5236363636363635,2.909722222222222,0.4643581755803559,409.5200728051247,Clay
2026-02-12,45948,Tallon Griekspoor,Quentin Halys,P1,0.6186431439718247,True,P1,0.6145403889130083,0.38545961108699167,1.6596638655462186,2.515923566878981,0.40809652774611976,409.9281693328708,Hard
2026-02-12,45954,Adrian Mannarino,Adam Walton,P1,5.650284807892251,True,P1,0.687434664033686,0.312565335966314,1.7590909090909093,2.317365269461078,4.289079831445482,414.2172491643163,Hard
2026-02-12,45960,Vit Kopriva,Matteo Berrettini,P2,8.284344983286326,False,P1,0.13893865302423786,0.8610613469757622,3.1428571428571432,1.4666666666666668,-8.284344983286326,405.93290418103,Clay
2026-02-12,45949,Felix Auger-Aliassime,Alexei Popyrin,P1,3.159240424367457,True,P1,0.8143958672407314,0.18560413275926857,1.2817551963048501,4.549180327868853,0.8901324059418708,406.82303658697185,Hard
2026-02-12,45965,Luciano Darderi,Tomas Barrios Vera,P1,2.425773641312142,True,P1,0.7614647570944075,0.23853524290559247,1.3714285714285712,3.6923076923076916,0.9010016382016522,407.7240382251735,Clay
2026-02-12,45956,Eliot Spizzirri,James Duckworth,P2,2.5376844511680776,False,P1,0.6383996409909256,0.3616003590090744,1.3714285714285712,3.6923076923076916,-2.5376844511680776,405.1863537740054,Hard
2026-02-12,45961,Alex de Minaur,Stan Wawrinka,P2,1.1905601209271757,False,P1,0.813412053650199,0.18658794634980103,1.1571428571428573,7.363636363636364,-1.1905601209271757,403.99579365307824,Hard
2026-02-12,45962,Jaume Munar,Karen Khachanov,P1,2.1044844541037637,True,P1,0.47439337039179974,0.5256066296082003,2.419753086419753,1.7043478260869567,2.987848299036208,406.98364195211445,Hard
2026-02-12,45964,Botic Van De Zandschulp,Stefanos Tsitsipas,P1,2.004781460481957,True,P1,0.385353876683837,0.614646123316163,3.1428571428571432,1.4666666666666668,4.295960272461337,411.2796022245758,Hard
2026-02-13,45972,Camilo Ugo Carabelli,Mariano Navone,P2,0.7027950765466836,False,P1,0.39914154112756745,0.6008584588724326,2.419753086419753,1.7043478260869567,-0.7027950765466836,410.5768071480291,Clay
2026-02-13,45973,Sebastian Baez,Ignacio Buse,P2,5.46879880107252,False,P1,0.5148098982199611,0.48519010178003885,1.425,3.3529411764705883,-5.46879880107252,405.1080083469566,Clay
2026-02-13,45968,Ben Shelton,Adrian Mannarino,P2,2.2306148939759174,False,P1,0.7025333264729516,0.29746667352704836,1.2666666666666666,4.75,-2.2306148939759174,402.87739345298064,Hard
2026-02-13,45974,Pedro Martinez,Juan Manuel Cerundolo,P1,2.3170763647102164,True,P1,0.45100891927357933,0.5489910807264207,2.633986928104575,1.612,3.7860724913565624,406.6634659443372,Clay
2026-02-13,45969,Denis Shapovalov,Aleksandar Kovacevic,P2,2.797917045336072,False,P1,0.6199044172802466,0.3800955827197534,1.3911764705882355,3.5563909774436087,-2.797917045336072,403.8655488990011,Hard
2026-02-13,45970,Marin Cilic,Ethan Quinn,P1,4.36368543567229,True,P1,0.7023887842842919,0.29761121571570814,1.612,2.633986928104575,2.6705754866314417,406.53612438563255,Hard
2026-02-13,45978,Tomas Martin Etcheverry,Alejandro Tabilo,P2,2.02884848343152,False,P1,0.5281718394375388,0.47182816056246124,1.7043478260869567,2.419753086419753,-2.02884848343152,404.507275902201,Clay
2026-02-13,45966,Alexander Bublik,Jan-Lennard Struff,P1,2.31675078300406,True,P1,0.7359174678675662,0.2640825321324338,1.425,3.3529411764705883,0.9846190827767256,405.4918949849777,Hard
2026-02-13,45982,Francisco Cerundolo,Vit Kopriva,P2,1.4904231623638298,False,P1,0.767422405463649,0.23257759453635096,1.2072727272727273,5.824561403508772,-1.4904231623638298,404.0014718226139,Clay
2026-02-13,45967,Felix Auger-Aliassime,Hamad Medjedovic,P1,3.534172791402288,True,P1,0.8186395067124986,0.18136049328750137,1.2817551963048501,4.549180327868853,0.9957715486168118,404.9972433712307,Hard
2026-02-13,45977,Miomir Kecmanovic,Tommy Paul,P2,1.532712264103611,False,P1,0.17527434175734563,0.8247256582426543,5.273504273504273,1.234,-1.532712264103611,403.4645311071271,Hard
2026-02-13,45975,Alex de Minaur,Botic Van De Zandschulp,P2,1.5523289644712286,False,P1,0.7767602024655418,0.22323979753445822,1.1883333333333335,6.309734513274337,-1.5523289644712286,401.9122021426559,Hard
2026-02-13,45980,Taylor Fritz,Sebastian Korda,P2,1.5901791995527457,False,P1,0.5712588862529756,0.4287411137470244,1.612,2.633986928104575,-1.5901791995527457,400.32202294310315,Hard
2026-02-13,45976,Ugo Humbert,Christopher O'Connell,P2,1.1524299664883493,False,P1,0.7440196207668331,0.25598037923316685,1.2666666666666666,4.75,-1.1524299664883493,399.1695929766148,Hard
2026-02-13,45979,Felix Auger-Aliassime,Tallon Griekspoor,P1,4.1701337332610375,True,P1,0.7857547053999192,0.2142452946000808,1.3714285714285712,3.6923076923076916,1.5489068152112417,400.71849979182605,Hard
2026-02-14,45986,Luciano Darderi,Pedro Martinez,P2,4.0054123772991295,False,P1,0.6597431179342329,0.3402568820657671,1.2127272727272729,5.700854700854702,-4.0054123772991295,396.7130874145269,Clay
2026-02-14,45987,Sebastian Baez,Camilo Ugo Carabelli,P2,1.3716573914605728,False,P1,0.5927681833865839,0.4072318166134161,1.570342205323194,2.7533333333333334,-1.3716573914605728,395.3414300230663,Clay
2026-02-14,45984,Ben Shelton,Miomir Kecmanovic,P2,0.5937052109134123,False,P1,0.7657617934447418,0.23423820655525818,1.2666666666666666,4.75,-0.5937052109134123,394.7477248121529,Hard
2026-02-14,45985,Denis Shapovalov,Alejandro Davidovich Fokina,P2,4.881996023572244,False,P1,0.4126814473972282,0.5873185526027718,1.8238095238095235,2.213872832369942,-4.881996023572244,389.86572878858067,Hard
2026-02-14,45983,Alexander Bublik,Jaume Munar,P2,1.4769476345991952,False,P1,0.5885551614664466,0.4114448385335534,1.570342205323194,2.7533333333333334,-1.4769476345991952,388.3887811539815,Hard
2026-02-14,45988,Alex de Minaur,Ugo Humbert,P2,1.2758957448703556,False,P1,0.6370213720662459,0.3629786279337541,1.4666666666666668,3.1428571428571432,-1.2758957448703556,387.11288540911113,Hard
2026-02-15,45992,Francisco Cerundolo,Tomas Martin Etcheverry,P2,2.1532126775937894,False,P1,0.6059695284542759,0.3940304715457241,1.4666666666666668,3.1428571428571432,-2.1532126775937894,384.95967273151734,Clay
2026-02-15,45993,Luciano Darderi,Sebastian Baez,P2,1.1132188163768473,False,P1,0.5528005367326734,0.4471994632673266,1.7043478260869567,2.419753086419753,-1.1132188163768473,383.8464539151405,Clay
2026-02-15,45996,Francisco Cerundolo,Luciano Darderi,P1,3.781946744782419,True,P1,0.5985275936825124,0.4014724063174876,2.0,2.0,3.781946744782419,387.62840065992293,Clay
2026-02-15,45990,Taylor Fritz,Marin Cilic,P2,0.4853112466367047,False,P1,0.6048138801297207,0.3951861198702793,1.612,2.633986928104575,-0.4853112466367047,387.14308941328625,Hard
2026-02-15,45991,Ben Shelton,Denis Shapovalov,P1,1.4106525552835447,True,P1,0.6632717903272004,0.3367282096727996,1.570342205323194,2.7533333333333334,0.8045546893252156,387.9476441026115,Hard
2026-02-15,45989,Felix Auger-Aliassime,Alexander Bublik,P2,0.13284689013260775,False,P1,0.6518296108649553,0.3481703891350447,1.5236363636363635,2.909722222222222,-0.13284689013260775,387.8147972124789,Hard
2026-02-15,45994,Alex de Minaur,Felix Auger-Aliassime,P1,2.443671589812921,True,P1,0.45783040139414166,0.5421695986058583,2.633986928104575,1.612,3.9929274343348378,391.8077246468137,Hard
2026-02-15,45995,Ben Shelton,Taylor Fritz,P1,1.611634280649826,True,P1,0.496804135747941,0.503195864252059,2.213872832369942,1.8238095238095235,1.9563190689968986,393.7640437158106,Hard
2026-02-16,46003,Alex Michelsen,Valentin Vacherot,P2,1.733468409025571,False,P1,0.455976975635778,0.544023024364222,2.0,2.0,-1.733468409025571,392.030575306785,Hard
2026-02-16,45997,Valentin Royer,Pierre-Hugues Herbert,P2,2.1957965357495004,False,P1,0.5654680228212838,0.43453197717871617,1.570342205323194,2.7533333333333334,-2.1957965357495004,389.83477877103553,Hard
2026-02-16,46006,Thiago Agustin Tirante,Cristian Garin,P2,0.7196228408254981,False,P1,0.4561960850025878,0.5438039149974122,2.111111111111111,1.9000000000000001,-0.7196228408254981,389.11515593021005,Clay
2026-02-16,46004,Terence Atmane,Patrick Kypson,P1,4.065485834600252,True,P1,0.550313490511204,0.44968650948879596,2.317365269461078,1.7590909090909093,5.3557298419883566,394.4708857721984,Hard
2026-02-16,45999,Jannik Sinner,Tomas Machac,P1,2.7062671585882163,True,P1,0.9248191270700685,0.07518087292993147,1.0954545454545455,11.476190476190474,0.2583255015016025,394.7292112737,Hard
2026-02-16,46005,Coleman Wong,Nuno Borges,P2,2.882804748820204,False,P1,0.38572001814885926,0.6142799818511407,2.213872832369942,1.8238095238095235,-2.882804748820204,391.8464065248798,Hard
2026-02-16,46000,Jakub Mensik,Jan Choinski,P2,0.41102219073960455,False,P1,0.8109362847815105,0.18906371521848953,1.2072727272727273,5.824561403508772,-0.41102219073960455,391.43538433414017,Hard
2026-02-16,46001,Arthur Fils,Kamil Majchrzak,P2,0.25311824225603274,False,P1,0.6730003474257396,0.32699965257426045,1.4666666666666668,3.1428571428571432,-0.25311824225603274,391.1822660918841,Hard
2026-02-16,46002,Daniil Medvedev,Juncheng Shang,P2,0.25940586103962593,False,P1,0.7517998784310478,0.24820012156895221,1.3125,4.2,-0.25940586103962593,390.9228602308445,Hard
2026-02-17,46010,Dusan Lajovic,Daniel Altmaier,P2,2.732801102994499,False,P1,0.3885440849703598,0.6114559150296401,2.213872832369942,1.8238095238095235,-2.732801102994499,388.19005912785,Clay
2026-02-17,46007,Frances Tiafoe,Rinky Hijikata,P2,2.1004495838399944,False,P1,0.6502580091399384,0.34974199086006164,1.3714285714285712,3.6923076923076916,-2.1004495838399944,386.08960954401005,Hard
2026-02-17,46008,Marcos Giron,Sho Shimabukuro,P2,0.6973396833177029,False,P1,0.6571887246540338,0.3428112753459662,1.4666666666666668,3.1428571428571432,-0.6973396833177029,385.39226986069235,Hard
2026-02-17,46012,Vit Kopriva,Gustavo Heide,P1,5.057236686750195,True,P1,0.6817274266158271,0.3182725733841729,1.7590909090909093,2.317365269461078,3.8389023940331035,389.23117225472544,Clay
2026-02-17,46013,Alejandro Tabilo,Emilio Nava,P1,2.915896530051514,True,P1,0.707816961637145,0.292183038362855,1.5236363636363635,2.909722222222222,1.526869455736065,390.7580417104615,Clay
2026-02-17,46014,Carlos Alcaraz,Arthur Rinderknech,P2,0.4534551761325726,False,P1,0.9270244252523904,0.07297557474760963,1.0536842105263158,19.627450980392158,-0.4534551761325726,390.3045865343289,Hard
2026-02-17,46015,Karen Khachanov,Shintaro Mochizuki,P1,3.478016776492768,True,P1,0.8697600743232581,0.13023992567674192,1.1883333333333335,6.309734513274337,0.6550264929061385,390.95961302723504,Hard
2026-02-17,46016,Jiri Lehecka,Jenson Brooksby,P2,2.6067413348279063,False,P1,0.5518854873604089,0.4481145126395911,1.570342205323194,2.7533333333333334,-2.6067413348279063,388.3528716924071,Hard
2026-02-17,46017,Zizou Bergs,Giovanni Mpetshi Perricard,P2,0.17580257417814255,False,P1,0.6147309216476315,0.38526907835236845,1.612,2.633986928104575,-0.17580257417814255,388.177069118229,Hard
2026-02-17,46018,Marton Fucsovics,Hady Habib,P2,3.55581409297443,False,P1,0.6619077975948537,0.33809220240514626,1.234,5.273504273504273,-3.55581409297443,384.6212550252545,Hard
2026-02-17,46019,Quentin Halys,Pablo Carreno Busta,P2,3.9088549564792876,False,P1,0.4193382339965468,0.5806617660034532,1.9000000000000001,2.111111111111111,-3.9088549564792876,380.71240006877525,Hard
2026-02-17,46020,Fabian Marozsan,Ugo Humbert,P2,4.180868444108851,False,P1,0.31017080907752803,0.689829190922472,2.515923566878981,1.6596638655462186,-4.180868444108851,376.5315316246664,Hard
2026-02-17,46021,Stefanos Tsitsipas,Moez Echargui,P2,2.1673074240522907,False,P1,0.7647114816396849,0.23528851836031506,1.1571428571428573,7.363636363636364,-2.1673074240522907,374.3642242006141,Hard
2026-02-17,46022,Zhizhen Zhang,Roberto Carballes Baena,P1,1.2920058040532403,True,P1,0.5794808144643646,0.4205191855356354,1.8238095238095235,2.213872832369942,1.0643666861962404,375.42859088681035,Hard
2026-02-18,46024,Miomir Kecmanovic,Mattia Bellucci,P1,1.5549023208878987,True,P1,0.6847924037848439,0.31520759621515615,1.5236363636363635,2.909722222222222,0.8142033971194812,376.2427942839298,Hard
2026-02-18,46030,Joao Fonseca,Thiago Monteiro,P2,0.8244951934118566,False,P1,0.7114376291743592,0.28856237082564085,1.344,3.906976744186047,-0.8244951934118566,375.41829909051796,Clay
2026-02-18,46025,Brandon Nakashima,Marin Cilic,P2,4.576938111110848,False,P1,0.4436703633414615,0.5563296366585385,1.7043478260869567,2.419753086419753,-4.576938111110848,370.8413609794071,Hard
2026-02-18,46031,Francisco Cerundolo,Mariano Navone,P1,5.244883418455664,True,P1,0.7718203616089394,0.2281796383910606,1.4666666666666668,3.1428571428571432,2.447612261945977,373.28897324135306,Clay
2026-02-18,46027,Sebastian Korda,Mackenzie McDonald,P1,0.23933441262369318,True,P1,0.7921732652720181,0.20782673472798185,1.2666666666666666,4.75,0.06382251003298484,373.35279575138605,Hard
2026-02-18,46032,Juan Manuel Cerundolo,Luciano Darderi,P1,1.1076863552555638,True,P1,0.32383649898817907,0.676163501011821,3.5563909774436087,1.3911764705882355,2.831679404412719,376.1844751557988,Clay
2026-02-18,46033,Roman Andres Burruchaga,Camilo Ugo Carabelli,P1,1.0582249707290554,True,P1,0.46350752203515955,0.5364924779648405,2.317365269461078,1.7590909090909093,1.3940688237149235,377.5785439795137,Clay
2026-02-18,46028,Zachary Svajda,Aleksandar Kovacevic,P2,7.551570879590274,False,P1,0.37704517646439717,0.6229548235356028,1.570342205323194,2.7533333333333334,-7.551570879590274,370.02697309992345,Hard
2026-02-18,46029,Adam Walton,Gabriel Diallo,P1,0.42773635222155626,True,P1,0.3144696129881074,0.6855303870118926,3.3529411764705883,1.425,1.0064384758154266,371.03341157573885,Hard
2026-02-18,46034,Tomas Martin Etcheverry,Francisco Comesana,P1,1.2520754276252224,True,P1,0.6459706232582922,0.35402937674170776,1.612,2.633986928104575,0.7662701617066362,371.7996817374455,Clay
2026-02-18,46035,Matteo Berrettini,Tomas Barrios Vera,P1,7.43599363474891,True,P1,0.8918874777575028,0.10811252224249723,1.3714285714285712,3.6923076923076916,2.7619404929067364,374.5616222303522,Clay
2026-02-18,46037,Tommy Paul,Corentin Moutet,P2,1.3064299530173462,False,P1,0.7087559530987821,0.29124404690121786,1.3125,4.2,-1.3064299530173462,373.25519227733486,Hard
2026-02-18,46049,Coleman Wong,Brandon Nakashima,P1,0.821844281601033,True,P1,0.32914848376744954,0.6708515162325505,3.3529411764705883,1.425,1.93375125082596,375.1889435281608,Hard
2026-02-18,46036,Francesco Passaro,Dino Prizmic,P1,5.452080332320752,True,P1,0.5344238077036727,0.4655761922963273,2.909722222222222,1.5236363636363635,10.411958967973655,385.60090249613444,Clay
2026-02-18,46050,Flavio Cobolli,Terence Atmane,P1,2.5167493309696276,True,P1,0.607265827656295,0.392734172343705,1.8238095238095235,2.213872832369942,2.073322067894026,387.67422456402846,Hard
2026-02-18,46038,Jaime Faria,Sebastian Baez,P1,0.2714948330580991,True,P1,0.2009775843840298,0.7990224156159702,5.273504273504273,1.234,1.1602343293081159,388.8344588933366,Clay
2026-02-18,46039,Damir Dzumhur,Pedro Martinez,P1,1.9988951060949063,True,P1,0.4735902635095026,0.5264097364904974,2.419753086419753,1.7043478260869567,2.837937496307583,391.6723963896442,Clay
2026-02-18,46023,Andrey Rublev,Jesper de Jong,P2,3.567027242700214,False,P1,0.6774414547327385,0.32255854526726147,1.2072727272727273,5.824561403508772,-3.567027242700214,388.105369146944,Hard
2026-02-18,46041,Carlos Alcaraz,Valentin Royer,P1,3.4996227327475498,True,P1,0.9536043744359496,0.04639562556405041,1.0599999999999998,17.666666666666664,0.2099773639648524,388.31534651090885,Hard
2026-02-18,46042,Jannik Sinner,Alexei Popyrin,P1,4.0615213721856165,True,P1,0.9491866723739875,0.05081332762601254,1.0686666666666667,15.563106796116504,0.2788911342234123,388.59423764513224,Hard
2026-02-18,46043,Stefanos Tsitsipas,Daniil Medvedev,P1,2.9234772604379633,True,P1,0.3805468577534272,0.6194531422465728,3.6923076923076916,1.3714285714285712,7.870900316563746,396.465137961696,Hard
2026-02-18,46052,Juan Manuel Cerundolo,Yannick Hanfmann,P2,4.988095960342262,False,P1,0.3938797484721839,0.6061202515278161,1.9000000000000001,2.111111111111111,-4.988095960342262,391.4770420013537,Clay
2026-02-18,46053,Vit Kopriva,Roman Andres Burruchaga,P1,1.047412967471693,True,P1,0.4619441380445066,0.5380558619554934,2.317365269461078,1.7590909090909093,1.3798254661303742,392.8568674674841,Clay
2026-02-18,46044,Andrey Rublev,Fabian Marozsan,P2,2.2163394479995118,False,P1,0.5345468518531383,0.4654531481468617,1.6596638655462186,2.515923566878981,-2.2163394479995118,390.6405280194846,Hard
2026-02-18,46045,Jakub Mensik,Zhizhen Zhang,P1,2.9480490471093885,True,P1,0.7467698226743793,0.2532301773256207,1.425,3.3529411764705883,1.2529208450214901,391.89344886450607,Hard
2026-02-18,46046,Karen Khachanov,Marton Fucsovics,P2,0.9100294104079418,False,P1,0.6501527074499212,0.34984729255007885,1.4666666666666668,3.1428571428571432,-0.9100294104079418,390.9834194540981,Hard
2026-02-18,46047,Jiri Lehecka,Zizou Bergs,P2,3.008092366451635,False,P1,0.555333856501742,0.44466614349825795,1.5236363636363635,2.909722222222222,-3.008092366451635,387.97532708764646,Hard
2026-02-18,46048,Arthur Fils,Quentin Halys,P1,1.8714783310196843,True,P1,0.7459430316469907,0.2540569683530093,1.3911764705882355,3.5563909774436087,0.7320782883106415,388.7074053759571,Hard
2026-02-19,46054,Casper Ruud,Marcos Giron,P2,0.45269295901367357,False,P1,0.6410373244609595,0.3589626755390405,1.5236363636363635,2.909722222222222,-0.45269295901367357,388.2547124169434,Hard
2026-02-19,46055,Sebastian Korda,Alex Michelsen,P1,3.3722387178924413,True,P1,0.6585241259950516,0.3414758740049484,1.7043478260869567,2.419753086419753,2.375229009993807,390.6299414269372,Hard
2026-02-19,46061,Learner Tien,Miomir Kecmanovic,P2,1.0343555860893792,False,P1,0.621566724528507,0.37843327547149297,1.5236363636363635,2.909722222222222,-1.0343555860893792,389.59558584084783,Hard
2026-02-19,46056,Alejandro Tabilo,Francesco Passaro,P1,0.12625945711652656,True,P1,0.6838804979782215,0.3161195020217785,1.4666666666666668,3.1428571428571432,0.058921079987712406,389.65450692083556,Clay
2026-02-19,46062,Jaime Faria,Damir Dzumhur,P2,5.501653399012867,False,P1,0.4323850045333652,0.5676149954666347,1.6596638655462186,2.515923566878981,-5.501653399012867,384.1528535218227,Clay
2026-02-19,46057,Arthur Fils,Jiri Lehecka,P1,3.9499444422211365,True,P1,0.5213756222203287,0.47862437777967126,2.515923566878981,1.6596638655462186,5.987813867825673,390.14066738964834,Hard
2026-02-19,46058,Andrey Rublev,Stefanos Tsitsipas,P2,2.9012604478112562,False,P1,0.49947026322513394,0.500529736774866,1.7043478260869567,2.419753086419753,-2.9012604478112562,387.2394069418371,Hard
2026-02-19,46059,Carlos Alcaraz,Karen Khachanov,P1,0.36737634037060546,True,P1,0.8957599114135102,0.10424008858648981,1.1188888888888888,9.411214953271028,0.04367696491072751,387.28308390674783,Hard
2026-02-19,46060,Jakub Mensik,Jannik Sinner,P2,2.8965330478510247,False,P1,0.09036216797548785,0.9096378320245122,9.411214953271028,1.1188888888888888,-2.8965330478510247,384.3865508588968,Hard
2026-02-20,46064,Tommy Paul,Adam Walton,P2,0.7127359635413882,False,P1,0.8483838466188633,0.15161615338113665,1.135,8.407407407407407,-0.7127359635413882,383.6738148953554,Hard
2026-02-20,46065,Frances Tiafoe,Zachary Svajda,P1,3.1942841846353467,True,P1,0.713550116564229,0.28644988343577105,1.5236363636363635,2.909722222222222,1.672643354863599,385.34645825021903,Hard
2026-02-20,46071,Flavio Cobolli,Coleman Wong,P1,0.728510437470911,True,P1,0.5189053362726864,0.4810946637273136,2.0,2.0,0.728510437470911,386.07496868768993,Hard
2026-02-20,46066,Ignacio Buse,Joao Fonseca,P1,4.203910948241607,True,P1,0.38245546601034847,0.6175445339896515,4.75,1.2666666666666666,15.764666055906025,401.839634743596,Clay
2026-02-20,46067,Tomas Martin Etcheverry,Vilius Gaubas,P2,0.5605826254692917,False,P1,0.758412518858092,0.24158748114190798,1.2817551963048501,4.549180327868853,-0.5605826254692917,401.2790521181267,Clay
2026-02-20,46068,Matteo Berrettini,Dusan Lajovic,P1,8.025581042362534,True,P1,0.8435282875264543,0.15647171247354574,1.3911764705882355,3.5563909774436087,3.139418466571228,404.4184705846979,Clay
2026-02-20,46072,Vit Kopriva,Juan Manuel Cerundolo,P2,4.651135171289812,False,P1,0.4221844596626156,0.5778155403373844,1.8238095238095235,2.213872832369942,-4.651135171289812,399.7673354134081,Clay
2026-02-20,46069,Carlos Alcaraz,Andrey Rublev,P1,5.822038209035776,True,P1,0.8783206804530741,0.1216793195469259,1.2072727272727273,5.824561403508772,1.20674973787287,400.974085151281,Hard
2026-02-20,46070,Arthur Fils,Jakub Mensik,P1,3.98845891725142,True,P1,0.5299894191520376,0.47001058084796243,2.419753086419753,1.7043478260869567,5.6626268578260905,406.63671200910704,Hard
2026-02-21,46073,Tommy Paul,Taylor Fritz,P1,2.9337768315106745,True,P1,0.5135525625736637,0.48644743742633634,2.317365269461078,1.7590909090909093,3.8648557061817272,410.5015677152888,Hard
2026-02-21,46074,Sebastian Korda,Casper Ruud,P1,0.3439130452615657,True,P1,0.5342527228326044,0.4657472771673956,1.9000000000000001,2.111111111111111,0.30952174073540917,410.8110894560242,Hard
2026-02-21,46075,Learner Tien,Frances Tiafoe,P2,1.41001209271021,False,P1,0.5777634745624325,0.4222365254375675,1.612,2.633986928104575,-1.41001209271021,409.401077363314,Hard
2026-02-21,46076,Alejandro Tabilo,Thiago Agustin Tirante,P1,0.9069358571263961,True,P1,0.6201416775230064,0.3798583224769936,1.6596638655462186,2.515923566878981,0.5982728133144715,409.99935017662847,Clay
2026-02-21,46077,Tomas Martin Etcheverry,Jaime Faria,P1,3.369346960249125,True,P1,0.7736804673840427,0.22631953261595728,1.3714285714285712,3.6923076923076916,1.2514717280925314,411.250821904721,Clay
2026-02-21,46078,Ignacio Buse,Matteo Berrettini,P2,5.528954228514014,False,P1,0.2512663304323857,0.7487336695676143,2.909722222222222,1.5236363636363635,-5.528954228514014,405.721867676207,Clay
2026-02-21,46079,Carlos Alcaraz,Arthur Fils,P2,0.3829801929011129,False,P1,0.8380140353365282,0.16198596466347182,1.170769230769231,6.8558558558558556,-0.3829801929011129,405.3388874833059,Hard
2026-02-22,46080,Sebastian Korda,Flavio Cobolli,P1,2.4389977205652094,True,P1,0.7201093378476022,0.2798906621523978,1.4666666666666668,3.1428571428571432,1.1381989362637646,406.4770864195697,Hard
2026-02-22,46081,Tommy Paul,Learner Tien,P1,0.13317419858981921,True,P1,0.6228351082726025,0.37716489172739753,1.612,2.633986928104575,0.08150260953696938,406.55858902910666,Hard
2026-02-22,46084,Sebastian Korda,Tommy Paul,P2,0.9673535062840931,False,P1,0.45114280595196854,0.5488571940480315,2.111111111111111,1.9000000000000001,-0.9673535062840931,405.59123552282256,Hard
2026-02-22,46082,Tomas Martin Etcheverry,Vit Kopriva,P2,0.02607392866575489,False,P1,0.619549798720491,0.380450201279509,1.612,2.633986928104575,-0.02607392866575489,405.5651615941568,Clay
2026-02-22,46083,Alejandro Tabilo,Ignacio Buse,P1,1.249756322794182,True,P1,0.6122043830040957,0.38779561699590426,1.7043478260869567,2.419753086419753,0.8802631490985109,406.44542474325533,Clay
2026-02-23,46085,Tomas Martin Etcheverry,Alejandro Tabilo,P1,2.8345698194014113,True,P1,0.4520181390242327,0.5479818609757673,2.7533333333333334,1.570342205323194,4.969945750017141,411.41537049327246,Clay
